case_id,lung_airway,cardiomediastinal,hepatosplenic,renal_adrenal,bowel_pancreas,pelvic_urinary,axial_bone,appendicular_muscle
gap_f5af448c110e974293,4535 3 4660 6 4668 8 4680 4 4781 13 4795 25 4905 17 4923 28 5029 20 5052 30 5154 23 5181 31 5279 26 5310 32 5406 26 5439 32 5532 28 5568 32 5659 28 5697 32 5785 29 5827 32 5912 30 5956 32 6039 31 6085 31 6166 31 6214 31 6293 32 6343 31 6420 32 6472 31 6547 32 6601 31 6675 32 6730 30 6802 33 6859 30 6930 33 6987 30 7057 34 7115 31 7185 34 7243 32 7313 34 7371 32 7441 27 7469 7 7499 32 7569 27 7597 7 7628 32 7697 26 7726 5 7751 3 7756 32 7825 26 7855 4 7879 2 7884 32 7953 26 8000 5 8007 3 8013 31 8081 27 8124 14 8141 32 8209 28 8252 15 8269 32 8337 29 8379 50 8465 29 8508 4 8514 43 8594 29 8643 42 8722 29 8770 43 8850 29 8898 42 8979 32 9026 42 9107 33 9154 42 9236 32 9282 42 9364 32 9411 40 9493 31 9541 38 9621 31 9670 37 9750 31 9799 35 9878 31 9927 35 10007 32 10056 33 10135 35 10184 33 10264 34 10312 32 10393 33 10440 31 10522 32 10568 31 10651 30 10697 29 10780 29 10825 28 10909 28 10953 27 11038 27 11081 26 11167 25 11210 25 11296 23 11339 23 11425 21 11468 20 11554 19 11597 17 11684 15 11726 15 11814 12 11856 11 11946 2 11987 6,5948 6 6074 9 6201 11 6329 12 6456 15 6584 17 6712 18 6839 20 6967 20 7095 20 7223 11 7235 8 7352 8 7363 7 7484 1 7492 5 7621 2 7980 2 8111 4 8239 6 8367 6 8496 4 8886 5 9013 8 9141 8 9268 9 9396 9 9524 11 9652 10 9781 8 9909 7 10039 2,,,8636 5 8763 6 8891 6 9023 2 9152 1,,3771 4 3895 9 4021 12 4149 13 4276 17 4402 19 4529 1 4533 1 4953 3 5083 2 5150 2 5213 2 5277 1 5342 2 5403 2 5472 2 5530 1 5601 1 5657 1 5730 1 5859 1 5988 1 6418 1 6545 2 6672 2 6800 2 6928 1 7532 1 7660 2 7695 2 7788 2 7823 2 7916 3 7950 3 8045 2 8078 3 8173 2 8207 1 8301 2 8429 2 8558 1 8977 1 9105 2 9197 1 9233 3 9324 2 9361 3 9408 1 9452 2 9490 2 9535 4 9579 3 9619 1 9662 7 9707 3 9748 1 9789 9 9835 2 9917 10 9963 1 10045 10 10172 11 10300 12 10427 12 10554 13 10599 2 10682 14 10726 3 10810 14 10853 3 10938 14 10981 3 11035 1 11066 9 11076 2 11108 3 11163 3 11193 10 11204 2 11236 2 11292 3 11320 14 11363 2 11421 3 11447 3 11451 11 11550 4 11574 3 11580 10 11594 1 11679 4 11701 3 11708 10 11723 2 11808 5 11827 5 11838 6 11852 2 11937 7 11953 8 11967 4 12067 21 12095 3 12111 1 12198 14 12224 1 12241 6 12352 1,9740 2 9867 4 9995 4 10098 3 10123 4 10225 5 10252 4 10353 5 10382 3 10480 5 10512 1 10607 4 10641 1 10734 2 10769 2 10861 2 10898 2 10989 2 11027 2 11117 1 11156 1 11244 2 11287 1 11371 2 11415 3 11498 3 11544 3 11625 2 11751 3 11878 3 11963 3 11971 5 12004 4 12089 6 12098 8 12132 2 12215 8 12226 10 12340 11 12354 12 12466 13 12481 14 12595 12 12609 13 12725 9 12738 11
gap_5296f1202eee3792d4,8135 6 8263 7 8392 7 8520 7 8649 6 8777 6 8906 5 9034 5 9163 4 9291 4 9419 4 9548 3 9676 3 9804 3 9932 3 9967 1 10060 3 10095 1 10188 4 10222 1 10316 4 10349 2 10445 4 10477 1 10573 5 10604 1 10701 6 10731 1 10830 6 10857 2 10959 6 11087 8 11216 8 11346 8 11475 8 11607 6,7368 3 7497 1 8000 2 8126 6 8253 7 8380 9 8507 9 8635 9 8764 7 8893 3,3770 9 3892 21 4019 30 4148 42 4277 44 4406 45 4534 46 4663 46 4791 47 4920 47 5048 48 5176 49 5304 50 5432 51 5560 51 5689 51 5817 51 5946 51 6075 50 6204 49 6333 48 6463 47 6592 46 6724 43 6852 43 6981 43 7109 43 7238 42 7371 37 7501 36 7629 36 7758 35 7886 35 8015 35 8144 34 8272 34 8400 34 8528 34 8656 33 8726 3 8783 35 8853 5 8912 33 8980 8 8991 2 9039 34 9107 14 9167 34 9235 16 9256 5 9295 34 9363 17 9381 9 9424 33 9491 27 9552 33 9620 27 9680 32 9748 27 9808 31 9877 26 9936 31 10006 24 10065 29 10134 24 10193 28 10263 23 10321 28 10391 22 10450 26 10520 21 10579 24 10651 18 10708 22 10781 14 10837 20 10912 11 10966 17 11041 8 11096 12 11171 5 11227 5,9013 1 9144 1 9272 2 9518 1 9521 5 9647 8 9775 8 9903 8 10030 9 10158 9 10286 9 10413 9 10541 9 10669 8 10795 9 10923 8,4143 5 4269 8 4396 10 4524 10 4651 12 4779 12 4907 13 5035 13 5162 14 5289 15 5406 1 5409 2 5417 15 5531 10 5545 15 5658 12 5673 15 5785 13 5800 15 5911 2 5916 27 6039 2 6045 26 6168 1 6173 27 6300 28 6427 29 6553 33 6680 35 6807 36 6935 38 7063 38 7191 39 7319 39 7446 11 7459 27 7487 2 7574 10 7587 26 7702 7 7715 24 7830 7 7843 24 7958 7 7972 23 8086 7 8101 21 8215 5 8224 25 8343 5 8350 25 8471 5 8478 24 8599 4 8605 10 8617 13 8734 8 8746 11 8862 8 8875 11 8993 2 9007 6 9131 1,,3999 1 4124 4 4251 4 4378 5 4505 4 4585 2 4633 2 4713 3 4841 4 4970 4 5099 3 5229 2 5270 1 5357 2 5396 3 5486 1 5524 2 5651 3 5779 2 5907 2 6035 1 6384 2 6512 3 6640 3 6673 2 6769 3 6801 2 6897 3 6928 4 7025 3 7056 4 7153 2 7184 4 7282 1 7312 3 7441 1 8307 1 8435 1 8563 2 8690 3 8819 2 8849 1 8947 2 8977 2 9075 1 9104 3 9155 4 9203 1 9233 2 9280 9 9361 2 9408 11 9490 1 9535 12 9618 1 9662 13 9790 14 9918 14 10046 14 10173 14 10300 15 10427 16 10555 15 10682 16 10809 17 10936 16 10955 3 11036 2 11063 6 11070 10 11083 3 11113 2 11164 4 11190 3 11195 3 11201 7 11210 5 11240 3 11293 4 11318 1 11329 4 11337 2 11341 3 11366 4 11422 4 11458 2 11471 2 11493 4 11552 2 11586 1 11621 3,11322 6 11447 10 11461 8 11572 13 11589 10 11688 25 11716 12 11815 26 11844 15 11943 26 11972 22 12071 26 12100 23 12201 23 12228 23 12332 19 12357 22 12463 14 12486 19 12616 14 12747 7
gap_deac151dc54033d129,,6845 4 6962 4 6972 6 7089 5 7100 7 7216 5 7228 7 7239 2 7344 2 7356 6 7367 2 7485 5 7494 4 7614 2 7623 3,6805 1 6932 3 7060 4 7187 6 7315 6 7443 7 7571 7 7699 8 7827 8 7955 8 8083 8 8211 8 8339 8 8467 8 8595 8 8724 6 8852 6 8980 6 9109 5 9237 4 9366 3,7072 7 7199 10 7327 11 7383 3 7454 13 7510 6 7582 14 7637 7 7710 15 7765 8 7838 16 7893 8 7966 8 7977 5 8021 9 8094 7 8105 6 8151 7 8222 7 8233 6 8271 3 8279 7 8350 7 8360 6 8398 5 8407 7 8478 6 8487 7 8526 4 8535 7 8606 6 8613 8 8654 4 8663 7 8735 14 8782 4 8791 6 8863 13 8910 5 8919 6 8991 12 9038 7 9046 7 9120 9 9166 15 9248 7 9295 14 9378 3 9423 14 9552 12 9681 10 9809 9 9938 7 10068 3,2884 6 2996 3 3011 8 3122 7 3140 16 3244 1 3246 12 3268 18 3367 20 3397 20 3493 22 3520 28 3619 25 3645 35 3746 63 3874 51 3927 10 4001 34 4038 7 4048 3 4056 9 4129 18 4152 9 4168 2 4184 9 4257 16 4282 1 4312 8 4385 15 4441 6 4513 14 4569 4 4640 11 4698 2 4767 11 4895 12 4961 5 4972 2 5020 16 5063 4 5088 7 5099 6 5147 19 5191 5 5216 7 5227 6 5274 5 5280 15 5319 7 5345 6 5355 5 5401 5 5412 11 5426 2 5435 6 5445 9 5460 2 5465 1 5473 6 5484 3 5528 5 5540 12 5564 17 5588 5 5601 6 5656 5 5669 12 5694 3 5700 2 5712 4 5731 3 5783 6 5797 13 5823 2 5835 2 5839 7 5860 2 5863 4 5911 6 5925 13 5952 1 5961 14 5986 10 6001 3 6038 7 6054 11 6090 13 6113 11 6128 4 6167 5 6184 8 6219 12 6241 11 6256 4 6346 13 6369 12 6384 4 6473 15 6497 12 6512 4 6600 17 6625 13 6640 4 6727 18 6753 19 6855 6 6862 11 6880 20 6983 4 6992 9 7008 20 7111 5 7118 4 7124 4 7136 20 7241 8 7255 1 7265 18 7369 7 7393 19 7498 6 7522 19 7626 2 7651 18 7779 15 7908 13 8036 12 8165 9 8296 3,,7991 8 8119 10 8247 12 8375 12 8502 14 8630 14 8757 15 8886 14 9014 14 9142 14 9270 13 9399 12 9527 12 9655 12 9781 14 9908 17 9963 2 10035 18 10091 2 10163 3 10167 15 10219 1 10293 1 10296 11 10309 2 10424 9 10555 5 10683 2 10811 3 10939 3 11067 3 11194 4 11323 3,8369 3 8496 5 8624 5 8751 6 8774 2 8879 6 8902 4 9007 6 9029 6 9135 6 9157 6 9263 6 9285 6 9391 6 9413 6 9519 6 9541 6 9648 5 9669 6 9776 4 9797 6 9904 3 9925 6 10055 3 10184 2 10549 1 10671 10 10690 3 10797 13 10816 8 10921 17 10943 10 11048 17 11071 13 11175 18 11200 13 11303 18 11328 17 11431 18 11456 18 11559 18 11584 19 11688 17 11712 19 11817 16 11840 19 11946 14 11968 19 12078 8 12097 17 12227 14 12362 4
gap_5bf1e73744b2580044,,8119 1 8121 2 8247 1 8249 1 8375 1 8509 1 8524 5 8630 2 8634 5 8652 5 8757 10 8777 6 8784 1 8885 2 8888 7 8904 7 9013 1 9017 5 9032 6 9146 3 9161 5 9298 1,,,4403 12 4529 15 4654 18 4781 20 4807 16 4910 35 4947 6 5037 36 5076 7 5159 2 5164 36 5205 8 5286 4 5291 37 5333 10 5415 41 5462 10 5543 14 5559 7 5567 16 5590 6 5599 4 5672 12 5687 6 5697 12 5718 6 5727 5 5801 11 5815 6 5825 10 5845 7 5855 6 5930 11 5942 7 5954 7 5973 5 5982 7 6060 9 6071 6 6083 5 6101 4 6110 7 6189 8 6199 6 6213 1 6229 4 6237 8 6317 8 6327 7 6356 5 6366 5 6446 8 6456 7 6483 6 6494 4 6575 7 6585 6 6611 6 6621 3 6705 6 6713 8 6738 15 6834 15 6866 15 6964 13 6995 14 7092 12 7122 15 7221 11 7245 20 7349 11 7373 19 7479 10 7501 7 7510 9 7611 7 7629 7 7638 4 7742 6 7755 6 7764 4 7871 8 7881 6 7891 2 7994 2 8000 14 8123 1 8130 11 8261 6 8391 4 8520 1,,9393 1 9413 1 9521 5 9538 5 9649 8 9662 11 9777 27 9906 35 10034 35 10162 35 10291 34 10419 33 10547 32 10675 32 10804 30 10932 30 11061 28 11189 28 11317 28 11445 28 11573 27 11702 26 11831 24 11966 15 12095 9 12106 1 12225 5 12354 2,5920 5 6048 5 6176 6 6304 6 6429 11 6556 13 6683 16 6758 4 6811 17 6885 6 6938 18 7013 6 7065 20 7141 6 7193 22 7267 8 7320 23 7394 9 7448 24 7521 13 7576 27 7648 15 7704 29 7775 17 7832 30 7893 3 7901 19 7960 31 8018 8 8027 22 8087 32 8145 32 8215 32 8273 32 8343 32 8401 32 8471 32 8529 32 8599 12 8612 18 8657 32 8727 30 8785 31 8855 30 8913 31 8983 30 9042 30 9111 27 9170 30 9240 15 9256 6 9299 29 9368 16 9385 8 9428 16 9445 11 9495 26 9557 27 9622 27 9688 9 9699 12 9750 27 9815 9 9825 14 9878 28 9941 10 9953 14 10007 27 10069 25 10135 27 10197 24 10264 27 10325 24 10393 26 10452 8 10461 15 10522 25 10580 23 10650 25 10707 24 10780 17 10798 6 10834 25 10908 17 10926 6 10962 24 11037 24 11089 24 11166 23 11217 23 11296 14 11311 6 11345 22 11425 13 11441 4 11473 21 11555 12 11569 4 11600 20 11685 12 11698 3 11728 8 11737 9 11815 11 11855 18 11945 10 11982 8 11992 7 12076 17 12109 8 12119 6 12206 16 12233 3 12237 7 12247 4 12337 14 12358 8 12367 3 12373 4 12470 10 12485 8 12501 2 12615 2
gap_505c5e72c8ab02164d,4552 8 4680 14 4695 5 4808 22 4937 23 5066 23 5195 23 5324 23 5453 24 5582 24 5710 25 5793 2 5839 25 5919 4 5968 24 6046 5 6096 25 6172 7 6225 24 6299 8 6353 25 6426 9 6481 12 6499 7 6554 9 6609 11 6628 6 6681 11 6737 10 6757 5 6809 11 6865 9 6885 6 6936 13 6993 9 7014 5 7064 13 7120 10 7142 5 7192 14 7247 11 7270 5 7319 15 7375 11 7397 7 7447 16 7502 12 7525 7 7575 17 7630 13 7652 8 7703 17 7757 14 7779 9 7831 19 7884 17 7905 11 7958 21 8010 34 8086 22 8133 40 8214 23 8260 41 8342 24 8388 41 8470 25 8516 41 8598 26 8644 41 8726 31 8772 41 8854 32 8900 41 8982 32 9029 40 9110 32 9158 39 9238 32 9286 39 9366 32 9415 38 9494 32 9544 36 9622 32 9672 36 9750 32 9801 35 9878 32 9929 35 10006 32 10058 33 10135 31 10186 33 10263 31 10314 32 10392 30 10442 32 10520 30 10571 30 10649 29 10699 30 10778 28 10827 29 10906 27 10955 28 11035 26 11083 27 11163 26 11212 25 11292 24 11340 24 11422 20 11469 22 11552 17 11598 20 11682 14 11727 18 11812 10 11857 14 11944 5 11989 6 12074 1,5051 2 5177 11 5290 7 5302 16 5416 31 5543 32 5671 32 5798 34 5926 41 6054 42 6181 43 6310 43 6438 43 6566 43 6693 44 6822 43 6950 22 6973 19 7078 21 7102 18 7207 20 7230 17 7336 19 7358 17 7464 18 7486 2 7491 11 7593 17 7620 10 7722 16 7748 9 7850 15 7876 8 7980 12 8007 2 8109 10 8238 6 8505 7 8632 9 8759 10 8887 10 9014 11 9142 11 9270 10 9398 9 9527 7 9658 2,6620 6 6747 9 6874 11 7002 11 7130 11 7258 11 7386 11 7514 10 7643 8 7771 7 7901 3,,7997 3 8126 3,,4043 9 4149 5 4171 10 4273 8 4299 13 4399 8 4432 8 4525 9 4563 5 4650 9 4775 8 4902 8 4961 2 5028 4 5090 1 5219 3 5348 3 5477 3 5606 2 5735 2 5915 2 6041 4 6168 4 6296 3 6423 3 6551 2 6679 2 6807 1 7276 1 7404 1 7532 2 7660 2 7788 2 7916 3 7956 2 8045 2 8083 3 8173 2 8211 3 8301 1 8339 3 8429 1 8467 3 8595 2 8723 2 8852 1 9538 1 9663 8 9709 1 9789 11 9836 2 9916 11 9964 2 10004 2 10043 12 10091 3 10132 3 10170 14 10219 2 10260 3 10298 14 10347 2 10389 3 10426 13 10474 3 10517 3 10554 13 10602 2 10646 3 10682 14 10729 2 10775 2 10809 15 10857 1 10903 2 10937 15 11065 15 11193 15 11322 13 11450 13 11574 2 11580 11 11702 4 11711 2 11715 2 11719 2 11832 3 11839 4 11847 2 11968 3 12065 3 12096 2 12119 7 12194 5 12224 2 12245 8 12323 6 12352 2 12374 6 12453 4 12480 1,11835 2 11953 1 11958 9 11972 9 12079 16 12099 14 12206 17 12227 14 12333 18 12355 16 12461 18 12483 17 12589 18 12611 17 12716 17 12741 14 12846 8 12879 1
gap_fbea1969b0eb81bf0d,3804 4 3875 6 3933 5 4001 8 4061 5 4128 8 4190 5 4255 8 4318 5 4382 9 4448 4 4510 7 4577 3 4637 7 4706 3 4765 6 4835 3 4892 5 4965 2 5020 5 5093 3 5147 6 5223 1 5275 6 5352 1 5402 6 5529 6 5657 5 5784 5 5912 5 6040 5 6168 3 6295 4 6423 3 6466 2 6551 3 6593 4 6679 2 6721 7 6807 2 6849 9 6934 3 6977 10 7062 2 7106 10 7190 1 7234 11 7317 2 7362 12 7445 2 7491 11 7573 2 7619 12 7701 2 7747 12 7829 2 7861 2 7876 11 7957 2 7989 2 8004 12 8084 3 8117 2 8132 12 8212 3 8244 4 8261 12 8340 3 8372 4 8390 11 8468 3 8499 6 8518 11 8597 2 8627 6 8647 11 8725 3 8754 7 8775 12 8853 3 8881 8 8904 11 8981 3 9009 8 9032 12 9109 3 9136 9 9161 12 9237 4 9263 10 9289 13 9366 3 9391 10 9417 14 9449 2 9494 3 9518 10 9546 14 9575 3 9622 3 9645 11 9674 16 9701 5 9751 3 9772 12 9803 19 9826 7 9879 3 9899 13 9931 30 10008 3 10026 14 10059 29 10136 3 10153 14 10188 27 10265 4 10279 16 10316 27 10393 6 10405 18 10445 24 10522 28 10574 22 10651 26 10703 20 10779 26 10832 17 10908 24 10962 13 11037 22 11092 9 11167 19 11224 2 11297 16 11427 12 11558 6,5830 4 5956 8 6084 9 6212 10 6340 10 6469 10 6598 9 6729 6 7228 5 7354 8 7481 9 7609 9 7736 10 7864 10 7992 9 8120 9 8249 6,3516 13 3640 20 3767 24 3893 26 4020 28 4149 29 4278 29 4407 29 4535 36 4663 41 4790 43 4919 44 5048 44 5178 43 5308 43 5438 42 5570 38 5699 38 5828 2 5834 32 5964 31 6093 30 6222 30 6350 31 6479 30 6607 30 6735 30 6862 32 6940 1 6990 32 7067 3 7118 32 7197 3 7247 31 7325 4 7375 31 7450 7 7503 31 7577 8 7631 31 7705 9 7760 30 7833 10 7846 2 7888 30 7961 17 8016 30 8089 18 8145 28 8216 23 8273 28 8344 25 8401 28 8472 25 8530 27 8600 25 8658 27 8729 23 8787 25 8857 23 8916 24 8985 22 9044 23 9113 22 9173 21 9241 21 9302 19 9370 20 9431 17 9498 19 9561 13 9626 18 9691 10 9755 16 9883 15 10012 13 10141 11 10270 8 10402 1,,4917 2 5044 4 5164 7 5172 4 5291 13 5417 14 5545 16 5670 19 5798 20 5929 17 6050 1 6056 18 6179 18 6303 1 6306 17 6431 1 6435 16 6560 18 6688 19 6815 20 6846 1 6941 22 7070 21 7200 19 7227 1 7329 18 7462 13 7590 13 7718 12 7848 10 7978 7 8107 4,,3031 6 3112 2 3160 7 3237 5 3289 6 3364 5 3490 7 3618 5 3747 2 4196 1 4324 3 4452 3 5017 2 5144 3 5272 2 5400 1 5997 2 6125 2 6253 2 6381 2 6422 1 6549 2 6677 2 6805 1 7919 1 8046 2 8174 2 8302 2 8430 2 8467 1 8511 5 8558 1 8595 1 8637 8 8723 1 8763 11 8851 1 8890 12 8979 2 9018 13 9107 2 9146 13 9236 1 9274 13 9402 13 9530 13 9659 12 9787 12 9915 11 10043 11 10171 11 10299 12 10426 14 10551 1 10554 14 10570 2 10678 11 10690 1 10694 2 10699 3 10805 3 10809 3 10815 4 10828 3 10850 1 10933 2 10937 2 10944 3 10958 2 10976 2 11072 3 11102 4 11200 2 11229 4 11328 2 11356 1 11457 2 11554 3 11585 2 11682 6 11713 2 11812 4 11841 1,10949 4 11069 1 11076 8 11191 2 11195 4 11204 10 11318 9 11333 11 11445 10 11461 17 11572 11 11589 20 11698 13 11717 20 11823 16 11847 17 11949 18 11976 15 12076 18 12113 2 12205 16 12335 12 12468 5
gap_02daecab79ab4c04f5,,,,,,,,6242 4 6369 7 6497 8 6624 10 6681 6 6752 11 6808 8 6879 12 6935 9 7007 12 7062 11 7135 12 7190 11 7262 13 7318 11 7390 13 7446 11 7517 13 7574 12 7646 4 7652 4 7702 11 7831 10 7960 5 8676 2 8780 2 8801 5 8856 5 8907 3 8928 7 8984 7 9036 3 9056 8 9113 6 9165 1 9180 1 9184 8 9241 7 9249 2 9311 10 9369 11 9383 6 9439 10 9497 19 9567 10 9625 18 9695 10 9753 17 9823 10 9881 17 9951 10 10010 16 10077 10 10140 14 10204 10 10270 9 10331 10 10399 7 10458 9 10529 8 10584 9 10660 5 10711 9 10790 6 10838 9 10920 5 10966 7 11049 5 11093 8 11178 5 11221 6 11306 6 11435 4 11565 1
gap_cabd65526627951603,,5795 1 5923 1 6050 2 6562 3 6690 3 6818 3 6947 2 7075 1 7495 6 7611 1 7622 7 7737 6 7749 9 7864 8 7877 9 7991 9 8005 9 8119 10 8133 9 8246 10 8261 9 8374 9 8390 7 8502 8 8519 6 8631 6 8647 5 8776 3,4010 18 4053 7 4135 55 4262 58 4390 60 4519 61 4648 63 4777 63 4907 62 5036 61 5165 61 5294 60 5423 60 5552 60 5682 59 5812 57 5941 56 6069 57 6197 58 6327 23 6353 31 6458 17 6482 30 6587 13 6611 29 6716 12 6740 28 6848 9 6864 1 6869 27 6976 11 6991 4 6997 28 7104 11 7119 4 7126 27 7233 10 7247 4 7255 26 7361 11 7375 4 7383 26 7490 5 7503 34 7629 1 7631 34 7758 36 7886 36 8014 36 8142 36 8270 36 8399 35 8527 35 8656 34 8785 33 8914 32 9044 29 9104 2 9174 27 9231 6 9304 24 9359 7 9433 22 9487 8 9562 21 9615 9 9691 20 9743 10 9820 19 9871 11 9948 18 10000 10 10077 17 10128 10 10205 17 10257 10 10333 16 10386 9 10462 15 10515 8 10590 14 10643 8 10718 13 10772 8 10846 12 10901 8 10974 12 11031 6 11102 11 11230 9 11359 2,9261 2 9295 1 9386 7 9421 6 9513 8 9548 9 9640 9 9676 10 9767 9 9804 12 9893 11 9933 12 10020 11 10061 13 10146 13 10189 13 10274 12 10318 12 10401 13 10447 11 10529 12 10575 11 10657 11 10704 10 10786 8 10834 6 10915 5 10964 2,4382 2 4507 5 4516 3 4633 6 4643 5 4759 8 4771 6 4887 20 5013 23 5140 25 5268 26 5397 26 5525 26 5652 18 5673 6 5779 16 5796 1 5802 4 5906 17 5929 4 6033 17 6052 1 6057 4 6160 11 6173 9 6185 4 6288 11 6301 9 6313 4 6416 10 6429 10 6441 4 6450 2 6544 9 6557 5 6565 2 6569 4 6578 2 6672 8 6685 5 6693 1 6698 2 6706 2 6799 8 6813 5 6821 1 6826 2 6927 6 6941 6 6949 1 6954 2 7054 7 7069 6 7076 1 7082 3 7182 7 7197 8 7210 3 7310 7 7325 9 7338 4 7439 6 7453 9 7466 3 7567 6 7581 9 7594 3 7599 1 7695 6 7709 9 7722 2 7727 2 7824 5 7836 6 7850 1 7854 3 7953 4 7962 8 7981 5 8082 2 8089 9 8108 5 8210 2 8217 11 8231 2 8236 4 8345 16 8474 13 8607 7 8736 5 8865 4 8994 3,,3023 9 3151 13 3283 11 3417 7 3498 1 3547 7 3623 3 3677 6 3747 6 3807 5 3870 5 3936 5 3992 9 4065 5 4118 5 4194 4 4246 3 5098 3 5227 2 5261 1 5355 3 5388 2 5483 4 5515 3 5612 3 5643 2 5741 2 5770 2 5898 2 7025 2 7153 2 7281 2 7305 1 7409 2 7432 3 7537 2 7560 2 7666 1 7688 2 8893 4 9020 7 9145 11 9272 13 9355 2 9400 13 9457 1 9483 2 9528 13 9584 2 9611 3 9656 14 9712 2 9740 2 9784 14 9839 3 9911 15 9967 2 10039 15 10167 15 10296 13 10425 12 10553 1 10555 10 10684 5 10691 3 10809 1 10812 5 10818 4 10937 8 10946 4 11065 13 11192 13 11289 2 11321 12 11418 3 11449 11 11491 2 11547 2 11560 3 11579 7 11601 4 11617 4 11687 3 11709 4 11730 4 11744 3 11837 4 11859 1 11965 4 12093 3 12221 4 12350 2,11441 3 11567 8 11590 8 11693 13 11715 12 11820 16 11842 15 11945 19 11970 16 11993 1 12068 24 12098 25 12199 22 12226 25 12329 19 12354 24 12458 17 12483 20 12589 12 12614 13
gap_780ef6910430c38ee4,,,,,,,4159 2 6850 4 6976 9 7104 10 7228 15 7356 17 7479 4 7484 19 7607 3 7612 20 7634 1 7729 3 7740 19 7760 4 7855 5 7868 6 7876 1 7879 10 7890 2 7982 4 7996 4 8009 7 8124 4 8137 6 8251 5 8264 9 8379 6 8392 11 8501 3 8506 7 8519 13 8627 34 8752 26 8781 5 8879 13 8895 10 8912 1 9006 8 9015 4 9025 7 9133 6 9143 2 9154 5 9260 4 9283 3 9412 1,7764 1 7892 1 8019 4 8150 2 8327 2 8456 1 8787 1 9402 4 9530 3
gap_afd86adfb87c3bc343,,6073 4 6080 5 6201 5 6207 7 6328 6 6335 8 6456 6 6464 7 6585 4 6592 8 6713 3 6720 8 6849 7 6973 10 7100 8 7109 1 7227 12 7355 14 7483 17 7612 5 7619 9 7752 3 7881 2,,,3400 1 3505 5 3525 6 3535 2 3632 5 3645 14 3661 6 3669 2 3760 5 3772 15 3789 12 3889 3 3899 15 3917 4 3923 9 4002 2 4027 12 4051 10 4129 4 4156 2 4163 4 4181 9 4256 5 4291 4 4313 7 4381 2 4384 5 4419 4 4436 3 4442 9 4507 9 4547 4 4563 4 4572 8 4633 8 4675 4 4690 5 4704 5 4760 9 4792 1 4804 2 4818 5 4832 5 4887 10 4919 3 4946 6 4961 4 5014 11 5047 2 5074 7 5089 5 5141 11 5175 2 5203 6 5219 3 5269 10 5332 5 5347 3 5397 10 5476 5 5525 11 5606 4 5653 13 5735 4 5781 14 5863 4 5910 13 5981 5 5991 4 6038 14 6064 1 6107 8 6118 6 6166 17 6190 3 6234 16 6294 27 6347 1 6362 16 6422 27 6474 2 6490 15 6552 4 6560 16 6618 15 6689 14 6745 12 6819 12 6867 17 6941 1 6951 7 6994 18 7066 6 7079 7 7123 20 7193 8 7207 6 7252 20 7321 8 7335 6 7383 17 7449 8 7464 4 7512 12 7526 1 7577 9 7640 11 7706 8 7768 10 7835 6 7897 7 7965 4 8094 3,,7867 3 7871 5 7991 15 8118 17 8246 18 8374 19 8502 19 8630 19 8758 19 8885 21 9013 22 9140 24 9268 2 9272 16 9289 6 9396 27 9524 8 9533 6 9540 11 9651 29 9779 26 9806 2 9899 3 9904 26 9934 1 10028 2 10032 24 10157 2 10160 21 10183 1 10292 5 10299 9 10429 6 10558 3 10687 2 10815 2 10943 2 11071 2 11199 2 11327 2,7500 3 7628 5 7655 4 7755 8 7782 5 7827 3 7855 4 7883 9 7910 5 7954 5 7980 8 8010 10 8037 6 8081 7 8106 10 8138 11 8164 7 8209 7 8233 11 8266 12 8291 7 8337 8 8360 12 8395 11 8418 8 8465 9 8487 13 8523 11 8545 8 8593 10 8615 12 8651 11 8672 8 8721 10 8743 12 8780 10 8798 10 8850 10 8871 11 8910 8 8924 12 8978 11 8999 10 9039 6 9050 13 9108 10 9128 8 9169 1 9177 14 9238 9 9258 4 9303 16 9366 12 9430 16 9494 17 9556 18 9622 19 9683 19 9751 19 9810 19 9879 20 9938 18 10008 20 10060 1 10065 18 10137 20 10187 5 10193 17 10266 21 10314 23 10396 23 10441 21 10525 23 10553 3 10564 25 10655 22 10681 4 10691 24 10786 21 10808 5 10818 24 10916 25 10946 20 11046 23 11074 20 11176 21 11202 19 11306 19 11330 18 11435 19 11458 15 11564 18 11586 15 11693 17 11713 15 11825 13 11842 12 11953 13 11971 10 12083 10 12100 7 12213 6
gap_92aa32afff4c9793eb,5701 6 5829 13 5935 5 5958 14 6061 6 6087 15 6188 5 6216 18 6314 6 6345 19 6438 8 6473 20 6565 8 6601 21 6692 8 6729 22 6820 8 6857 23 6948 7 6986 22 7075 8 7115 22 7203 8 7244 21 7331 8 7372 21 7459 8 7500 5 7512 10 7586 10 7628 5 7641 9 7714 11 7758 2 7769 9 7842 11 7884 4 7897 9 7970 12 8011 4 8025 9 8098 13 8130 13 8153 10 8226 14 8258 15 8281 10 8354 15 8386 15 8409 10 8482 16 8516 15 8536 11 8610 19 8634 5 8645 30 8738 29 8774 29 8866 29 8903 28 8994 29 9032 27 9123 28 9160 27 9251 29 9288 27 9379 29 9417 26 9507 28 9545 25 9636 27 9673 25 9764 27 9801 24 9893 26 9929 24 10022 25 10057 23 10151 23 10186 21 10279 23 10314 20 10408 22 10443 18 10538 19 10571 17 10667 17 10699 16 10797 14 10828 13 10926 10 10958 9,6070 11 6195 19 6321 22 6447 25 6573 27 6700 28 6828 28 6955 29 7083 29 7211 28 7339 28 7468 30 7596 30 7725 29 7853 17 7875 7 7982 15 8005 3 8111 14 8240 13 8370 10 8500 6 8513 1 8640 5 8767 6 8895 7 9023 6 9152 5,7635 2 7762 5 7889 6 8017 7 8145 7 8273 8 8401 8 8531 5,,,,5307 2 5318 3 5432 6 5446 8 5558 7 5577 6 5687 1 5844 3 5973 3 6185 2 6436 2 6623 2 6752 1 7329 2 7394 1 7457 1 9410 4 9537 7 9664 8 9792 8 9826 1 9920 8 9953 2 10020 1 10048 8 10081 1 10149 1 10176 7 10208 1 10277 2 10305 6 10406 1 10433 4 10561 4 10688 7 10816 8 10945 6 11062 1 11074 3 11203 2 11215 3 11331 1,7408 2 7535 5 7663 2 7666 2 7791 5 7919 5 8045 1 8591 3 8718 4 8846 4 8974 4 9102 4 9231 2 10954 1 11066 7 11079 6 11194 8 11205 8 11321 9 11333 9 11449 8 11461 9 11578 6 11590 7
gap_4b2a83d80c4b0a3ea0,4402 4 4527 10 4654 18 4780 40 4906 45 5032 48 5159 26 5187 23 5285 27 5315 24 5412 27 5444 24 5539 27 5573 24 5666 27 5701 25 5794 26 5830 24 5921 26 5959 24 6049 25 6087 25 6176 25 6216 24 6303 25 6344 25 6431 25 6473 24 6559 24 6601 25 6686 24 6730 24 6814 24 6858 24 6942 23 6986 25 7069 24 7115 24 7197 23 7243 24 7325 23 7371 25 7452 16 7469 7 7499 25 7580 23 7628 24 7708 23 7757 23 7836 22 7886 22 7964 19 8011 2 8015 21 8092 17 8139 2 8143 21 8220 17 8266 1 8269 23 8348 17 8395 1 8397 23 8476 17 8525 2 8529 19 8604 17 8653 2 8657 19 8732 18 8780 24 8860 18 8898 2 8904 1 8908 24 8988 18 9025 10 9036 24 9116 18 9151 37 9245 17 9275 41 9373 17 9403 5 9410 34 9501 19 9531 4 9539 32 9629 20 9665 34 9757 20 9792 35 9886 19 9921 34 10014 19 10052 30 10142 18 10181 29 10271 17 10309 28 10399 16 10438 27 10528 15 10566 26 10656 15 10695 25 10785 14 10824 23 10914 13 10952 22 11043 13 11081 21 11172 12 11209 20 11301 13 11338 18 11430 14 11466 18 11559 13 11595 16 11688 11 11724 14 11817 9 11853 12 11948 4 11982 9 12112 6,6719 6 6846 9 6973 10 7101 11 7228 12 7356 13 7484 13 7607 4 7612 14 7734 21 7861 22 7989 8 7998 13 8111 2 8117 8 8127 11 8238 3 8244 9 8262 4 8365 3 8372 10 8391 2 8493 3 8499 11 8519 2 8621 17 8750 15 8777 1 8879 13 9007 11 9135 11 9263 10 9391 8 9521 4 10161 6 10288 8 10416 8 10543 10 10671 10 10799 9 10928 8 11056 7 11186 5,,,9785 4 9913 3,,4144 3 4157 10 4270 4 4284 14 4397 4 4411 19 4523 4 4541 16 4649 4 4678 2 4775 4 4901 4 5029 3 5156 2 5339 2 5468 2 5597 2 5726 2 5855 2 5984 1 6112 2 6241 2 6369 2 6498 2 6626 2 6755 1 6883 2 7011 2 7140 1 7268 1 8165 1 8293 1 8527 2 8655 1 8730 2 8778 1 8858 2 8986 2 9114 2 9242 2 9370 2 9498 3 9627 2 9755 2 10049 1 10173 7 10300 9 10428 9 10556 9 10593 1 10684 9 10721 2 10811 10 10848 3 10939 10 10976 2 11063 1 11067 10 11103 3 11196 9 11231 2 11325 1 11327 5 11359 2 11453 1 11455 2 11458 2 11485 1 11487 2 11580 10 11613 2 11704 14 11741 1 11830 17 11868 1 11958 5 11967 2 11973 4 12078 4 12085 4 12095 2 12102 5 12110 1 12205 7 12214 2 12223 1 12231 3 12235 1 12238 3 12332 6 12351 1 12365 5 12479 2 12494 3 12607 1,9488 1 9615 3 9711 2 9743 4 9839 3 9871 4 9967 3 10000 3 10095 3 10130 2 10222 4 10259 1 10350 2 10477 2 10516 1 10604 2 10645 1 10732 1 10773 2 10859 2 10902 1 10986 2 11031 1 11113 2 11240 2 11367 1 11420 1 11493 2 11548 3 11618 4 11677 3 11746 3 11807 1 12091 3 12098 3 12217 6 12225 5 12343 8 12353 6 12469 10 12481 7 12597 10 12608 8 12724 9 12738 6 12854 7 12867 3
gap_7609100e7b3d5168b7,,,,,,,,7700 6 7826 9 7953 11 8081 3 8085 7 8209 11 8297 5 8337 11 8424 7 8465 11 8551 10 8593 11 8679 10 8721 11 8806 11 8850 9 8934 12 8979 5 9062 11 9190 11 9318 11 9447 9 9495 2 9576 8 9613 13 9708 2 9740 16 9868 18 9996 20 10087 6 10124 21 10212 18 10252 21 10337 21 10381 20 10463 22 10510 20 10586 27 10639 22 10665 5 10709 31 10769 30 10833 34 10899 29 10960 33 11029 28 11086 33 11159 26 11212 33 11290 24 11339 32 11421 21 11467 30 11551 20 11595 27 11681 17 11722 25 11812 14 11850 22 11947 6 11979 18 12107 15 12239 1
gap_7edec5148186b6e1ec,4557 9 4680 17 4808 18 4938 18 5067 18 5196 19 5326 19 5455 20 5584 20 5667 1 5713 20 5793 3 5842 19 5921 3 5970 20 6047 4 6099 20 6174 5 6227 20 6301 7 6355 21 6429 8 6483 22 6556 9 6611 22 6683 10 6739 23 6811 10 6866 24 6939 11 6993 25 7066 12 7121 26 7194 12 7248 27 7321 13 7376 27 7449 14 7503 28 7577 14 7631 28 7704 15 7758 29 7832 16 7885 31 7960 17 8012 32 8088 18 8140 32 8216 18 8267 33 8344 19 8394 34 8472 21 8521 34 8600 21 8648 35 8728 23 8772 8 8782 29 8856 25 8899 10 8912 27 8984 27 9027 11 9040 27 9112 28 9155 40 9240 27 9283 40 9368 27 9411 40 9496 27 9542 36 9624 27 9671 35 9752 27 9800 34 9881 26 9928 34 10009 27 10057 32 10137 27 10185 32 10265 28 10313 32 10394 28 10441 31 10522 28 10570 30 10650 29 10698 29 10779 28 10827 28 10907 28 10955 27 11036 26 11084 26 11165 25 11212 25 11293 24 11341 23 11424 21 11470 21 11554 18 11599 19 11687 12 11728 16 11817 9 11857 13 11948 4 11988 5,4923 6 5049 13 5175 17 5301 20 5425 24 5548 29 5675 29 5802 28 5929 27 5965 4 6057 27 6089 9 6184 42 6312 43 6440 43 6567 44 6695 43 6823 43 6951 42 7079 42 7207 30 7238 10 7335 29 7366 10 7464 27 7494 9 7592 38 7720 31 7755 2 7849 30 7978 30 8106 31 8235 30 8365 9 8379 14 8494 5 8513 7 8623 2 8644 2 8909 2 9015 5 9141 8 9268 10 9396 10 9523 11 9651 11 9779 10 9908 9 10036 9 10165 7,,,,,4035 3 4041 6 4158 18 4275 24 4300 6 4400 21 4428 3 4432 2 4526 11 4538 5 4654 9 4699 3 4827 4 4957 4 5086 4 5216 3 5346 1 5536 1 5664 1 5790 2 5916 4 6043 4 6171 3 6299 2 6426 2 6554 1 6762 1 6890 2 7018 3 7147 2 7275 2 7403 2 7447 1 7532 2 7574 2 7660 2 7701 3 7788 2 7829 3 7916 1 7957 3 8085 3 8213 3 8341 3 8469 3 8598 2 8726 1 9451 2 9494 2 9579 2 9622 2 9666 1 9706 3 9750 2 9789 1 9791 7 9834 2 9878 3 9917 10 9962 2 10006 3 10045 10 10089 3 10134 3 10172 11 10217 3 10263 2 10300 11 10345 2 10391 2 10427 12 10473 2 10520 1 10555 12 10600 2 10683 12 10811 12 10939 12 11067 12 11195 12 11322 14 11450 15 11577 7 11587 9 11619 2 11676 3 11703 24 11745 3 11805 3 11827 1 11830 7 11839 5 11848 8 11871 4 11934 3 11953 5 11959 5 11968 3 11975 4 11982 3 11997 5 12063 3 12080 5 12089 2 12097 2 12105 2 12124 5 12192 2 12207 5 12217 1 12225 2 12251 5 12353 2 12379 2 12481 2 12609 1,11973 2 12091 4 12100 5 12213 4 12218 6 12227 12 12339 13 12355 17 12465 15 12483 18 12592 16 12611 18 12720 16 12740 14 12850 7 12872 3
gap_909a6d35a5c9e69803,,,,,,,11585 1,7141 4 7241 1 7268 8 7324 2 7353 1 7369 3 7395 10 7450 5 7479 3 7498 3 7523 11 7575 9 7607 2 7627 2 7650 13 7701 12 7734 3 7756 3 7778 13 7828 13 7861 3 7885 3 7906 13 7956 13 7988 2 8014 3 8035 12 8084 13 8115 2 8143 2 8164 11 8212 12 8242 1 8273 3 8293 10 8340 11 8368 2 8402 4 8421 9 8468 11 8494 3 8531 8 8549 9 8597 9 8619 5 8660 9 8678 7 8725 9 8743 9 8788 9 8853 8 8870 9 8917 9 8982 6 8998 9 9046 8 9126 8 9174 7 9197 3 9255 7 9303 6 9321 8 9383 6 9431 5 9448 9 9493 5 9512 5 9560 3 9574 11 9620 10 9640 4 9700 12 9748 13 9769 2 9825 14 9876 16 9951 16 10005 18 10075 20 10134 20 10200 22 10263 20 10327 22 10392 20 10454 23 10521 20 10580 24 10651 19 10707 24 10781 19 10833 24 10912 18 10960 24 11042 18 11087 24 11171 18 11213 25 11301 19 11340 24 11429 20 11467 23 11559 19 11594 22 11688 18 11722 20 11817 18 11850 17 11947 16 11978 14 12077 14 12107 11 12207 11 12237 4 12337 8 12355 1 12483 1 12611 2 12740 1
gap_7c9812e0e85d4be3c1,5554 5 5578 7 5680 9 5706 9 5806 11 5834 11 5933 13 5962 12 6060 14 6090 14 6187 15 6219 14 6314 16 6347 15 6441 17 6475 16 6568 18 6603 16 6696 18 6732 16 6823 19 6860 17 6951 18 6988 18 7078 19 7116 18 7205 20 7243 20 7333 20 7371 20 7460 20 7498 21 7588 20 7620 2 7625 23 7715 20 7747 4 7753 23 7843 20 7874 5 7880 25 7971 20 8002 31 8098 20 8131 30 8226 20 8259 31 8354 20 8389 29 8482 20 8517 29 8609 21 8645 29 8737 20 8772 30 8865 20 8900 30 8993 20 9029 29 9121 20 9157 29 9249 21 9285 29 9377 21 9414 28 9505 22 9542 27 9633 23 9671 26 9762 24 9799 26 9890 25 9928 24 10018 25 10057 23 10147 24 10186 22 10275 23 10314 21 10404 22 10443 19 10532 22 10572 17 10661 20 10700 16 10789 19 10830 13 10918 17 10959 11 11047 15 11089 7 11176 13 11219 1 11307 9 11437 5 15164 1 15291 11 15420 3 15427 3,5698 5 5825 7 5953 7 6080 9 6208 9 6336 9 6464 10 6592 10 6720 11 6844 4 6850 6 6857 2 6971 6 6980 2 6985 2 7098 7 7113 2 7226 7 7241 2 7354 7 7481 8 7608 9 7736 10 7863 10 7991 10 8119 10 8246 11 8374 11 8502 11 8630 11 8758 10 8885 11 9014 9 9142 9 9270 8 9399 7 9527 6 9657 2 15540 2 15667 4 15676 4 15796 2 15804 2,,,15165 8,,4795 1 4797 7 4922 11 5049 14 5170 4 5177 14 5196 4 5295 6 5303 4 5317 1 5324 5 5423 4 5431 3 5454 4 5550 3 5586 1 5677 2 6312 1 7006 1 7135 1 7263 2 7391 2 7520 2 7586 1 7648 2 7714 1 7777 1 7841 2 7905 1 7968 2 8096 2 8224 2 8608 1 9187 1 9314 2 9408 5 9442 2 9535 7 9570 2 9663 7 9697 3 9759 2 9790 8 9825 2 9887 2 9918 9 9953 2 10015 3 10046 9 10144 2 10174 10 10272 3 10302 9 10401 2 10429 10 10530 1 10558 9 10686 8 10814 1 10817 4 10822 2 10941 12 11068 13 11097 3 11196 12 11224 4 11303 2 11326 8 11352 3 11431 4 11457 4 11480 2 11559 6 11572 2 11579 1 11586 2 11688 6 11699 1 15410 7 15435 5 15538 2 15542 2 15564 4 15673 1 15693 2 15803 1 15812 2 15821 1,10217 2 10260 4 10344 5 10388 5 10472 5 10516 5 10599 5 10646 3 10727 2 10777 1 10855 1 10905 1 10982 1 11034 1 11109 2 11162 2 11236 2 11291 2 11335 5 11363 2 11420 2 11453 2 11462 8 11490 2 11549 3 11580 5 11589 9 11616 3 11679 3 11703 10 11717 10 11743 2 11808 3 11830 12 11845 9 11867 3 11937 4 11958 12 11973 9 11994 3 12067 3 12086 12 12101 4 12121 2 12196 3 12214 11 12325 2 12343 10 12473 6 15692 1 15798 1 15819 2 15925 2 15947 2 16054 5 16074 2 16182 3 16202 1
gap_ddbeb31901c8a028fe,,6568 1 6695 2 7386 1,,,,,7514 1,7075 1 7207 1 7334 2 7996 1 8122 3 8130 1 8153 1 8249 4 8257 3 8378 2 8385 4 8505 3 8513 4 8604 4 8631 4 8642 4 8730 6 8759 2 8770 2 8773 1 8856 9 8899 4 8982 11 9027 4 9109 13 9156 3 9237 13 9285 2 9365 14 9395 1 9413 3 9493 14 9518 6 9542 3 9565 4 9621 14 9644 8 9670 3 9692 6 9750 12 9770 9 9799 3 9819 9 9879 10 9897 10 9927 4 9946 11 10008 6 10025 10 10055 6 10074 12 10153 9 10184 6 10201 14 10257 4 10282 7 10312 7 10330 13 10385 6 10410 7 10440 8 10458 13 10512 9 10539 6 10568 8 10586 12 10639 11 10667 5 10696 8 10715 11 10767 22 10796 3 10824 8 10844 9 10896 23 10953 6 10974 5 11025 25 11081 6 11154 31 11210 4 11283 32 11362 6 11412 32 11487 10 11541 32 11599 4 11607 18 11671 30 11719 4 11724 28 11802 27 11845 35 11932 25 11972 35 12061 24 12099 35 12193 19 12227 34 12324 13 12355 32 12457 6 12483 31 12611 30 12740 27 12869 22 13000 13
gap_d9bbc1552d55a7eb2a,5672 2 5678 5 5796 16 5922 18 6049 19 6176 20 6302 22 6353 7 6362 2 6428 24 6480 14 6555 25 6592 3 6607 17 6682 25 6719 5 6734 19 6809 26 6847 6 6859 23 6936 26 6974 7 6986 25 7063 27 7102 8 7113 28 7191 26 7230 8 7240 30 7318 27 7358 8 7368 31 7445 28 7487 6 7496 32 7572 29 7615 6 7624 33 7699 29 7741 6 7752 34 7826 30 7867 8 7880 34 7954 30 7995 8 8008 35 8082 29 8123 8 8135 36 8209 30 8251 8 8263 37 8337 30 8379 7 8390 39 8465 30 8508 5 8518 39 8593 30 8645 41 8721 30 8773 41 8849 31 8901 41 8976 32 9031 39 9104 32 9144 4 9160 38 9232 33 9271 5 9289 37 9361 33 9398 6 9417 37 9489 43 9545 37 9617 42 9674 36 9746 40 9802 36 9874 40 9931 35 10003 38 10059 34 10131 38 10187 34 10260 37 10316 33 10388 36 10444 32 10517 34 10573 31 10646 33 10701 30 10775 31 10830 29 10904 29 10959 27 11032 27 11088 24 11162 24 11218 21 11291 21 11347 19 11420 20 11476 17 11549 18 11606 14 11679 14 11736 10 11810 9 11867 3,5563 2 5689 6 5818 4 5823 3 5950 5 6078 6 6092 2 6207 4 6218 4 6335 4 6346 5 6474 5 6603 4 6731 2 6965 1 7092 4 7221 3 7350 2 7484 1 8242 3 8370 3 8498 3 8626 3 8755 2,,,,,4026 1 4151 15 4168 2 4278 3 4297 2 4406 3 4425 2 4534 8 4551 3 4662 11 4678 4 4790 19 4922 14 5038 2 5059 1 5164 5 5291 6 5419 5 5457 1 5547 3 5715 3 5843 5 5918 3 5971 5 6045 4 6100 4 6171 4 6298 3 6426 2 6497 2 6553 2 6625 4 6754 4 6882 5 7012 5 7141 4 7270 4 7399 3 7529 1 7697 1 7824 2 7951 2 8079 2 8207 2 8335 1 8815 1 8896 2 8942 3 9023 5 9071 3 9151 6 9199 4 9229 2 9278 8 9327 4 9357 3 9405 9 9455 3 9485 3 9533 10 9584 1 9613 3 9660 12 9712 1 9741 3 9788 12 9915 13 10043 14 10173 12 10301 10 10313 2 10428 11 10441 2 10553 1 10555 13 10570 1 10606 1 10608 1 10643 1 10683 14 10699 1 10733 4 10770 3 10811 5 10817 8 10827 2 10861 3 10898 4 10938 9 10948 6 10955 3 10989 3 11027 4 11064 9 11075 11 11115 4 11155 5 11192 24 11243 4 11284 5 11319 25 11371 2 11413 3 11447 26 11543 3 11577 23 11601 1 11673 1 11705 5 11712 3 11717 10 11730 2 11832 6 11841 1 11846 9 11860 3 11962 4 11973 8 11989 4 11998 3 12091 3 12102 3 12106 2 12119 11 12249 10 12329 1 12351 1 12358 1 12365 1 12379 6 12480 1 12608 2 12736 2 12864 2,4555 2 4682 4 4809 2 4814 1 4941 3 5067 2 5070 2 5328 3 5456 1 8703 1 8831 2 8958 3 9086 3 9213 3 9218 1 9341 3 9346 2 9469 4 9474 3 9597 9 9724 4 9729 6 9852 3 9857 6 9980 3 9986 5 10108 2 10116 4 10235 2 10245 3 10362 3 10374 2 10490 2 10503 2 10618 2 10631 3 10745 4 10759 4 10872 5 10888 3 10999 3 11003 2 11016 3 11126 4 11131 1 11144 3 11253 3 11258 3 11273 3 11380 4 11386 4 11402 3 11508 3 11512 1 11515 3 11524 1 11531 3 11635 3 11643 2 11660 3 11762 3 11772 1 11789 3 11888 3 11918 3 11966 1 12015 3 12047 4 12086 4 12094 2 12105 1 12142 4 12177 3 12214 4 12223 1 12233 2 12268 4 12306 4 12343 3 12361 2 12396 2 12435 4 12471 2 12489 2 12523 2 12564 4 12599 2 12648 3 12693 4 12727 2 12752 1 12776 3 12823 3 12897 1 12905 1 12952 4 13017 3 13081 3 13210 2 13270 2
gap_ef100332e3e0b2dfd8,,7101 5 7228 6 7238 4 7356 7 7366 5 7484 7 7494 6 7612 7 7622 6 7741 5 7750 7 7869 5 7878 6 7997 5 8006 3 8125 4,,7580 3 7707 7 7835 8 7962 10 8088 13 8149 2 8214 13 8277 5 8342 12 8404 8 8471 9 8531 11 8600 16 8658 13 8734 11 8786 14 8861 13 8915 14 8988 15 9044 14 9116 15 9173 2 9177 10 9243 11 9256 3 9305 10 9370 10 9385 2 9428 1 9433 10 9498 9 9514 2 9554 4 9562 9 9626 8 9641 3 9682 5 9691 9 9754 8 9767 5 9809 7 9820 8 9882 8 9894 6 9937 19 10010 9 10020 8 10066 18 10138 18 10195 17 10267 17 10324 16 10395 16 10454 14 10524 13 10583 12 10653 10 10714 8 10784 4,4150 12 4182 1 4273 19 4388 4 4400 22 4444 1 4513 8 4527 23 4556 7 4573 3 4635 16 4656 37 4702 3 4761 18 4784 37 4830 5 4887 2 4891 16 4912 36 4957 6 5013 3 5018 17 5041 35 5085 7 5144 19 5171 34 5213 7 5267 2 5271 19 5303 30 5342 6 5395 1 5398 20 5437 6 5448 12 5471 6 5526 19 5569 1 5577 11 5601 4 5654 19 5697 2 5708 4 5731 4 5782 17 5815 2 5824 4 5830 2 5859 4 5910 17 5941 5 5951 10 5986 6 6038 17 6067 7 6079 13 6113 7 6160 3 6166 18 6192 9 6202 3 6207 15 6236 3 6240 8 6287 25 6317 2 6320 8 6331 2 6335 15 6364 11 6415 26 6449 6 6463 17 6492 11 6505 1 6543 27 6576 8 6592 17 6620 11 6633 2 6671 26 6704 9 6728 10 6751 13 6799 26 6830 10 6857 10 6879 13 6927 10 6938 15 6955 12 6984 13 7007 13 7055 10 7066 15 7082 13 7111 15 7135 12 7183 25 7210 11 7242 13 7260 15 7311 24 7338 10 7371 13 7387 17 7439 24 7466 9 7500 33 7568 12 7583 8 7595 8 7628 14 7643 17 7701 6 7714 4 7723 5 7759 10 7775 13 7829 6 7843 3 7851 3 7888 8 7903 12 7957 5 7972 1 7979 2 8017 6 8031 12 8085 3 8107 1 8146 3 8159 11 8289 8 8417 6 8546 4,,7151 2 7279 2 7407 2 7536 1 7690 2 7818 2 7946 2 8252 7 8378 11 8505 13 8632 15 8760 15 8888 16 9016 16 9144 17 9271 18 9399 18 9528 16 9656 15 9708 2 9745 1 9785 13 9836 1 9913 12 9964 1 10042 10 10091 1 10170 10 10298 10 10426 11 10554 11 10682 11 10811 9 10941 4 10977 2 11070 3 11198 2 11326 2 11454 2 11582 2 11711 1,8393 3 8521 4 8628 2 8649 4 8755 3 8777 5 8883 3 8905 5 9010 4 9034 4 9138 4 9162 4 9266 4 9291 3 9394 4 9419 3 9522 4 9547 3 9650 4 9674 4 9778 5 9801 5 9905 7 9927 8 10033 7 10055 8 10161 7 10183 8 10288 7 10311 8 10415 8 10440 8 10543 8 10568 9 10672 7 10696 9 10801 6 10824 6 10929 8 10950 8 11049 1 11056 11 11074 15 11175 21 11202 16 11220 1 11302 23 11329 22 11429 24 11457 24 11557 24 11585 25 11685 24 11713 25 11813 24 11841 25 11942 23 11969 25 12071 21 12098 23 12201 18 12227 20 12331 14 12358 14
gap_30d7f16d9261183192,,6319 1 6447 2 6485 2 6575 3 6611 5 6703 4 6739 5 6831 5 6867 5 6960 5 6993 6 7087 6 7121 5 7215 7 7248 6 7343 7 7376 6 7475 3 7504 5 7604 2 7632 3 7636 1,,,6716 1 6842 3 6969 4 6987 1 7098 2 7115 1 9020 1 9147 4 9274 8 9402 7 9530 7 9659 6 9787 6 9915 6 10044 5 10053 2 10173 5 10179 6 10302 11 10431 10 10562 2 11458 2 11585 4 11712 6 11840 6 11969 5,6466 1 6592 8 6718 12 6845 14 6973 14 7100 15 7228 16 7356 16 7484 16 7612 16 7739 17 7867 17 7995 17 8123 17 8251 17 8379 16 8507 16 8635 16 8763 15 8891 14 9021 6 9028 2 9151 2,12351 5 12361 3 12473 12 12487 5 12602 17 12733 10 12867 2,6052 3 6179 6 6307 8 6435 9 6495 3 6564 9 6619 8 6691 10 6746 10 6820 9 6873 10 6949 9 7001 10 7080 7 7128 10 7209 6 7254 11 7333 5 7342 1 7382 12 7446 2 7460 7 7509 14 7574 2 7587 10 7637 14 7661 4 7701 4 7714 15 7765 2 7769 10 7786 1 7788 7 7829 4 7842 16 7894 13 7908 16 7957 5 7963 2 7969 17 8021 30 8085 4 8092 2 8097 17 8148 31 8213 5 8220 2 8225 17 8275 15 8291 16 8340 6 8349 2 8353 16 8403 31 8467 7 8477 3 8482 15 8531 31 8595 7 8605 20 8660 29 8722 9 8733 20 8787 30 8849 32 8916 14 8931 14 8977 31 9044 14 9059 14 9105 31 9172 13 9186 15 9233 12 9247 3 9251 13 9300 12 9313 17 9361 12 9376 2 9381 11 9428 12 9441 17 9489 13 9504 1 9510 10 9556 11 9569 17 9618 12 9632 1 9639 9 9684 10 9698 16 9746 14 9768 8 9812 9 9826 16 9875 12 9898 6 9940 7 9954 16 10004 10 10029 2 10069 4 10081 17 10116 1 10132 11 10198 1 10209 17 10245 1 10261 11 10275 2 10337 17 10390 16 10464 18 10504 1 10518 21 10591 20 10631 2 10647 22 10716 8 10726 12 10760 1 10777 21 10843 23 10906 18 10971 22 11036 18 11099 22 11166 17 11225 22 11295 16 11350 24 11425 14 11475 25 11555 13 11603 23 11685 12 11730 22 11816 10 11857 20 11945 10 11985 18 12075 9 12112 15 12205 8 12240 11 12335 6 12367 10 12465 4 12494 6 12595 3 12622 3
gap_c565d972807feca703,5287 13 5413 16 5539 18 5665 20 5710 5 5790 23 5837 9 5847 4 5917 24 5965 17 6044 24 6093 18 6171 24 6222 19 6297 26 6350 21 6424 26 6478 22 6551 26 6605 25 6678 27 6733 26 6805 27 6849 1 6860 27 6932 28 6976 4 6985 31 7059 29 7103 6 7112 33 7186 29 7230 7 7240 34 7314 29 7358 7 7367 36 7441 29 7486 7 7495 36 7569 29 7614 8 7623 37 7696 30 7743 6 7751 38 7824 30 7870 7 7879 38 7952 29 7997 7 8007 39 8079 30 8124 6 8135 40 8207 30 8251 7 8263 40 8335 30 8379 7 8391 41 8462 31 8507 6 8518 42 8590 31 8635 5 8645 43 8718 31 8765 1 8773 44 8846 31 8902 43 8974 32 9031 42 9102 32 9160 41 9231 31 9288 41 9359 31 9416 41 9488 30 9544 41 9616 31 9672 41 9744 31 9801 39 9873 31 9929 39 10001 32 10058 38 10129 34 10165 3 10186 38 10258 38 10314 37 10386 38 10443 36 10515 36 10571 35 10644 35 10700 33 10773 33 10829 32 10902 31 10958 30 11031 29 11086 29 11160 28 11215 27 11289 26 11344 25 11418 24 11473 23 11547 22 11602 21 11676 20 11732 17 11806 16 11861 15 11936 12 11991 11 12070 1 12122 4,5437 6 5564 8 5692 9 5820 9 5947 11 6073 10 6085 1 6200 9 6219 1 6328 9 6345 4 6456 7 6473 4 6583 6 6601 4 6709 5 6730 2 6836 7 6963 8 7090 9 7218 9 7346 9 7357 1 7472 1 7475 8 7484 2 7599 12 7727 11 7854 12 7982 6 7992 1 8110 6 8238 7 8366 9 8494 9 8622 9 8750 9 8878 9 9006 10 9134 11 9263 10 9391 10 9520 9 9649 7 9778 5 9906 1 9909 2,,,,,4026 12 4152 17 4283 16 4402 1 4408 23 4525 3 4535 16 4557 4 4652 2 4668 13 4684 6 4780 2 4783 1 4785 3 4805 10 4817 1 4908 7 4938 5 5037 6 5068 4 5076 2 5154 1 5157 2 5198 3 5206 1 5281 5 5327 6 5337 2 5407 5 5455 14 5534 4 5586 13 5661 2 5717 2 5723 5 5788 1 5853 5 5915 1 5982 5 6112 4 6241 4 6371 3 6501 2 6630 1 6930 1 7057 1 7184 2 7311 2 7439 2 8047 1 8175 2 8304 3 8432 3 8561 3 8587 2 8689 3 8715 3 8817 2 8842 3 8896 1 8970 3 9023 3 9099 2 9151 6 9228 1 9278 7 9406 8 9534 8 9662 8 9789 9 9916 11 9997 2 10044 12 10126 2 10172 12 10225 2 10254 3 10300 12 10352 4 10382 3 10428 11 10480 3 10511 2 10557 10 10608 3 10639 2 10685 10 10736 3 10815 6 10865 1 10941 8 11068 12 11195 14 11323 14 11451 14 11571 1 11580 12 11625 2 11698 3 11704 1 11709 9 11719 3 11752 3 11825 4 11834 3 11838 7 11846 4 11878 5 11930 3 11950 7 11962 3 11967 5 11974 4 12007 4 12058 6 12077 8 12091 2 12096 3 12104 4 12135 2 12187 7 12204 6 12224 2 12241 1 12316 20 12352 2 12446 14 12480 2 12576 9 12608 2 12636 1 12736 2 12864 2 12992 2,9343 1 9470 3 9597 4 9725 4 9852 4 9859 3 9980 4 9985 6 10108 3 10113 7 10236 2 10242 6 10363 3 10371 6 10491 3 10501 4 10617 4 10631 3 10743 6 10759 4 10870 7 10888 4 10997 8 11017 2 11127 6 11145 5 11255 4 11260 1 11273 6 11379 1 11382 4 11387 3 11402 4 11509 3 11530 5 11636 4 11660 2 11764 3 11788 3 11890 3 11917 4 12017 4 12046 3 12090 1 12093 1 12101 2 12144 3 12175 4 12217 6 12228 4 12271 3 12304 3 12344 7 12356 4 12397 4 12433 3 12466 12 12484 7 12493 1 12523 5 12562 4 12593 6 12600 4 12613 8 12650 4 12691 4 12696 2 12721 6 12728 3 12742 7 12777 4 12821 2 12825 1 12848 5 12855 2 12858 1 12904 4 12950 5 12976 4 12982 4 13005 3 13032 2 13080 4 13133 2 13210 2
gap_df9d50ab9d3ef1f080,6858 8 6958 12 6984 12 7084 15 7111 14 7211 16 7239 15 7337 17 7367 16 7464 17 7495 18 7590 18 7616 3 7621 22 7717 18 7743 29 7844 19 7871 30 7972 18 7999 30 8099 19 8127 30 8227 18 8255 30 8355 18 8383 31 8483 18 8510 32 8611 18 8638 32 8739 18 8766 32 8867 18 8897 29 8996 18 9025 29 9124 19 9154 28 9252 20 9282 27 9381 21 9411 26 9509 24 9540 25 9638 23 9668 24 9766 23 9797 23 9895 21 9925 22 10024 20 10054 21 10152 20 10183 19 10281 18 10311 18 10410 16 10440 16 10539 14 10570 13 10669 11 10699 11 10798 7 10830 6,6846 5 6973 7 7101 9 7230 9 7361 6 7482 4 7490 5 7609 5 7736 7 7863 7 7990 8 8118 8 8246 7 8373 7 8501 7 8629 7 8757 8 8885 9 9014 8 9143 6 9272 5,,,,,6330 1 6340 3 6457 3 6468 4 6585 3 6592 2 6596 4 6716 1 6718 4 6997 1 7082 1 7126 1 7208 2 7336 1 7649 1 7715 1 7842 1 7970 1 8098 1 8158 1 8225 2 8286 1 8353 1 8481 1 8926 2 9054 2 9151 2 9182 2 9251 1 9279 2 9310 1 9379 2 9406 4 9507 2 9534 5 9633 1 9636 1 9661 6 9693 1 9761 1 9790 6 9820 2 9917 7 9948 2 10045 8 10075 2 10173 3 10178 3 10203 1 10300 4 10306 3 10427 6 10434 3 10554 2 10558 8 10681 4 10686 9 10795 2 10807 7 10816 2 10821 4 10838 1 10924 4 10931 6 10938 2 10962 5 11053 10 11087 6 11179 2 11183 5,6762 2 6889 4 7016 2 7019 3 7144 6 7272 5 7400 5 7446 1 7522 1 7573 4 7650 1 7700 2 7704 1 7828 3 7832 2 7956 6 8084 5 8213 4 9060 1 9187 2 9314 3 9375 1 9442 2 9502 3 9631 2 10843 1 10940 3 10947 3 10970 1 11066 5 11074 5 11193 6 11203 3
gap_16e9d1de558c26914a,5933 10 6057 22 6091 9 6184 24 6213 18 6310 26 6341 21 6437 26 6470 21 6564 27 6599 22 6691 27 6727 23 6818 28 6856 23 6945 29 6985 24 7072 29 7114 24 7199 29 7244 23 7327 29 7372 24 7454 30 7501 24 7581 30 7629 24 7709 30 7756 26 7836 31 7883 27 7964 30 8009 30 8092 30 8136 31 8219 30 8258 1 8263 33 8347 30 8384 4 8391 33 8475 30 8511 6 8518 34 8603 30 8639 41 8731 30 8767 41 8859 31 8896 40 8987 31 9027 37 9115 32 9155 37 9243 32 9283 37 9371 33 9412 36 9500 33 9540 36 9628 33 9668 36 9756 32 9797 34 9885 31 9925 34 10013 30 10054 32 10142 28 10183 31 10271 26 10311 30 10399 25 10440 29 10528 24 10568 28 10657 22 10697 27 10786 20 10826 25 10915 18 10955 23 11045 15 11084 21 11175 10 11214 17 11305 5 11343 15 11473 11 11605 4,6850 5 6977 8 7104 9 7232 11 7359 13 7487 14 7614 6 7623 6 7741 6 7752 4 7868 3 7880 3 7996 2 8122 3 8250 3 8377 4 8505 4 8634 1,,,8895 1 9022 5 9151 4,,5437 1 5558 15 5685 22 5818 17 5948 10 6307 2 6364 2 6432 4 6492 4 6559 4 6621 5 6686 4 6751 4 6814 3 6880 3 6941 4 7010 1 7070 1 8168 1 8296 1 8424 3 8552 3 8680 4 8728 2 8809 3 8856 2 8937 2 8984 2 9065 2 9112 3 9193 2 9240 3 9321 2 9369 2 9449 1 9497 2 9535 4 9577 1 9625 3 9662 5 9753 3 9789 7 9881 3 9917 7 10010 3 10044 8 10138 3 10172 8 10267 3 10300 9 10396 3 10428 10 10525 2 10556 9 10653 2 10685 8 10783 1 10812 9 10939 11 10980 1 11067 11 11106 3 11196 10 11211 1 11233 3 11315 1 11326 4 11339 3 11360 2 11455 2 11467 6 11564 2 11583 2 11597 6 11711 2 11727 10 11839 1 11858 7 11988 5,7938 1 8063 5 8190 2 8194 3 8304 1 8318 2 8323 2 8432 2 8447 2 8451 3 8560 3 8575 2 8580 2 8688 3 8695 2 8707 3 8816 3 8821 1 8823 2 8835 2 8945 2 8949 1 8962 2 9090 1 10226 2 10353 4 10387 2 10480 5 10515 3 10608 5 10642 5 10735 5 10771 4 10863 2 10900 4 10990 2 11031 1 11117 2 11161 1 11244 2 11290 1 11323 1 11371 2 11419 1 11449 4 11459 2 11498 2 11547 2 11573 9 11586 6 11625 2 11676 3 11700 11 11713 11 11751 3 11805 4 11828 11 11841 12 11876 4 11935 4 11955 12 11969 13 12000 6 12065 6 12083 12 12097 13 12128 4 12195 4 12212 5 12219 3 12225 13 12354 8 12363 2
gap_611595e24c36588b97,,5719 2 5846 4 5928 3 5971 7 6056 6 6099 6 6185 7 6227 4 6315 5 6355 3 6444 3,,,8765 3 8892 4 9019 5 9146 6 9274 6 9401 7 9527 9 9655 10 9783 11 9910 13 10038 15 10057 4 10167 22 10297 20 10425 20 10554 18 10682 17 10810 16 10938 14 11066 10 11195 8 11324 7 11453 6,5951 6 6077 10 6204 12 6331 14 6458 16 6585 18 6713 18 6841 18 6968 20 7096 20 7224 20 7352 21 7480 20 7608 20 7736 20 7865 18 7993 18 8121 17 8251 14 8381 11 8511 7,11851 1 11959 2 11966 7 11977 4 12087 4 12093 8 12104 5 12215 2 12220 11 12349 9 12478 2 12484 1,5855 2 5981 5 6049 3 6107 8 6176 6 6235 9 6303 8 6327 1 6354 1 6362 11 6431 9 6447 6 6454 1 6476 3 6482 3 6490 11 6558 11 6573 10 6605 7 6618 11 6686 11 6701 10 6733 8 6746 10 6814 9 6829 9 6861 9 6873 11 6943 10 6956 10 6990 20 7071 22 7118 20 7145 3 7198 23 7247 20 7273 4 7327 21 7376 20 7402 1 7455 21 7504 20 7582 21 7633 22 7708 1 7710 20 7762 21 7835 23 7890 22 7915 2 7920 1 7963 22 8018 24 8048 2 8091 22 8147 17 8168 2 8176 2 8213 3 8221 16 8238 2 8275 17 8297 3 8303 3 8340 4 8350 15 8366 1 8404 16 8424 5 8431 2 8467 5 8479 13 8493 2 8533 13 8552 4 8558 2 8595 5 8608 11 8620 3 8661 13 8681 2 8685 3 8691 1 8723 6 8737 13 8789 12 8813 8 8851 6 8866 12 8918 10 8941 7 8976 1 8980 7 8994 9 9004 1 9046 9 9069 7 9103 5 9109 8 9124 6 9132 1 9174 7 9197 7 9232 5 9238 7 9253 4 9303 6 9325 6 9360 7 9369 3 9382 4 9387 1 9431 4 9451 8 9489 7 9511 5 9559 2 9576 10 9618 8 9641 3 9701 12 9747 9 9827 13 9876 11 9954 13 10004 14 10080 15 10133 15 10207 16 10262 15 10333 16 10391 16 10458 18 10519 17 10585 18 10648 19 10711 18 10777 18 10837 18 10907 18 10964 18 11037 18 11091 16 11167 17 11218 15 11297 16 11345 14 11426 16 11473 13 11556 15 11600 12 11686 14 11727 12 11816 13 11855 10 11946 11 11982 10 12076 9 12110 9 12206 8 12237 8 12336 7 12364 7 12466 5 12492 5
gap_51008d275e701d3939,10055 2 10183 2 10311 3 10350 2 10390 2 10439 4 10477 2 10519 3 10543 4 10567 5 10603 4 10648 3 10668 6 10696 5 10730 4 10776 6 10795 7 10824 8 10856 6 10905 9 10919 10 10952 11 10982 7 11034 22 11081 15 11106 10 11164 18 11210 33 11293 16 11338 32 11423 12 11467 30 11554 7 11596 28 11725 26 11854 23 11983 20 12113 15 12243 10 12376 1,6463 2 6590 3 6718 3 6846 2 6853 5 6981 5 7110 4 7343 2 7471 1 7493 2 7609 4 7620 8 7736 5 7748 8 7863 7 7876 8 7990 9 8005 6 8118 10 8135 2 8246 10 8374 10 8503 8 8632 6,6497 9 6551 2 6627 10 6679 2 6753 12 6806 4 6879 15 6934 5 7006 17 7061 6 7132 19 7189 6 7252 1 7259 21 7317 6 7385 23 7445 5 7510 27 7573 6 7636 29 7700 9 7762 31 7828 11 7889 32 7955 13 8016 33 8084 13 8143 34 8212 14 8271 35 8340 15 8398 36 8468 15 8526 36 8596 22 8653 37 8724 23 8781 37 8852 24 8909 37 8980 24 9037 36 9108 24 9165 36 9237 22 9293 36 9365 22 9421 36 9493 22 9549 36 9622 20 9677 36 9750 20 9805 35 9879 18 9933 35 10007 18 10062 33 10136 16 10190 32 10265 14 10317 32 10394 11 10445 31 10524 7 10574 29 10703 27 10833 23 10964 18 11096 10,,2733 8 2746 17 2859 10 2872 22 2986 12 2999 24 3113 40 3239 43 3292 3 3366 46 3418 6 3493 47 3546 7 3621 46 3673 9 3749 46 3801 9 3877 46 3929 10 4005 48 4058 10 4133 49 4187 9 4261 49 4315 8 4389 49 4444 7 4516 51 4572 6 4644 51 4702 2 4772 51 4900 25 4928 1 4936 15 5027 26 5056 1 5065 14 5155 25 5181 4 5193 14 5283 24 5309 5 5321 14 5346 3 5411 24 5437 4 5449 14 5473 5 5539 22 5565 3 5577 16 5600 7 5667 21 5692 3 5706 15 5728 8 5794 22 5821 1 5834 15 5856 8 5922 21 5963 14 5984 8 6049 21 6092 13 6111 10 6176 21 6214 2 6221 12 6239 9 6304 20 6342 2 6350 11 6368 7 6432 20 6469 4 6478 11 6553 1 6560 20 6597 4 6607 10 6681 1 6688 19 6725 4 6736 8 6816 19 6864 6 6944 18 6991 7 7072 16 7119 6 7200 15 7248 4 7329 14 7458 13 7587 12 7716 11 7845 10 7974 8 8103 6,,3868 1 4249 1 4376 3 4504 2 4632 2 4759 2 4887 2 4974 1 5015 2 5102 1 5143 1 5270 2 5398 2 5487 1 5525 3 5615 2 5653 2 5743 2 5781 2 5871 2 5909 1 5999 3 6128 2 6164 1 6256 2 6384 2 6512 2 6640 2 6768 2 6896 2 7024 3 7153 2 7666 1 7951 2 8079 2 8207 2 8335 2 8463 2 8591 2 8719 2 8848 1 8889 1 8892 5 8976 1 9015 12 9104 2 9142 14 9233 1 9270 14 9398 14 9526 15 9654 15 9782 15 9910 15 10038 15 10166 15 10295 13 10423 13 10552 12 10679 13 10805 16 10932 2 10935 14 10989 2 11059 2 11062 14 11116 3 11184 4 11191 2 11200 4 11243 3 11319 2 11329 2 11371 2 11498 2 11550 4 11625 2 11679 5 11752 2 11808 5 11836 3 11964 2 12369 4 12498 5 12627 3,11442 15 11461 2 11569 17 11587 6 11695 27 11822 13 11839 12 11947 16 11968 12 12074 16 12096 12 12200 18 12224 13 12329 16 12353 12 12457 14 12481 13 12587 10 12611 11 12741 9 12872 6
gap_1e8b88923cabe91f9c,7617 2 7744 4 7871 5 7999 6 8128 4 8240 4 8256 4 8367 6 8385 3 8493 9 8620 10 8747 12 8784 1 8875 13 8911 3 9003 13 9038 5 9130 14 9165 7 9258 14 9292 8 9386 14 9419 9 9514 14 9547 9 9643 13 9675 9 9771 12 9803 8 9900 11 9931 8 10028 11 10059 7 10157 9 10188 6 10287 6 10317 4 10417 2,7734 3 7756 3 7862 3 7884 3 7991 1 8012 3 8140 2 8404 2 8522 3 8631 2 8649 5 8777 5 8906 3 9035 1,,,8383 2 8512 4 8641 3,,7855 2 7982 3 8109 3 8237 2 8403 1 8531 2 8633 3 8659 2 8761 3 8787 3 8895 3 8916 2 9021 7 9045 1 9149 8 9276 9 9403 11 9512 1 9530 12 9640 1 9659 11 9767 3 9788 9 9895 3 9916 10 10024 1 10044 11 10057 1 10171 13 10298 16 10323 2 10427 16 10450 3 10557 6 10566 5 10578 3 10687 3 10706 2,6456 1 6583 5 6599 3 6710 6 6726 2 6730 2 6837 2 6842 3 6853 1 6860 1 6965 1 6972 1 6988 2 7092 2 7099 2 7116 4 7153 2 7220 6 7242 6 7282 1 7350 2 7372 3 7378 1 7504 10 7629 13 7761 10 7789 2 7889 5 7895 3 7915 6 8019 7 8028 1 8042 8 8147 5 8153 1 8156 1 8169 9 8276 3 8286 1 8297 10 8414 1 8424 11 8552 11 8680 11 8808 10 8935 11 8981 3 9063 10 9107 5 9190 10 9235 6 9318 10 9362 7 9445 10 9490 8 9571 12 9618 9 9698 9 9747 8 9825 9 9878 6 9954 8 10007 6 10087 4 10135 7 10216 3 10263 8 10344 3 10391 9 10471 4 10520 6 10528 2 10599 4 10648 6 10655 4 10680 5 10690 6 10727 4 10776 5 10786 1 10807 8 10817 10 10855 3 10905 3 10934 9 10945 10 10982 4 11033 3 11062 9 11072 11 11110 3 11162 2 11191 8 11201 10 11238 3 11290 3 11320 18 11366 3 11418 3 11449 5 11457 8 11546 3 11674 3
gap_bf223a984c54171908,6593 2 6720 4 6847 5 6975 6 7103 5 7231 5 7360 3 7471 8 7489 1 7501 4 7598 11 7628 6 7725 12 7755 8 7853 12 7882 10 7980 14 8010 10 8104 19 8137 14 8231 21 8264 16 8359 21 8390 19 8486 22 8518 20 8614 22 8646 20 8742 21 8774 20 8870 20 8903 20 8998 20 9032 19 9126 19 9160 19 9254 18 9289 17 9382 18 9417 17 9510 17 9546 16 9639 16 9674 15 9768 14 9803 14 9897 12 9931 13 10025 11 10060 11 10155 8 10189 9 10285 5 10319 5,6717 2 6844 2 6856 1 6971 3 6981 5 7099 1 7109 5 7237 2 7365 2 7483 2 7496 3 7610 3 7620 7 7738 3 7744 10 7866 3 7872 10 8000 10 8128 2 8132 5,,,,,6204 1 7466 4 7507 3 7592 5 7635 5 7719 6 7764 5 7847 6 7892 5 7975 5 8021 4 8765 6 8893 8 9020 9 9052 3 9147 11 9179 4 9251 2 9274 13 9307 4 9378 3 9402 14 9435 3 9506 3 9531 13 9563 3 9634 3 9659 11 9691 2 9763 3 9787 11 9893 2 9915 11 10042 14 10169 16 10296 16 10429 8 10558 5 10581 2 10687 3 10704 3 10709 1 10815 2 10944 1 11072 1,5946 1 5961 2 6071 2 6075 1 6089 3 6197 4 6218 3 6325 4 6344 3 6348 2 6452 5 6472 7 6580 5 6601 6 9234 5 9361 6 9449 4 9489 7 9575 7 9617 8 9702 8 9745 9 9829 8 9873 11 9957 7 10002 12 10084 6 10134 10 10211 5 10264 8 10338 5 10392 8 10425 1 10463 8 10520 8 10550 7 10565 6 10589 10 10648 4 10656 1 10677 9 10691 9 10715 2 10719 8 10776 4 10805 10 10819 9 10842 5 10850 4 10904 3 10933 10 10946 10 10970 1 10979 3 11032 3 11061 10 11074 9 11107 3 11160 3 11189 10 11202 9 11235 3 11288 3 11318 8 11331 7 11363 3 11417 2 11449 3 11460 5 11491 2 11545 2 11619 2 11674 1 11747 2 11803 1 11874 2 11931 1 12002 2
gap_bcd608c411fa92c5bf,10087 1 10213 3 10340 3 10467 4 10593 5 10718 7 10827 1 10843 8 10956 4 10967 11 11085 20 11213 18 11343 15 11473 4 11482 2,7867 3 7879 1 7993 6 8120 8 8247 10 8260 2 8375 10 8389 1 8503 10 8631 10 8759 10 8888 8 9017 5,2634 9 2743 32 2869 38 2996 41 3123 44 3251 45 3380 46 3509 45 3637 46 3765 47 3894 47 4023 47 4153 46 4281 47 4410 46 4538 46 4666 47 4795 46 4923 46 5051 46 5179 46 5308 46 5435 47 5563 48 5692 47 5820 47 5948 14 5964 31 6076 14 6091 33 6205 47 6335 45 6465 44 6592 45 6721 44 6801 3 6849 44 6929 4 6977 44 7057 4 7105 44 7184 6 7233 45 7312 7 7361 45 7440 8 7490 43 7568 8 7618 43 7696 9 7747 42 7824 10 7876 3 7880 37 7952 11 8005 40 8080 12 8098 1 8137 36 8208 12 8221 2 8266 35 8336 15 8393 36 8463 18 8522 35 8591 19 8650 34 8721 23 8745 2 8778 34 8849 28 8906 33 8978 27 9035 32 9106 27 9163 32 9234 27 9292 30 9363 25 9421 29 9491 24 9551 26 9620 22 9679 26 9749 20 9808 24 9877 18 9937 22 10005 17 10066 20 10135 14 10195 18 10263 13 10324 15 10392 12 10453 13 10522 8 10582 10 10651 6 10711 6 10782 1,8517 1 8624 2 8752 2 8879 2 9005 1 9007 1,3116 7 3242 9 3368 12 3495 14 3621 16 3749 16 3876 18 4003 20 4131 22 4258 22 4386 21 4514 19 4634 3 4641 20 4761 4 4769 20 4889 5 4897 19 5017 5 5025 19 5145 5 5153 18 5273 4 5281 18 5401 4 5409 17 5529 4 5537 17 5656 5 5665 17 5784 5 5794 16 5912 6 5922 16 6039 7 6050 16 6168 6 6178 16 6296 5 6307 15 6435 15 6563 15 6691 16 6819 16 6947 15 7076 13 7204 12 7332 11 7461 9 7589 8 7720 4 7971 1 8099 2,,2134 4 2262 5 2338 3 2391 6 2463 5 2521 6 2590 5 2651 6 2715 7 2780 6 2842 7 2909 6 2969 7 3039 4 3095 8 3169 3 3223 6 3298 3 3351 4 3427 2 4714 2 4842 2 4879 2 4970 3 5007 2 5098 3 5134 2 5227 3 5262 2 5355 3 5389 3 5483 4 5517 3 5611 4 5645 2 5740 3 5773 2 5868 3 5901 1 5997 2 7919 2 8047 2 8076 2 8174 3 8204 3 8302 3 8332 3 8429 4 8461 2 8557 3 8589 2 8685 3 8717 3 8813 2 8846 2 8941 2 8975 1 9068 2 9103 1 9197 1 9277 7 9401 12 9528 13 9656 14 9784 14 9912 15 10040 15 10168 15 10296 15 10424 15 10552 15 10681 13 10810 11 10904 1 10939 3 10944 4 10979 2 11032 3 11069 6 11105 4 11160 4 11194 2 11197 6 11232 4 11289 4 11321 12 11359 4 11419 3 11450 11 11486 4 11548 4 11579 7 11597 3 11612 4 11679 2 11694 2 11709 4 11725 5 11740 2 11819 5 11838 3 11854 4 11946 5 11966 3 12075 2 12095 2 12223 1,11571 5 11590 4 11698 9 11714 10 11825 12 11841 12 11953 12 11969 13 11989 2 12079 14 12097 23 12205 16 12225 22 12332 17 12354 20 12459 17 12484 17 12589 13 12617 10 12720 7
gap_c10f77a18a065d6855,4271 7 4395 32 4431 7 4521 49 4647 54 4773 26 4801 30 4900 26 4930 32 5026 27 5059 32 5152 28 5188 33 5279 29 5317 33 5406 29 5446 32 5534 28 5574 33 5661 28 5703 33 5788 28 5832 32 5916 28 5961 32 6044 28 6090 31 6171 28 6219 31 6299 28 6348 30 6427 28 6477 29 6554 29 6606 27 6682 28 6737 24 6810 28 6865 24 6937 29 6993 24 7065 29 7121 24 7193 24 7218 3 7249 24 7321 22 7347 2 7378 23 7449 21 7476 1 7493 3 7503 2 7507 22 7578 20 7615 3 7620 5 7630 3 7636 21 7706 21 7742 5 7748 36 7834 21 7870 5 7876 36 7963 20 7998 42 8091 20 8125 42 8219 20 8257 38 8348 19 8389 34 8476 20 8518 32 8605 19 8647 31 8734 20 8775 30 8862 21 8904 29 8991 20 9032 29 9119 20 9160 28 9248 19 9288 28 9377 18 9417 26 9505 18 9545 26 9634 18 9673 26 9763 19 9802 24 9891 23 9930 23 10020 23 10058 23 10149 21 10187 21 10278 20 10315 20 10407 18 10444 18 10537 15 10573 16 10666 13 10702 14 10796 9 10831 11 10927 2 10961 7,5440 2 5565 8 5692 10 5820 10 5947 12 6075 12 6203 12 6331 17 6459 18 6588 17 6716 9 6726 8 6736 1 6846 6 6854 8 6863 2 6983 10 7111 2 7115 6 7223 5 7243 5 7350 6 7371 5 7478 7 7499 4 7505 2 7599 1 7605 8 7627 3 7634 1 7728 13 7856 13 7984 12 8112 11 8240 11 8368 10 8497 7 8626 6 8757 6 8885 7 9012 9 9140 9 9268 9 9396 9 9524 8 9653 6 9783 1,,,8510 1,,3889 23 3913 2 4015 31 4048 3 4140 5 4146 3 4151 2 4156 14 4173 8 4267 2 4293 3 4301 1 4303 8 4832 2 4963 1 5277 1 5404 1 5531 2 5659 2 5787 1 5865 2 5993 2 6122 1 6680 2 6762 1 6808 2 6889 2 6935 2 7017 3 7064 1 7145 3 7192 1 7274 1 7961 1 8089 2 8217 2 8345 2 8474 1 8551 1 8641 4 8678 2 8769 5 8806 2 8896 7 8933 2 9024 7 9061 2 9151 9 9189 2 9279 9 9316 2 9375 1 9407 9 9444 2 9503 2 9535 9 9631 3 9662 10 9760 2 9790 10 9889 2 9918 10 10017 2 10047 8 10147 1 10177 4 10303 6 10430 10 10558 10 10687 8 10818 2 10947 1,9236 3 9364 4 9493 4 9580 3 9707 4 9835 4 9962 2 10009 1 10138 1 10266 3 10344 2 10395 3 10471 2 10525 2 10597 3 10654 3 10724 3 10783 3 10813 3 10822 3 10851 2 10939 6 10949 6 10978 2 11064 10 11077 8 11103 3 11173 2 11191 11 11204 9 11229 3 11302 3 11319 11 11333 9 11447 10 11461 8 11576 9 11589 8 11704 8 11717 7 11847 2
gap_f7cb129d60c7cb3d48,,,,,,,,6307 1 6435 2 6492 1 6619 2 6815 1 6943 1 7006 1 7180 6 7307 9 7434 11 7562 11 7689 12 7818 10 7912 9 7946 10 8039 11 8075 8 8167 11 8203 7 8295 12 8333 1 8423 12 8551 12 8680 10 8808 10 8843 8 8936 9 8968 14 9067 5 9095 16 9222 18 9349 21 9477 23 9579 8 9606 28 9698 18 9736 26 9822 1 9825 19 9867 23 9946 26 9998 20 10073 26 10128 23 10194 32 10259 21 10321 32 10388 21 10448 30 10518 19 10575 29 10647 19 10702 27 10777 18 10830 24 10907 16 10957 22 11038 12 11085 19 11170 8 11213 16 11342 9
gap_09bba3ea528f62ce5b,5295 9 5416 20 5452 8 5541 27 5573 20 5668 30 5699 25 5794 60 5921 62 6048 35 6085 28 6175 35 6214 28 6302 35 6343 29 6429 34 6472 29 6556 34 6601 29 6684 33 6729 29 6811 33 6858 29 6938 33 6987 29 7066 33 7116 29 7193 33 7244 29 7321 32 7373 29 7449 32 7501 29 7576 32 7629 29 7704 32 7757 30 7832 31 7885 30 7960 31 8013 30 8088 22 8111 8 8140 31 8215 23 8240 6 8267 32 8343 24 8368 6 8395 32 8471 24 8497 4 8514 2 8523 32 8600 22 8626 3 8641 4 8651 3 8655 28 8728 23 8753 3 8768 6 8779 2 8786 25 8856 29 8896 6 8907 2 8915 24 8984 30 9024 6 9035 3 9043 24 9112 30 9153 4 9162 5 9169 1 9171 24 9241 29 9289 34 9369 28 9416 35 9497 28 9543 35 9626 27 9670 36 9754 27 9797 37 9882 28 9926 36 10011 28 10054 35 10139 28 10182 35 10268 29 10310 34 10396 30 10439 33 10525 28 10567 32 10654 27 10695 31 10783 25 10824 30 10912 23 10953 28 11041 21 11081 27 11170 19 11210 25 11299 17 11339 23 11429 12 11469 20 11559 8 11599 17 11729 13 11860 7,6720 7 6847 9 6974 10 7101 11 7229 12 7356 17 7484 17 7612 17 7739 18 7867 18 7996 16 8124 9 8136 3 8248 3 8255 4 8375 4 8502 5 8623 2 8630 5 8751 2 8758 4 8776 2 8886 4 8903 4 9015 4 9031 3 9143 5 9158 4 9270 7 9286 3 9397 9 9413 3 9525 10 9653 12 9781 10 9910 9 10039 6 10167 5,,,9022 2 9149 4 9277 9 9406 7 9535 6 9665 1,,4794 2 4913 11 4926 3 5039 12 5053 19 5164 7 5181 21 5309 16 5438 9 5791 1 5916 4 5985 3 6044 3 6114 3 6171 3 6243 3 6298 4 6372 3 6426 3 6501 2 6554 2 6682 1 7787 1 7915 2 8043 3 8171 3 8299 3 8427 3 8556 2 8597 2 8684 2 8725 2 8854 1 8982 2 9110 2 9238 2 9366 3 9494 3 9622 3 9751 2 9791 4 9879 3 9919 6 10007 3 10045 8 10136 3 10173 8 10265 2 10301 8 10346 1 10394 1 10428 9 10473 2 10522 1 10556 9 10683 10 10727 1 10813 8 10854 2 10941 8 10981 4 11068 9 11108 4 11196 9 11235 4 11318 4 11323 5 11329 5 11362 5 11444 1 11446 16 11463 3 11489 5 11568 5 11575 4 11582 6 11589 6 11617 4 11694 6 11703 3 11711 3 11718 5 11744 4 11815 10 11840 2 11847 4 11853 4 11872 3 11943 7 11968 1 11976 2 11983 5 12000 1 12073 3 12114 6 12123 5 12244 2 12249 5,9082 1 9211 3 9341 2 9470 1 10120 1 10248 1 11120 3 11247 5 11286 3 11374 6 11413 5 11501 6 11542 5 11629 5 11670 5 11756 3 11799 5 11833 6 11843 4 11883 2 11929 4 11955 13 11970 6 12010 2 12060 2 12081 15 12098 10 12137 2 12190 2 12209 28 12259 6 12320 5 12338 28 12387 4 12449 4 12468 26 12515 3 12598 9 12611 3
gap_2e9e8e90f9f7f79c6a,,7241 3 7369 4 7485 1 7497 4 7612 2 7616 1 7619 10 7739 3 7743 11 7866 3 7871 12 7993 4 7998 6 8005 8 8121 4 8127 5 8134 7 8249 3 8255 5 8263 6 8377 2 8384 3 8392 5 8521 4,5570 7 5697 16 5823 21 5951 22 6080 23 6209 23 6337 24 6466 25 6594 25 6725 23 6855 22 6985 20 7113 21 7244 19 7373 19 7501 20 7629 20 7757 20 7885 20 8013 21 8141 21 8227 3 8269 22 8354 4 8397 22 8482 5 8525 22 8610 6 8655 20 8738 6 8747 2 8750 1 8785 18 8866 7 8875 4 8914 17 8994 10 9043 16 9122 11 9171 16 9250 12 9300 14 9379 12 9429 13 9508 11 9557 12 9636 11 9686 11 9764 11 9814 10 9893 10 9942 9 10022 9 10070 8 10152 7 10199 6 10282 5,8625 2 8752 6 8882 5 9011 7 9036 4 9137 10 9164 7 9263 13 9292 8 9391 13 9420 2 9423 6 9519 5 9529 3 9547 3 9553 4 9647 5 9657 3 9675 4 9682 4 9775 5 9785 3 9804 3 9810 4 9903 5 9912 3 9932 4 9937 5 10031 11 10061 9 10161 8 10190 8 10289 6 10320 6 10418 3,5689 3 5814 8 5941 10 6069 11 6196 13 6313 4 6323 14 6440 6 6450 16 6568 7 6578 16 6696 28 6824 28 6952 28 7080 27 7208 21 7336 21 7464 19 7591 4 7597 13 7719 3 7725 13 7847 19 7974 19 8101 20 8230 19 8358 18 8491 12 8619 6 8627 3 8749 1 8751 1,,6492 1 6619 2 7006 2 7135 1 7906 2 8035 1 8512 3 8641 5 8768 7 8896 8 9023 10 9035 1 9151 10 9163 1 9279 10 9291 1 9407 10 9419 1 9535 10 9569 2 9664 9 9697 1 9792 8 9803 1 9921 4 10049 4 10177 4 10182 1 10304 8 10433 6 10546 1 10562 4 10691 2 10708 2 10819 1 10947 1 11075 1,7410 2 7537 4 7665 1 7668 1 7792 5 7920 4 8049 2 8844 4 8971 2 8975 1 9099 4 9104 1 9229 4 9359 1 10295 1 10298 4 10314 3 10425 6 10441 5 10550 10 10568 8 10677 12 10694 11 10805 13 10821 13 10933 13 10949 14 11061 12 11077 14 11191 10 11205 13 11321 6 11335 9
gap_cb7f8001c70b2e24ad,5932 7 6059 10 6185 17 6311 19 6351 7 6438 20 6477 12 6565 21 6605 13 6692 21 6732 16 6819 22 6860 17 6946 24 6988 18 7073 25 7105 3 7115 20 7201 25 7232 5 7243 20 7328 26 7360 5 7370 22 7456 26 7488 5 7497 24 7583 27 7617 5 7623 26 7711 28 7745 33 7838 29 7876 30 7966 29 8004 31 8093 29 8131 32 8221 30 8258 33 8349 30 8386 34 8477 31 8513 35 8605 32 8641 34 8733 32 8768 35 8861 33 8896 35 8990 32 9025 34 9118 32 9155 32 9246 31 9284 30 9375 30 9412 30 9503 29 9541 28 9632 27 9670 27 9760 26 9799 25 9889 25 9928 24 10018 23 10056 23 10146 22 10185 22 10275 21 10314 20 10404 19 10442 20 10533 17 10571 18 10662 16 10700 16 10791 14 10828 15 10921 10 10957 13 11051 7 11087 9 11219 1,6333 1 6335 1 6339 4 6463 2 6467 5 6474 1 6591 2 6595 9 6715 1 6719 2 6723 9 6842 6 6852 8 6970 6 6982 5 7098 6 7110 5 7227 4 7239 3 7367 3 7871 2 7999 4 8127 4 8255 3 8383 2,,,,,5310 6 5431 18 5558 13 5574 5 5680 22 5704 6 5811 21 5833 7 5941 7 5951 1 5954 14 6089 8 6221 1 6223 1 6435 1 6491 2 6562 2 6620 1 6689 2 6749 2 6817 1 6877 2 6944 2 7006 2 7071 2 7135 2 7199 2 7264 1 7327 1 8603 2 8676 1 8731 2 8804 1 8859 2 8931 3 8987 2 9059 2 9115 2 9150 3 9187 2 9244 2 9278 5 9315 2 9372 2 9406 6 9443 1 9501 1 9533 7 9661 8 9788 9 9915 11 10043 10 10172 9 10300 9 10429 8 10556 10 10658 1 10683 12 10787 2 10811 12 10845 1 10916 1 10918 1 10940 9 10971 3 11045 5 11070 7 11097 4 11174 8 11185 1 11198 6 11212 3 11224 4 11304 13 11327 4 11341 13 11435 6 11456 2 11471 10 11584 1,9748 4 9832 5 9875 6 9960 5 10003 6 10088 1 10134 3 10263 2 10343 1 10392 1 10471 1 10520 2 10598 2 10649 1 10726 2 10777 2 10853 2 10906 2 10980 2 11035 2 11067 1 11107 2 11164 2 11193 5 11204 5 11233 2 11293 3 11320 7 11331 7 11360 2 11422 3 11447 8 11459 8 11487 2 11551 3 11573 10 11587 8 11613 3 11680 4 11701 10 11715 9 11738 6 11807 9 11829 9 11843 10 11862 10 11935 10 11959 3 11972 9 11989 11 12063 11 12105 1 12117 3 12125 4 12191 4 12199 4 12244 3 12254 3 12319 2 12330 1 12372 1
gap_349cf4a60c981b1c2c,,6199 2 6326 4 6453 6 6581 7 6709 8 6837 8 6965 8 7093 8 7221 7 7233 3 7349 7 7360 5 7478 5 7488 5 7607 2 7616 5 7745 4 7755 2 7884 1,4376 1 4502 3 4629 5 4757 5 4840 3 4884 6 4967 5 5012 5 5095 6 5141 4 5223 6 5271 2 5350 8 5478 8 5605 9 5732 10 5857 14 5985 14 6113 14 6242 13 6371 14 6499 14 6627 13 6755 12 6882 13 7010 13 7138 13 7266 13 7394 13 7523 12 7651 12 7780 10 7909 9 8037 9 8166 8 8295 6 8423 6 8552 5 8680 5 8809 3 8937 2,7509 2 7635 6 7763 10 7890 11 7968 5 8019 11 8095 7 8149 10 8224 11 8280 8 8352 11 8408 9 8481 10 8536 9 8610 5 8618 1 8663 10 8747 1 8785 3 8792 10 8874 3 8912 5 8920 10 8991 2 9001 4 9039 20 9114 9 9129 4 9166 21 9242 10 9256 5 9294 21 9370 10 9383 6 9422 20 9498 10 9509 8 9551 18 9626 19 9679 17 9755 17 9809 14 9884 15 9939 10 10013 14 10142 11 10272 7,2875 4 2881 2 2996 18 3119 33 3246 35 3364 45 3491 46 3618 48 3741 3 3746 48 3868 53 3996 52 4124 49 4188 5 4251 11 4265 15 4284 17 4315 7 4377 13 4394 7 4414 14 4442 9 4505 13 4547 1 4555 1 4570 9 4634 13 4697 9 4762 13 4825 9 4890 13 4952 10 5017 14 5049 4 5078 12 5139 2 5145 13 5170 4 5176 6 5205 13 5266 5 5273 14 5299 8 5309 1 5333 12 5394 19 5427 7 5437 1 5460 14 5522 17 5554 8 5563 4 5588 14 5650 11 5665 2 5680 6 5689 7 5715 3 5722 8 5776 13 5807 6 5818 9 5843 3 5850 7 5906 12 5933 8 5946 13 5971 3 5977 8 6032 1 6035 20 6061 7 6075 13 6099 3 6105 8 6163 32 6205 12 6227 4 6233 9 6292 30 6334 12 6355 16 6424 25 6462 15 6483 16 6552 4 6557 19 6591 15 6611 16 6677 6 6686 18 6720 15 6740 15 6804 7 6814 8 6824 8 6849 16 6869 13 6931 9 6943 7 6953 6 6979 15 6997 13 7059 9 7071 6 7081 6 7108 14 7126 12 7186 10 7201 2 7210 4 7236 14 7257 9 7314 10 7370 8 7386 8 7443 9 7498 7 7517 1 7519 2 7571 8 7626 5 7700 6 7757 2 7829 4 7885 2 7960 1 8087 8 8214 10 8342 9 8469 10 8597 9 8726 7 8855 5 8984 3,,6543 1 6641 1 6769 2 6897 1 8250 5 8377 8 8503 12 8630 13 8757 15 8885 15 9013 16 9104 1 9141 16 9233 1 9269 16 9361 2 9397 16 9489 2 9525 16 9617 2 9653 16 9746 2 9782 15 9835 1 9874 2 9910 15 9962 2 10003 1 10038 17 10089 2 10166 19 10217 2 10294 22 10344 1 10421 23 10547 18 10674 9 10689 4 10802 2 10807 3 10936 1 11582 2 11709 3 11837 3,8881 3 8903 2 9008 5 9032 2 9135 6 9160 3 9263 6 9288 3 9391 6 9416 4 9519 5 9544 4 9647 5 9672 4 9775 4 9801 3 9904 3 9930 2 10032 3 10161 1 10824 5 10930 1 10933 1 10940 5 10950 11 11056 7 11067 25 11178 44 11305 46 11431 22 11456 24 11559 22 11585 23 11686 23 11713 22 11813 23 11841 22 11942 22 11970 19 12072 19 12099 17 12202 17 12228 14 12331 14 12363 4 12461 7
gap_36c7e13f7a8cd18e3e,4134 16 4259 21 4385 23 4511 25 4543 14 4561 8 4637 26 4671 28 4763 28 4799 30 4890 28 4928 31 5017 29 5057 32 5144 29 5186 32 5271 30 5315 33 5398 30 5444 33 5524 32 5573 33 5651 32 5701 34 5778 32 5830 34 5905 33 5958 35 6032 33 6087 35 6159 34 6216 35 6287 33 6344 36 6414 34 6473 36 6541 34 6602 36 6669 34 6730 37 6797 33 6859 36 6924 34 6987 37 7052 33 7115 38 7179 34 7243 38 7307 33 7371 39 7435 27 7464 3 7499 40 7562 26 7626 4 7631 36 7690 25 7754 4 7762 34 7818 24 7882 5 7889 35 7946 24 8011 42 8074 24 8141 40 8202 24 8271 38 8330 25 8376 6 8384 5 8399 38 8458 25 8503 15 8526 39 8586 25 8630 8 8640 8 8653 4 8659 35 8714 26 8757 7 8768 17 8789 33 8842 30 8884 8 8897 16 8917 33 8970 30 9011 11 9026 17 9044 34 9099 29 9138 4 9145 4 9156 50 9227 27 9274 3 9284 49 9355 27 9412 49 9484 26 9541 48 9612 25 9669 48 9741 24 9798 46 9869 24 9927 45 9998 23 10055 45 10126 24 10183 44 10255 25 10283 2 10312 43 10383 31 10440 42 10512 30 10569 41 10640 31 10697 40 10769 31 10826 39 10898 31 10954 38 11026 37 11082 38 11155 36 11210 37 11284 34 11338 36 11412 34 11467 35 11541 32 11595 34 11671 29 11724 31 11801 26 11853 29 11930 23 11982 27 12060 20 12111 24 12190 16 12241 21 12322 9 12372 17 12503 12,4760 1 5436 5 5561 9 5687 12 5814 14 5942 14 6069 15 6197 15 6325 15 6454 14 6582 14 6599 1 6710 19 6836 2 6839 19 6962 5 6971 16 7089 6 7099 6 7106 9 7216 7 7235 8 7344 7 7363 8 7471 8 7492 6 7598 9 7621 4 7723 2 7726 9 7750 2 7850 13 7878 2 7975 2 7978 13 8102 17 8232 15 8359 16 8390 6 8485 1 8487 15 8520 5 8616 13 8649 2 8744 12 8873 9 9002 1 9004 5 9130 7 9257 6 9383 6 9511 6 9522 2 9638 7 9648 6 9766 6 9776 8 9894 6 9904 8 10024 4 10031 10 10152 3 10158 11 10286 11 10415 10 10543 8 10672 6 10801 4,,,9023 2 9273 1 9401 3 9528 4,,3637 7 3763 16 3891 20 4021 19 4151 18 4281 16 4381 3 4413 5 4509 1 4761 2 4887 2 5014 3 5141 2 5269 1 5478 1 5607 2 5736 2 5865 2 5994 2 6123 2 6251 2 6285 1 6411 2 6539 2 6666 3 6793 3 6921 3 7049 2 7816 1 7925 2 7943 2 8053 3 8071 3 8181 3 8198 3 8309 4 8326 3 8438 3 8455 2 8566 3 8583 2 9462 1 9480 3 9589 3 9608 4 9663 5 9717 4 9736 4 9790 7 9845 4 9864 5 9917 9 9973 3 9993 3 10044 10 10101 3 10122 2 10172 10 10229 2 10251 1 10299 11 10427 11 10555 12 10682 12 10809 13 10823 1 10937 16 10994 1 11065 14 11080 1 11121 3 11192 15 11248 4 11279 3 11320 11 11332 2 11376 4 11408 3 11447 2 11450 9 11460 2 11464 1 11504 3 11537 3 11574 2 11578 7 11587 4 11592 2 11631 3 11665 4 11702 1 11705 14 11720 3 11759 2 11794 5 11829 2 11834 13 11849 2 11923 6 11956 5 11962 12 11978 1 12052 6 12082 8 12092 10 12105 3 12181 6 12210 8 12221 6 12230 8 12310 6 12337 11 12349 5 12358 9 12439 6 12467 7 12478 4 12486 9 12569 5 12596 6 12607 2 12617 6 12698 7 12725 4 12735 2 12746 2 12749 8 12769 3 12828 2 12852 1 12863 2 12874 1 12881 8 12892 8 13011 5 13019 9 13142 13 13274 7,10621 1 10747 5 10874 6 11001 7 11015 2 11129 6 11142 4 11256 6 11269 7 11384 5 11397 7 11511 4 11525 8 11638 3 11657 4 11765 3 11787 3 11892 10 12020 9 12046 2 12147 8 12169 2 12175 2 12275 5 12295 4 12301 5 12402 5 12410 2 12424 2 12429 2 12433 2 12474 3 12483 3 12529 3 12558 2 12561 3 12602 3 12610 6 12656 3 12685 2 12690 3 12729 4 12738 7 12784 2 12813 1 12818 4 12853 9 12866 8 12910 4 12947 3 12977 14 12994 10 13037 3 13076 3 13105 11 13117 1 13121 13 13163 3 13205 5 13233 11 13249 15 13290 3 13334 4 13355 17 13379 13 13465 1 13483 3 13489 2 13495 4 13510 10 13613 2 13640 11
gap_1949bafc95251b5b00,12736 15 12863 15 12993 13 13107 2 13118 18 13139 1 13236 1 13241 2 13246 19 13266 3 13357 47 13485 48 13615 49 13743 49 13868 51 13996 51 14121 53 14257 44 14396 20 14417 9 14523 1 14525 1 14527 26 14652 22 14675 1 14785 4 14790 3 14794 7 14921 4 14926 1 14928 1 15175 2,6983 2,,,,,7745 3 7872 6 7879 1 7999 9 8125 11 8144 3 8240 3 8253 11 8273 3 8368 3 8381 11 8509 11 8637 10 8767 7 8887 2 8892 14 8909 7 9009 8 9020 15 9036 9 9136 5 9142 3 9149 3 9153 19 9263 5 9276 19 9296 2 9392 4 9402 21 9531 13 9545 3 9661 10 9791 6 9922 3 10049 4 10178 2 10307 1 10562 1 10690 1 10818 1,6450 1 6452 1 6577 3 6703 5 6735 3 6831 4 6863 4 6958 5 6992 5 7065 2 7086 3 7120 5 7189 2 7193 2 7249 5 7320 3 7379 2 7446 6 7532 6 7572 9 7659 8 7699 8 7787 9 7827 9 7914 11 7954 10 8041 12 8082 10 8169 12 8210 10 8296 14 8338 11 8424 14 8467 10 8551 15 8596 10 8678 15 8725 10 8805 16 8853 10 8933 15 8981 11 9059 2 9063 12 9109 12 9186 2 9191 10 9239 10 9312 2 9319 8 9369 9 9380 1 9441 1 9443 10 9500 7 9628 7 9673 3 9677 4 9756 6 9781 8 9799 10 9884 6 9909 10 9926 10 9959 1 10012 6 10038 10 10053 10 10086 3 10140 5 10168 8 10181 8 10213 4 10268 5 10297 7 10309 8 10341 4 10397 4 10426 6 10437 7 10468 4 10525 4 10554 6 10565 8 10596 3 10654 3 10684 2 10694 6 10723 3 10783 2 10824 2 10850 3 10911 3 10977 3 11040 3 11105 2 11169 2 11298 2
gap_142b643de5311c1640,,,,,,,6695 1 6822 2 7514 1 7642 1 8539 1,8602 4 8728 7 8855 8 8982 9 9109 10 9237 10 9365 9 9493 9 9567 3 9622 7 9649 3 9694 6 9751 4 9776 3 9821 8 9904 3 9949 9 10032 1 10077 9 10205 10 10263 8 10334 9 10388 12 10462 9 10515 14 10591 7 10643 15 10720 5 10770 17 10899 18 11027 21 11156 21 11285 20 11353 11 11414 21 11480 13 11544 22 11608 14 11674 21 11735 15 11803 21 11861 16 11932 20 11987 18 12062 18 12113 20 12193 15 12241 19 12322 14 12368 19 12453 10 12494 20 12583 6 12620 20 12745 19 12874 14 13005 9
gap_f8df4904c6710520ba,5171 3 5192 8 5296 10 5319 11 5422 13 5447 13 5549 14 5576 14 5676 16 5704 15 5803 17 5833 15 5930 18 5961 16 6057 19 6090 16 6185 18 6218 17 6312 19 6347 17 6439 20 6475 18 6567 20 6603 18 6694 20 6732 18 6821 21 6860 19 6949 20 6988 20 7076 21 7116 20 7203 21 7244 21 7331 21 7371 22 7458 22 7499 23 7586 22 7626 24 7713 22 7753 26 7841 22 7875 3 7881 26 7969 22 8002 5 8009 26 8096 23 8130 5 8136 28 8224 22 8258 34 8352 22 8386 34 8480 22 8519 29 8607 23 8647 29 8735 22 8775 29 8863 22 8902 30 8991 22 9030 30 9119 22 9157 31 9248 21 9284 31 9376 21 9412 31 9504 21 9541 30 9632 21 9670 29 9760 21 9799 28 9888 22 9927 27 10017 22 10056 26 10145 23 10185 25 10274 24 10314 23 10402 24 10442 22 10530 24 10571 21 10659 23 10699 20 10787 23 10828 18 10916 21 10957 16 11046 18 11086 14 11175 16 11216 11 11303 15 11346 7 11432 13 11477 2 11562 9 11692 5 15422 1,5829 1 5954 6 6081 8 6209 8 6337 8 6464 10 6591 11 6716 15 6843 16 6971 10 6984 4 7098 10 7112 4 7226 10 7240 4 7353 11 7368 3 7481 10 7497 1 7608 10 7736 10 7864 9 7992 8 8120 8 8247 9 8375 9 8503 9 8630 10 8758 10 8886 9 9013 10 9141 10 9269 10 9397 10 9525 10 9653 10 9781 9 9910 7 10039 5 15670 1 15691 1 15797 2 15819 2 15925 3 15947 1 16054 2 16074 2,,,,,4540 8 4666 12 4793 14 4920 17 4938 1 5048 1 5051 2 5058 1 5720 2 5849 2 5978 2 6107 2 6183 1 6235 3 6310 1 6364 3 6438 1 6493 2 6565 1 6622 2 6692 1 6819 2 6946 2 7073 3 7201 2 7329 1 8164 1 8292 1 8420 2 8548 2 8676 2 8804 2 8862 1 8932 2 8989 2 9060 2 9117 2 9188 1 9245 2 9316 1 9373 2 9501 2 9629 3 9665 3 9758 2 9792 6 9887 1 9919 8 10046 9 10174 10 10301 11 10428 13 10556 13 10592 2 10685 11 10719 3 10813 10 10846 4 10914 1 10942 9 10974 3 11041 4 11070 10 11101 3 11169 5 11197 12 11229 2 11298 4 11325 15 11341 2 11427 3 11449 1 11452 11 11464 7 11472 3 11576 6 11585 3 11594 5 11600 7 11704 5 11714 1 11729 6 11821 8 11948 8 12076 6 12205 2 12355 1 15409 8 15433 5 15538 6 15562 7 15667 3 15692 4 15796 1 15821 2 15924 1 15948 2,10515 4 10601 4 10643 5 10728 5 10771 6 10856 5 10903 2 10983 3 11032 2 11110 2 11161 1 11237 2 11290 1 11365 2 11418 2 11492 2 11547 2 11590 2 11619 2 11676 2 11717 6 11745 3 11805 4 11835 6 11844 11 11871 4 11934 4 11960 10 11972 12 11997 4 12064 3 12087 11 12101 11 12124 3 12193 3 12214 11 12229 10 12323 1 12343 10 12358 8 12471 10 12487 6 12601 7
gap_5b823ee0ff3b356bca,,,,,5562 1 5943 1 6071 1 6841 1,,8319 1 8447 1 11022 2 11158 1 11285 3 11414 1,6169 4 6296 6 6424 7 6551 9 6679 9 6807 9 6886 3 6934 10 7013 5 7062 10 7140 7 7190 9 7267 8 7319 8 7394 10 7447 7 7522 10 7576 5 7650 10 7705 2 7778 10 7906 10 8034 10 8161 11 8290 9 8320 1 8420 7 8448 1 8550 4 8680 1 9319 3 9447 4 9573 6 9700 9 9827 10 9954 11 10081 12 10208 13 10335 14 10461 16 10586 19 10712 20 10793 4 10838 22 10894 2 10921 5 10963 24 11049 7 11090 24 11157 1 11176 8 11217 24 11304 8 11345 23 11413 1 11433 7 11472 23 11563 5 11600 21 11677 1 11692 3 11728 19 11805 2 11856 17 11934 1 11984 14 12114 8
gap_89d3f686deabd4f4f4,6977 3 7105 4 7217 5 7232 5 7246 4 7344 7 7360 5 7373 5 7471 9 7488 5 7501 6 7599 9 7617 4 7629 7 7726 11 7746 2 7756 10 7853 12 7883 12 7980 15 8008 16 8107 18 8135 18 8235 18 8262 20 8362 20 8390 20 8490 20 8518 20 8618 20 8646 20 8746 19 8776 18 8873 20 8905 17 9001 19 9033 17 9129 18 9162 16 9258 17 9290 15 9386 16 9419 14 9514 15 9548 12 9643 14 9677 10 9771 13 9806 8 9899 12 9936 4 10029 9 10158 7 10289 3 16064 2,6966 1 6971 3 6981 4 7099 3 7109 4 7224 1 7238 6 7352 1 7367 6 7480 4 7495 6 7609 4 7623 6 7737 4 7752 4 7865 4 7880 3,,,7745 1 7872 4 8000 5 8129 3 8257 3,,5949 1 6084 1 6212 1 6340 1 6964 2 7087 2 7122 2 7214 3 7250 4 7341 3 7379 3 7467 4 7508 3 7583 2 7595 3 7637 2 7710 3 7723 2 8283 1 8411 3 8487 2 8539 2 8615 2 8667 2 8742 3 8767 7 8870 3 8894 9 9021 12 9149 12 9277 12 9405 12 9533 11 9561 2 9661 10 9688 3 9790 9 9815 4 9896 2 9919 6 9926 2 9943 2 10023 4 10045 12 10152 3 10172 13 10281 3 10300 12 10430 4 10435 4 10441 1 10555 1 10559 7 10569 1 10676 3 10689 4 10805 1 10817 3 10946 2,5560 1 5686 6 5814 7 5831 2 5941 8 5957 6 6068 9 6085 6 6196 6 6204 1 6213 5 6219 2 6323 8 6341 2 6345 1 6347 3 6452 6 6471 7 6600 6 8940 2 9066 4 9193 5 9320 6 9370 1 9447 7 9494 6 9574 8 9622 7 9702 6 9751 6 9830 3 9881 4 9957 3 10011 2 10085 2 10140 1 10213 2 10269 1 10340 2 10397 1 10467 2 10525 2 10556 3 10567 2 10593 3 10654 2 10682 7 10694 5 10720 3 10783 2 10810 7 10821 7 10841 9 10913 2 10937 8 10949 7 10967 2 10971 6 11042 3 11065 9 11077 8 11089 4 11099 5 11171 8 11193 8 11205 9 11217 14 11300 13 11321 8 11333 8 11345 14 11428 14 11450 2 11455 1 11462 7 11473 13 11557 13 11592 4 11608 6 11685 13 11737 4 11813 11 11867 3 11942 5 15668 3 15796 6 15816 5 15925 2 15947 1 16053 2 16181 2
gap_87175c6af3ff608fa2,,6599 3 6726 5 6854 5 6968 3 6975 6 6982 5 7095 5 7103 12 7222 5 7232 13 7350 5 7365 8 7478 4 7495 6 7625 4 7754 3 7986 1 8113 1 8239 3 8366 3,,,4796 3 4800 5 4920 16 5047 18 5175 18 5208 2 5294 1 5303 19 5329 11 5416 9 5431 23 5456 13 5543 9 5560 41 5656 4 5670 8 5689 41 5782 6 5791 5 5797 8 5817 5 5826 33 5909 5 5918 14 5946 3 5957 18 5977 10 6037 3 6044 16 6074 3 6088 14 6105 11 6170 18 6200 3 6218 11 6232 17 6298 18 6325 6 6348 9 6360 18 6426 19 6453 7 6481 3 6488 19 6554 20 6581 7 6610 2 6617 19 6683 22 6708 7 6738 2 6744 21 6813 29 6866 2 6871 22 6942 23 7000 21 7070 22 7131 17 7198 12 7218 1 7260 16 7326 11 7388 15 7455 8 7516 13 7584 6 7645 12 7773 10 7902 8 8031 6 8159 5,,3230 3 3358 3 7487 4 7613 9 7740 11 7866 14 7993 16 8120 18 8248 18 8375 20 8503 20 8632 19 8760 20 8888 19 9005 5 9017 16 9133 6 9146 12 9261 7 9271 14 9298 1 9389 7 9398 20 9424 4 9518 6 9526 21 9552 3 9653 23 9781 23 9910 2 9913 2 9919 12 10047 4 10175 2 10302 3 10430 3 10558 2 10687 1,6157 1 6284 4 6412 4 6539 6 6667 6 6795 6 6923 7 7051 8 7180 7 7210 7 7309 7 7337 9 7377 4 7438 8 7465 10 7504 7 7538 2 7566 9 7593 10 7631 8 7665 3 7694 10 7721 10 7759 8 7792 4 7822 12 7849 10 7886 10 7918 5 7950 16 7977 9 8014 10 8045 5 8079 18 8105 8 8142 10 8171 6 8208 19 8233 6 8270 10 8297 7 8336 21 8363 3 8399 9 8424 7 8465 21 8528 8 8550 8 8594 21 8658 5 8673 14 8723 22 8799 16 8852 22 8926 17 8982 20 9052 18 9111 20 9178 19 9241 18 9304 19 9370 17 9432 18 9500 16 9559 18 9630 15 9687 15 9760 12 9814 13 9889 12 9904 4 9942 11 10019 11 10031 5 10062 2 10070 9 10148 10 10159 13 10188 5 10197 8 10280 6 10287 14 10306 16 10325 5 10408 21 10433 18 10452 6 10537 20 10561 24 10666 19 10689 24 10795 19 10817 22 10926 16 10945 19 11055 15 11073 18 11185 12 11202 16 11316 8 11331 12 11462 3
gap_a505050595a3b064cd,4520 10 4646 18 4772 24 4801 5 4809 16 4898 29 4929 26 5024 61 5150 35 5187 28 5277 35 5316 30 5404 34 5446 30 5531 33 5575 30 5658 31 5704 30 5785 30 5834 29 5913 28 5963 29 6040 28 6092 29 6168 27 6221 29 6295 27 6349 30 6423 27 6478 29 6550 27 6607 29 6678 27 6736 28 6806 27 6865 28 6934 26 6992 29 7061 27 7119 30 7189 27 7247 31 7317 27 7375 31 7445 27 7502 32 7572 29 7630 32 7700 29 7759 31 7828 30 7888 3 7892 26 7956 30 8020 26 8084 31 8148 26 8212 32 8273 1 8277 25 8340 33 8400 3 8404 26 8468 33 8526 5 8533 25 8596 33 8653 5 8662 24 8724 31 8777 1 8781 4 8791 23 8853 24 8903 10 8919 23 8981 24 9029 13 9046 24 9109 26 9156 11 9174 24 9237 34 9284 11 9299 27 9366 33 9412 12 9426 28 9494 23 9518 9 9540 42 9622 23 9646 9 9669 41 9751 32 9798 39 9879 32 9927 38 10007 33 10055 38 10136 33 10184 37 10264 34 10312 36 10393 34 10440 36 10522 33 10568 36 10650 32 10697 34 10779 31 10825 33 10908 29 10953 33 11036 28 11082 31 11165 27 11210 31 11294 25 11339 29 11423 23 11468 27 11553 19 11597 25 11682 16 11726 23 11812 12 11855 21 11945 3 11985 18 12115 14 12245 10,5691 4 5817 7 5942 11 5959 3 6069 13 6086 5 6196 14 6215 5 6323 26 6451 27 6579 27 6707 28 6836 27 6965 26 7093 26 7222 24 7350 2 7356 18 7476 1 7478 2 7485 17 7602 7 7616 13 7730 7 7745 5 7753 5 7859 7 7872 15 7987 30 8116 29 8245 27 8374 25 8503 21 8631 19 8659 1 8757 18 8786 4 8882 18 8915 3 9009 17 9043 3 9139 14 9272 7 9400 7 9527 9 9645 1 9655 10 9783 10 9911 9 10040 7 10169 3,,,9153 1 9279 4 9408 3 9536 2,,4020 8 4042 1 4142 17 4169 8 4266 1 4271 25 4298 10 4404 14 4419 20 4515 4 4537 20 4560 4 4565 3 4641 4 4668 3 4675 6 4768 3 4828 4 4894 3 4957 4 5022 1 5086 4 5216 2 5994 1 6122 3 6250 3 6293 2 6379 3 6420 3 6507 3 6548 2 6636 2 6676 2 6765 1 6804 2 6893 1 6931 2 7059 2 7187 2 7315 1 8047 1 8174 3 8302 3 8430 3 8558 3 8594 2 8686 3 8722 2 8814 3 8849 3 8942 2 8977 4 9070 2 9106 3 9198 2 9234 3 9362 3 9491 2 9619 2 9748 1 9793 3 9920 6 10047 8 10174 9 10302 9 10349 2 10429 11 10477 2 10519 2 10557 11 10604 2 10647 2 10685 10 10731 3 10776 2 10813 10 10859 2 10905 2 10940 11 10986 3 11033 3 11068 11 11113 4 11162 3 11197 10 11241 3 11290 4 11324 10 11368 3 11419 4 11451 11 11496 3 11548 3 11575 16 11623 3 11677 3 11702 18 11750 3 11806 3 11827 1 11830 7 11840 8 11877 3 11936 1 11959 3 11969 2 11975 4 12004 3 12065 5 12097 2 12105 2 12131 2 12195 3 12199 6 12225 2 12258 2 12325 3 12385 2,11962 5 11972 1 12085 2 12088 8 12099 5 12211 14 12227 7 12338 15 12355 11 12465 29 12594 29 12723 29 12856 6 12865 14 13001 3
gap_5d8ea6f34568222ae0,3918 12 4044 19 4171 21 4300 22 4429 23 4559 23 4688 23 4816 6 4825 15 4962 7 5092 5 5223 3 5353 1 9927 1 10035 3 10055 1 10163 3 10183 2 10291 3 10311 2 10418 4 10440 2 10545 4 10568 3 10672 5 10697 2 10799 5 10825 3 10926 6 10954 3 11052 7 11083 3 11179 7 11212 3 11305 8 11341 4 11430 10 11470 4 11551 15 11600 3 11680 11 11729 2 11812 2,8004 6 8118 3 8131 8 8245 7 8259 8 8373 8 8388 7 8501 8 8516 8 8628 9 8646 6 8756 9 8777 2 8884 9 8905 3 9013 7 9034 1 9142 6 9162 1,4534 10 4660 16 4787 19 4912 30 4950 7 5039 32 5075 16 5168 54 5296 56 5424 57 5552 58 5680 59 5809 59 5936 61 6064 61 6192 62 6320 62 6448 62 6576 62 6705 62 6833 62 6961 62 7090 61 7225 55 7355 54 7484 53 7616 49 7745 48 7823 1 7873 48 7950 3 8002 2 8010 39 8077 5 8139 38 8205 5 8267 38 8332 7 8395 38 8460 7 8524 37 8588 8 8652 37 8716 9 8779 38 8844 10 8859 3 8908 36 8973 11 8985 2 9035 37 9101 13 9127 4 9163 37 9229 14 9249 2 9257 3 9291 37 9358 17 9377 4 9384 7 9420 36 9486 17 9505 14 9548 36 9614 33 9677 35 9743 32 9806 33 9872 31 9936 31 10001 30 10065 29 10129 30 10194 28 10257 30 10322 27 10387 28 10451 25 10515 28 10580 23 10643 27 10708 24 10772 26 10837 22 10901 24 10965 22 11031 21 11094 19 11160 19 11222 19 11290 14 11351 16 11422 8 11479 15 11608 13 11737 10,,4910 1 5032 7 5157 11 5283 13 5410 14 5538 14 5666 14 5794 15 5915 5 5922 14 6043 21 6172 20 6301 19 6430 18 6558 18 6685 20 6813 20 6938 23 7065 25 7193 30 7321 21 7449 8 7459 13 7475 1 7568 1 7578 29 7706 29 7834 29 7961 30 8088 30 8220 10 8233 10 8349 8 8362 8 8478 8 8489 8 8606 17 8733 2 8737 13 8862 1 8866 11 8996 8,,3143 2 3146 6 3270 13 3401 14 3500 5 3512 5 3530 14 3621 1 3626 8 3640 5 3662 11 3746 15 3796 4 3871 17 4003 4 4325 1 4453 4 4582 4 4628 1 4711 4 4753 4 4840 4 4880 4 4969 3 5008 3 5099 1 5135 3 5263 2 6155 1 6255 1 6282 2 6383 2 6410 2 6511 3 6538 2 6639 3 6666 1 6767 3 6896 2 7025 1 8201 2 8306 1 8329 3 8433 2 8458 2 8561 2 8586 1 8689 2 8817 2 8945 1 9073 1 9150 1 9275 7 9402 11 9529 12 9656 13 9784 13 9911 15 10039 15 10127 2 10167 15 10255 2 10295 15 10383 3 10423 15 10512 3 10552 14 10604 2 10680 13 10732 2 10807 14 10859 3 10935 15 10987 2 11063 15 11114 1 11191 15 11319 15 11447 15 11576 11 11707 7 11836 6 11936 7 11965 4 12065 5 12093 4 12118 6 12221 3 12247 5 12349 3 12477 3,11718 8 11823 9 11844 12 11949 15 11970 17 12075 18 12097 19 12201 20 12225 20 12329 20 12353 21 12457 19 12482 20 12587 16 12611 18 12719 9 12742 13
gap_c6833984478f48af68,,7239 7 7366 11 7494 11 7621 13 7744 5 7750 12 7872 5 7880 10 8000 5 8010 2 8013 5 8128 5 8143 2 8257 3,3772 7 3899 16 3923 4 4027 22 4051 9 4156 36 4285 36 4414 37 4543 38 4672 38 4800 40 4929 41 5058 41 5187 40 5316 40 5448 37 5576 38 5705 38 5834 37 5963 8 5972 28 6092 7 6101 27 6230 27 6359 26 6494 20 6620 1 6622 20 6741 4 6749 22 6869 6 6876 23 6997 30 7125 30 7252 32 7380 32 7508 32 7636 32 7765 31 7893 32 8021 32 8149 31 8279 29 8408 28 8538 26 8667 24 8796 23 8924 23 9053 22 9182 20 9311 19 9439 19 9567 18 9695 16 9823 16 9951 14 10079 12 10207 9 10334 9 10462 8 10590 7 10718 6,8610 6 8736 10 8792 2 8862 12 8884 1 8918 6 8989 13 9007 2 9045 8 9116 14 9131 8 9172 10 9243 14 9259 8 9299 12 9371 23 9427 12 9500 21 9555 12 9628 20 9683 12 9756 21 9811 12 9885 20 9941 10 10013 21 10070 9 10142 20 10198 9 10272 17 10327 7 10401 16 10456 6 10531 11 10586 4 10663 3 10716 2,4148 8 4273 12 4399 15 4527 16 4655 17 4788 12 4906 1 4917 12 5045 13 5175 12 5305 11 5435 13 5554 5 5564 12 5678 11 5692 13 5804 14 5820 14 5930 17 5949 14 6056 19 6078 14 6183 20 6206 21 6311 19 6334 21 6438 20 6461 14 6477 7 6566 21 6589 13 6605 7 6694 21 6718 11 6734 5 6822 21 6846 2 6851 5 6864 1 6949 23 6979 5 7073 29 7109 3 7198 33 7319 40 7446 40 7574 39 7702 37 7831 35 7960 27 7988 2 8090 9 8101 13 8221 3 8230 5 8237 3 8855 3 8981 5 9110 5 9239 4 9368 1,,8644 4 8769 9 8896 11 9023 13 9151 13 9279 13 9407 13 9535 14 9663 13 9791 13 9919 13 10047 12 10175 12 10301 14 10427 16 10554 11 10566 6 10685 1 10687 3 10691 1 10694 7 10823 8 10952 8 11087 1,8761 4 8782 1 8888 5 8910 3 9015 6 9037 5 9142 7 9165 6 9270 7 9293 6 9397 8 9421 6 9525 8 9549 6 9653 8 9677 6 9781 8 9805 6 9909 8 9933 6 10037 7 10061 6 10167 4 10189 6 10318 4 10938 3 11059 20 11091 3 11184 24 11211 4 11217 6 11311 42 11438 44 11565 45 11693 45 11821 45 11949 44 12078 43 12208 17 12229 18 12338 14 12359 13
gap_b8d0fe24a608ffa3b4,,6982 4 7112 5 7243 4 7751 5 7878 7 7999 1 8006 7 8016 1 8126 4 8134 7 8253 16 8381 15 8508 10 8521 1 8636 7 8645 2 8764 6 8773 4 8892 4 8901 4 9031 2,6106 3 6232 6 6359 7 6487 13 6614 16 6743 18 6871 20 6999 20 7127 20 7255 20 7383 21 7510 22 7575 3 7636 24 7702 5 7761 28 7830 5 7889 28 7958 5 8017 28 8086 6 8145 28 8214 8 8273 28 8342 9 8401 28 8470 10 8530 27 8598 10 8659 26 8727 9 8788 25 8855 10 8918 23 8983 10 9047 21 9111 10 9177 18 9240 10 9306 11 9321 1 9369 9 9437 5 9497 10 9626 9 9755 8 9883 9 10012 9 10141 10 10270 10 10399 9 10529 7 10660 3 10789 1,9428 5 9555 7 9683 8 9811 9 9939 10 10068 9 10196 9 10326 7 10457 3,3001 3 3125 11 3149 2 3249 16 3276 9 3375 19 3403 11 3500 22 3532 11 3625 25 3660 13 3752 27 3789 12 3877 29 3917 12 4004 30 4047 10 4131 31 4175 16 4259 32 4304 16 4387 33 4436 15 4514 36 4567 13 4642 37 4696 12 4769 38 4825 12 4897 16 4916 20 4954 13 5025 16 5045 20 5082 13 5153 14 5175 18 5211 14 5280 14 5307 15 5341 13 5409 12 5436 14 5467 1 5471 11 5539 9 5565 13 5593 3 5601 9 5669 6 5694 13 5720 5 5730 9 5783 1 5798 5 5823 12 5847 6 5859 9 5909 3 5926 5 5953 11 5974 7 5988 8 6037 3 6054 5 6082 9 6101 5 6117 8 6165 3 6181 7 6211 7 6229 3 6245 8 6292 4 6309 8 6341 2 6357 2 6374 8 6420 3 6436 10 6449 2 6485 2 6503 7 6547 4 6564 16 6594 4 6632 6 6675 3 6692 16 6722 6 6761 5 6803 3 6821 16 6851 7 6891 3 6931 2 6949 15 6979 3 6986 1 7019 3 7059 2 7078 12 7108 4 7147 3 7187 1 7208 9 7238 5 7277 2 7337 8 7367 5 7405 1 7465 5 7471 2 7593 4 7713 1 7721 6 7849 4 7977 3 8104 1 8230 2 8997 1 9125 2 9253 2,,7666 1 8595 1 8723 1 9153 3 9279 7 9405 11 9532 13 9660 13 9789 12 9917 12 10045 12 10173 11 10302 10 10430 10 10470 1 10558 10 10597 2 10654 1 10684 12 10724 2 10783 2 10811 14 10912 2 10939 16 11068 3 11072 10 11196 1 11201 2 11218 3 11310 2 11330 1 11348 1 11841 2 11968 4 12097 3,11190 2 11212 4 11316 12 11333 12 11443 14 11460 14 11569 16 11588 17 11692 21 11716 21 11819 21 11845 19 11947 20 11973 18 12076 19 12101 16 12206 16 12230 13 12336 13 12360 4 12466 3 12472 3
gap_f6ed9ece9065150bbb,,5721 2 5848 4 5975 6 6056 2 6103 5 6184 1,,,9664 3 9792 3 9921 2,,11838 8 11965 9 12093 8,5989 2 6078 7 6115 6 6205 10 6239 10 6299 8 6332 12 6367 9 6427 9 6459 14 6494 9 6555 10 6587 14 6622 9 6684 9 6714 16 6749 10 6813 8 6841 18 6877 10 6941 8 6969 4 6983 4 7005 10 7068 10 7096 4 7113 2 7134 8 7196 10 7265 3 7335 1 7390 8 7456 9 7514 17 7578 14 7642 19 7703 18 7770 21 7830 19 7897 23 7956 23 8025 23 8084 24 8148 2 8151 25 8211 28 8276 8 8287 18 8338 30 8404 9 8418 15 8466 29 8533 8 8548 13 8594 15 8612 1 8614 9 8661 8 8675 1 8677 11 8721 12 8742 9 8789 8 8806 9 8848 13 8871 8 8917 8 8934 8 8976 14 8999 7 9046 7 9062 7 9105 12 9127 7 9174 7 9191 5 9235 10 9255 7 9302 7 9328 2 9365 7 9384 6 9430 6 9454 4 9512 6 9558 5 9578 7 9620 4 9641 5 9686 4 9702 11 9748 10 9770 4 9814 1 9827 14 9876 12 9901 1 9953 16 10005 13 10080 16 10133 16 10206 18 10262 17 10330 21 10391 19 10457 22 10520 22 10583 22 10649 22 10708 24 10779 21 10834 25 10909 21 10961 23 11040 19 11088 21 11169 20 11215 20 11299 20 11342 19 11428 20 11469 19 11558 19 11596 18 11688 18 11723 18 11818 16 11851 16 11949 14 11978 14 12078 13 12105 14 12208 12 12234 11 12338 9 12363 6 12468 6
gap_ca1b69ddef301f9c83,,6971 1 7099 2 7106 3 7112 2 7234 10 7355 3 7362 11 7482 7 7490 12 7609 9 7620 10 7736 10 7749 10 7864 9 7878 9 7992 10 8006 9 8120 10 8135 7 8249 6 8265 4,3897 9 3928 4 4023 27 4054 9 4153 26 4181 11 4283 25 4309 12 4413 37 4541 38 4670 39 4799 38 4928 19 4949 16 5056 18 5077 17 5188 9 5204 19 5319 5 5333 19 5463 18 5592 17 5724 14 5852 15 5979 16 6107 17 6235 17 6363 17 6491 18 6618 19 6745 20 6873 20 7000 22 7128 22 7255 22 7383 17 7401 4 7510 15 7526 2 7529 4 7638 15 7655 1 7658 3 7766 15 7783 1 7786 4 7894 16 7911 8 8023 25 8152 24 8282 22 8412 20 8543 17 8672 17 8801 15 8929 15 9058 14 9186 14 9315 12 9443 12 9572 10 9700 10 9828 9 9957 8 10085 7 10213 6 10341 5 10470 3,8660 6 8787 9 8866 4 8911 14 8989 10 9001 1 9037 17 9116 21 9165 18 9243 22 9292 20 9371 23 9421 20 9499 12 9514 8 9549 5 9556 13 9627 11 9642 8 9677 5 9686 11 9755 10 9771 6 9805 5 9815 11 9883 9 9898 7 9933 6 9943 11 10011 10 10025 7 10062 7 10072 10 10139 10 10152 8 10190 9 10200 10 10268 19 10319 19 10397 17 10448 18 10525 16 10578 16 10654 14 10707 14 10783 11 10838 11 10912 7 10968 7,3799 3 3927 1 4017 6 4126 5 4144 9 4247 13 4266 17 4374 39 4501 40 4628 42 4756 43 4884 33 4920 8 5012 32 5050 6 5141 31 5197 5 5271 28 5324 9 5401 7 5409 18 5449 14 5529 6 5538 16 5579 13 5657 4 5665 16 5697 2 5708 13 5784 5 5794 15 5823 7 5836 12 5911 6 5922 17 5950 12 5964 12 6038 8 6050 4 6059 9 6077 14 6093 11 6166 8 6178 5 6187 11 6205 15 6221 10 6293 9 6315 11 6334 14 6349 10 6419 12 6442 12 6463 12 6477 9 6546 13 6570 11 6592 10 6606 7 6673 16 6698 11 6735 5 6800 20 6825 12 6863 4 6927 22 6953 11 6991 5 7054 37 7119 5 7182 7 7192 26 7244 1 7247 5 7310 7 7320 25 7373 2 7377 2 7438 6 7447 26 7502 1 7566 5 7575 26 7630 1 7695 3 7702 26 7759 1 7823 3 7830 25 7951 2 7958 24 8086 23 8215 5 8221 14 8350 10,,3421 3 3550 3 3679 2 4325 1 4453 3 4581 4 4709 4 4838 3 4967 1 5869 2 5997 2 6125 3 6253 3 6382 2 6537 2 6665 2 6794 1 6921 2 8306 1 8433 2 8457 1 8511 4 8561 2 8585 1 8637 7 8689 2 8713 1 8761 12 8817 2 8841 1 8889 13 9016 14 9144 14 9272 14 9400 14 9527 15 9655 16 9783 16 9911 15 10040 13 10169 11 10300 6 10428 6 10554 10 10644 1 10681 12 10728 2 10772 3 10810 11 10855 3 10901 3 10938 10 10983 2 11066 10 11194 9 11296 2 11325 4 11424 4 11454 3 11482 5 11582 3 11610 4 11711 2 11839 2 11967 1 12095 1,11185 1 11189 2 11207 2 11312 9 11333 8 11435 16 11459 14 11559 22 11586 16 11604 1 11686 23 11714 21 11813 24 11842 23 11940 25 11970 24 12069 24 12098 24 12198 22 12227 22 12328 19 12357 19 12458 15 12487 14
gap_dcdad6e90af5efd398,4686 4 4814 7 4829 2 4943 18 5071 19 5201 18 5331 16 5466 1 5469 7 5601 4 5730 4 5791 1 5860 2 5917 4 5989 2 6045 4 6117 3 6172 5 6245 4 6299 6 6373 5 6427 7 6502 4 6554 8 6630 5 6682 6 6758 6 6809 4 6886 6 6937 7 7014 6 7064 9 7142 7 7192 11 7270 7 7320 12 7398 7 7448 13 7525 8 7576 14 7653 9 7704 16 7781 9 7831 20 7909 9 7959 22 8036 10 8087 24 8163 11 8215 25 8290 12 8343 27 8400 3 8417 13 8471 28 8525 8 8544 14 8599 32 8648 15 8669 17 8727 33 8774 40 8855 32 8901 41 8983 31 9029 41 9111 30 9158 40 9239 30 9288 38 9367 30 9417 37 9495 30 9545 37 9624 29 9674 36 9752 29 9803 34 9881 28 9931 34 10009 29 10059 33 10138 28 10188 32 10266 28 10316 31 10395 28 10444 30 10523 28 10572 30 10652 28 10701 28 10781 27 10828 28 10909 27 10957 27 11038 26 11085 26 11167 25 11213 25 11296 23 11341 24 11425 21 11470 22 11554 20 11599 19 11683 18 11728 17 11813 14 11858 13 11943 10 11988 9 12075 4,5297 10 5423 15 5550 17 5673 23 5700 3 5799 34 5927 35 6055 35 6182 36 6310 36 6438 36 6566 36 6695 35 6823 36 6951 36 7080 19 7101 15 7209 17 7229 16 7338 16 7357 16 7466 16 7485 16 7594 15 7613 17 7723 14 7740 18 7852 12 7868 18 7982 9 7995 18 8112 5 8123 4 8129 12 8251 2 8259 10 8387 9 8517 4 9015 4 9142 7 9269 9 9397 9 9525 9 9653 9 9781 8 9909 8 10038 6 10166 3,5720 9 5847 12 5973 15 6100 16 6227 18 6346 1 6354 19 6474 1 6482 19 6602 1 6609 21 6730 2 6737 21 6859 2 6865 21 6987 2 6993 21 7116 2 7121 21 7245 1 7249 21 7373 1 7377 21 7501 1 7506 19 7634 19 7762 19 7890 18 8018 18 8146 17 8275 15 8404 13 8533 11 8664 5,,8766 2 8893 4 9021 4,,4180 7 4306 11 4392 5 4400 3 4436 1 4439 6 4518 13 4570 2 4646 5 4775 1 5606 1 5734 3 5863 2 5915 1 5992 2 6042 2 6121 1 6169 3 6297 2 6424 2 6552 1 7662 1 7702 1 7790 2 7829 2 7918 2 7957 2 8046 2 8085 2 8174 2 8213 2 8302 2 8341 2 8430 2 8470 1 8559 1 9540 3 9666 6 9792 8 9919 10 10046 11 10136 1 10173 12 10220 1 10264 2 10301 12 10347 2 10392 3 10429 12 10474 3 10521 2 10557 11 10602 2 10649 3 10685 10 10729 3 10778 2 10814 9 10857 2 10907 2 10943 7 10984 2 11036 1 11071 7 11111 3 11198 8 11239 2 11326 9 11366 2 11453 11 11579 2 11584 4 11591 4 11702 1 11706 3 11720 3 11829 2 11835 1 11842 1 11855 1 11954 4 11970 2 11983 4 12081 4 12097 3 12112 4 12209 2 12225 3 12242 5 12353 3 12481 2,11711 1 11717 2 11836 5 11844 7 11960 9 11972 9 12087 10 12100 10 12213 12 12228 11 12339 14 12356 15 12466 15 12485 15 12594 12 12613 15 12723 4 12730 2 12742 13
gap_252a182eb501524214,,6975 3 7102 5 7230 10 7358 11 7487 4 7492 6 7616 2 7621 6 7749 6 7878 5 8008 3 8137 1,,8154 3 8220 5 8282 4 8346 8 8408 7 8474 8 8534 7 8601 9 8661 9 8729 9 8788 11 8857 17 8916 11 8986 17 9044 12 9115 3 9120 11 9172 12 9248 11 9301 12 9375 12 9429 12 9503 12 9557 12 9631 12 9686 11 9758 12 9814 11 9886 12 9943 10 10015 11 10073 7 10143 10 10203 3 10272 8 10403 2,4403 4 4409 4 4416 4 4529 20 4552 13 4655 42 4781 45 4906 50 5032 54 5160 20 5192 25 5286 17 5327 20 5412 16 5457 20 5540 15 5586 19 5668 14 5715 20 5781 6 5797 7 5821 5 5843 21 5908 8 5948 7 5972 21 6035 10 6076 9 6101 20 6163 11 6182 3 6203 4 6208 12 6230 19 6291 14 6306 10 6331 3 6337 14 6358 19 6419 15 6436 10 6454 27 6487 18 6547 15 6567 7 6581 29 6617 17 6675 16 6700 3 6706 18 6726 13 6745 17 6803 16 6827 17 6846 5 6855 12 6875 15 6931 6 6939 9 6954 16 6974 1 6978 2 6983 13 7004 14 7058 6 7067 9 7081 16 7107 1 7110 15 7133 13 7185 7 7195 9 7206 17 7240 14 7261 13 7313 7 7323 9 7333 16 7369 13 7390 12 7441 7 7451 23 7498 12 7520 10 7569 6 7578 23 7627 11 7649 9 7697 6 7704 17 7725 3 7755 1 7757 9 7777 10 7825 6 7832 16 7887 6 7899 2 7905 10 7954 4 7960 10 7971 4 8016 5 8027 3 8032 11 8082 4 8088 9 8145 2 8157 14 8211 1 8216 4 8225 1 8286 12 8345 1 8415 10 8472 2 8544 8 8673 3 8802 1,,8124 8 8251 10 8378 12 8506 13 8633 14 8761 15 8889 15 9016 16 9144 16 9272 16 9401 14 9529 14 9657 1 9659 11 9788 8 9914 10 10041 13 10162 1 10169 14 10286 2 10289 3 10293 2 10297 14 10313 1 10425 3 10429 10 10442 4 10557 5 10564 2 10686 3 10814 3 10942 2 11071 1 11582 1 11710 2,8011 1 8115 3 8138 2 8242 5 8265 4 8370 6 8393 5 8497 6 8521 5 8625 6 8650 4 8753 6 8778 5 8881 5 8906 6 9009 5 9034 6 9136 6 9162 6 9264 6 9290 7 9392 6 9418 7 9519 7 9546 7 9647 7 9673 8 9776 5 9801 8 9930 7 10672 9 10683 1 10696 3 10799 14 10819 14 10926 15 10946 16 11049 20 11073 21 11176 21 11201 22 11303 22 11329 24 11431 22 11457 24 11559 22 11585 24 11687 21 11714 23 11816 20 11842 22 11944 19 11970 22 12073 17 12100 19 12202 14 12229 16 12333 4 12365 5
gap_5ab2140b4c7b9fe172,4015 16 4045 6 4140 21 4164 18 4267 23 4291 21 4393 24 4420 22 4519 25 4549 23 4646 25 4677 25 4773 25 4806 25 4900 25 4936 24 5027 23 5065 25 5154 21 5194 25 5281 22 5323 24 5408 22 5452 24 5535 23 5580 24 5663 22 5709 24 5790 23 5837 25 5917 24 5965 25 6045 24 6093 25 6172 25 6221 26 6300 25 6349 26 6427 26 6477 26 6555 26 6605 26 6682 27 6733 27 6810 27 6861 27 6938 28 6989 27 7066 28 7118 26 7193 29 7246 26 7321 29 7375 26 7448 29 7503 26 7576 28 7632 25 7704 25 7761 24 7832 25 7889 24 7960 27 8017 24 8088 28 8138 2 8144 25 8216 25 8243 3 8264 5 8271 26 8344 24 8372 4 8391 6 8399 26 8472 24 8502 9 8515 2 8520 33 8600 24 8631 8 8641 40 8728 23 8760 6 8768 41 8857 22 8896 40 8985 23 9024 40 9113 23 9152 40 9241 24 9268 2 9281 39 9369 23 9395 2 9409 38 9497 24 9522 3 9538 37 9626 27 9667 36 9754 27 9797 34 9882 27 9926 33 10011 27 10054 33 10139 28 10183 31 10267 29 10311 31 10396 30 10439 30 10525 29 10568 29 10653 29 10696 28 10782 28 10825 26 10911 27 10953 25 11039 26 11082 23 11168 25 11211 21 11297 23 11339 21 11426 21 11468 19 11555 19 11598 16 11685 16 11727 14 11814 13 11857 10 11944 9 11988 3,5176 7 5189 4 5303 8 5315 8 5430 10 5441 10 5558 22 5685 24 5813 24 5941 24 6069 24 6197 24 6325 24 6453 24 6582 22 6710 22 6839 22 6968 14 6983 6 7096 21 7225 21 7354 3 7358 16 7482 2 7487 13 7501 1 7610 3 7616 12 7629 1 7733 8 7745 16 7860 9 7874 11 7886 3 7989 8 8003 10 8118 7 8132 6 8248 4 8261 1 8496 5 8624 6 8751 8 8879 8 9008 6 9018 1 9137 3 9144 5 9266 1 9271 7 9398 9 9525 10 9653 10 9781 9 9909 9 10038 7 10167 6 10296 5,,,9019 4 9149 2 9279 2 9407 2,,3384 3 3511 11 3635 28 3760 32 3894 24 4010 3 4033 8 4056 1 4137 3 4184 3 4313 3 4443 3 4572 3 4702 2 4772 1 4832 1 6632 1 6760 2 6808 2 6888 2 6935 3 7016 3 7063 2 7144 3 7191 2 7273 2 7319 2 7401 2 7447 1 7529 2 7657 2 8598 1 8726 2 8854 3 8937 1 8982 3 9064 3 9110 3 9192 3 9238 3 9320 2 9367 2 9447 3 9496 1 9575 3 9703 3 9792 3 9832 1 9918 7 10045 9 10173 9 10301 9 10429 9 10557 10 10685 10 10813 11 10940 12 11068 12 11166 1 11196 13 11294 2 11325 13 11422 3 11452 13 11552 2 11580 11 11681 2 11703 2 11708 10 11722 4 11810 3 11829 8 11838 6 11847 1 11849 6 11868 3 11939 5 11956 8 11976 10 11993 6 12069 14 12084 7 12097 1 12109 16 12198 15 12216 1 12224 2 12239 13 12328 9 12372 5,9746 2 9838 3 9874 2 9965 4 10002 3 10093 3 10130 3 10220 3 10260 2 10348 1 10389 2 10475 2 10518 1 10603 1 10647 1 10730 2 10775 1 10857 2 10904 1 10984 2 11033 1 11974 2 12091 4 12099 8 12217 7 12226 10 12341 11 12354 12 12468 11 12482 13 12596 11 12611 12 12725 9 12741 7
gap_3b676990f44a5f7a2f,3501 9 3626 12 3752 13 3781 21 3878 12 3909 24 4005 12 4038 25 4132 11 4168 24 4258 12 4298 24 4385 12 4427 24 4512 12 4557 23 4639 12 4686 23 4766 12 4815 22 4894 12 4944 22 5021 13 5072 22 5149 12 5201 22 5277 12 5329 23 5405 11 5457 23 5532 12 5585 23 5660 12 5714 23 5788 12 5842 23 5916 12 5969 24 6044 12 6097 24 6172 12 6225 25 6300 12 6353 24 6428 12 6480 25 6556 13 6608 25 6684 13 6736 25 6812 13 6864 26 6940 14 6992 26 7068 14 7119 27 7196 15 7246 28 7324 16 7374 28 7452 17 7501 29 7580 17 7627 30 7708 18 7753 32 7837 17 7879 34 7965 18 8006 35 8093 18 8112 1 8133 36 8221 22 8261 36 8349 23 8388 37 8478 24 8515 38 8606 24 8643 38 8734 24 8772 37 8862 24 8902 34 8990 25 9031 33 9118 25 9160 32 9247 18 9266 6 9289 30 9375 26 9417 9 9427 20 9504 26 9545 9 9555 20 9632 27 9673 29 9761 26 9801 29 9889 26 9930 27 10017 26 10058 27 10146 25 10186 27 10275 23 10314 26 10403 23 10443 24 10532 21 10571 24 10661 19 10700 22 10791 16 10829 20 10921 13 10958 17 11052 6 11088 14 11218 10 11350 4,3898 3 4024 8 4150 12 4276 17 4403 20 4530 22 4654 26 4780 29 4907 31 5035 11 5047 25 5162 12 5176 24 5290 12 5304 25 5417 14 5432 25 5545 14 5561 24 5673 15 5689 24 5801 16 5818 23 5929 40 6057 40 6185 40 6313 39 6442 20 6463 17 6570 20 6591 16 6698 20 6720 15 6826 21 6848 14 6955 25 6981 7 6989 1 7083 24 7110 6 7212 33 7341 31 7470 26 7497 2 7600 23 7732 17 7861 15 7992 10 8117 1 8377 4 8503 7 8631 8 8759 8 8887 8 9015 8 9144 6 9273 3,,,,,3129 9 3252 1 3256 20 3386 18 3518 4 3523 9 3535 1 3539 1 4065 1 4193 3 4256 1 4322 3 4383 2 4451 2 4510 2 4637 2 4765 1 5480 2 5531 1 5609 2 5658 2 5737 2 5786 2 5914 1 6555 1 6634 1 6683 1 6762 2 6810 2 6890 2 6938 2 7066 2 7194 1 8169 1 8220 1 8297 1 8348 1 8425 1 8476 2 8553 1 8604 1 8681 1 8732 1 8809 1 8898 3 9023 7 9150 9 9277 11 9405 11 9533 11 9661 12 9789 11 9917 10 10046 9 10174 9 10304 5 10310 1 10432 5 10557 11 10659 2 10684 12 10722 1 10788 2 10813 5 10819 5 10849 2 10916 4 10942 8 10976 2 11045 5 11072 5 11103 3 11175 5 11200 3 11229 4 11304 5 11329 2 11355 4 11458 1 11481 4 11609 3 11841 1,11065 6 11079 3 11189 11 11204 7 11314 14 11332 11 11441 16 11459 13 11569 16 11587 15 11698 15 11716 14 11848 8
gap_594e17c4c493235454,3921 3 4046 9 4172 14 4240 3 4299 17 4367 4 4426 21 4494 4 4554 25 4621 5 4682 28 4748 5 4811 30 4875 6 4940 32 5003 6 5068 33 5130 7 5196 34 5257 8 5324 35 5385 8 5452 13 5470 18 5512 9 5580 9 5603 14 5640 9 5709 6 5734 12 5768 9 5836 5 5864 11 5895 10 5964 1 5994 9 6023 10 6123 8 6151 10 6253 7 6279 11 6382 7 6407 11 6511 6 6535 11 6640 6 6662 12 6769 5 6791 11 6898 4 6918 12 7027 4 7047 10 7156 3 7175 8 7285 2 7303 9 7413 1 7430 10 7558 11 7686 11 7814 10 7943 9 8071 7 8199 7 8327 7 8455 6 8583 6 8712 4 8840 5 8868 9 8968 4 8997 8 9097 2 9125 8 9225 2 9252 9 9354 1 9379 10 9506 11 9633 13 9759 15 9887 16 10015 16 10142 18 10185 1 10266 23 10388 30 10442 1 10515 32 10642 34 10769 35 10898 34 11026 34 11154 33 11282 33 11341 1 11411 31 11469 2 11541 28 11598 2 11670 26 11801 22 11930 2 11934 7 11942 6,3627 2 3768 3 3895 4 4041 2 4401 2 4530 1 4657 2 4662 1 4794 1 8137 1 8255 1 8383 2 8398 1 8511 4 8640 5 8647 1 8766 1 8772 5 8886 1 8900 5 9012 3 9030 3 9139 4 9268 4 9292 1 9392 3 9398 2 9409 2 9419 3 9519 7 9538 2 9647 8 9667 2 9775 8 9903 8 9925 1 10032 6 10161 4 10290 2,4653 3 4659 1 4661 1 4663 2 4782 6 4791 3 4911 2 4914 2 5031 3 5038 3 5043 2 5157 1 5159 3 5163 11 5178 3 5292 1 5298 3 5303 4 5427 2 5432 3 5545 1 5548 5 5555 3 5562 1 5674 6 5683 8 5697 1 5805 2 5811 3 5816 3 5933 2 5937 8 6059 4 6064 3 6072 5 6187 9 6200 9 6316 10 6330 1 6333 5 6444 8 6453 3 6457 1 6461 3 6493 1 6570 1 6574 6 6581 1 6583 4 6588 1 6615 3 6620 2 6696 3 6705 12 6744 4 6750 2 6823 4 6833 11 6872 4 6878 1 6953 1 6962 1 6965 7 6997 2 7002 7 7099 1 7128 1 7130 11 7143 1 7243 2 7248 2 7252 13 7266 5 7377 12 7390 7 7506 11 7520 4 7632 12 7645 8 7761 22 7891 20 8013 2 8018 7 8034 4 8043 2 8147 1 8149 1 8152 3 8160 13 8277 4 8287 11 8405 3 8412 1 8416 4 8424 1 8549 1 8555 2 8675 1 8683 3 8795 3 8809 3 8922 5 8936 4 9053 1 9448 4 9832 1 9841 3 9965 2 9969 2 10093 2 10329 3 10982 1 11233 1 11357 1,,,,2985 2 3112 3 3123 2 3241 1 3246 2 3267 2 3374 1 3395 2 3773 1 4061 4 4110 1 4190 4 4236 3 4320 2 4363 3 4491 2 4619 1 5103 3 5231 3 5360 3 5489 2 5509 2 5618 1 5636 3 5764 3 5891 3 6647 1 6775 2 6903 2 6917 1 7031 2 7044 2 7160 1 7172 2 7300 2 7428 2 7556 2 7684 1 8085 5 8212 7 8341 7 8469 7 8597 7 8710 1 8838 1 8966 1 9094 2 9222 2 9350 2 9534 4 9660 7 9787 10 9914 11 10041 13 10169 13 10296 13 10424 13 10552 12 10680 13 10808 14 10937 12 11065 12 11193 11 11320 3 11324 5 11330 2 11447 4 11452 5 11458 2 11575 5 11581 4 11586 3 11663 2 11700 1 11702 16 11791 4 11830 16 11920 3 11958 16 12049 3 12080 2 12086 1 12088 14 12178 3 12207 3 12213 2 12219 10 12307 4 12333 4 12341 3 12348 9 12437 3 12459 3 12470 3 12476 10 12490 1 12566 2 12586 3 12593 1 12598 3 12604 11 12618 2 12721 2 12733 10 12861 8 12992 5 13114 2 13120 6 13130 1 13242 2 13246 8 13369 3 13377 7 13408 3 13506 4 13532 3 13536 2 13634 3 13663 1,8312 2 8439 3 8567 3 8696 2 8824 2 8952 2 10231 1 10358 2 10485 3 10613 3 10741 2 10869 1 10997 1 11124 1 12023 1 12150 2 12278 2 12344 1 12406 2 12473 2 12597 1 12601 2 12719 2 12723 4 12729 2 12847 1 12851 3 12857 2 12974 2 12978 5 12985 3 13104 5 13111 3 13228 1 13230 12 13282 1 13284 1 13352 2 13356 1 13358 8 13368 1 13411 2 13492 1 13535 1 13538 1 13664 2
gap_254f0a0675db139fcd,3790 11 3907 25 4032 29 4161 29 4254 3 4289 31 4380 5 4418 32 4507 5 4547 32 4633 5 4676 32 4760 5 4805 33 4887 6 4935 32 5014 6 5063 33 5141 5 5192 33 5267 7 5321 33 5394 7 5450 32 5522 6 5579 32 5649 6 5707 33 5776 7 5835 34 5903 8 5964 33 6031 7 6092 11 6113 13 6158 8 6220 8 6245 9 6286 8 6348 7 6375 7 6414 8 6475 7 6505 6 6542 8 6603 6 6633 6 6669 9 6731 6 6762 5 6797 9 6859 5 6891 4 6925 9 6987 5 7019 5 7053 9 7116 3 7148 4 7181 9 7276 4 7309 9 7405 3 7437 9 7533 3 7565 9 7661 2 7693 9 7789 2 7821 4 7917 2 7949 4 8045 2 8077 4 8173 2 8205 5 8301 2 8333 5 8428 4 8461 5 8513 13 8556 4 8589 5 8641 14 8683 5 8717 5 8738 2 8741 1 8743 1 8769 14 8811 5 8846 4 8866 8 8898 13 8938 6 8974 5 8994 9 9026 14 9066 6 9103 4 9123 11 9156 13 9193 7 9231 4 9251 13 9285 12 9321 6 9359 5 9379 15 9414 12 9449 6 9488 5 9507 15 9542 13 9576 7 9616 5 9635 16 9671 12 9704 6 9744 6 9762 17 9799 14 9831 7 9873 6 9890 17 9927 14 9958 8 10001 8 10017 19 10055 15 10085 8 10130 10 10142 23 10183 16 10212 9 10258 35 10311 18 10338 10 10386 36 10439 18 10465 11 10515 35 10568 20 10591 12 10644 34 10696 35 10773 33 10824 35 10902 31 10953 33 11031 30 11081 33 11161 27 11210 31 11290 26 11339 23 11366 1 11419 24 11468 23 11549 21 11597 23 11681 15 11726 22 11810 12 11857 18 11941 4 11987 14 12119 7,4396 14 4520 22 4645 28 4769 34 4895 38 5021 41 5147 44 5274 46 5401 47 5529 47 5656 48 5783 50 5911 51 6039 51 6167 51 6295 51 6423 51 6551 50 6680 48 6808 47 6937 45 7066 44 7195 44 7323 35 7361 9 7453 32 7489 10 7581 25 7607 5 7616 11 7710 22 7744 11 7840 19 7872 10 7969 18 8000 9 8097 18 8129 8 8228 14 8257 7 8358 11 8387 4 8488 8 8618 4 8758 3 8884 6 9011 8 9139 8 9266 9 9394 9 9522 9 9651 8 9780 6,6106 4 6230 15 6356 19 6483 21 6610 23 6737 25 6865 25 6993 26 7120 27 7247 29 7375 29 7452 1 7502 31 7631 30 7759 30 7887 30 8014 31 8142 30 8213 2 8271 29 8339 5 8399 29 8467 6 8527 29 8595 7 8656 27 8722 9 8784 26 8851 9 8912 26 8979 13 9041 24 9108 13 9169 24 9236 14 9298 22 9365 13 9426 22 9493 13 9555 20 9622 12 9684 19 9751 11 9813 17 9880 9 9942 15 10011 4 10071 13 10200 11 10329 8 10459 5,,8506 4 8634 6 8761 8 8890 1 8893 2,,3265 14 3381 3 3392 18 3500 13 3514 4 3519 21 3626 37 3753 9 3765 13 3787 1 3883 6 3933 2 4062 3 4191 4 4320 5 4376 3 4450 4 4502 4 4579 4 4629 4 4709 3 4756 3 4838 2 4883 3 4967 2 5010 3 5138 1 5519 1 5646 2 5741 1 5773 3 5869 2 5900 3 5997 3 6028 3 6126 2 6156 2 6254 2 6383 2 6511 1 7179 2 7307 2 7435 2 7563 2 7664 1 7792 1 7920 1 8048 1 8176 1 8304 1 9101 1 9229 2 9357 2 9406 6 9486 1 9532 9 9614 2 9659 11 9711 1 9786 12 9838 2 9913 13 9966 2 10041 13 10093 3 10168 14 10221 2 10296 14 10349 1 10424 14 10552 13 10680 13 10808 13 10937 12 11065 12 11158 2 11193 13 11287 2 11321 13 11415 3 11448 15 11545 2 11571 3 11576 15 11674 3 11698 3 11703 15 11749 1 11804 2 11826 1 11831 2 11836 6 11875 2 11959 2 11965 4 12002 3 12093 4 12127 5 12221 4 12253 5 12349 4 12380 4 12478 2 12606 2 12734 2,11846 3 11971 7 12081 11 12098 13 12207 14 12225 16 12331 18 12353 18 12459 18 12481 18 12589 16 12609 18 12723 9 12738 10 12750 1
gap_a9a5dff04f83e68cff,,5847 4 5973 6 6056 5 6101 6 6184 7 6229 4 6313 6 6357 4 6442 5 6486 3 6571 4 6739 2 6865 3 6993 2 7122 1 7250 2 7507 1,,,5312 7 5438 12 5451 2 5565 18 5685 2 5692 21 5812 3 5819 22 5940 5 5948 20 6068 5 6075 22 6196 5 6204 21 6324 6 6333 19 6452 6 6459 22 6581 5 6588 8 6597 1 6600 9 6710 4 6718 5 6728 7 6836 1 6847 4 6855 8 6963 6 6983 8 7091 6 7112 6 7219 6 7347 7 7366 5 7475 9 7490 10 7603 9 7617 12 7731 9 7744 13 7859 10 7871 15 7987 23 8011 2 8115 25 8243 25 8372 24 8501 24 8629 24 8755 5 8762 19 8883 20 8904 5 9011 19 9034 3 9139 16 9163 1 9268 1 9274 8 9290 1 9403 8 9418 1 9531 7 9539 2 9542 5 9657 9 9667 3 9671 4 9784 11 9796 6 9804 2 9911 19 9931 4 10040 22 10168 22 10296 21 10425 18 10553 12 10682 10 10818 1,,,5726 3 5853 6 5979 9 6050 4 6107 10 6175 8 6233 11 6302 11 6361 11 6430 11 6489 11 6558 11 6617 11 6686 12 6741 3 6747 6 6814 11 6871 11 6886 2 6942 7 6952 4 6997 15 7014 3 7069 16 7123 1 7125 20 7196 17 7253 20 7281 1 7322 19 7343 1 7379 23 7448 21 7470 2 7508 24 7575 24 7636 24 7701 26 7764 24 7828 1 7830 25 7893 1 7895 21 7921 1 7953 4 7959 23 8021 1 8023 21 8048 3 8081 29 8149 23 8175 4 8209 29 8278 21 8302 5 8337 2 8342 24 8406 16 8423 4 8429 6 8465 2 8471 23 8534 16 8551 11 8593 2 8600 21 8663 15 8683 7 8721 4 8727 22 8791 13 8813 5 8849 28 8919 13 8940 6 8977 12 8990 14 9047 11 9065 8 9105 9 9119 13 9175 10 9192 9 9233 8 9248 12 9303 9 9319 9 9362 7 9377 11 9431 8 9443 2 9446 9 9490 10 9506 10 9559 7 9569 14 9619 11 9636 9 9687 5 9697 14 9748 13 9765 8 9815 4 9824 15 9877 13 9895 6 9943 2 9952 14 10006 13 10026 3 10081 12 10135 13 10202 1 10207 13 10264 13 10279 1 10329 18 10393 15 10457 17 10523 13 10585 15 10652 14 10708 2 10711 16 10782 14 10834 19 10911 15 10961 18 11041 19 11087 18 11172 17 11214 17 11302 17 11341 14 11433 15 11469 11 11564 13 11598 8 11695 10 11726 7 11830 1
gap_07cc47e33d28188ef7,7747 3 7874 5 8001 6 8129 6 8258 5 8372 3 8386 4 8402 3 8499 6 8515 3 8529 5 8627 6 8657 7 8753 8 8784 9 8881 9 8911 10 9007 11 9037 13 9134 13 9162 16 9262 15 9291 15 9389 16 9419 15 9517 16 9548 13 9645 15 9676 13 9773 15 9805 12 9901 14 9934 10 10030 13 10063 8 10158 12 10192 5 10287 9 10416 8 10546 5 10677 2,7756 2 7883 3 8010 4 8120 2 8139 2 8253 1 8267 2 8381 1 8395 3 8523 4 8636 1 8651 5 8762 4 8780 3 8890 4 8909 1 9020 1,,,8642 4 8770 4 8898 4,,8021 1 8114 1 8148 5 8241 3 8277 6 8367 5 8405 5 8494 5 8535 1 8537 1 8622 4 8750 3 8878 1 9282 3 9408 7 9535 9 9663 10 9691 2 9769 3 9790 11 9818 4 9896 4 9918 11 9945 5 10025 3 10046 10 10073 4 10154 3 10175 9 10201 2 10283 2 10304 9 10327 2 10430 13 10557 14 10686 11 10815 8 10945 5 11074 3 11203 2 11331 2 11459 2 11587 2 11715 2 11843 2,6731 2 6858 4 6970 3 6986 5 7096 5 7113 8 7223 7 7241 8 7350 9 7369 8 7478 8 7498 4 7606 7 7628 2 8819 1 8945 5 9070 8 9197 9 9325 9 9360 5 9452 9 9487 8 9580 9 9614 10 9706 10 9742 11 9833 11 9870 12 9959 11 9998 13 10086 8 10126 14 10214 8 10254 19 10341 5 10348 2 10383 20 10467 4 10476 3 10514 17 10595 2 10604 3 10645 13 10723 2 10732 4 10784 4 10825 4 10860 4 10907 1 10915 2 10939 4 10951 9 10988 3 11034 2 11066 7 11078 10 11115 3 11161 4 11193 9 11205 10 11243 3 11289 4 11321 9 11333 10 11370 3 11417 4 11450 8 11461 10 11497 3 11546 4 11578 8 11589 10 11625 2 11675 3 11706 8 11718 9 11804 3 11834 7 11847 7 11933 3 11962 5 12062 3
gap_06d9ac66f154842eab,3532 7 3657 15 3785 19 3879 1 3913 21 4005 4 4041 22 4132 5 4170 23 4259 6 4298 24 4386 6 4427 24 4512 8 4555 25 4639 8 4683 26 4765 10 4812 26 4892 11 4940 26 5019 11 5068 27 5147 10 5196 28 5274 11 5324 28 5402 11 5452 28 5529 12 5580 29 5657 12 5708 29 5785 13 5836 30 5912 16 5964 30 6040 16 6092 31 6168 17 6220 31 6295 19 6348 32 6423 19 6476 32 6550 21 6604 22 6627 10 6678 22 6731 22 6758 7 6806 23 6859 22 6887 6 6934 25 6985 24 7016 5 7062 26 7109 28 7145 4 7190 28 7235 30 7274 3 7318 31 7362 31 7446 33 7490 35 7527 1 7574 34 7618 36 7655 2 7702 33 7746 40 7830 33 7873 44 7958 31 8001 44 8086 31 8129 44 8213 31 8257 44 8341 30 8386 43 8469 30 8514 43 8597 30 8643 42 8725 30 8772 41 8853 31 8901 39 8982 30 9030 38 9110 31 9158 38 9238 32 9287 36 9366 33 9415 36 9494 34 9544 34 9622 34 9672 34 9751 33 9801 32 9879 33 9929 32 10008 32 10058 30 10136 31 10186 30 10265 30 10315 28 10393 30 10443 27 10522 28 10572 25 10651 27 10700 25 10779 27 10829 23 10908 25 10958 20 11037 23 11086 19 11166 22 11216 16 11295 20 11345 13 11424 18 11475 9 11554 14 11684 10 11816 1,3758 7 3884 18 4011 22 4138 25 4265 27 4393 30 4520 34 4648 35 4776 35 4904 35 5031 37 5159 37 5286 38 5413 39 5541 39 5671 37 5800 36 5929 35 6057 35 6186 34 6314 34 6443 33 6572 32 6701 14 6717 14 6830 12 6846 13 6960 9 6978 5 7090 7 7863 6 7990 8 8117 9 8244 10 8371 11 8499 10 8627 10 8755 10 8884 8 9012 7 9141 5 9271 2,6754 1 6882 3 7011 2 7139 1 7266 1 7393 1,,7614 3 7741 4 7869 4 7999 2,,2865 4 2891 7 2991 7 3019 9 3117 2 3120 4 3148 11 3241 5 3278 11 3367 6 3410 9 3494 5 3541 7 3620 5 3673 4 3747 4 3805 1 3874 4 4001 3 4127 4 4254 4 4382 4 4510 2 5481 2 5609 2 5737 3 5866 2 5910 2 5995 2 6037 3 6123 2 6165 3 6252 1 6293 2 6420 3 6549 1 7406 1 7534 1 7661 2 7700 1 7789 2 7828 1 7918 1 7955 3 8083 3 8212 1 8340 1 8468 1 8768 3 8894 6 9020 9 9147 10 9274 12 9402 12 9530 12 9579 1 9658 12 9706 2 9786 12 9834 1 9914 12 9961 2 10042 12 10088 3 10171 11 10216 2 10263 1 10299 11 10343 3 10391 2 10427 11 10471 2 10520 2 10555 11 10598 2 10648 2 10682 13 10725 2 10777 2 10810 15 10853 1 10905 3 10938 15 11034 2 11064 2 11067 9 11078 5 11163 2 11191 5 11198 5 11206 5 11213 1 11292 2 11316 3 11321 2 11326 5 11336 1 11340 4 11421 2 11443 3 11455 3 11469 3 11473 1 11571 2 11583 3 11711 2 11840 1,11332 3 11451 3 11459 7 11575 8 11587 10 11701 10 11715 12 11827 12 11843 15 11951 16 11970 17 12078 17 12098 16 12205 17 12230 11 12333 16 12465 10
gap_f286f307c60994f599,,5428 3 5554 7 5563 5 5681 9 5691 6 5809 17 5937 17 6064 19 6192 19 6320 18 6448 18 6471 1 6575 21 6703 22 6831 23 6959 23 7086 25 7215 24 7343 24 7473 12 7490 4 7602 8 7732 2,,,3123 3 3250 10 3378 11 3506 12 3536 3 3621 1 3634 5 3644 2 3655 4 3663 5 3671 3 3748 3 3764 1 3783 4 3791 5 3798 6 3875 5 3911 4 3920 3 3926 9 4003 5 4040 2 4055 10 4124 3 4182 12 4252 3 4310 14 4379 3 4437 18 4506 3 4565 19 4633 4 4669 1 4697 16 4761 4 4796 3 4825 5 4834 7 4889 3 4923 7 4954 3 4963 7 5017 2 5047 11 5082 3 5093 5 5140 6 5173 13 5210 2 5223 2 5267 7 5298 13 5352 2 5395 8 5425 3 5431 6 5480 4 5522 9 5552 2 5561 2 5595 4 5608 5 5650 7 5680 1 5721 8 5736 5 5778 7 5807 2 5842 1 5845 13 5864 5 5906 9 5934 3 5970 16 5992 5 6034 21 6062 2 6098 16 6119 6 6162 22 6189 3 6226 17 6247 6 6289 23 6317 3 6355 16 6374 6 6417 23 6445 3 6484 15 6502 5 6545 23 6573 2 6611 24 6674 21 6701 2 6738 21 6803 20 6829 2 6865 22 6935 17 6958 1 6993 23 7062 19 7121 23 7190 20 7214 1 7249 23 7318 20 7379 21 7446 20 7508 19 7574 10 7586 7 7637 18 7702 10 7715 5 7767 15 7831 9 7844 3 7896 10 7962 5,,7739 8 7865 12 7992 15 8120 16 8248 17 8376 17 8503 18 8631 18 8759 18 8887 17 9016 16 9147 11 9272 3 9277 6 9398 16 9520 3 9526 17 9653 19 9781 19 9910 16 10044 9 10173 7 10301 6 10430 4 10559 2 10687 2 10815 2 10943 2 11071 2 11199 2 11327 2,7625 5 7753 7 7881 8 7986 2 8009 9 8110 7 8137 10 8237 8 8266 9 8363 10 8394 10 8490 11 8522 10 8598 2 8617 12 8650 10 8726 4 8745 12 8778 10 8801 3 8855 5 8872 13 8906 10 8927 4 8983 6 9000 12 9035 9 9054 5 9112 7 9128 10 9163 8 9180 6 9241 7 9257 8 9291 7 9307 6 9370 8 9387 3 9419 6 9434 6 9499 9 9561 6 9629 9 9688 5 9758 9 9815 5 9887 9 9942 5 10017 8 10034 1 10069 5 10147 7 10161 4 10183 1 10188 6 10196 5 10276 7 10289 6 10296 4 10309 4 10315 8 10324 3 10406 6 10415 14 10436 18 10535 6 10542 15 10563 17 10665 20 10691 18 10794 19 10818 19 10924 17 10946 19 11052 17 11074 18 11180 17 11202 17 11308 17 11330 16 11437 16 11458 15 11565 16 11586 14 11694 15 11714 12 11824 13 11843 9 11955 10 11972 6 12085 7 12216 1
gap_47b7cae7160ad0155f,3663 5 3755 14 3784 16 3882 17 3908 22 4008 19 4036 23 4135 19 4165 23 4261 19 4293 25 4388 17 4422 25 4515 16 4551 25 4642 16 4680 25 4770 15 4809 25 4897 16 4938 25 5024 17 5067 25 5151 18 5196 24 5278 19 5324 25 5405 20 5453 25 5533 20 5581 25 5660 21 5709 26 5787 22 5837 26 5915 22 5965 26 6042 23 6094 25 6170 23 6222 26 6297 24 6350 26 6425 24 6478 26 6552 26 6606 26 6680 26 6734 26 6808 26 6862 26 6936 27 6991 26 7064 27 7124 21 7192 28 7252 21 7319 29 7379 22 7447 30 7506 23 7575 30 7634 23 7703 31 7761 25 7830 32 7890 24 7958 32 8019 23 8086 32 8147 23 8214 32 8276 22 8343 30 8397 3 8404 22 8471 28 8517 11 8532 22 8599 27 8643 13 8660 22 8727 27 8769 15 8785 25 8855 27 8896 42 8984 23 9024 42 9112 23 9139 1 9152 41 9241 23 9266 1 9280 41 9369 26 9409 40 9497 26 9539 37 9625 26 9668 36 9754 25 9797 35 9882 26 9926 33 10010 27 10054 33 10138 28 10182 33 10267 29 10311 31 10395 30 10439 30 10524 29 10568 29 10652 29 10696 28 10781 28 10825 26 10910 27 10953 26 11038 26 11082 24 11167 25 11211 22 11296 23 11340 20 11425 21 11469 18 11554 19 11598 16 11683 17 11727 14 11813 13 11857 11 11943 9 11989 4,4537 4 4663 8 4790 10 4917 11 5045 11 5173 11 5191 3 5301 11 5315 8 5429 23 5557 23 5685 24 5813 24 5941 24 6070 23 6199 22 6328 1 6332 17 6461 16 6592 13 6715 2 6721 12 6837 8 6850 3 6857 4 6964 16 6986 4 7092 18 7114 5 7221 18 7241 8 7349 28 7478 26 7607 25 7736 23 7864 23 7991 22 8119 22 8247 22 8272 4 8375 12 8401 3 8500 1 8503 11 8529 3 8627 13 8657 3 8755 3 8762 3 8883 2 9014 5 9141 7 9264 1 9268 8 9395 9 9523 10 9651 10 9779 10 9908 8 10037 6 10166 4,,,8765 1 9021 2 9150 1,,3131 3 3135 6 3147 3 3251 20 3273 7 3377 31 3506 29 3635 7 3643 4 3650 10 4447 3 4576 3 4705 3 4834 3 4895 1 4963 2 5022 2 5092 1 5149 2 5221 1 5276 2 5349 2 5403 2 5531 1 5658 1 6761 1 6806 1 6889 1 6933 3 7017 2 7061 3 7145 2 7189 3 7273 2 7317 2 7401 3 7445 2 7529 3 7573 2 7657 3 7786 1 8854 1 8982 2 9066 1 9110 2 9193 2 9238 3 9321 2 9366 3 9449 2 9494 3 9576 3 9623 2 9663 4 9704 3 9751 2 9790 6 9832 3 9879 2 9916 9 9960 2 10008 1 10044 9 10088 1 10172 10 10215 2 10300 10 10428 10 10556 10 10684 9 10812 10 10940 11 11068 11 11196 11 11324 13 11451 15 11577 1 11579 17 11702 4 11707 11 11720 5 11828 7 11838 6 11848 8 11869 2 11953 9 11967 4 11977 1 11979 7 11995 3 12070 2 12078 8 12095 3 12110 15 12198 14 12224 2 12242 7 12331 5 12352 1,11964 1 11972 4 12089 6 12099 10 12214 9 12227 11 12339 12 12354 14 12466 13 12482 14 12594 12 12611 12 12725 8 12740 9
gap_33202a48f041fdbf36,,,,,,,,6939 4 7065 7 7192 9 7319 10 7447 11 7525 1 7574 12 7651 5 7702 14 7778 7 7830 14 7905 9 7957 16 8032 11 8085 15 8159 13 8214 14 8287 14 8342 13 8415 14 8470 11 8544 14 8598 10 8672 15 8727 8 8776 1 8801 14 8856 6 8887 1 8904 1 8929 14 8986 2 9014 2 9032 2 9058 14 9141 2 9160 3 9187 13 9268 3 9289 3 9315 13 9395 3 9417 4 9443 12 9522 4 9546 4 9571 11 9649 4 9674 5 9700 9 9775 6 9803 5 9829 7 9901 7 9931 7 9959 3 9966 1 10028 7 10060 7 10091 5 10155 7 10188 9 10217 7 10282 7 10317 10 10341 11 10410 7 10445 11 10466 13 10538 6 10574 10 10592 15 10632 2 10666 5 10703 8 10718 17 10760 3 10765 1 10792 6 10799 3 10832 6 10845 18 10888 2 10892 2 10896 1 10917 15 10961 4 10969 21 11021 5 11044 17 11087 31 11150 2 11156 1 11173 17 11212 33 11284 2 11287 1 11301 18 11339 32 11413 4 11430 17 11466 32 11541 4 11560 15 11593 30 11672 1 11689 14 11720 28 11819 12 11848 24 11950 8 11977 21 12106 17 12235 14 12364 9
gap_7ad602bac9f56c8412,4432 2 4553 12 4673 22 4801 24 4910 6 4930 24 5034 12 5060 23 5160 13 5191 22 5287 14 5322 20 5413 15 5452 19 5540 15 5581 19 5667 16 5710 19 5794 16 5838 20 5921 17 5966 20 6049 16 6094 21 6176 17 6222 22 6303 18 6350 22 6431 18 6478 23 6558 19 6606 23 6686 19 6734 24 6813 20 6862 24 6941 20 6990 24 7068 21 7118 25 7196 21 7246 25 7324 21 7374 25 7451 22 7502 26 7579 21 7632 24 7707 22 7762 22 7835 22 7890 22 7963 22 8018 22 8091 23 8146 23 8219 24 8274 23 8347 21 8369 2 8402 23 8475 25 8530 23 8603 27 8651 3 8659 22 8731 28 8779 3 8787 22 8859 28 8904 6 8914 23 8988 26 9028 10 9041 24 9116 26 9154 12 9169 24 9244 23 9281 14 9297 24 9372 23 9409 40 9500 17 9520 2 9537 40 9628 17 9670 34 9756 17 9799 33 9884 20 9928 32 10012 22 10056 32 10140 22 10184 31 10269 22 10313 30 10397 22 10441 29 10525 24 10569 29 10653 25 10697 28 10781 27 10826 27 10910 26 10954 26 11039 25 11083 24 11168 24 11211 24 11298 22 11340 22 11427 20 11470 19 11556 18 11599 16 11687 14 11728 14 11816 12 11858 10 11947 8 11988 6 12076 5,5303 6 5429 10 5446 2 5556 12 5571 8 5684 12 5698 10 5811 26 5939 27 6067 27 6196 26 6324 26 6453 25 6581 25 6709 25 6835 2 6839 5 6848 14 6962 3 6978 11 7090 4 7098 1 7108 9 7218 5 7241 4 7345 7 7369 4 7473 9 7497 4 7601 11 7626 4 7729 19 7755 6 7858 19 7883 7 7987 19 8011 7 8116 18 8138 8 8245 5 8252 10 8265 8 8379 11 8394 7 8507 10 8527 3 8635 9 8655 3 8763 9 8783 3 8891 8 8911 3 9018 8 9143 8 9269 6 9395 7 9517 2 9522 9 9645 2 9649 11 9773 2 9777 11 9906 11 10034 11 10163 9 10291 8 10420 7 10549 5,,,9535 1,,4034 5 4156 12 4172 2 4280 2 4283 14 4301 3 4409 1 4412 13 4527 7 4537 12 4653 6 4956 1 5084 2 5213 2 5342 3 5471 3 5600 2 5664 2 5729 2 5791 2 5858 1 5919 2 5987 1 6046 2 6173 2 6301 2 6428 2 6555 3 6683 3 6811 2 6939 1 7400 1 7528 1 7656 2 7784 2 7912 3 8040 3 8169 2 8297 2 8344 2 8425 2 8472 2 8553 2 8599 4 8681 2 8727 4 8809 2 8855 4 8938 1 8984 3 9112 3 9240 3 9369 2 9497 2 9626 1 9795 3 9919 8 10047 8 10088 2 10174 10 10216 2 10299 13 10343 2 10394 1 10427 13 10471 2 10521 3 10556 11 10598 3 10649 3 10683 12 10725 4 10777 4 10811 12 10853 3 10906 3 10938 14 10981 3 11034 4 11066 14 11108 3 11163 3 11194 13 11235 3 11292 2 11323 10 11363 2 11453 1 11455 6 11580 2 11583 9 11708 12 11836 11 11965 8 12067 2 12095 5 12117 7 12194 4 12225 2 12244 9 12323 4 12354 1 12373 6 12452 3 12482 1 12582 2 12609 3 12737 2,11625 3 11752 4 11880 1 11977 2 12006 3 12088 7 12101 9 12134 2 12214 10 12229 11 12340 13 12356 13 12466 15 12484 14 12593 16 12613 12 12722 15 12741 11 12853 11 12869 8 12985 6
gap_2b60a218b548db314f,,5540 2 5595 3 5668 2 5722 4 5793 5 5849 5 5922 1 5976 5 6104 2,,,7349 5 7370 1 7478 4 7485 2 7496 2 7998 5 8125 8 8248 2 8251 11 8376 15 8505 14 8633 14 8761 14 8889 14 9018 13 9146 12 9275 10 9403 9 9531 9 9660 7 9788 7 9917 5 10046 4 10174 2 10303 1 10559 1,5690 11 5817 14 5943 18 6070 20 6198 20 6325 22 6453 22 6581 22 6709 22 6837 22 6965 22 7093 22 7221 22 7354 16,3246 1 11197 2 11325 3 11453 3,5652 5 5780 6 5809 4 5913 2 5935 6 5984 5 5991 2 6041 4 6062 7 6091 5 6111 13 6167 8 6189 8 6219 7 6239 14 6294 9 6316 8 6347 8 6366 15 6422 8 6445 7 6476 8 6494 11 6550 3 6574 5 6605 5 6612 2 6621 12 6703 3 6733 3 6741 2 6752 3 6832 1 6869 2 6878 5 6919 11 6998 1 7005 8 7045 21 7127 1 7132 11 7172 23 7259 16 7300 24 7387 16 7428 24 7456 1 7514 19 7556 25 7584 1 7642 25 7684 24 7712 1 7766 1 7770 27 7812 23 7839 2 7894 1 7898 28 7940 21 7967 2 8022 1 8025 30 8068 19 8096 4 8149 3 8153 30 8197 15 8224 5 8230 2 8277 34 8325 11 8352 8 8405 34 8454 8 8481 7 8534 33 8583 6 8609 7 8662 10 8686 9 8713 3 8737 7 8790 9 8814 8 8865 7 8918 9 8942 8 8973 4 8992 8 9046 8 9070 7 9094 12 9120 8 9174 7 9197 8 9223 14 9248 8 9302 7 9326 5 9351 16 9376 8 9430 7 9454 4 9480 17 9504 8 9558 7 9577 6 9609 19 9632 8 9686 7 9702 11 9738 20 9760 7 9814 6 9828 15 9868 27 9943 5 9953 18 9999 24 10072 3 10078 19 10130 17 10149 1 10205 17 10262 14 10279 7 10331 16 10392 25 10450 21 10523 23 10573 24 10652 23 10699 24 10782 23 10826 23 10912 22 10953 22 11045 17 11080 21 11177 14 11206 20 11310 9 11334 15 11441 7 11462 12 11590 7
gap_cc8a144f31819640a3,4004 11 4127 23 4252 26 4378 28 4411 7 4430 8 4504 29 4539 33 4631 30 4668 35 4757 31 4798 35 4884 31 4928 35 5010 32 5057 35 5137 32 5188 34 5264 32 5317 35 5392 31 5446 35 5519 31 5574 36 5646 32 5703 36 5774 32 5831 37 5901 32 5959 39 6028 33 6087 39 6156 33 6215 40 6283 34 6344 40 6411 34 6472 41 6538 34 6601 41 6666 34 6730 40 6793 35 6858 41 6921 34 6987 40 7048 35 7115 41 7176 34 7244 40 7304 34 7374 39 7432 34 7503 38 7560 33 7633 36 7688 33 7762 36 7816 32 7890 36 7944 28 8019 35 8072 27 8147 35 8200 25 8275 36 8328 26 8356 1 8403 36 8456 31 8531 36 8585 29 8659 36 8713 28 8787 36 8841 28 8873 1 8915 36 8969 29 9000 1 9020 2 9043 36 9098 31 9147 4 9161 3 9171 36 9226 30 9283 2 9287 6 9299 36 9354 29 9411 10 9427 36 9482 28 9514 3 9539 11 9554 37 9611 26 9640 4 9668 11 9682 36 9739 25 9767 5 9797 11 9809 37 9868 23 9895 5 9926 48 9996 22 10024 1 10026 2 10055 47 10124 22 10154 2 10183 46 10253 23 10311 46 10382 24 10439 46 10510 24 10568 44 10639 23 10696 43 10768 25 10794 2 10825 42 10896 30 10953 41 11025 31 11081 41 11154 33 11210 39 11283 35 11338 38 11412 33 11466 38 11542 31 11594 37 11671 29 11723 35 11800 27 11852 33 11929 25 11981 31 12059 22 12111 28 12189 18 12240 26 12320 13 12370 22 12455 1 12500 18 12635 8,5182 3 5307 7 5434 10 5560 13 5688 14 5809 21 5936 22 6064 22 6191 23 6319 23 6446 24 6574 26 6702 27 6831 26 6960 26 7088 26 7214 12 7231 11 7343 12 7356 1 7358 12 7471 28 7599 29 7722 10 7735 19 7759 1 7849 10 7863 21 7885 4 7977 11 7994 19 8015 2 8101 1 8105 12 8124 17 8142 4 8233 16 8253 2 8258 16 8361 17 8387 15 8490 15 8516 14 8619 14 8644 11 8657 1 8748 10 8775 8 8881 3 8905 6 9037 2 9041 1 9165 3 9169 2 9294 1 9400 6 9528 5 9776 4 9901 10 10029 10 10157 11 10285 11 10413 11 10541 11 10669 10 10799 3 10928 1,,,9274 5 9406 2 9533 2,,3512 1 3638 8 3665 1 3766 14 3793 2 3893 3 3898 11 3920 6 4022 6 4029 9 4049 9 4153 14 4178 9 4285 9 4312 4 4443 2 5008 2 5135 2 5261 3 5389 2 5516 3 5644 2 5772 1 6256 1 6384 2 6513 2 6536 1 6642 2 6663 2 6770 3 6790 3 6899 2 6918 3 7028 1 7045 3 7174 2 8055 1 8069 2 8183 3 8197 3 8311 3 8324 4 8439 4 8453 3 8567 4 8581 3 8696 1 8710 1 9480 2 9608 2 9719 1 9736 3 9790 5 9847 3 9864 3 9917 7 9974 4 9992 4 10044 9 10102 4 10120 4 10172 10 10231 3 10249 3 10299 11 10359 2 10378 2 10427 11 10554 12 10682 12 10810 12 10937 13 11064 14 11192 16 11250 3 11321 15 11377 4 11451 1 11453 6 11460 1 11504 5 11578 2 11581 5 11588 1 11631 5 11666 2 11702 1 11706 2 11709 9 11759 4 11795 2 11829 2 11833 14 11886 5 11923 3 11956 2 11961 14 11976 1 12014 4 12052 4 12083 3 12089 13 12104 3 12142 3 12181 4 12211 2 12215 13 12233 3 12310 5 12338 18 12357 3 12361 4 12439 6 12464 8 12473 2 12477 7 12485 9 12568 7 12592 6 12600 4 12605 19 12697 9 12711 13 12727 4 12732 1 12734 4 12739 14 12827 21 12856 4 12863 1 12867 5 12873 2 12876 8 12958 15 12986 1 12995 4 13005 11 13089 6 13115 1 13117 4 13127 2 13136 13 13247 2 13256 1 13267 11 13281 2 13369 3 13375 1 13379 2 13383 2 13397 9 13408 1 13498 1 13507 2,10629 1 10757 2 10885 2 11012 4 11140 4 11267 1 11269 2 11386 2 11398 1 11513 3 11523 1 11641 4 11656 3 11768 5 11784 5 11895 5 11912 6 12022 6 12041 5 12149 5 12170 5 12276 5 12299 5 12403 6 12428 5 12530 5 12557 5 12657 4 12687 4 12731 1 12784 3 12816 5 12854 2 12860 1 12911 4 12946 4 12978 8 12987 3 12994 1 13039 3 13076 3 13104 11 13116 1 13166 3 13205 3 13231 14 13253 3 13293 3 13334 3 13359 10 13381 2 13389 3 13420 3 13463 2 13485 1 13487 10 13506 1 13509 2 13512 10 13548 2 13591 2 13619 6 13641 7 13649 2 13744 1 13748 4 13768 14 13895 2 13898 12 14028 8
gap_43865a2fb9ceff7c3e,8640 1 8768 1 8895 1 9164 1 9292 2 9420 2 9549 2 9677 3 9806 3 9935 3 10064 3 10193 4 10322 5 10451 7 10580 10 10710 8 10841 1 10958 1,6857 1 6985 2 7101 2 7114 2 7229 2 7357 2 7476 3 7485 2 7603 4 7628 3 7730 5 7757 2 7857 5 7885 3 7985 4 8013 3 8142 3 8882 2 9010 1 10825 3 10953 3 11082 1,3389 6 3511 16 3530 17 3633 44 3759 47 3887 49 4015 50 4143 51 4271 52 4403 49 4531 50 4661 18 4681 28 4790 18 4811 27 4919 17 4939 28 5048 17 5067 29 5177 12 5191 34 5306 11 5319 34 5435 10 5449 33 5564 11 5576 34 5695 44 5824 43 5953 5 5961 35 6082 3 6089 35 6217 36 6345 36 6473 36 6601 36 6729 36 6858 35 6987 35 7116 34 7244 34 7373 33 7501 33 7631 31 7759 31 7888 29 7960 2 8016 29 8088 3 8145 28 8215 6 8271 30 8343 7 8400 29 8471 9 8529 28 8599 12 8657 27 8727 15 8785 27 8855 17 8914 25 8984 17 9043 24 9112 20 9171 24 9240 21 9299 23 9369 20 9428 21 9497 21 9555 22 9625 21 9684 21 9754 19 9812 19 9882 19 9942 17 10011 18 10071 14 10140 17 10200 12 10269 15 10330 8 10397 14 10526 10 10656 5 10937 1,,4008 5 4133 10 4259 12 4387 16 4515 16 4642 19 4770 20 4898 21 5026 22 5155 22 5281 25 5408 27 5535 29 5662 31 5789 31 5917 32 6045 32 6172 32 6298 34 6426 33 6553 8 6562 25 6680 34 6807 28 6837 5 6935 28 6965 4 7063 28 7191 28 7319 32 7448 28 7577 26 7706 24 7833 24 7962 23 8091 11 8104 9 8221 2 8225 5 8232 6 8355 2 8611 3,,3294 1 3871 2 3998 2 4126 1 4713 1 4839 4 4967 4 5096 3 5225 1 5273 1 5401 1 5656 1 6125 2 6253 2 6381 2 6509 3 6638 2 6932 2 7059 3 7187 2 7315 2 8629 1 8757 1 8763 1 8891 2 9019 2 9068 1 9147 2 9195 2 9275 2 9298 1 9322 2 9402 5 9426 2 9450 2 9529 7 9545 1 9554 1 9577 2 9657 6 9667 1 9672 4 9705 1 9784 7 9794 10 9879 1 9912 7 9923 11 10007 2 10039 9 10051 12 10136 2 10167 4 10173 18 10264 2 10294 26 10393 2 10421 27 10550 4 10555 19 10679 3 10683 1 10689 6 10696 5 10808 4 10824 1 10828 1 10936 1 10938 2 10952 1 10970 3 11066 4 11072 9 11099 1 11201 6 11307 2 11434 3 11562 2,11694 2 11820 4 11949 3
gap_233ec98c7ce84faeee,,7234 7 7361 9 7489 2 7493 7 7616 4 7621 8 7745 2 7749 8 7877 8,7124 3 7250 7 7377 8 7505 10 7632 11 7759 14 7887 1 7889 1 7891 8 7900 1 8029 2 8157 2 8285 2 8414 1 8542 1,7888 1 7890 1 7899 1 8015 14 8114 3 8143 14 8242 2 8271 14 8369 4 8399 15 8487 6 8496 6 8526 16 8615 15 8654 1 8657 14 8743 16 8782 1 8786 13 8871 17 8910 1 8915 12 9000 16 9043 12 9129 13 9173 9 9258 11 9302 7 9389 7 9432 3 9519 4,5309 11 5432 18 5556 24 5682 34 5810 37 5937 40 6058 3 6065 41 6185 5 6193 42 6312 52 6439 22 6463 30 6566 22 6592 31 6693 23 6721 33 6820 23 6849 10 6861 22 6948 23 6977 10 6990 21 7075 25 7106 10 7118 6 7127 13 7141 2 7203 25 7241 9 7257 14 7331 25 7370 7 7385 12 7458 26 7500 5 7515 10 7586 25 7629 3 7643 5 7649 4 7713 15 7757 2 7773 2 7776 5 7841 13 7859 1 7886 1 7901 8 7971 10 7985 3 8031 6 8099 10 8112 2 8161 4 8227 8 8292 1 8356 8 8484 3 8613 2 8742 1,,7744 1 7872 2 8000 5 8127 8 8254 10 8381 12 8509 12 8637 12 8765 12 8893 11 9023 9 9151 9 9278 12 9405 13 9533 13 9661 12 9790 1 9795 2 9923 1 10051 2 10179 2 10307 2 10435 2,6509 2 6637 3 6766 2 7026 3 7154 4 7186 2 7282 4 7314 2 7411 1 7441 3 7569 2 7994 2 8011 1 8120 5 8138 2 8205 2 8247 5 8266 3 8333 3 8375 5 8395 3 8461 3 8502 6 8523 3 8630 6 8651 3 8759 5 8779 3 8888 4 8908 2 9911 4 9926 7 10037 13 10054 14 10163 15 10182 14 10291 14 10310 14 10419 15 10437 15 10547 15 10565 14 10676 30 10805 28 10935 25 11064 10 11080 6 11195 4
gap_de7cae57e089fc73e7,,7353 5 7480 6 7606 8 7733 7 7863 3 7991 2 8014 1 8119 1 8142 1 8243 1 8269 1 8495 2 8521 3 8623 3 8649 3 8751 3 8775 2 8778 1 8879 2 9291 2,,,3895 7 3903 3 4017 18 4041 9 4143 6 4153 31 4282 33 4410 22 4436 8 4538 35 4646 1 4665 37 4772 3 4793 38 4899 2 4922 13 4939 20 5026 3 5050 7 5068 21 5153 5 5177 8 5201 18 5281 6 5305 7 5331 17 5408 7 5433 6 5460 17 5535 8 5554 3 5562 3 5589 16 5662 8 5682 3 5721 14 5789 9 5825 2 5854 10 5917 8 5952 4 5983 10 6045 3 6080 4 6086 2 6112 9 6174 1 6209 3 6213 4 6240 9 6342 3 6346 4 6368 9 6469 10 6491 14 6597 10 6615 18 6725 11 6737 24 6853 36 6980 37 7108 37 7236 16 7255 17 7363 8 7373 4 7388 1 7392 5 7486 2 7491 7 7520 1 7621 5 7746 8 7873 9 8001 8 8129 7 8256 7 8384 7 8512 6 8640 5,,9163 3 9290 1 9293 1 9396 1 9419 3 9522 2 9538 1 9547 2 9649 2 9666 1 9679 2 9776 3 9800 2 9806 4 9904 2 9928 3 9933 4 10032 2 10057 7 10160 1 10180 11 10287 6 10306 13 10415 6 10434 13 10544 6 10561 13 10672 9 10686 1 10688 13 10801 27 10929 27 11057 3 11062 21 11186 2 11191 20 11315 1 11319 19 11445 21 11574 20 11701 20 11830 17 11960 14 12089 5 12218 3,6555 2 6682 7 6811 7 6935 12 7061 15 7188 17 7315 18 7397 4 7442 20 7465 2 7521 4 7569 28 7648 6 7697 28 7775 8 7824 30 7901 11 7952 30 8028 12 8080 30 8148 1 8151 18 8207 31 8274 24 8335 31 8401 26 8463 14 8478 16 8529 27 8591 14 8606 17 8656 29 8719 32 8784 29 8847 30 8878 1 8912 29 8975 30 9040 30 9103 30 9168 30 9231 31 9296 16 9313 13 9359 32 9425 14 9441 13 9487 32 9557 9 9567 15 9616 31 9681 12 9695 15 9744 32 9810 10 9822 16 9872 32 9937 10 9949 17 10000 32 10064 30 10128 32 10191 30 10257 20 10278 9 10319 30 10385 20 10407 8 10447 29 10513 21 10536 8 10574 30 10640 18 10659 2 10665 7 10701 30 10768 20 10793 8 10829 30 10896 21 10922 7 10956 7 10964 22 11025 21 11051 6 11083 29 11153 22 11179 7 11211 6 11218 8 11229 11 11282 22 11308 5 11338 6 11347 22 11412 21 11437 2 11466 5 11476 21 11542 21 11594 4 11603 22 11673 19 11697 3 11721 3 11731 21 11803 21 11826 2 11849 2 11859 20 11932 25 11984 22 12063 24 12098 3 12109 24 12193 22 12224 5 12231 2 12235 25 12325 17 12352 34 12455 14 12481 31 12586 8 12610 27 12739 21 12871 12
gap_2dc957cb4eb5c2f028,,7886 3 8013 4 8141 5 8245 1 8270 3 8373 2 8397 4 8501 2 8523 6 8629 4 8651 6 8758 3 8779 4 8886 4 9017 1,,,5315 2 5430 4 5438 10 5555 23 5582 7 5682 25 5709 10 5809 26 5837 11 5937 14 5953 9 5965 12 6064 16 6081 9 6092 15 6188 47 6316 28 6346 17 6444 47 6571 48 6699 49 6827 49 6955 49 7083 27 7113 19 7211 18 7233 4 7241 19 7340 16 7360 4 7370 18 7470 14 7488 5 7497 18 7600 13 7617 18 7637 5 7729 15 7747 7 7756 7 7767 2 7858 14 7875 7 7884 2 7889 2 7987 13 8003 7 8012 1 8017 1 8115 5 8121 7 8130 9 8249 18 8379 16 8507 16 8635 16 8761 1 8763 15 8892 13 9021 12 9150 9 9281 5 9411 1,,8783 1 9015 2 9165 5 9293 5 9397 1 9399 1 9420 6 9525 4 9548 6 9653 5 9676 6 9781 7 9792 1 9796 4 9802 8 9910 27 10038 27 10167 6 10174 19 10296 25 10425 24 10552 24 10681 2 10684 3 10688 16 10808 3 10812 3 10816 16 10935 1 10940 17 10958 3 11072 6,5607 2 5735 3 5863 3 5914 1 5992 2 6041 3 6169 2 6382 3 6436 1 6497 2 6506 1 6510 3 6563 4 6624 4 6638 3 6691 5 6752 5 6762 2 6819 5 6879 6 6891 1 6948 4 7007 6 7059 3 7076 5 7135 6 7187 3 7205 4 7262 7 7315 2 7329 1 7333 6 7389 7 7456 3 7461 7 7517 7 7584 3 7589 8 7644 7 7653 2 7711 4 7718 8 7771 13 7839 5 7846 9 7898 14 7967 6 7975 9 8023 17 8095 7 8103 10 8149 19 8223 8 8232 10 8243 2 8276 21 8351 22 8403 21 8479 22 8531 21 8607 22 8657 23 8735 23 8788 19 8863 23 8915 20 8992 20 9042 20 9121 20 9170 19 9250 19 9298 17 9379 18 9426 16 9508 17 9554 15 9637 16 9682 14 9765 16 9810 14 9894 16 9937 15 10023 15 10065 14 10152 15 10193 12 10281 14 10321 11 10411 13 10449 10 10541 11 10576 9 10671 4 10676 5 10706 6 10801 2 10804 4 10833 2 10836 1 10934 1 10936 1 10938 2 11066 3 11081 4 11194 4 11209 3
gap_4242400b2dbb6361b0,,,,,,,,7354 2 7368 1 7481 3 7496 2 7576 3 7608 4 7624 3 7700 8 7736 3 7752 3 7826 11 7863 3 7881 3 7952 13 7990 4 8009 4 8079 15 8117 4 8138 3 8207 16 8244 4 8266 4 8295 5 8334 17 8371 5 8395 4 8422 8 8463 17 8497 6 8524 4 8550 10 8591 17 8625 5 8652 5 8677 12 8719 18 8751 6 8781 5 8804 14 8848 17 8877 8 8909 6 8931 16 8977 15 9002 9 9038 6 9058 17 9107 12 9129 6 9136 3 9167 6 9186 17 9229 2 9238 6 9256 7 9264 2 9295 3 9299 4 9314 17 9353 8 9383 10 9424 8 9442 17 9480 11 9511 10 9553 9 9571 15 9608 14 9639 9 9681 10 9700 13 9735 18 9768 8 9810 9 9830 10 9863 20 9897 6 9938 9 9961 4 9991 25 10025 6 10066 9 10097 7 10119 27 10154 4 10194 8 10219 14 10248 31 10323 6 10341 20 10377 32 10417 2 10452 4 10466 22 10507 42 10589 26 10637 41 10698 6 10712 30 10767 40 10825 43 10898 38 10952 43 11028 36 11079 43 11159 33 11207 41 11289 31 11335 39 11421 26 11463 36 11554 20 11592 32 11687 14 11720 28 11818 8 11848 22 11977 10 12107 4
gap_13bca08ab36a96234a,11216 4 11346 5 11353 4 11481 3,6073 1 6202 1 6330 1 6458 1 6841 1 6969 1 7096 2 7224 1 7237 4 7364 6 7491 8 7608 1 7619 8 7735 6 7747 8 7862 8 7876 7 7984 2 7990 8 8005 5 8117 10 8134 5 8245 10 8264 1 8373 10 8501 9 8629 9 8758 6,2381 3 2508 7 2619 26 2745 34 2874 35 3003 35 3131 37 3260 37 3388 38 3517 38 3646 38 3776 21 3798 15 3906 18 3926 17 4035 17 4054 17 4163 16 4182 17 4291 16 4309 18 4419 36 4547 36 4675 37 4803 38 4931 38 5059 39 5188 11 5200 27 5317 9 5329 26 5445 8 5457 27 5573 6 5586 26 5701 5 5715 26 5828 6 5844 26 5956 7 5973 25 6084 7 6096 2 6101 26 6212 7 6223 4 6229 26 6341 6 6351 4 6356 27 6469 42 6597 42 6727 40 6856 39 6983 40 7111 40 7241 38 7370 37 7439 5 7499 36 7567 6 7627 36 7694 7 7755 36 7822 8 7885 34 7950 9 8013 34 8078 10 8141 34 8207 10 8270 33 8335 10 8350 1 8399 32 8463 12 8478 2 8528 31 8591 13 8605 3 8656 30 8719 15 8785 29 8848 14 8914 28 8976 15 9043 27 9105 13 9172 25 9233 13 9300 24 9361 13 9426 2 9429 22 9490 12 9555 1 9557 22 9618 12 9686 20 9747 11 9816 17 9875 11 9945 15 10005 9 10073 14 10132 9 10202 13 10261 8 10331 11 10389 8 10460 9 10521 3 10589 8 10718 6,8111 3 8239 3 8265 2 8871 6 8997 9 9124 11 9163 5 9251 12 9291 6 9379 12 9419 7 9506 13 9547 8 9634 13 9675 9 9761 14 9804 9 9889 14 9933 7 10017 13 10062 6 10145 12 10194 2 10274 10 10402 9 10531 7 10661 2,2865 9 2992 11 3119 12 3245 15 3373 15 3485 4 3500 17 3612 5 3628 18 3739 6 3755 21 3867 7 3882 24 3993 8 4010 25 4120 9 4138 25 4247 10 4265 26 4375 9 4393 26 4503 9 4521 9 4534 13 4630 10 4649 7 4663 12 4758 10 4777 7 4791 12 4886 10 4905 7 4920 11 5014 10 5033 7 5048 11 5142 9 5161 7 5178 8 5270 9 5289 6 5307 4 5397 10 5418 4 5433 5 5525 10 5546 4 5560 7 5653 11 5668 9 5685 10 5781 11 5795 10 5813 11 5909 11 5923 10 5940 4 5946 5 6037 10 6051 11 6064 7 6075 4 6165 10 6179 18 6293 10 6307 18 6421 9 6436 16 6549 9 6565 14 6677 9 6696 11 6805 9 6824 10 6933 8 6952 9 7062 7 7080 9 7191 6 7208 10 7319 6 7335 10 7448 4 7463 10 7591 7 7714 11 7841 10 7968 9 8096 9 8223 9 8351 7 8480 3 8608 2,,2398 3 2526 5 2655 5 2784 5 2838 3 2913 5 2965 3 3043 3 3092 4 3172 3 3219 4 3301 2 3347 3 3430 2 3474 3 3558 3 3601 3 3687 2 3729 3 3815 3 3857 2 3943 3 3985 2 4071 4 4112 3 4199 5 4240 3 4327 5 4367 3 4456 4 4494 4 4585 4 4622 4 4713 3 4750 4 4842 2 4878 3 4971 1 5006 2 5134 1 6384 1 6512 1 6639 3 6767 3 6895 3 6924 1 7023 3 7052 2 7151 3 7179 3 7279 3 7307 3 7408 2 7436 2 7536 1 7564 2 8894 2 9019 8 9144 12 9272 13 9399 14 9527 15 9655 15 9783 15 9873 1 9911 15 9962 2 10001 2 10039 15 10089 3 10130 2 10167 15 10216 3 10258 3 10295 15 10343 4 10387 2 10423 15 10471 3 10516 2 10552 14 10598 2 10680 14 10695 1 10726 1 10805 2 10808 17 10933 20 11060 20 11188 20 11315 7 11324 5 11331 4 11447 2 11454 2 11461 1 11731 7 11810 7 11859 6 11938 7 11989 3 12069 4,11337 4 11457 4 11463 8 11569 12 11585 4 11590 10 11695 15 11712 17 11822 35 11948 38 12075 40 12202 19 12225 19 12329 19 12355 17 12458 17 12486 14 12587 15 12616 10 12719 6
gap_b7d80cf00bd789ff9a,,7349 4 7477 4 7604 8 7733 9 7751 3 7862 8 7878 5 7991 7 8006 5 8119 7 8134 5 8247 6 8262 6 8377 3 8391 5 8520 4,,,4676 2 4803 8 4916 4 4930 12 5045 1 5053 11 5068 1 5161 1 5179 12 5205 4 5287 5 5307 11 5332 6 5412 9 5435 11 5460 8 5539 10 5564 9 5588 8 5667 9 5685 3 5715 8 5795 9 5812 5 5843 7 5923 11 5937 1 5939 5 5971 6 5982 5 6050 22 6099 5 6109 7 6175 25 6213 1 6226 5 6237 8 6302 25 6340 3 6354 4 6365 8 6429 26 6467 4 6482 3 6495 6 6557 26 6595 4 6611 2 6624 5 6685 26 6722 5 6739 2 6752 6 6813 25 6850 6 6881 5 6940 7 6950 15 6978 7 7009 5 7068 7 7080 8 7107 6 7138 4 7195 8 7209 7 7235 6 7250 2 7266 4 7323 8 7337 8 7364 5 7377 4 7386 3 7394 4 7450 9 7465 3 7495 1 7509 2 7514 4 7521 5 7578 9 7639 8 7648 6 7707 8 7769 13 7835 8 7897 12 7964 6 8025 11 8093 5 8154 10 8222 3 8284 6,,8509 8 8635 1 8637 9 8759 16 8885 21 9013 22 9140 23 9268 23 9396 23 9524 23 9651 26 9776 33 9902 38 10026 1 10029 38 10155 14 10170 10 10182 13 10284 13 10298 10 10309 12 10413 12 10427 9 10437 11 10543 11 10555 8 10565 11 10673 4 10680 2 10684 7 10692 2 10697 6 10803 2 10810 8 10825 4 10939 5 11068 3 11198 2 11326 3 11455 1,7057 3 7185 6 7276 4 7313 6 7403 6 7440 8 7468 7 7504 5 7530 7 7568 8 7594 10 7630 9 7658 7 7696 9 7721 12 7757 12 7785 8 7825 8 7848 13 7884 13 7913 7 7953 8 7976 12 8011 14 8040 8 8082 8 8103 13 8139 15 8167 8 8210 9 8231 13 8268 15 8294 9 8339 9 8360 12 8396 14 8420 11 8467 10 8488 11 8524 14 8547 10 8594 12 8617 10 8653 13 8674 12 8722 13 8746 8 8782 11 8802 13 8850 14 8875 6 8911 9 8929 14 8978 15 9003 5 9040 6 9056 15 9107 15 9132 3 9169 4 9183 15 9235 16 9308 18 9364 16 9433 20 9492 17 9561 20 9621 17 9687 21 9750 17 9813 22 9879 18 9940 23 10008 18 10067 23 10138 17 10195 22 10267 17 10322 22 10397 16 10450 20 10526 15 10577 20 10656 13 10705 19 10785 12 10833 18 10915 10 10927 2 10957 2 10960 16 11045 21 11077 5 11083 4 11088 14 11175 20 11201 27 11304 20 11329 25 11434 19 11457 21 11565 16 11584 21 11694 15 11711 20 11823 14 11840 15 11953 12 11969 13 12084 7 12098 9
gap_68c3f8cbed4388d93e,4554 12 4679 18 4808 19 4937 19 5066 19 5196 19 5289 1 5326 18 5415 5 5455 18 5542 5 5584 18 5668 6 5713 18 5794 8 5841 19 5921 8 5970 19 6048 9 6098 19 6175 10 6226 20 6302 11 6354 21 6429 12 6482 21 6557 12 6610 22 6684 12 6738 22 6812 12 6865 24 6939 13 6993 24 7067 13 7121 24 7194 15 7248 26 7322 15 7376 26 7450 15 7503 27 7578 15 7631 27 7706 16 7758 29 7833 17 7886 29 7961 18 8013 30 8089 18 8141 30 8217 19 8268 31 8345 20 8396 31 8473 21 8525 30 8601 22 8653 30 8729 24 8782 29 8857 25 8910 29 8985 27 9028 39 9113 27 9155 40 9241 26 9282 41 9369 25 9411 15 9427 23 9497 21 9520 1 9543 35 9625 21 9647 2 9672 34 9754 24 9800 34 9882 24 9928 33 10010 25 10056 33 10138 25 10185 32 10266 26 10313 31 10395 26 10441 31 10523 27 10569 30 10652 27 10698 29 10780 27 10826 28 10909 26 10954 27 11037 26 11083 26 11166 25 11212 24 11296 22 11340 23 11425 21 11470 20 11554 19 11599 18 11683 17 11728 16 11811 16 11858 12 11941 12 11989 1 12073 2,4923 4 5049 8 5176 11 5302 15 5428 16 5555 16 5681 16 5710 2 5807 18 5833 8 5933 24 5963 7 6060 26 6091 7 6187 28 6218 8 6314 29 6346 8 6441 14 6458 14 6473 9 6569 13 6584 16 6601 9 6697 30 6729 9 6825 30 6857 8 6953 30 6985 8 7081 29 7113 7 7209 28 7241 6 7338 26 7369 5 7466 25 7594 27 7723 29 7852 30 7980 31 8109 30 8238 7 8246 21 8375 20 8504 20 8633 20 8765 16 8898 10 9268 7 9395 9 9522 10 9649 12 9778 11 9906 10 10035 9 10163 8 10292 6 10422 2,,,,,3909 6 4034 9 4044 6 4151 8 4161 10 4172 8 4279 7 4290 9 4302 8 4402 1 4406 9 4416 10 4437 4 4523 8 4536 6 4568 2 4649 9 4776 3 4903 3 5029 3 5158 1 5216 2 5345 2 5411 1 5473 3 5602 3 5731 3 5860 3 5989 2 6118 1 6426 2 6553 3 6681 3 6809 2 6936 3 7064 2 7192 2 7320 1 7448 1 7787 1 7915 2 8043 2 8171 2 8299 3 8343 1 8427 3 8471 1 8555 3 8598 3 8683 3 8726 3 8811 3 8854 3 8939 2 8982 3 9067 2 9110 3 9195 2 9239 2 9367 2 9496 1 9539 2 9665 5 9791 8 9918 10 10045 11 10172 12 10264 1 10298 14 10345 1 10392 2 10427 13 10472 2 10520 3 10555 13 10600 2 10648 3 10683 13 10727 3 10777 3 10811 13 10854 3 10905 3 10938 14 10981 4 11034 3 11066 14 11109 3 11162 3 11195 11 11236 4 11291 3 11324 10 11364 3 11420 1 11452 2 11455 9 11491 3 11579 13 11619 1 11707 13 11835 12 11966 7 12095 5 12225 1 12244 9 12323 6 12372 8 12452 8 12502 5 12582 6 12609 1 12737 1 12865 1,11960 2 11977 4 12085 10 12101 10 12211 13 12228 13 12337 15 12355 15 12465 16 12483 15 12592 16 12611 15 12720 16 12740 14 12849 13 12870 4
gap_05d7efeef9acaefe97,,7505 4 7632 6 7728 2 7756 2 7760 5 7856 2 7884 1 7887 5 7983 4 8111 4 8239 4 8367 3 8495 3,,,4531 11 4551 6 4657 17 4675 15 4785 36 4912 14 4930 20 5039 11 5058 22 5166 12 5189 5 5201 8 5295 10 5317 6 5329 7 5427 5 5444 7 5456 7 5569 21 5694 24 5821 25 5948 3 5953 21 6075 1 6084 9 6095 8 6214 6 6225 3 6343 5 6472 4 6600 4 6729 3 6857 3 6985 2 7113 2 7241 1 7368 2 7495 3 7622 3 7737 1 7749 4 7865 2 7877 3 7993 2 8003 4 8121 3 8130 4 8249 5 8255 7 8378 12 8508 10 8638 8 8769 4 8898 3 9281 2 9407 5 9533 7 9661 7 9788 7 9916 6 10042 8 10169 9 10296 10 10423 11 10551 12 10679 12 10692 1 10807 11 10935 11 11063 11 11191 11 11319 10 11449 7 11580 1,5951 2 6076 8 6203 11 6330 13 6457 15 6585 15 6713 16 6841 16 6969 16 7097 16 7225 16 7353 15 7481 14 7609 13 7738 11 7867 10 7995 8 8124 6 8254 1,11697 2 11825 4 11953 15 11972 1 12082 20 12213 17 12343 14 12476 3,6432 1 6557 7 6685 9 6814 9 6944 8 7072 9 7134 2 7191 6 7199 12 7315 11 7327 13 7389 4 7442 27 7514 8 7569 28 7600 1 7640 12 7696 15 7712 14 7727 1 7765 14 7823 16 7840 13 7855 1 7892 14 7951 30 8015 16 8078 31 8110 1 8142 17 8206 33 8270 17 8292 6 8334 33 8397 18 8416 12 8462 33 8525 32 8590 10 8601 20 8653 33 8718 10 8731 18 8781 33 8846 10 8860 17 8909 33 8974 11 8989 15 9037 34 9102 12 9118 14 9167 13 9181 18 9231 12 9246 14 9296 12 9309 19 9359 29 9424 20 9445 11 9487 20 9508 7 9552 18 9572 12 9615 20 9637 6 9680 17 9700 12 9743 20 9766 4 9808 11 9820 3 9828 12 9871 20 9895 2 9936 10 9947 3 9955 12 9998 21 10064 9 10083 12 10126 9 10138 9 10192 8 10210 12 10254 10 10320 6 10337 12 10382 11 10449 4 10464 13 10509 14 10587 17 10636 18 10713 19 10764 21 10840 19 10892 24 10969 2 10973 15 11020 27 11103 13 11150 27 11230 14 11281 26 11355 16 11410 25 11476 22 11540 24 11601 25 11671 22 11728 26 11802 19 11853 28 11933 17 11980 28 12063 17 12108 27 12193 16 12236 26 12326 13 12361 26 12457 11 12487 24 12587 9 12613 22 12719 4 12740 11 12753 5 12866 12 12994 10
gap_2133d9a191fdaac313,,,,,,,5952 4 6078 7 6205 9 6333 10 6460 12 6587 13 6715 13 6843 14 6970 15 7098 15 7226 15 7354 16 7482 16 7610 16 7738 16 7866 15 7995 14 8123 13 8252 12 8381 10 8511 4,
gap_c8b105688fde86ee93,5040 4 5165 14 5180 1 5290 25 5416 27 5455 1 5543 28 5577 14 5670 27 5705 17 5796 28 5833 19 5923 27 5961 21 6051 26 6089 22 6178 26 6217 23 6305 26 6346 23 6432 26 6474 24 6559 26 6602 24 6686 26 6730 25 6814 26 6859 25 6941 27 6987 25 7069 27 7114 27 7196 28 7241 28 7324 27 7368 30 7452 27 7491 2 7495 31 7580 28 7618 36 7707 29 7745 37 7835 29 7873 37 7963 29 8001 38 8091 29 8130 37 8219 29 8260 35 8347 28 8387 36 8475 28 8514 37 8603 27 8642 36 8732 26 8770 36 8860 26 8898 36 8988 26 9026 36 9116 26 9154 36 9244 26 9283 34 9372 26 9412 33 9501 25 9541 32 9629 26 9669 31 9757 27 9798 30 9886 28 9926 30 10014 29 10055 28 10143 28 10183 28 10271 27 10312 26 10400 26 10440 25 10529 25 10569 24 10657 24 10697 23 10786 22 10826 21 10915 20 10955 19 11044 19 11084 18 11173 16 11213 15 11303 13 11343 12 11433 9 11473 8 11564 4,5700 1 5825 6 5950 10 6077 11 6204 12 6331 14 6458 15 6585 17 6713 17 6841 18 6968 19 7096 11 7109 5 7224 11 7237 4 7352 11 7366 1 7480 10 7608 9 7736 8 7864 7 7993 4 8122 1 8251 1 8376 10 8503 10 8631 10 8758 11 8886 11 9014 11 9142 11 9270 10 9398 10 9526 9 9655 7 9784 5,,,8257 2 8386 1,,4668 4 4788 18 4915 20 5046 2 5049 20 5187 12 5322 2 5325 1 6241 1 6369 2 6498 2 6557 1 6627 1 6684 2 6755 2 6812 1 6884 2 6939 2 7013 1 7067 1 7141 1 7195 1 8474 1 8601 2 8729 3 8807 1 8857 2 8934 2 8985 2 9062 2 9114 1 9190 2 9242 1 9318 2 9446 1 9537 2 9573 1 9664 4 9701 1 9791 6 9918 7 10046 7 10173 9 10301 9 10429 9 10557 9 10685 8 10813 9 10940 11 11041 2 11068 11 11103 1 11170 3 11196 12 11209 2 11230 1 11298 4 11317 3 11321 1 11324 1 11326 10 11337 5 11356 3 11427 5 11443 5 11449 2 11455 5 11464 8 11482 4 11557 5 11568 8 11577 1 11584 3 11593 10 11608 5 11686 16 11712 3 11726 14 11816 11 11841 2 11856 10 11948 1 11969 1 12097 1,9835 4 9875 4 9962 5 10003 4 10090 4 10131 5 10217 2 10262 2 10345 1 10391 1 10473 1 10519 2 10601 1 10648 1 10728 1 10776 1 10855 2 10904 2 10982 2 11033 2 11109 2 11162 3 11236 2 11291 3 11362 2 11421 3 11489 2 11551 2 11579 4 11588 4 11616 1 11681 1 11705 7 11715 7 11830 10 11843 9 11957 11 11971 11 12085 11 12100 11 12122 3 12197 2 12213 11 12229 11 12250 3 12324 2 12346 3 12359 6
gap_326c3893e44510207e,5818 2 5826 15 5936 12 5953 19 6062 13 6081 21 6188 11 6212 21 6314 11 6342 21 6439 12 6471 22 6566 12 6600 21 6693 12 6729 21 6820 12 6857 22 6948 12 6985 23 7075 12 7113 23 7203 12 7242 23 7331 12 7370 23 7459 11 7497 25 7587 12 7625 25 7715 12 7753 25 7843 12 7881 25 7971 12 8009 25 8099 13 8136 26 8227 13 8263 27 8355 14 8390 28 8483 15 8517 29 8611 15 8645 29 8739 17 8775 27 8867 18 8905 25 8996 19 9021 4 9034 24 9124 29 9162 24 9252 30 9290 23 9381 28 9418 23 9509 28 9546 23 9637 27 9673 24 9765 27 9801 24 9894 25 9929 23 10022 25 10057 23 10151 24 10185 22 10280 23 10313 22 10409 22 10441 21 10537 21 10569 20 10666 20 10698 18 10795 18 10826 17 10925 14 10955 15 11054 12 11085 11 11185 6 11216 5,6200 4 6326 14 6452 18 6579 20 6706 22 6834 23 6960 25 7088 25 7215 26 7343 26 7471 26 7599 26 7727 26 7856 25 7984 25 8113 23 8241 21 8370 17 8499 15 8628 13 8757 12 8773 1 8886 9 8899 5 9027 6 9155 6 9283 6 9411 6 9540 3 9669 2,,,,,5308 1 5311 2 5431 23 5557 26 5682 9 5695 5 5714 2 5843 2 6060 1 6185 2 6309 2 6436 3 6493 2 6563 3 6622 2 6691 2 6750 2 6818 2 6879 2 6946 2 7074 1 7266 1 7394 1 7522 1 7650 1 7906 1 7970 1 8034 1 8098 1 8162 1 8226 1 8290 1 9123 1 9186 1 9251 1 9379 1 9539 1 9665 4 9793 6 9920 7 10048 8 10176 8 10304 8 10432 7 10561 5 10689 1 10691 2 10816 2 10819 4 10944 8 11073 6 11096 2 11182 1 11203 2 11222 4 11311 4 11331 1 11349 4 11441 3 11477 2,7278 3 7406 4 7534 5 7662 5 7790 4 7919 2 8044 2 8172 2 8464 3 8557 1 8591 4 8719 2 8722 1 8847 4 8976 3 11195 4 11322 8 11334 6 11450 8 11461 8 11579 7 11589 7 11719 3
gap_6e1c9cc6c037d549a2,,6590 4 6717 6 6845 7 6973 7 7101 6 7229 6 7239 2 7358 4 7367 3 7494 5 7622 5 7750 5 7879 3,,6432 6 6558 10 6685 11 6813 11 6940 12 7068 12 7196 6 7324 6 7386 2 7452 6 7513 6 7580 6 7589 1 7640 9 7708 8 7769 8 7836 8 7899 7 7964 7 8028 7 8092 7 8105 1 8156 7 8220 8 8232 3 8283 8 8349 15 8401 3 8411 8 8477 14 8529 5 8539 8 8605 14 8657 7 8666 9 8734 12 8785 18 8863 9 8913 17 8995 3 9042 15 9170 14 9299 12 9429 9 9559 3,2751 4 2877 7 3003 14 3116 4 3130 17 3243 8 3256 26 3371 40 3498 46 3625 54 3751 26 3781 5 3788 27 3873 28 3916 29 4000 11 4016 12 4045 29 4127 13 4150 4 4178 13 4193 11 4254 14 4306 12 4321 12 4381 15 4434 11 4449 12 4508 16 4562 11 4579 11 4635 17 4690 10 4714 4 4763 17 4818 10 4843 4 4891 17 4919 2 4947 9 4969 3 4973 3 5020 15 5047 2 5055 1 5076 8 5093 7 5103 1 5149 14 5183 1 5196 1 5206 11 5219 8 5281 10 5323 2 5334 22 5409 11 5437 2 5451 2 5463 24 5538 11 5551 4 5560 2 5564 4 5592 24 5666 30 5721 23 5782 3 5795 29 5851 6 5860 12 5909 4 5925 21 5949 3 5981 3 5988 10 6037 4 6054 15 6111 1 6116 9 6165 3 6183 13 6244 6 6258 2 6312 12 6386 3 6441 9 6514 3 6570 4 6641 5 6732 3 6751 2 6765 9 6878 5 6892 10 7005 8 7015 15 7134 24 7241 1 7264 22 7370 1 7394 19 7523 18 7651 18 7780 17 7909 15 8037 13 8165 12 8295 8,,7738 1 7865 7 7992 11 8119 13 8246 14 8374 15 8502 15 8630 15 8758 15 8886 15 9014 15 9142 14 9270 14 9397 15 9523 18 9649 22 9776 24 9903 4 9910 19 10030 2 10039 12 10054 3 10168 10 10184 2 10300 2 10313 1 10427 3 10555 3 10683 3 10811 3 10939 4 11068 2,8113 4 8240 5 8367 6 8494 7 8519 3 8622 7 8646 5 8749 8 8774 5 8877 8 8902 6 9005 8 9030 6 9133 8 9158 7 9261 7 9286 8 9389 6 9414 8 9517 5 9542 8 9648 1 9671 7 9800 6 9929 4 10293 3 10307 3 10417 8 10432 7 10541 13 10559 9 10667 15 10687 10 10794 16 10815 12 10922 16 10944 13 11049 17 11072 13 11178 15 11200 14 11306 14 11329 15 11435 13 11458 14 11564 11 11586 13 11696 7 11714 13 11827 3 11842 11 11971 3 11975 5
gap_ac4071ac5a058dcd5f,3539 4 3668 6 3797 7 3926 9 4055 10 4184 10 4313 11 4441 12 4570 12 4699 12 4828 12 4957 11 5086 11 5216 9 5345 9 5474 8 5602 8 5731 8 5859 8 5988 7 6033 2 6116 7 6161 2 6244 7 6289 2 6372 7 6417 1 6500 7 6545 1 6628 8 6673 1 6755 9 6801 1 6883 9 6929 1 7011 9 7057 1 7139 9 7185 1 7266 10 7313 1 7359 2 7394 10 7441 2 7486 9 7521 11 7569 2 7614 14 7649 11 7697 2 7743 17 7775 13 7825 1 7871 19 7902 13 7999 22 8029 14 8127 24 8154 17 8255 44 8385 41 8468 1 8514 40 8595 2 8629 1 8643 39 8723 2 8755 3 8772 38 8851 3 8883 3 8900 38 8979 4 9011 3 9029 36 9107 6 9140 1 9157 36 9236 6 9286 35 9365 6 9414 35 9493 8 9542 34 9621 9 9671 33 9750 10 9799 32 9878 11 9927 32 10007 12 10056 30 10135 13 10166 1 10184 30 10264 13 10293 2 10312 29 10393 12 10420 3 10440 28 10522 12 10548 3 10569 27 10651 12 10676 3 10697 26 10779 13 10803 4 10826 24 10908 14 10930 4 10954 23 11037 16 11057 5 11083 21 11167 22 11212 18 11296 20 11342 15 11426 17 11471 12 11556 3 11561 8 11601 6 11609 1,6721 8 6849 10 6976 11 7104 12 7233 11 7362 7 8379 4 8505 8 8632 10 8760 10 8888 10 9016 10 9144 10 9273 8 9401 7 9532 2,3396 3 3524 4 3640 16 3765 19 3785 2 3891 25 4019 25 4146 31 4274 33 4401 36 4528 39 4655 42 4784 42 4912 44 5040 45 5169 46 5297 47 5424 49 5552 50 5681 49 5809 50 5937 50 6066 49 6194 50 6322 50 6451 49 6581 3 6590 37 6719 2 6729 26 6847 2 6859 24 6987 24 7116 22 7244 22 7373 21 7502 19 7632 16 7761 14 7891 11 7962 3 8022 5 8089 6 8217 9 8345 10 8474 11 8602 13 8730 15 8859 15 8987 17 9116 16 9245 15 9374 14 9503 13 9632 11 9762 7,,4782 2 4910 2 5038 1 5164 3 5290 6 5416 8 5542 10 5669 12 5797 12 5925 12 6053 12 6181 13 6309 13 6436 10 6564 7 6692 6 6819 4 6947 4 7074 5 7202 7 7212 3 7330 7 7338 6 7458 15 7475 1 7482 1 7586 19 7609 5 7715 18 7737 6 7845 15 7866 5 7973 15 7995 2 8102 13 8231 10 8355 12 8485 9 8615 7 8745 5 8874 4 9004 1 9132 1 9260 1,,2377 4 2474 6 2504 7 2601 7 2631 9 2726 11 2759 11 2851 14 2888 14 2977 15 3018 1 3021 12 3103 10 3151 13 3230 10 3281 13 3357 9 3413 10 3484 6 3544 8 3611 2 3675 6 3738 2 3805 5 3937 1 4711 3 4756 1 4840 3 4883 2 4968 3 5010 2 5097 3 5137 3 5225 3 5265 3 5354 3 5392 3 5482 3 5520 2 5611 2 5647 3 5739 2 5775 2 5867 2 5903 2 5996 1 6124 1 6252 1 7310 2 7438 2 7532 2 7566 2 7660 2 7694 2 7788 3 7822 2 7915 3 7950 3 8043 3 8079 2 8171 3 8207 2 8299 3 8335 3 8427 3 8463 3 8555 2 8592 2 8683 2 8721 1 8810 2 8849 1 8938 2 9662 4 9788 9 9915 11 10042 13 10170 13 10297 14 10425 13 10519 1 10553 13 10597 1 10647 2 10681 13 10723 3 10775 3 10810 12 10850 3 10904 3 10938 12 10977 4 11032 4 11066 12 11105 3 11161 4 11195 10 11232 4 11290 4 11325 6 11359 4 11419 4 11451 8 11487 2 11549 3 11578 12 11613 3 11678 3 11706 15 11740 3 11807 3 11831 1 11834 10 11845 5 11853 4 11868 1 11938 1 11950 5 11958 5 11966 4 11974 4 11981 6 12075 7 12087 3 12095 2 12103 2 12111 5 12203 6 12215 3 12231 2 12241 1 12333 1 12607 2,11971 2 12091 3 12098 5 12105 4 12211 4 12218 5 12225 6 12233 5 12337 7 12345 6 12353 15 12463 16 12481 16 12589 17 12610 4 12616 9 12721 6
gap_1a2391d59418825643,3487 5 3612 11 3737 16 3863 20 3989 22 4051 1 4116 20 4174 12 4242 19 4300 18 4369 18 4418 32 4496 18 4546 35 4623 17 4675 36 4750 17 4803 37 4877 17 4933 37 5004 17 5062 37 5131 16 5191 38 5258 17 5320 38 5385 17 5449 38 5513 16 5577 39 5640 17 5706 38 5768 16 5834 39 5895 17 5962 40 6023 17 6091 40 6151 16 6219 41 6279 16 6347 41 6407 16 6475 42 6534 17 6603 43 6662 17 6732 42 6790 17 6860 43 6918 17 6988 43 7046 17 7115 44 7175 16 7243 45 7303 16 7371 45 7431 16 7499 45 7559 17 7627 45 7686 18 7755 16 7779 21 7814 19 7883 15 7908 20 7943 18 8010 15 8038 18 8071 19 8138 15 8167 17 8199 20 8265 12 8296 16 8328 20 8392 11 8425 15 8456 21 8520 11 8553 15 8584 22 8647 12 8681 15 8713 22 8774 14 8810 14 8841 22 8901 15 8938 14 8969 24 9026 19 9066 13 9097 25 9154 20 9194 13 9226 27 9283 19 9322 13 9354 29 9412 18 9450 12 9482 31 9541 18 9577 13 9610 32 9669 19 9705 13 9739 31 9797 19 9833 13 9867 32 9926 19 9960 13 9996 31 10055 19 10087 14 10125 30 10184 19 10214 15 10253 30 10312 22 10338 18 10381 31 10440 44 10510 30 10568 44 10638 31 10697 42 10767 31 10825 41 10896 36 10953 41 11024 37 11082 39 11153 36 11210 39 11282 34 11339 37 11411 32 11468 35 11540 31 11596 35 11670 28 11726 32 11799 26 11855 31 11929 22 11986 27 12058 19 12115 25 12189 15 12244 23 12372 21 12502 18 12638 8,3892 4 3912 1 4022 2 4038 3 4042 1 4144 2 4166 5 4270 7 4396 12 4523 14 4649 17 4775 20 4842 1 4901 22 5027 24 5101 1 5153 26 5280 27 5315 3 5406 28 5442 5 5532 30 5569 7 5659 31 5695 9 5786 32 5822 11 5914 32 5949 12 6041 34 6077 13 6169 34 6204 14 6297 50 6425 50 6552 51 6680 51 6808 51 6936 51 7064 51 7192 35 7228 14 7320 31 7357 13 7448 30 7484 14 7577 31 7611 14 7705 46 7834 43 7962 43 8091 39 8220 38 8349 36 8478 34 8607 31 8738 1 8740 27 8870 15 8886 8 9001 12 9014 6 9130 16 9258 5 9264 2 9267 4 9399 2 9520 4 9526 4 9647 10 9774 8 9901 9 10028 11 10155 12 10284 11 10412 10 10541 9 10670 8 10800 4,8543 1 8670 4 8798 6 8924 8 9050 10 9178 10 9307 8 9438 5 9564 7 9692 8 9821 6,,,,2989 1 3116 6 3244 11 3375 2 3379 7 3503 2 3508 17 3527 4 3631 2 3636 17 3655 3 3669 1 3759 1 3764 12 3779 2 3896 3 3901 5 3907 2 3911 1 3913 2 3933 2 4032 4 4041 1 4060 4 4189 3 4239 3 4366 3 4493 3 4620 3 4747 2 5229 2 5358 3 5487 3 5616 3 5638 2 5745 3 5765 3 5873 3 5892 3 6003 1 6020 3 6148 2 6277 1 6775 2 6903 3 6916 1 7031 3 7044 2 7159 3 7172 2 7288 3 7300 2 7417 2 7427 3 7545 1 7555 3 7684 1 8441 2 8568 3 8582 2 8696 3 8710 3 8824 4 8838 3 8952 4 8966 3 9080 3 9094 3 9209 2 9222 3 9351 1 9664 2 9789 7 9916 9 9974 2 10044 9 10101 3 10171 11 10229 4 10298 12 10357 3 10426 12 10485 3 10507 2 10553 13 10613 3 10635 3 10681 13 10741 2 10763 3 10809 12 10869 1 10892 3 10937 12 11020 4 11064 14 11149 3 11192 14 11278 3 11321 13 11406 3 11453 9 11536 2 11580 8 11665 2 11708 7 11794 1 11832 13 11959 15 12087 15 12215 16 12343 15 12397 2 12462 3 12469 16 12523 3 12588 3 12597 11 12612 2 12649 4 12715 1 12722 1 12724 8 12734 2 12737 4 12776 5 12853 6 12862 6 12869 2 12903 4 12981 5 12990 2 12993 2 12998 1 13004 1 13030 4 13110 3 13118 2 13121 2 13126 2 13156 5 13239 4 13245 3 13250 1 13255 1 13283 4 13367 9 13377 4 13382 1 13409 4 13496 2 13501 3 13506 3 13634 2 13892 1,11257 2 11384 3 11512 3 11528 1 11787 1 11894 3 11915 1 12023 1 12040 1 12151 1 12155 3 12278 2 12297 2 12405 2 12741 2 12848 1 12859 2 12868 1 12973 4 12979 2 12986 3 12995 3 13001 1 13099 6 13107 3 13113 3 13123 3 13129 1 13227 6 13235 3 13243 1 13251 3 13355 6 13363 3 13381 1 13387 3 13484 3 13491 2 13509 10 13521 1 13537 2 13637 9 13747 2 13765 1 13771 3 13776 1 13893 1 13899 3 14025 2
gap_402548b58fc38e13b5,,7244 4 7372 5 7500 5 7597 5 7628 5 7725 5 7755 6 7854 4 7859 2 7882 4 7887 2 7983 1 7987 3 8011 5 8117 1 8141 4 8146 1 8269 4,,,4921 1 5048 2 5176 1 5191 7 5318 10 5413 4 5445 13 5466 4 5537 10 5574 16 5591 8 5661 14 5703 25 5788 15 5835 23 5859 1 5915 18 5936 3 5965 28 6043 25 6071 3 6094 29 6170 32 6210 3 6223 28 6298 32 6338 4 6351 28 6427 30 6466 3 6475 1 6482 25 6555 30 6595 2 6611 24 6683 30 6740 23 6811 2 6816 5 6824 17 6869 21 6945 3 6955 15 6997 20 7089 10 7125 19 7217 10 7263 8 7351 4 7392 7 7480 3 7521 4 7609 1,,2979 2 3107 2 8115 2 8125 8 8241 5 8252 11 8368 5 8377 16 8489 3 8495 6 8503 19 8617 35 8746 40 8787 2 8875 43 9003 43 9132 41 9260 41 9389 40 9518 38 9645 38 9776 33 9902 34 10031 8 10040 16 10057 7 10159 8 10168 15 10185 9 10288 14 10303 9 10313 5 10320 1 10419 3 10424 5 10431 9 10441 2 10444 1 10448 1 10552 6 10560 8 10682 1 10687 4 10816 1 10944 1,4880 2 5007 5 5134 6 5262 6 5390 6 5518 6 5646 6 5774 6 5902 7 6031 6 6130 4 6157 1 6159 6 6257 6 6287 6 6385 6 6416 6 6512 8 6544 6 6640 8 6665 2 6672 7 6767 9 6793 3 6801 6 6895 9 6921 6 6929 7 6953 2 7022 10 7049 7 7058 7 7080 4 7149 11 7177 8 7186 9 7207 6 7251 6 7276 11 7306 8 7316 11 7334 7 7379 6 7403 12 7434 23 7462 7 7507 6 7530 12 7562 11 7574 13 7590 7 7635 7 7657 11 7669 1 7690 34 7763 7 7784 1 7786 13 7818 34 7891 7 7911 16 7946 34 8018 9 8037 18 8075 32 8147 35 8204 29 8276 34 8333 27 8405 33 8462 27 8534 31 8591 26 8663 30 8721 25 8791 29 8850 25 8918 12 8931 16 8981 22 9046 27 9111 11 9123 9 9173 27 9240 20 9301 25 9364 15 9380 9 9429 23 9491 26 9556 21 9619 26 9684 18 9748 17 9766 7 9812 17 9877 16 9894 8 9939 18 10006 25 10066 20 10135 15 10151 8 10194 20 10266 13 10280 8 10321 20 10396 11 10408 9 10449 19 10526 20 10569 3 10573 1 10576 19 10656 24 10695 27 10786 27 10819 29 10916 26 10946 28 11045 26 11073 22 11096 4 11176 2 11180 19 11201 21 11311 2 11315 12 11329 13 11343 6 11445 8 11458 10 11472 2
gap_20c8234a3aff917b1e,,7764 1 7891 2 8019 2 8147 2 8238 2 8275 2 8366 2 8403 2 8494 3 8529 4 8622 4 8628 2 8656 5 8753 1 8756 1 8783 6 8881 5 8911 5 9009 6 9040 1 9137 6 9265 6 9393 5,,,4155 3 4163 4 4272 29 4397 34 4523 37 4650 3 4655 4 4660 5 4666 23 4778 2 4783 11 4797 21 4904 18 4928 18 5029 22 5056 3 5065 8 5077 6 5156 23 5184 3 5195 5 5205 7 5283 25 5313 2 5333 7 5412 13 5427 9 5441 2 5461 7 5540 13 5555 10 5570 2 5589 7 5667 14 5685 8 5699 2 5716 7 5794 15 5815 7 5828 4 5840 11 5921 18 5946 5 5957 4 5968 6 6049 5 6055 14 6074 7 6085 5 6095 7 6178 3 6187 11 6204 7 6213 5 6224 7 6315 12 6332 7 6341 5 6353 6 6442 14 6461 7 6469 6 6481 5 6570 9 6580 5 6589 7 6598 5 6611 2 6698 8 6709 4 6717 8 6726 5 6827 7 6838 3 6845 8 6855 3 6956 5 6967 2 6973 7 7085 2 7100 8 7228 6 7356 4 7485 3 7614 1 7752 2 7880 2 8647 3 8774 5 8902 5 9029 6 9157 5 9284 5 9412 4 9539 5 9667 4 9795 4 9923 4 10051 4 10179 4 10307 2,,9301 1 9428 2 9555 2 9683 2 9810 3 9903 1 9936 5 10031 1 10033 2 10064 4 10159 1 10161 3 10191 5 10289 3 10318 6 10417 4 10445 6 10545 4 10573 6 10673 5 10700 7 10801 6 10827 8 10929 7 10954 9 11057 8 11079 12 11185 10 11203 16 11314 33 11442 27 11470 4 11570 2 11573 24 11599 1 11701 6 11709 10 11720 5 11829 6 11837 9 11848 6 11957 18 11976 5 12086 4 12091 12 12105 4 12220 7 12229 1,6113 3 6238 7 6365 8 6431 1 6492 8 6558 5 6619 9 6686 7 6746 10 6814 8 6873 9 6883 6 6938 13 7000 18 7065 16 7127 19 7147 4 7193 6 7201 9 7255 26 7321 18 7381 29 7442 4 7448 20 7509 30 7569 7 7579 18 7636 32 7697 7 7707 4 7712 14 7765 32 7824 9 7836 3 7840 14 7893 33 7952 9 7964 3 7968 15 8021 33 8080 10 8091 4 8096 15 8149 33 8208 14 8224 14 8277 13 8291 20 8335 14 8352 14 8405 13 8419 20 8463 14 8480 14 8533 13 8547 20 8591 15 8608 14 8661 1 8664 30 8719 15 8736 14 8791 30 8847 16 8865 9 8875 2 8919 29 8974 18 8994 9 9046 29 9103 18 9122 9 9174 29 9231 19 9251 9 9302 28 9360 19 9380 9 9431 26 9489 28 9557 28 9619 26 9686 26 9746 19 9766 9 9813 26 9875 28 9941 25 10003 28 10068 25 10132 27 10196 24 10261 28 10324 23 10390 27 10451 24 10520 25 10579 7 10587 15 10649 24 10707 7 10715 14 10778 23 10835 7 10843 13 10907 22 10963 6 10971 11 11036 13 11050 7 11091 5 11098 11 11166 11 11179 6 11219 5 11225 11 11294 12 11307 7 11347 3 11352 10 11423 12 11436 6 11474 3 11480 8 11553 10 11565 5 11602 2 11607 7 11683 9 11695 3 11730 1 11735 6 11813 8 11824 2 11861 6 11942 8 11983 2 11987 7 12072 7 12083 1 12111 6 12203 4 12210 2 12239 4 12345 2 12473 2
gap_dee767bdf0d6d0cbc1,,8852 1 9257 2 9385 1 9513 1,,,,,6404 1 6808 1 6934 6 7057 12 7184 3 7193 4 7312 3 7321 10 7440 1 7449 10 7568 1 7577 12 7696 1 7705 13 7824 1 7831 15 7952 1 7957 3 7962 1 7964 3 7973 2 8080 1 8101 2 8208 1 10424 1 10430 3 10551 3 10556 5 10679 12 10807 13 10935 15 11064 13 11201 2 11704 4 11831 6 11841 3 11959 14 12087 14 12219 9 12348 4 12476 3 12604 2 13116 2 13138 4 13245 1 13266 5 13395 4,3478 1 3605 1 3732 2 3859 4 3988 3 5491 1 5619 2 5747 2 6403 1 6531 1 7187 6 7287 2 7315 6 7415 3 7441 8 7543 3 7569 8 7671 3 7697 8 7800 3 7825 6 7928 2 7953 2 8056 2 8081 1 8439 1 8822 1 8949 2 9081 1 9208 2 9335 3 9463 3 9591 3 9719 3 9848 2 9976 1 10361 2 10485 1 10489 2 10504 2 10612 2 10632 3 10741 1 10760 3 10889 3 11018 2 11146 3 11275 2 11404 2 12143 2 12269 3 12397 3 12473 1 12523 4 12570 6 12601 2 12650 4 12699 7 12727 4 12777 4 12829 2 12855 3 12904 4 12983 3 13032 1
gap_55293f20ef85bf30a0,,7620 1 7744 7 7861 3 7870 10 7990 2 7997 12 8125 13 8254 12 8384 11 8513 10 8526 1 8627 3 8641 8 8654 1 8755 3 8782 1 8883 3 8910 1 9010 4 9137 3,,,3009 3 3135 6 3144 4 3156 1 3262 8 3271 6 3283 6 3389 17 3411 8 3500 2 3514 12 3527 9 3539 10 3627 2 3640 12 3656 9 3668 11 3753 1 3767 10 3785 8 3795 13 3878 4 3895 6 3914 7 3924 13 4005 4 4023 6 4042 7 4052 6 4062 4 4131 4 4152 4 4170 7 4181 5 4192 3 4258 2 4281 2 4297 7 4311 1 4403 3 4425 6 4529 5 4552 7 4651 11 4680 9 4690 1 4778 10 4808 12 4906 5 4936 11 5033 6 5065 6 5093 4 5162 4 5220 6 5227 2 5291 2 5348 6 5355 2 5406 4 5411 5 5477 9 5534 11 5605 10 5655 1 5662 11 5728 4 5734 4 5740 3 5782 2 5790 11 5855 5 5868 3 5909 3 5917 12 5981 7 5997 3 6037 4 6045 10 6078 3 6107 8 6125 3 6165 3 6172 10 6206 3 6233 8 6252 4 6293 4 6300 9 6334 3 6360 6 6380 4 6421 4 6427 10 6461 4 6488 5 6507 5 6548 5 6556 9 6589 5 6615 6 6634 6 6677 5 6685 7 6716 8 6738 10 6757 10 6805 5 6814 6 6841 12 6866 10 6885 8 6933 5 6943 4 6966 16 6994 9 7013 3 7061 6 7071 3 7091 11 7105 8 7122 7 7141 1 7189 7 7199 3 7210 2 7218 12 7236 7 7250 5 7318 9 7328 2 7335 7 7348 9 7366 5 7377 5 7449 6 7462 8 7478 5 7495 5 7506 2 7580 2 7589 9 7624 4 7709 1 7717 8 7754 2 7845 8 7974 5 8103 2,,8895 6 9022 11 9149 12 9276 13 9403 15 9528 18 9655 20 9782 20 9911 19 10039 18 10168 1 10170 15 10194 3 10294 19 10322 3 10422 1 10425 13 10444 9 10543 1 10546 33 10670 37 10799 28 10828 4 10931 24 10957 2 11063 20 11191 20 11320 5 11328 3 11336 3 11448 3 11457 1 11969 1 12097 1,6767 1 6893 2 7016 7 7148 3 7272 7 7397 7 7525 8 7653 8 7781 9 7833 1 7909 9 7960 3 7984 1 8037 9 8087 5 8110 5 8144 6 8165 9 8214 6 8238 5 8272 6 8292 10 8342 6 8365 7 8399 7 8420 10 8470 7 8493 8 8527 8 8548 11 8598 7 8620 7 8655 7 8675 14 8726 8 8748 7 8783 7 8802 11 8814 4 8854 9 8876 7 8911 7 8930 10 8942 4 8982 10 9005 5 9038 8 9057 11 9069 4 9111 10 9134 3 9167 6 9183 14 9239 11 9263 3 9296 4 9308 17 9368 12 9434 18 9497 13 9561 19 9625 14 9688 19 9752 16 9815 20 9880 17 9943 19 10009 18 10071 18 10137 19 10197 19 10266 18 10325 17 10396 16 10453 15 10525 16 10579 16 10655 15 10707 14 10784 15 10834 14 10914 14 10962 12 11043 16 11087 2 11090 11 11173 16 11213 15 11303 15 11340 14 11434 13 11461 2 11468 13 11563 12 11580 13 11595 13 11692 3 11696 34 11732 3 11824 35 11860 1 11952 15 11968 1 11970 16 12081 13 12100 14 12209 12 12229 12 12340 9 12358 10 12471 4 12488 6
gap_6949a812712b424fa8,5399 2 5527 2 5654 3 5781 3 5909 3 6036 4 6164 3 6292 3 6420 3 6548 3 6676 3 6803 4 6931 4 7059 4 7187 4 7315 4 7443 4 7570 4 7698 4 7826 4 7954 4 8082 4 8210 5 8243 1 8338 5 8370 2 8466 5 8497 3 8594 5 8625 4 8722 6 8752 5 8850 7 8880 5 8978 7 9007 6 9106 7 9135 6 9234 9 9260 9 9284 1 9363 10 9387 10 9412 2 9491 12 9512 12 9541 2 9619 15 9637 15 9669 3 9747 33 9798 3 9876 32 9926 5 10004 32 10054 6 10095 1 10133 31 10183 6 10222 2 10261 31 10311 7 10349 3 10390 30 10439 8 10476 3 10519 29 10568 9 10602 5 10648 27 10696 11 10729 5 10777 26 10824 13 10855 7 10906 25 10952 17 10978 11 11035 24 11080 37 11164 22 11209 35 11293 21 11337 34 11422 19 11466 32 11552 16 11594 31 11683 11 11723 29 11852 27 11981 25 12110 23 12239 20 12369 15 12501 7,6855 2 6982 3 7109 5 7237 4 7364 5 7492 5 7620 7 7748 7 7875 10 8004 7 8119 6 8132 7 8246 8 8261 4 8374 8 8390 3 8501 9 8629 9 8648 1 8757 9 8885 9 9014 7 9142 6 9545 2 9673 2 9802 1 9931 1,3408 2 3537 2 6375 2 6502 5 6629 7 6756 9 6854 1 6876 1 6880 1 6882 12 7003 3 7007 16 7132 19 7247 1 7260 19 7375 2 7387 21 7497 2 7502 6 7513 23 7627 11 7641 23 7708 4 7716 1 7755 12 7769 24 7835 6 7844 1 7885 36 7961 14 8011 38 8088 15 8139 39 8216 18 8265 41 8344 19 8393 41 8472 18 8520 42 8601 17 8649 41 8729 18 8776 41 8857 17 8904 41 8986 16 9033 40 9115 15 9161 40 9244 14 9289 40 9373 12 9417 40 9504 7 9547 38 9675 37 9803 36 9932 35 10060 34 10189 33 10319 29 10448 27 10577 24 10707 19 10837 14 10969 3 10973 2,,2620 7 2742 17 2867 23 2994 27 3121 29 3247 33 3374 34 3496 41 3623 46 3751 49 3804 5 3879 48 3931 7 4006 49 4059 8 4134 50 4187 8 4262 51 4315 9 4390 51 4443 9 4517 52 4572 7 4645 52 4701 5 4773 52 4830 3 4901 52 5029 53 5156 26 5191 19 5284 25 5319 20 5344 4 5412 24 5447 20 5471 6 5540 24 5575 19 5598 7 5668 23 5704 18 5726 8 5796 23 5833 16 5854 10 5923 23 5961 16 5982 10 6051 22 6090 15 6110 10 6179 19 6220 13 6239 8 6306 19 6349 12 6368 5 6434 18 6478 11 6562 18 6607 9 6689 19 6737 6 6817 20 6857 1 6866 5 6945 22 6985 2 7073 23 7100 1 7114 1 7202 22 7228 2 7241 2 7246 1 7330 22 7356 2 7369 2 7374 1 7459 15 7479 2 7485 1 7587 14 7717 1 7720 9 7845 1 7848 8 7975 9 8103 8 8234 3,,2976 3 3102 5 3229 4 3356 4 3483 4 3611 3 3738 3 3866 2 3946 1 3994 1 4074 2 4121 1 4202 3 4252 2 4330 4 4458 5 4587 4 4631 1 4717 2 4759 1 4846 2 4886 2 4975 1 5014 2 5141 2 5232 1 5269 2 5360 1 5397 1 5487 2 5615 2 5651 2 5743 2 5779 2 5871 3 5907 1 5999 3 6127 3 6255 2 6641 2 6769 2 6897 2 6930 1 7025 2 7057 2 7185 2 7313 2 7441 2 7569 1 7697 1 8691 1 8818 2 8946 2 9074 2 9201 3 9329 2 9457 2 9530 8 9585 2 9656 12 9713 2 9783 13 9841 1 9910 15 9969 1 10038 16 10097 1 10166 16 10225 1 10260 1 10295 15 10388 2 10425 13 10517 2 10552 14 10645 2 10681 13 10774 2 10809 12 10903 2 10938 11 11032 2 11065 12 11161 2 11193 12 11290 2 11320 13 11419 2 11444 2 11447 15 11569 9 11581 4 11586 5 11592 1 11696 4 11702 3 11710 1 11715 7 11822 4 11844 2 11848 2 11950 1 11977 1 12093 2 12221 2 12349 2 12510 4 12635 6 12760 7 12888 3,11830 7 11840 4 11954 21 12080 13 12095 10 12205 16 12223 11 12330 18 12352 13 12458 17 12481 13 12587 15 12609 14 12717 10 12738 13 12867 11 12997 8
gap_9696f14c53a04a1fef,,,,,,,,6463 2 6468 1 6590 3 6595 2 6717 9 6754 9 6845 10 6881 5 6888 5 6944 3 6973 11 7008 7 7019 4 7068 3 7073 3 7100 13 7135 17 7191 9 7227 6 7234 7 7263 18 7317 4 7324 5 7354 6 7364 6 7391 18 7444 4 7449 9 7481 5 7493 6 7519 18 7571 15 7608 5 7623 5 7647 18 7698 17 7735 4 7752 4 7776 17 7826 17 7862 4 7881 4 7906 14 7954 17 7990 3 8010 3 8036 11 8081 17 8117 3 8139 3 8165 9 8209 15 8244 2 8268 3 8290 1 8294 5 8338 13 8371 2 8396 3 8415 7 8466 12 8498 2 8524 4 8543 7 8596 18 8625 2 8653 4 8671 6 8726 16 8752 2 8781 6 8857 13 8879 2 8910 7 8987 11 9003 4 9039 11 9119 6 9129 6 9168 11 9239 3 9253 9 9297 11 9316 3 9366 6 9381 8 9426 10 9443 6 9494 8 9508 9 9555 9 9570 8 9623 8 9636 8 9683 9 9697 9 9752 7 9763 9 9812 8 9825 9 9881 6 9891 9 9940 7 9951 11 10010 4 10020 7 10070 5 10078 11 10140 3 10147 8 10205 11 10269 4 10275 7 10332 9 10399 2 10404 6 10459 10 10528 3 10581 16 10656 3 10707 17 10785 14 10833 18 10913 16 10960 17 11042 17 11087 16 11171 18 11201 1 11215 15 11300 18 11329 2 11343 12 11429 17 11457 2 11472 9 11558 15 11586 2 11688 12 11715 1 11820 5 11843 1
gap_dce84719814d616a6d,,6743 2 6871 2 7076 2 7204 2,,,,,,6851 2 6970 4 6975 2 6979 5 7094 18 7222 18 7262 2 7350 18 7389 4 7479 16 7516 6 7607 16 7644 7 7709 2 7734 18 7773 7 7835 5 7862 18 7901 8 7962 6 7990 18 8030 7 8090 6 8118 8 8127 9 8159 5 8218 6 8245 8 8258 6 8281 4 8288 3 8346 6 8374 5 8409 6 8474 6 8503 2 8536 10 8665 17 8793 20 8858 7 8921 22 8979 14 9050 22 9105 16 9179 21 9231 18 9300 3 9308 21 9357 20 9428 3 9437 21 9484 21 9551 1 9554 5 9566 20 9612 20 9663 1 9678 9 9696 18 9739 20 9791 1 9806 9 9826 16 9867 19 9899 4 9934 9 9956 14 9995 17 10025 6 10062 1 10065 6 10085 12 10123 16 10152 7 10190 1 10194 5 10213 12 10252 13 10280 8 10318 9 10342 10 10380 13 10407 9 10446 9 10471 8 10509 11 10535 9 10574 9 10600 5 10638 10 10663 9 10702 9 10767 8 10790 10 10831 8 10897 5 10918 9 10959 7 11047 8 11087 6 11106 6 11175 8 11215 4 11230 12 11282 10 11304 7 11344 2 11352 19 11409 12 11433 6 11478 20 11538 16 11564 3 11604 21 11667 18 11730 21 11796 21 11851 26 11926 21 11952 4 11977 25 12057 30 12105 22 12189 27 12233 20 12319 25 12362 11 12450 22 12492 7 12581 19 12717 9
gap_a41f28968092944dbd,4160 2 4167 9 4271 1 4276 6 4283 26 4394 46 4520 50 4644 55 4769 60 4895 25 4921 37 5022 25 5052 35 5148 26 5182 35 5274 27 5312 34 5400 28 5443 32 5527 28 5571 33 5654 28 5701 32 5781 29 5830 32 5908 29 5958 33 6036 29 6087 32 6163 29 6215 33 6291 29 6343 34 6418 29 6472 34 6546 29 6600 34 6673 30 6730 33 6801 30 6859 32 6928 30 6988 32 7056 30 7116 32 7183 30 7245 31 7311 30 7373 32 7439 30 7501 32 7567 30 7630 31 7696 29 7760 29 7824 29 7889 28 7952 29 8017 29 8080 28 8145 29 8208 28 8272 30 8336 29 8400 30 8465 29 8520 2 8528 30 8593 30 8647 39 8721 30 8773 40 8850 32 8898 43 8978 33 9026 43 9107 32 9153 43 9235 22 9262 5 9281 43 9364 21 9390 6 9410 42 9492 21 9518 2 9521 2 9540 40 9621 20 9644 3 9649 2 9669 38 9749 20 9771 4 9777 2 9798 37 9878 26 9905 2 9926 37 10006 30 10055 36 10135 30 10183 35 10264 30 10311 35 10392 33 10440 33 10521 33 10568 33 10650 32 10696 32 10779 31 10824 31 10908 29 10953 30 11036 29 11081 29 11165 28 11209 28 11294 26 11338 26 11423 24 11467 25 11552 23 11595 23 11682 19 11724 21 11811 17 11854 17 11941 13 11983 14 12074 5 12114 9,5566 5 5693 7 5820 9 5948 10 6066 7 6075 11 6193 9 6203 12 6321 22 6448 23 6576 23 6704 24 6832 26 6961 12 6976 11 7089 12 7107 8 7218 12 7235 9 7347 12 7362 10 7476 25 7604 25 7733 23 7855 28 7982 8 7995 16 8014 3 8109 10 8124 15 8141 4 8237 11 8254 13 8269 1 8366 11 8384 6 8495 10 8624 9 8754 5 9142 2 9259 2 9269 6 9385 4 9396 8 9513 4 9524 8 9641 3 9648 1 9651 9 9770 1 9775 2 9779 9 9907 9 10036 7 10165 6 10294 4,,,8893 4 9021 4 9149 4 9277 4 9406 2,,3639 9 3765 15 3887 26 4012 26 4137 19 4262 6 4389 4 4517 2 4959 2 5088 2 5145 2 5217 2 5271 2 5346 2 5398 1 5475 2 5525 1 5604 2 5652 1 5733 2 5862 2 5991 2 6120 1 6249 1 6378 1 6416 2 6543 3 6671 2 6798 3 6926 2 7662 1 7694 1 7789 3 7821 3 7917 3 7949 3 8046 2 8078 2 8174 2 8206 2 8302 2 8430 2 9105 2 9197 2 9233 2 9324 3 9361 3 9452 3 9490 2 9580 2 9618 3 9663 5 9708 2 9747 2 9790 7 9836 1 9875 2 9917 8 10004 1 10045 9 10172 10 10300 10 10428 10 10556 11 10683 12 10729 1 10811 11 10856 2 10938 12 10983 3 11066 12 11111 2 11194 12 11238 2 11324 11 11365 3 11449 2 11452 11 11492 3 11549 2 11576 2 11579 12 11593 1 11620 2 11678 2 11703 2 11707 12 11721 2 11747 2 11807 3 11829 4 11836 11 11850 1 11936 4 11956 4 11965 8 11979 1 12065 6 12081 9 12094 5 12108 3 12194 23 12223 4 12237 4 12325 15 12351 2 12367 4 12458 7 12480 1 12607 2,9996 3 10124 4 10227 2 10253 4 10354 3 10381 4 10482 3 10510 4 10609 4 10639 3 10737 3 10768 3 10864 3 10897 4 10991 3 11026 4 11119 2 11155 3 11246 1 11373 2 11500 2 11626 3 11753 3 12100 4 12218 4 12227 7 12344 7 12354 10 12469 10 12482 11 12596 11 12610 12 12724 10 12738 12 12854 8 12867 9
gap_afa48b36cf9bb16c57,,6699 2 6828 5 6868 3 6957 4 6995 4 7085 4 7123 4 7213 4 7251 4 7341 5 7380 3 7470 4 7510 1 7593 2 7599 3 7721 2 7728 1 7760 2 7849 2 7887 3 7892 3 7978 1 8015 3 8019 4 8143 3 8148 2 8272 2 8778 2 8906 2,,,5155 5 5283 5 5301 2 5319 2 5332 6 5408 8 5419 7 5429 5 5440 13 5457 12 5535 8 5546 17 5567 16 5584 15 5663 4 5673 17 5696 34 5791 4 5800 17 5825 34 5919 5 5928 16 5954 6 5967 20 6049 2 6056 13 6083 4 6095 20 6185 10 6211 4 6224 19 6313 10 6338 5 6353 18 6442 8 6466 5 6481 17 6571 7 6593 6 6610 16 6701 5 6719 8 6739 13 6833 1 6845 10 6867 1 6961 1 6972 11 7089 2 7099 13 7217 3 7227 14 7346 4 7356 14 7474 5 7485 4 7492 6 7602 4 7621 5 7729 5 7750 5 7858 3 7879 4 7987 1 8007 4 8115 2 8136 3 8243 3 8264 3 8371 7 8392 3 8499 12 8521 2 8628 12 8649 2 8757 16 8776 2 8886 20 9015 2 9022 13 9151 11 9283 6 9412 5 9540 4 9668 3,,9170 1 9261 1 9295 2 9298 2 9422 6 9550 5 9678 5 9774 1 9776 1 9805 6 9902 5 9932 6 10029 8 10056 2 10060 6 10157 11 10172 1 10181 3 10187 7 10285 27 10313 9 10414 7 10422 1 10425 24 10544 5 10554 11 10567 8 10576 1 10673 5 10681 12 10696 7 10704 1 10803 6 10810 12 10823 8 10931 28 11058 29 11187 27 11316 24 11450 17 11580 7 11710 3,4884 1 5012 2 5102 3 5140 3 5229 5 5264 3 5268 4 5357 5 5389 6 5396 4 5485 4 5516 13 5612 5 5643 16 5740 4 5745 4 5770 18 5867 5 5873 4 5897 19 5995 5 6001 5 6025 20 6122 12 6152 21 6250 13 6280 22 6375 17 6407 25 6502 18 6535 13 6549 13 6564 2 6629 9 6639 10 6663 13 6678 18 6756 10 6767 10 6790 15 6806 19 6871 4 6883 11 6895 10 6918 15 6934 19 6999 4 7010 12 7023 2 7026 7 7046 15 7062 19 7127 5 7135 15 7151 2 7154 7 7174 15 7190 19 7255 22 7278 2 7282 7 7302 15 7319 18 7383 22 7406 11 7430 16 7447 17 7511 21 7533 12 7558 17 7576 17 7639 20 7661 13 7686 35 7767 19 7787 15 7814 35 7895 18 7914 16 7943 35 8023 35 8071 20 8092 11 8150 36 8200 31 8277 1 8279 34 8329 31 8408 33 8457 32 8535 33 8585 20 8606 11 8663 32 8713 21 8735 11 8789 33 8841 22 8864 12 8915 33 8970 21 8992 13 9043 29 9099 20 9120 14 9171 29 9227 21 9250 11 9300 29 9356 20 9379 11 9428 30 9486 18 9508 10 9555 31 9615 17 9637 9 9683 30 9745 16 9766 8 9811 30 9876 15 9895 7 9938 10 9950 18 10006 14 10024 5 10066 9 10078 16 10137 12 10153 4 10194 8 10205 15 10267 12 10283 2 10322 6 10332 13 10397 12 10411 3 10449 6 10458 11 10527 11 10540 2 10577 5 10585 10 10657 10 10669 2 10705 4 10712 9 10787 12 10838 9 10916 13 10965 8 11046 9 11057 1 11087 1 11089 10 11176 9 11214 12 11306 8 11343 8 11435 8 11470 7 11565 7 11573 4 11596 6 11696 9 11718 2 11724 4
gap_695033062cb0d03fd1,5057 3 5183 6 5311 7 5438 8 5566 8 5694 8 5822 3 6208 4 6336 5 6463 6 6591 6 6720 3 6973 1 7342 3 7469 6 7596 8 7722 11 7848 14 7888 7 7975 15 8016 9 8101 18 8144 10 8228 19 8273 10 8356 19 8401 11 8483 20 8529 12 8611 20 8657 12 8739 20 8785 12 8867 20 8914 11 8995 20 9043 10 9123 20 9172 8 9250 20 9303 2 9379 18 9508 16 9636 14 9765 12 9895 8 10026 4,5945 1 6976 5 7104 5 7234 1 7868 1 7996 1,,,,,7211 2 7235 2 7337 4 7363 1 7464 4 7489 4 7592 3 7616 7 7640 2 7742 10 7768 3 7869 12 7897 3 7997 13 8012 1 8026 2 8125 13 8140 1 8155 1 8253 13 8381 13 8479 2 8509 13 8607 3 8638 11 8734 3 8766 10 8861 4 8893 10 8988 5 9021 3 9025 6 9032 3 9054 3 9116 5 9149 3 9153 11 9183 3 9246 2 9276 4 9281 10 9311 4 9400 1 9404 15 9441 2 9525 26 9552 3 9653 8 9662 12 9675 4 9680 5 9781 8 9790 10 9803 4 9808 6 9908 9 9921 5 9931 4 9936 7 10039 4 10050 4 10059 4 10064 1 10067 4 10144 2 10170 1 10178 3 10187 2 10196 3 10272 3 10280 2 10307 1 10327 2 10400 3 10407 3 10529 1,6808 1 6935 2 7057 5 7184 6 7285 1 7288 3 7310 3 7314 5 7415 6 7439 2 7443 3 7539 1 7541 8 7567 3 7572 1 7669 7 7686 2 7695 3 7699 1 7797 7 7814 4 7823 4 7925 5 7942 4 7952 2 8053 5 8069 4 8074 1 8182 3 8197 7 8324 9 8451 10 8578 11 8706 11 8839 6 9315 1 9443 1 10045 3 10173 3 10183 4 10265 1 10300 5 10310 5 10343 1 10369 2 10391 4 10422 2 10427 6 10438 5 10448 1 10470 1 10497 2 10519 5 10551 11 10566 10 10625 3 10648 5 10678 12 10694 10 10753 3 10776 3 10780 2 10806 1 10808 6 10822 8 10876 2 10881 3 10904 3 10909 2 10939 2 10950 3 11001 1 11010 4 11033 6 11137 5 11162 5 11266 5 11291 5 11395 4 11420 3
gap_4baa5bf5f34d797630,,5045 4 5170 8 5298 10 5427 13 5554 15 5682 16 5809 18 5937 4 5942 13 6064 6 6071 12 6193 19 6320 20 6447 20 6575 20 6703 21 6831 24 6958 25 7086 25 7214 25 7342 25 7471 16 7490 5 7599 13 7728 9 7859 2,,7465 1 7505 6 7592 3 7632 8 7719 5 7759 10 7847 5 7887 11 7976 3 8014 13 8142 14 8271 13 8399 14 8484 4 8528 13 8610 7 8657 12 8738 8 8786 11 8865 9 8915 9 8992 9 9044 8 9120 9 9173 6 9249 7 9379 4,3404 10 3489 5 3530 14 3615 7 3641 3 3658 15 3743 8 3769 6 3785 18 3867 1 3871 7 3897 8 3912 22 3994 3 4000 5 4027 9 4037 26 4120 7 4163 12 4176 16 4247 7 4293 30 4374 8 4422 3 4428 24 4501 8 4556 24 4629 6 4684 25 4756 6 4812 25 4884 5 4940 3 4946 19 5012 5 5068 3 5075 18 5139 6 5197 1 5205 16 5266 6 5296 2 5333 16 5391 9 5423 4 5463 13 5518 11 5550 4 5593 6 5646 12 5677 5 5721 4 5774 13 5804 5 5860 5 5901 14 5931 6 5987 8 6029 14 6059 5 6114 9 6158 13 6186 7 6241 11 6288 2 6293 6 6302 5 6314 6 6369 11 6422 14 6443 4 6496 12 6548 17 6571 4 6623 13 6674 19 6699 4 6750 14 6801 21 6827 4 6878 13 6929 21 6955 3 7006 13 7057 13 7071 7 7083 3 7134 13 7185 13 7201 6 7208 3 7212 2 7262 13 7313 13 7331 2 7335 7 7390 14 7442 12 7463 2 7466 2 7469 2 7518 14 7571 10 7591 1 7595 1 7646 14 7699 10 7718 1 7776 12 7828 9 7905 11 7957 6 7975 1 8034 10 8087 2 8164 7 8295 3,,7867 7 7992 12 8119 14 8246 15 8374 16 8501 17 8629 17 8757 17 8885 17 9013 17 9142 15 9270 14 9398 13 9526 14 9542 1 9654 19 9781 15 9797 7 9907 17 9925 9 10034 17 10054 5 10159 18 10286 4 10295 3 10301 3 10430 2 10558 2 10686 1 11071 1 11326 2,8136 3 8264 4 8368 3 8392 5 8495 4 8520 6 8622 6 8648 7 8749 6 8776 7 8877 6 8904 7 9005 7 9032 8 9132 8 9161 7 9260 8 9289 7 9388 8 9417 7 9516 8 9545 7 9644 8 9674 6 9772 7 9901 2 10305 8 10427 1 10433 9 10445 8 10536 3 10548 9 10561 21 10664 21 10689 22 10792 21 10817 21 10920 21 10945 21 11047 22 11073 22 11176 21 11201 22 11304 21 11329 22 11433 20 11457 21 11562 19 11585 18 11691 18 11714 14 11821 15 11843 6 11951 12 11974 1
gap_dee4027320039b7c29,5054 1,,,,,,1726 3 1852 7 1979 9 2106 5 2112 5 2233 4 2243 3 2361 2 2372 3 2487 3 2501 3 2615 2 2629 4 2758 3 5445 1 5559 1 5573 2 5686 2 5701 1 5815 1 5950 1 6074 8 6200 11 6327 12 6457 10 6585 11 6711 14 6837 6 6844 5 6850 4 6966 17 7095 17 7224 16 7242 4 7352 16 7369 6 7482 11 7495 7 7611 7 7625 4 7740 5 8895 1 9023 2 9151 2,6261 3 6265 4 6387 10 6514 6 6642 5 6758 1 6771 7 6886 1 6899 7 6915 4 7025 9 7043 6 7151 11 7170 8 7276 14 7298 9 7402 15 7426 9 7530 14 7555 9 7644 3 7657 16 7683 9 7734 3 7747 4 7772 3 7785 5 7791 10 7812 8 7859 8 7874 7 7900 4 7913 5 7920 8 7942 6 7987 9 8001 11 8028 6 8041 5 8048 8 8071 5 8115 25 8156 7 8170 14 8201 2 8244 23 8285 7 8299 13 8373 22 8413 6 8427 8 8436 3 8501 21 8542 4 8555 12 8592 1 8630 8 8641 7 8671 2 8674 1 8683 11 8718 4 8759 7 8770 5 8802 1 8812 9 8845 9 8890 3 8898 5 8930 1 8941 6 8972 10 9070 2 9101 10 9234 4 9453 5 9577 10 9705 9 9832 8 9960 5
gap_f1b57a1cc77ba2a931,,6721 3 6847 6 6858 5 6975 6 6985 7 7103 6 7113 8 7231 6 7241 8 7360 4 7370 6 7499 5 7740 6 7857 1 7867 8 7985 1 7993 10 8009 3 8113 1 8120 10 8137 3 8246 10 8264 5 8368 1 8374 10 8392 5 8506 1 8521 3 8623 1 8649 2 8780 1,,,3643 7 3761 18 3889 22 3913 14 4012 3 4016 42 4139 51 4266 54 4395 28 4424 7 4434 15 4523 27 4553 5 4563 16 4652 9 4669 8 4694 14 4775 14 4798 7 4822 15 4903 13 4926 6 4950 7 4961 5 5031 13 5054 5 5078 6 5089 7 5159 13 5182 3 5205 5 5216 9 5287 13 5333 4 5344 9 5405 3 5415 16 5460 5 5473 9 5533 4 5544 16 5588 5 5601 9 5661 3 5672 16 5717 3 5729 10 5788 4 5801 15 5846 1 5857 11 5917 2 5930 14 5958 7 5985 12 6059 13 6086 7 6113 12 6192 8 6214 7 6241 12 6321 6 6342 6 6369 13 6451 1 6473 1 6497 13 6608 2 6625 13 6736 3 6754 12 6863 4 6882 12 6993 3 7010 12 7130 20 7259 19 7388 17 7517 16 7648 4 7655 6 7782 5 7910 5,,8507 1 8509 4 8632 3 8637 7 8759 3 8764 9 8886 12 8899 3 9013 14 9028 2 9140 19 9260 2 9268 20 9387 30 9517 28 9647 26 9776 25 9804 3 9901 35 10030 35 10158 30 10189 5 10288 31 10416 31 10544 30 10672 29 10801 27 10929 26 11059 1 11061 20 11190 19 11322 4 11328 7 11451 2 11579 2 11707 1 11835 1,6935 4 7061 6 7188 8 7316 8 7444 9 7572 10 7596 2 7700 10 7722 7 7829 9 7850 7 7955 14 7977 8 8082 16 8105 8 8210 16 8233 8 8272 3 8293 4 8337 17 8357 1 8360 8 8398 7 8420 6 8465 31 8525 8 8548 7 8593 30 8653 8 8674 9 8722 29 8781 8 8802 9 8850 27 8909 8 8929 10 8977 27 9037 9 9047 5 9056 11 9106 26 9165 16 9184 10 9234 23 9259 1 9294 27 9362 15 9378 9 9423 26 9490 26 9552 26 9618 24 9643 2 9681 18 9701 6 9747 27 9810 25 9876 25 9939 24 10006 24 10068 1 10071 20 10137 21 10194 24 10266 21 10319 1 10321 7 10330 16 10390 26 10447 8 10457 17 10518 26 10574 27 10646 26 10701 28 10774 27 10828 28 10902 19 10922 7 10955 28 11030 18 11051 7 11081 28 11159 18 11179 8 11209 22 11288 18 11308 12 11335 8 11344 16 11417 18 11436 13 11455 3 11461 9 11472 17 11547 31 11582 16 11601 17 11676 30 11709 16 11728 18 11806 28 11837 15 11856 18 11936 14 11956 5 11966 14 11983 18 12066 12 12086 2 12094 12 12111 17 12197 8 12223 4 12230 2 12237 18 12327 6 12363 18 12490 18 12618 17 12746 14 12875 10
gap_15b35e59de5942b440,4683 12 4809 17 4937 19 5065 21 5194 21 5322 23 5450 24 5579 25 5666 3 5707 26 5792 6 5835 27 5919 7 5964 27 6045 9 6092 27 6173 9 6221 27 6300 9 6350 26 6428 9 6478 27 6555 11 6607 26 6683 11 6735 27 6811 11 6863 27 6938 12 6991 27 7066 12 7119 27 7194 13 7247 27 7322 13 7376 27 7449 14 7504 27 7577 15 7632 27 7705 15 7760 27 7833 16 7888 27 7961 17 8015 28 8089 18 8142 30 8217 19 8270 30 8345 20 8398 30 8473 22 8525 31 8601 23 8652 32 8729 24 8780 32 8857 25 8908 32 8985 27 9035 33 9113 27 9163 33 9242 26 9290 34 9370 26 9417 35 9498 26 9545 35 9627 25 9673 35 9755 24 9802 33 9883 24 9931 32 10012 23 10059 32 10140 23 10187 31 10268 25 10315 31 10397 24 10444 29 10525 25 10572 29 10654 25 10700 29 10782 26 10829 27 10911 26 10957 26 11039 26 11085 26 11168 25 11213 25 11297 23 11342 23 11426 21 11471 21 11555 19 11599 20 11685 16 11728 18 11814 14 11858 14 11945 9 11987 11 12078 1 12118 6,5171 12 5298 14 5424 16 5444 4 5551 17 5571 6 5677 29 5804 31 5930 33 6057 35 6185 36 6312 37 6438 40 6566 40 6694 41 6822 41 6950 41 7079 40 7207 40 7335 40 7463 40 7592 39 7721 38 7850 36 7979 34 8108 31 8237 29 8366 5 8372 22 8501 21 8629 21 8757 21 8885 20 9013 18 9146 11 9276 5 9525 7 9652 8 9780 9 9908 9 10036 9 10164 9 10293 7 10421 6 10550 5,,,9281 2,,4168 4 4280 5 4295 12 4401 12 4415 1 4419 2 4424 13 4528 10 4539 1 4553 11 4656 6 4829 3 4957 4 5086 4 5215 4 5281 3 5346 2 5408 4 5475 2 5535 3 5662 3 5789 2 5917 1 7064 1 7147 1 7191 2 7275 2 7319 2 7403 2 7447 2 7531 2 7575 2 7659 2 7703 2 7787 2 7831 2 7915 2 8044 1 8172 1 8300 1 9112 1 9240 1 9368 2 9496 2 9581 1 9624 3 9708 2 9752 3 9794 5 9836 2 9881 2 9921 8 9963 3 10010 1 10047 11 10091 2 10175 11 10219 2 10302 12 10346 3 10430 12 10474 2 10558 11 10601 2 10686 10 10729 2 10815 9 10943 9 11072 7 11201 6 11326 10 11453 13 11580 15 11707 2 11714 2 11720 5 11834 2 11842 2 11851 2 11854 2 11970 2 11983 3 12071 1 12080 4 12098 2 12113 4 12200 11 12226 2 12242 6 12330 7 12354 2 12371 8 12482 2,11838 3 11846 2 11963 6 11973 6 12087 11 12101 9 12214 12 12228 11 12340 13 12356 13 12467 14 12484 14 12595 15 12611 16 12724 12 12741 13 12854 8 12870 7 13001 3
gap_3187e1755ba39cc448,,6229 2 6355 4 6482 5 6573 3 6610 5 6701 4 6737 5 6829 4 6865 4 6958 4 6993 4 7086 4 7121 4 7214 4 7249 3 7343 4 7378 1 7471 4 7599 4 7728 3 7856 3 7985 1 8113 1 8627 2 8755 2 8883 2,,,4557 3 4658 7 4683 7 4783 10 4811 8 4911 8 4933 2 4941 5 5040 6 5059 5 5071 2 5185 8 5313 8 5440 8 5557 2 5568 8 5683 8 5696 8 5811 10 5825 6 5941 8 5953 6 6069 8 6081 6 6093 2 6196 10 6211 5 6221 2 6323 12 6339 6 6348 3 6451 13 6467 7 6476 3 6579 13 6595 12 6708 7 6718 2 6724 10 6840 2 6846 2 6852 9 6969 2 6974 1 6980 9 7097 6 7108 3 7113 2 7225 6 7236 1 7352 7 7480 7 7607 8 7736 6 7864 5 7991 6 8119 6 8247 5 8376 4 8503 5 8629 1 8631 4 8651 4 8757 1 8779 4 8907 4 9035 4 9163 4 9292 3 9548 1 9673 4 9801 4 9929 4 10057 3 10185 3 10312 4 10439 5 10566 7 10690 2 10695 6 10816 5 10823 4 10943 5 11071 5 11084 2 11199 4 11212 2,,11701 1 11724 2 11829 3 11838 7 11849 5 11957 5 11965 9 11976 3 11980 2 12085 6 12093 16 12214 6 12221 16 12343 4 12349 9 12477 9,5856 3 5860 2 5981 11 6106 14 6175 6 6233 14 6299 12 6360 11 6428 14 6487 11 6559 12 6615 11 6630 7 6689 11 6742 12 6757 9 6803 8 6817 12 6869 13 6884 9 6929 13 6945 12 6997 6 7007 4 7012 8 7056 15 7074 11 7125 9 7135 14 7184 19 7206 8 7253 28 7313 18 7332 9 7381 14 7396 15 7445 24 7509 13 7524 16 7578 19 7637 13 7652 17 7707 4 7712 14 7764 33 7841 13 7892 34 7952 2 7970 12 8021 33 8080 4 8098 12 8149 34 8208 4 8226 12 8278 33 8350 2 8354 11 8406 17 8425 13 8477 4 8482 11 8534 16 8552 14 8595 2 8606 15 8662 15 8680 14 8723 3 8734 15 8791 13 8807 14 8849 11 8863 14 8919 9 8929 2 8934 15 8975 14 8991 14 9047 11 9061 16 9103 15 9120 12 9175 8 9187 17 9231 15 9248 12 9304 5 9313 18 9359 21 9381 7 9432 4 9441 17 9488 19 9510 5 9568 17 9616 19 9639 4 9695 18 9745 19 9821 20 9875 18 9948 5 9954 14 10004 18 10075 4 10081 15 10133 17 10202 4 10209 14 10261 19 10330 3 10336 13 10390 20 10459 16 10519 20 10587 14 10647 20 10714 14 10777 18 10841 13 10907 16 10968 13 11036 15 11095 12 11166 14 11221 13 11295 14 11348 12 11424 15 11475 11 11553 14 11602 9 11684 12 11729 9 11814 11 11857 7 11944 10 11984 7 12075 8 12112 5 12206 5 12240 4
gap_ac7b4a740412cc55e5,4532 4 4659 6 4786 7 4806 4 4911 10 4933 6 5031 18 5060 8 5156 20 5189 7 5280 23 5317 7 5327 4 5336 2 5406 25 5446 24 5532 26 5574 26 5659 26 5703 26 5785 27 5832 26 5912 27 5962 26 6039 27 6091 26 6165 29 6219 27 6292 29 6348 27 6420 29 6476 28 6547 29 6604 29 6674 30 6732 30 6802 30 6859 31 6929 30 6987 32 7056 31 7114 34 7184 31 7233 1 7241 36 7311 32 7359 5 7368 38 7439 32 7487 5 7496 39 7566 33 7614 6 7623 40 7694 33 7742 7 7751 41 7821 33 7870 7 7879 41 7949 33 7997 8 8007 42 8077 33 8125 8 8136 42 8204 28 8233 5 8254 7 8264 42 8332 28 8361 5 8376 13 8393 41 8460 28 8489 5 8504 8 8521 6 8529 34 8588 34 8631 8 8649 7 8658 33 8716 34 8760 5 8776 9 8787 32 8845 33 8889 2 8903 44 8973 33 9031 44 9101 33 9158 45 9229 33 9286 45 9357 33 9414 45 9486 32 9543 44 9614 32 9671 44 9742 32 9800 43 9871 31 9928 42 9999 32 10056 42 10128 31 10185 40 10257 31 10313 40 10385 32 10441 39 10514 32 10570 38 10642 37 10698 37 10771 36 10826 36 10900 35 10955 35 11029 33 11083 34 11158 32 11212 32 11287 30 11340 31 11416 28 11469 29 11545 26 11598 27 11674 24 11727 25 11804 20 11857 22 11934 17 11986 19 12064 13 12116 15 12196 7 12247 9,5563 2 5688 9 5815 12 5941 17 6069 19 6196 21 6323 24 6451 25 6578 16 6596 8 6706 15 6726 6 6833 16 6854 5 6961 10 6973 3 6984 1 7089 9 7101 3 7217 10 7229 1 7345 10 7473 9 7601 9 7730 6 7858 6 7987 4 8119 1 8751 2 8879 2 8882 1 9007 5 9135 9 9263 10 9391 11 9519 11 9646 12 9774 12 9903 10 10031 10 10160 8 10289 6 10418 5,,,8771 1 9017 4 9145 2,,3891 2 3898 8 4011 2 4019 3 4023 15 4138 4 4146 10 4157 11 4266 1 4274 17 4294 3 4391 1 4403 3 4413 5 4434 1 4517 3 4522 4 4555 2 4563 1 4565 3 4643 11 4683 3 4694 4 4770 12 4812 4 4818 3 4823 4 4897 6 4940 16 5024 5 5068 18 5197 2 5202 13 5331 4 5341 2 6163 2 6290 2 6417 2 6545 2 6672 2 6800 1 7278 2 7406 3 7535 2 7664 2 7691 2 7793 2 7818 3 7921 3 7945 4 8073 3 8201 3 8329 3 8458 1 9227 1 9280 1 9332 1 9354 3 9407 4 9460 3 9482 3 9534 7 9588 3 9610 3 9661 9 9716 3 9738 3 9789 9 9844 3 9867 3 9916 10 9972 2 10044 10 10100 2 10172 11 10299 12 10426 13 10554 15 10683 14 10809 1 10811 13 10864 1 10940 11 10991 2 11024 4 11068 2 11071 8 11081 1 11119 2 11152 4 11195 12 11209 2 11246 4 11281 4 11322 14 11338 1 11373 4 11410 3 11449 7 11458 5 11501 3 11538 3 11576 18 11667 3 11703 20 11796 4 11831 23 11926 2 11960 2 11967 4 11976 7 12088 5 12095 4 12101 10 12216 3 12224 3 12229 10 12242 2 12342 1 12347 1 12353 1 12358 8 12370 2 12387 2 12481 1 12487 3 12502 4 12509 2 12512 5 12600 2 12603 4 12609 1 12631 14 12732 2 12736 2 12760 12 12864 2 12891 7 12991 3 13119 3,9854 2 9980 4 10108 5 10235 6 10363 5 10371 4 10490 5 10498 6 10618 3 10626 7 10745 3 10755 7 10873 3 10885 5 10999 4 11004 1 11006 1 11016 2 11126 1 11128 2 11133 3 11145 2 11255 3 11260 4 11274 2 11383 9 11398 2 11402 3 11509 9 11519 1 11527 2 11530 5 11636 11 11652 11 11764 11 11779 12 11890 11 11902 1 11907 1 11909 3 11913 7 12018 4 12023 7 12037 2 12043 6 12093 1 12146 3 12155 2 12172 6 12219 4 12228 1 12273 4 12295 1 12299 1 12302 4 12343 4 12348 3 12400 3 12431 4 12467 12 12484 3 12527 3 12561 3 12594 6 12602 1 12612 4 12617 3 12654 3 12690 3 12722 8 12740 9 12778 7 12819 4 12850 7 12868 9 12905 5 12949 3 12979 7 12997 2 13001 5 13007 1 13033 3 13078 5 13113 1 13130 2 13134 3 13208 4 13258 1 13262 2 13387 1 13393 2 13669 1
gap_94514097c6ae618fb3,7491 2 7618 4 7746 4 7874 4 8003 2,,,,,,8769 5 8897 7 9024 8 9152 9 9280 9 9408 8 9536 9 9654 21 9781 23 9806 3 9909 28 10039 25 10170 14 10189 2 10305 5 10434 2 10563 2 11332 1,7895 1 8023 3 8112 1 8151 4 8238 3 8281 3 8306 4 8365 3 8409 3 8432 7 8492 3 8537 4 8559 9 8619 3 8666 4 8686 11 8746 3 8795 4 8814 11 8874 3 8923 4 8941 13 9001 3 9052 4 9069 2 9072 11 9102 5 9128 4 9180 5 9196 3 9201 10 9229 8 9255 4 9309 5 9324 3 9329 10 9357 9 9382 5 9437 6 9453 3 9457 10 9484 11 9509 5 9566 6 9581 10 9592 2 9612 12 9636 6 9695 6 9709 13 9739 10 9750 3 9763 6 9824 6 9838 11 9867 10 9879 2 9890 6 9953 5 9966 11 9995 10 10007 2 10016 1 10018 5 10082 5 10095 8 10123 3 10127 6 10135 2 10142 2 10146 4 10212 3 10224 5 10251 3 10256 2 10260 5 10270 2 10274 3 10301 1 10312 7 10342 1 10353 3 10380 3 10387 6 10398 2 10402 2 10424 8 10439 9 10480 5 10508 4 10514 6 10526 1 10552 9 10566 10 10607 6 10637 10 10680 10 10694 10 10734 8 10767 8 10808 11 10821 10 10862 7 10896 7 10937 10 10949 9 10990 5 11027 6 11066 9 11078 7 11154 8 11194 8 11206 7 11282 9 11336 1 11411 8 11542 3
gap_b8768036f47f1f992c,,,,,,,4030 4 4156 8 4283 10 4410 4 4418 4 4538 3 4547 3 4666 3 4675 4 4794 2 4804 3 4922 1 4932 3 5060 4 5178 1 5188 4 5305 2 5316 4 5433 1 5445 2 5813 3 5834 1 5940 4 5961 2 6068 4 6089 3 6196 3 6217 3 6323 3 6346 2 6451 2 6475 2 6579 2 6603 2 6707 2 6731 2 6846 4 6968 1 6971 11 6983 2 7098 15 7226 14 7354 4 7363 4 7482 3 7491 3 7611 2 7620 1 7740 1 7869 1 7875 1 7997 6,
gap_813b9ffe5bb2fd4007,,7615 3 7733 2 7741 12 7861 2 7869 12 7996 14 8124 14 8253 12 8383 2 8387 6,6899 2 7155 2 7282 3 7410 3 7537 4 7665 4 7792 5 7920 5 8047 6 8175 6 8303 5 8430 6 8558 5 8686 5 8813 5 8941 3,7844 1 7972 1 8495 2 8623 2,3014 2 3139 6 3250 5 3260 3 3267 6 3282 3 3376 17 3395 8 3409 5 3418 3 3503 19 3523 9 3537 5 3545 5 3630 21 3653 7 3665 5 3673 7 3757 22 3781 7 3793 5 3801 8 3883 24 3910 6 3922 3 3929 6 3937 2 4011 14 4031 3 4038 5 4058 10 4138 15 4165 5 4187 10 4266 14 4293 4 4317 9 4395 13 4421 5 4449 7 4523 13 4549 5 4579 5 4651 12 4677 4 4708 5 4779 10 4837 4 4906 9 4966 4 5022 3 5033 8 5086 2 5095 3 5149 4 5159 10 5213 5 5224 2 5278 3 5287 9 5341 6 5350 5 5403 4 5414 9 5469 16 5530 6 5542 9 5589 4 5598 16 5657 7 5666 13 5715 8 5726 1 5729 13 5785 15 5803 4 5843 12 5857 13 5907 1 5913 15 5931 4 5969 30 6035 2 6040 16 6060 4 6097 30 6163 1 6168 7 6177 7 6188 4 6228 1 6234 4 6240 16 6290 2 6296 7 6306 6 6316 4 6368 16 6418 2 6424 7 6435 5 6444 4 6471 1 6496 16 6545 3 6554 6 6564 3 6573 2 6584 1 6625 15 6673 3 6682 7 6752 16 6801 3 6810 7 6881 14 6929 3 6937 8 7009 14 7056 4 7065 9 7138 12 7184 4 7193 11 7267 10 7312 5 7321 10 7396 9 7408 2 7440 5 7449 9 7525 7 7535 2 7567 6 7577 9 7653 6 7662 3 7695 6 7706 12 7783 3 7789 3 7823 7 7835 9 7845 2 7916 4 7951 7 7964 4 7969 3 7973 2 8044 3 8079 7 8094 1 8097 6 8171 4 8207 8 8226 4 8299 4 8335 8 8426 4 8464 8 8557 1 8592 8 8685 1 8720 8 8849 7 8978 6 9107 5 9237 2,,8639 4 8764 10 8891 12 9018 14 9146 14 9273 16 9401 16 9529 17 9657 17 9786 15 9915 12 10044 11 10173 11 10299 14 10426 15 10554 16 10682 16 10810 16 10939 9 10949 4 11070 5 11078 3 11199 3 11328 2 11456 2 11584 1 11712 2 11840 2 11967 3,8369 3 8400 3 8497 6 8526 6 8625 6 8651 10 8750 9 8779 10 8878 10 8907 10 9006 10 9034 11 9134 10 9163 10 9262 10 9291 10 9391 9 9420 8 9519 8 9548 6 9648 6 9677 4 9777 5 9805 2 10080 1 10207 1 10674 2 10677 1 10702 4 10800 7 10829 8 10927 9 10956 10 11054 11 11083 12 11181 15 11210 13 11308 18 11331 3 11337 14 11436 19 11458 5 11464 15 11565 17 11585 21 11694 16 11714 20 11823 15 11845 2 11848 13 11951 14 11976 12 12081 12 12102 12 12212 9 12229 10 12343 5 12358 6 12487 3
gap_10564b0cd8ab0adf62,3410 4 3531 13 3626 3 3655 19 3752 6 3783 20 3878 7 3911 22 4005 8 4039 23 4132 8 4168 23 4258 10 4297 23 4385 10 4426 23 4512 11 4555 23 4639 11 4684 23 4766 12 4813 23 4894 12 4941 23 5021 12 5070 23 5148 13 5198 24 5276 13 5326 24 5403 14 5455 24 5530 15 5583 24 5658 15 5711 25 5785 16 5839 25 5913 15 5966 26 6040 16 6094 27 6168 17 6222 27 6295 19 6350 27 6423 20 6477 29 6551 20 6605 29 6679 21 6733 29 6807 22 6860 31 6935 23 6988 31 7063 23 7116 31 7190 25 7244 31 7318 26 7372 31 7446 27 7501 30 7575 27 7629 30 7703 28 7758 29 7830 30 7886 29 7958 32 8015 28 8086 32 8143 29 8214 32 8265 2 8272 27 8342 33 8390 8 8400 27 8470 33 8515 14 8530 25 8598 32 8642 16 8660 23 8727 29 8770 41 8855 27 8898 41 8983 26 9026 40 9111 26 9155 39 9239 27 9284 38 9368 26 9413 37 9496 26 9542 35 9624 27 9670 35 9753 27 9799 33 9881 28 9928 32 10010 29 10056 32 10138 30 10184 31 10266 30 10312 31 10395 29 10441 29 10523 29 10569 28 10652 28 10698 27 10780 27 10826 26 10909 26 10955 24 11038 24 11084 22 11167 23 11213 21 11295 22 11342 19 11424 20 11471 16 11553 18 11600 14 11683 14 11730 10 11813 10 11945 3,3770 3 3897 6 4023 9 4149 13 4269 23 4396 28 4523 31 4650 33 4778 34 4906 35 5033 36 5161 37 5289 37 5417 38 5545 38 5673 38 5801 37 5929 37 6057 37 6185 37 6314 36 6443 34 6571 34 6700 32 6829 29 6958 28 7088 27 7219 24 7348 24 7476 24 7604 25 7732 25 7862 24 7991 23 8120 22 8250 13 8267 3 8380 8 8511 1 8756 6 8883 8 9009 10 9137 11 9266 10 9394 10 9522 10 9651 9 9780 6 9909 4,,,8508 3 8637 3 8764 5 8893 4,,2993 10 3004 2 3012 4 3018 9 3119 16 3140 4 3145 11 3245 11 3261 2 3264 3 3269 2 3273 11 3377 6 3401 7 3506 4 4836 1 4965 2 5093 2 5222 2 5273 2 5350 3 5400 3 5479 2 5527 3 5608 1 5655 3 5736 1 5783 2 5911 1 7148 1 7276 2 7317 1 7403 3 7444 2 7531 3 7572 3 7659 3 7700 3 7787 3 7828 2 7915 3 7956 2 8044 1 8084 2 8172 1 9194 2 9279 4 9322 2 9405 7 9450 2 9494 2 9533 7 9577 3 9622 2 9660 9 9705 2 9751 2 9787 10 9833 2 9879 2 9915 10 9960 3 10007 2 10043 11 10088 2 10136 2 10171 11 10216 1 10264 2 10299 11 10344 1 10393 1 10427 11 10521 2 10555 11 10650 1 10683 11 10811 11 10939 11 11067 12 11194 17 11322 18 11446 15 11465 4 11572 7 11582 6 11594 5 11698 8 11711 4 11724 4 11825 5 11839 4 11855 2 11950 6 11968 2 11989 3 12077 5 12096 2 12204 1,11707 2 11717 4 11833 5 11844 8 11959 8 11971 10 12084 11 12099 13 12211 12 12227 15 12337 14 12355 14 12465 13 12484 12 12595 10 12729 3
gap_ecb2e8c902bd4a391a,3870 14 3995 20 4119 25 4157 2 4245 26 4284 6 4302 13 4371 26 4413 34 4497 26 4542 37 4624 24 4672 37 4751 23 4801 38 4878 22 4931 38 5005 22 5060 38 5132 22 5189 38 5259 22 5318 38 5387 22 5448 38 5514 22 5576 39 5641 22 5705 39 5769 21 5834 38 5896 22 5962 39 6024 21 6090 40 6151 22 6218 41 6279 21 6346 41 6407 21 6475 41 6535 21 6603 42 6663 20 6731 42 6791 20 6859 43 6918 21 6987 43 7046 21 7115 44 7174 21 7243 44 7302 21 7371 45 7430 21 7499 45 7559 20 7626 46 7687 20 7754 46 7815 21 7881 47 7943 21 8009 47 8071 22 8136 48 8199 23 8264 48 8328 23 8392 48 8456 24 8521 47 8584 24 8649 47 8712 25 8778 46 8841 26 8906 46 8969 27 9035 45 9098 27 9163 45 9226 28 9292 43 9354 29 9421 42 9482 31 9550 41 9611 30 9679 40 9739 25 9765 4 9798 5 9807 39 9867 31 9926 6 9935 39 9996 30 10055 5 10063 38 10124 30 10183 7 10191 38 10253 29 10311 46 10381 30 10440 44 10510 29 10568 44 10639 29 10697 7 10705 34 10768 28 10825 42 10896 31 10953 41 11025 35 11081 41 11154 35 11210 6 11217 32 11283 18 11303 14 11338 6 11346 31 11412 32 11467 5 11473 31 11541 31 11595 4 11601 30 11670 29 11724 3 11728 30 11799 27 11855 30 11928 24 11983 29 12058 20 12112 27 12188 16 12241 25 12320 1 12328 1 12370 23 12501 18 12631 14,4452 1 4581 2 4654 9 4710 2 4781 11 4840 2 4908 13 4927 1 4970 1 5034 15 5055 3 5161 16 5183 4 5288 17 5311 5 5416 16 5438 8 5543 16 5566 9 5669 19 5693 11 5797 20 5821 12 5923 38 6049 41 6177 41 6303 43 6430 44 6558 45 6685 46 6813 46 6941 46 7069 46 7197 33 7231 11 7325 24 7350 6 7359 11 7453 30 7488 7 7581 24 7606 16 7710 35 7838 36 7966 37 8094 38 8225 35 8358 30 8487 29 8615 29 8742 31 8775 1 8870 27 8898 3 8903 2 9000 19 9026 3 9131 16 9154 2 9263 12 9392 10 9521 2 9524 6 9546 1 9647 4 9653 4 9773 7 9782 3 9900 9 10027 11 10155 11 10283 11 10412 10 10541 9 10669 9 10798 6 10928 3,,,,,3236 4 3249 3 3361 4 3378 8 3490 3 3507 8 3610 3 3635 2 3639 13 3737 4 3763 1 3769 12 3863 5 3891 3 3897 9 3929 5 3991 2 4029 6 4059 5 4162 3 4190 3 4319 1 4748 2 4875 2 5002 3 5129 3 5256 3 5384 2 5512 1 6002 1 6130 2 6149 1 6259 3 6277 2 6387 3 6404 3 6516 3 6532 3 6645 2 6660 3 6788 2 7416 1 7544 2 7557 1 7672 3 7684 2 7800 4 7812 3 7928 4 7940 3 8057 3 8068 3 8185 2 8196 3 9080 2 9096 1 9208 2 9223 3 9335 4 9351 3 9463 4 9479 3 9591 4 9608 3 9720 3 9736 3 9790 5 9864 2 9917 8 9993 1 10044 9 10171 11 10299 11 10426 12 10554 12 10613 1 10682 12 10740 2 10810 12 10867 3 10937 13 10995 3 11065 13 11122 4 11193 13 11250 3 11279 1 11318 16 11377 4 11407 2 11446 1 11449 12 11505 3 11536 2 11577 12 11633 2 11665 3 11704 4 11709 8 11794 3 11831 15 11922 4 11957 17 12051 4 12083 20 12180 4 12211 23 12309 4 12338 9 12348 16 12437 5 12465 10 12477 4 12484 8 12567 5 12594 15 12611 10 12696 6 12722 3 12726 11 12739 10 12825 6 12853 4 12862 2 12867 15 12957 2 12961 2 12964 1 12981 4 12990 2 12997 14 13111 2 13118 2 13125 3 13135 7 13246 2 13254 1 13260 2 13266 5 13279 6 13377 2 13396 16 13527 12 13658 6,10501 1 10619 1 10629 2 10757 1 10886 3 11014 3 11143 2 11271 2 11385 2 11400 2 11513 1 11528 2 11641 1 11768 2 11781 1 11895 3 11900 2 11908 2 12024 1 12037 2 12738 1 12857 3 12865 2 12913 3 12975 6 12985 3 12993 4 13040 4 13103 8 13113 4 13122 3 13167 5 13231 14 13249 5 13258 2 13295 3 13357 10 13368 4 13379 13 13487 7 13497 3 13506 16 13626 1 13634 1 13637 13 13765 1 13769 9 13892 2 13895 8 14025 5
gap_b22ecf23e0422e6f32,6610 4 6738 6 6865 8 6959 3 6991 12 7085 7 7119 13 7212 11 7247 14 7339 14 7375 14 7466 16 7503 15 7593 17 7630 17 7720 19 7758 18 7847 20 7885 19 7975 20 8004 2 8012 21 8102 22 8131 4 8140 21 8229 23 8258 6 8267 22 8357 23 8386 6 8394 24 8485 24 8515 5 8521 25 8612 25 8643 31 8740 26 8772 30 8867 28 8903 27 8995 29 9030 28 9123 30 9158 28 9251 30 9285 29 9379 30 9413 29 9508 29 9541 29 9636 29 9670 27 9764 28 9799 26 9893 26 9928 25 10021 26 10057 23 10150 24 10186 22 10278 23 10314 21 10407 22 10443 19 10536 20 10572 17 10664 19 10700 16 10793 18 10829 14 10922 16 10958 12 11052 13 11086 10 11183 9 11216 6 11315 4,7231 4 7357 6 7372 1 7484 7 7495 2 7499 3 7612 7 7622 8 7739 7 7750 8 7868 6 7878 7 8007 4 8136 3 8253 4 8265 1 8381 4 8509 4 8638 2,,,8771 1 8898 3 9026 4 9153 5 9281 4 9411 2,,6207 9 6328 17 6347 5 6359 1 6455 26 6487 4 6582 27 6616 4 6701 3 6708 28 6745 4 6827 4 6836 27 6874 3 6954 3 6964 13 6985 5 7003 3 7081 3 7094 2 7132 3 7208 3 7261 2 7336 2 7390 1 7463 2 7519 1 7591 2 7718 1 9249 1 9377 2 9505 2 9633 2 9761 3 9793 4 9889 3 9921 5 10017 4 10048 7 10081 2 10146 3 10176 7 10208 3 10275 3 10303 9 10335 3 10404 2 10431 9 10463 3 10533 1 10559 9 10590 3 10687 9 10717 3 10816 7 10845 1 10943 9 11071 10 11199 10 11327 9 11339 1 11457 5 11465 10 11573 4 11586 3 11595 1 11598 5 11715 2 11843 1 11971 1 12099 2 12227 2,9709 2 9836 7 9964 6 10092 3 10220 2 10347 2 10391 4 10475 2 10517 7 10602 2 10646 6 10729 3 10777 4 10856 3 10907 2 10983 3 11036 2 11109 4 11164 3 11237 4 11293 3 11364 5 11422 4 11454 1 11492 5 11552 4 11581 4 11590 5 11611 2 11621 4 11681 4 11707 7 11717 7 11738 2 11749 4 11809 8 11819 2 11833 9 11845 9 11877 4 11938 13 11960 10 11973 10 12006 3 12065 6 12077 2 12088 10 12101 10 12193 5 12216 9 12230 9 12321 5 12345 6 12359 6 12449 4 12476 2
gap_b19118260511a48aeb,6445 4 6572 5 6699 6 6738 3 6826 8 6865 5 6953 10 6992 7 7080 12 7119 9 7207 14 7246 11 7334 16 7374 11 7461 18 7502 12 7588 19 7630 12 7715 21 7758 13 7843 21 7886 13 7971 20 8014 13 8098 21 8142 14 8226 21 8258 1 8269 15 8353 22 8385 3 8397 15 8481 21 8512 5 8525 16 8609 20 8641 4 8652 17 8737 20 8769 4 8780 17 8865 19 8898 2 8903 2 8907 18 8993 19 9029 24 9121 19 9156 25 9250 18 9283 26 9378 19 9411 26 9506 22 9540 25 9634 22 9668 25 9763 21 9797 23 9891 21 9926 22 10019 20 10054 21 10148 19 10183 20 10277 18 10312 18 10405 18 10440 17 10534 16 10569 16 10663 14 10697 15 10793 11 10826 13 10922 9 10954 12 11052 6 11083 9 11182 2 11212 6,6199 1 6326 2 6453 3 6581 4 6708 6 6836 5 6860 1 6966 2 7223 4 7351 5 7363 3 7480 4 7486 10 7614 10 7627 2 7744 9 7755 1 7874 11 8003 9 8122 3 8136 5 8249 4 8264 4 8377 5 8392 4 8505 4 8520 4 8633 2 8648 4 8776 3 8887 2 9013 3 9141 3 9269 2,,,8895 2 9024 3,,5825 1 5949 9 6061 3 6077 9 6187 4 6219 2 6314 4 6321 4 6337 2 6347 5 6441 4 6449 4 6465 3 6475 6 6569 3 6578 3 6598 1 6603 6 6614 1 6696 3 6706 2 6727 1 6732 5 6742 3 6824 1 6861 3 6871 2 6951 2 7000 2 7129 2 7257 2 7386 2 7514 2 7643 2 7756 1 7771 2 7899 3 8012 1 8028 2 8156 2 8285 1 8607 1 8735 1 9182 1 9405 4 9504 1 9532 6 9631 3 9660 7 9759 3 9787 9 9888 2 9915 9 10016 3 10043 9 10145 2 10170 10 10274 1 10299 9 10403 1 10427 8 10531 1 10554 10 10681 12 10714 1 10810 11 10841 2 10939 9 10968 3 11068 6 11075 1 11096 2 11197 4 11222 3 11326 3 11337 2 11440 1 11454 2 11466 1 11583 1 11711 1 11839 2 11967 2,9323 1 9450 5 9491 4 9578 6 9618 5 9706 5 9746 5 9834 2 9877 2 9962 1 10006 1 10090 1 10134 1 10217 1 10262 2 10345 1 10391 1 10472 1 10519 2 10599 2 10648 2 10726 1 10777 2 10853 2 10906 2 10980 2 11035 2 11106 3 11194 3 11201 1 11232 4 11320 5 11329 3 11358 6 11447 6 11457 6 11484 8 11551 2 11574 7 11585 7 11609 12 11679 4 11701 9 11713 8 11736 3 11741 8 11806 11 11829 9 11841 8 11864 1 11873 3 11934 11 11957 8 11969 8 12063 2 12070 4 12085 8 12098 7 12200 2 12214 6 12227 5
gap_13f349d74ac7137b66,3916 1 3918 1 4026 28 4136 14 4151 34 4261 54 4386 59 4512 21 4535 39 4638 22 4667 37 4764 22 4796 37 4891 20 4926 36 5017 21 5055 36 5144 21 5185 35 5271 21 5314 35 5398 21 5443 35 5525 21 5572 35 5652 21 5701 35 5779 22 5830 35 5906 22 5959 34 6034 21 6088 34 6161 22 6216 34 6289 21 6345 34 6416 22 6473 35 6544 21 6601 35 6672 21 6730 34 6799 22 6858 35 6927 22 6986 35 7055 21 7114 35 7183 21 7242 9 7252 26 7311 21 7371 7 7381 25 7439 21 7499 7 7508 26 7567 21 7629 33 7695 21 7759 31 7824 20 7887 31 7952 20 8015 31 8080 21 8141 33 8208 23 8266 36 8336 23 8394 36 8465 24 8521 37 8593 24 8650 36 8721 26 8778 36 8850 26 8907 35 8978 28 9035 35 9107 26 9157 1 9161 36 9235 25 9284 41 9364 23 9413 40 9493 20 9542 11 9555 26 9621 17 9671 10 9683 25 9750 18 9800 10 9812 24 9878 18 9900 4 9928 10 9940 24 10006 27 10056 35 10135 27 10184 35 10263 29 10312 35 10391 30 10440 34 10520 31 10568 34 10649 32 10696 33 10777 32 10825 31 10906 31 10953 31 11035 30 11081 30 11164 28 11210 28 11293 26 11338 27 11422 25 11467 26 11551 23 11595 25 11680 21 11724 23 11810 17 11854 19 11939 13 11984 15 12074 1 12114 11,5039 10 5165 18 5292 21 5419 24 5546 26 5673 17 5693 8 5801 17 5820 10 5928 31 6056 31 6183 33 6311 33 6438 35 6566 35 6694 36 6821 37 6949 13 6964 22 7077 10 7093 21 7205 10 7221 21 7333 10 7349 11 7361 9 7461 10 7477 12 7490 8 7589 35 7717 35 7846 36 7885 1 7974 36 8012 1 8103 35 8232 33 8362 29 8491 27 8620 25 8750 22 8775 2 8881 18 8903 3 9009 17 9031 3 9135 17 9261 13 9387 14 9514 16 9642 17 9770 4 9777 10 9906 9 10034 9 10163 7 10292 5 10421 4,,,9280 2,,3385 1 3390 4 3504 23 3628 38 3751 43 3875 26 3903 8 3925 2 4001 9 4021 4 4129 5 4255 5 4382 3 5142 1 5268 3 5395 3 5522 3 5608 1 5649 3 5736 1 5777 2 5865 2 5905 1 5993 2 6122 2 6251 2 6379 2 6414 1 6508 2 6541 2 6636 2 6669 2 6765 1 6797 2 6925 2 7534 2 7662 2 7694 1 7790 2 7822 2 7918 2 7950 2 8046 2 8078 2 8174 2 8206 2 8334 2 8463 1 8815 1 8942 2 9070 2 9197 3 9325 3 9453 3 9491 1 9581 2 9619 2 9663 3 9747 2 9789 9 9875 3 9916 11 10004 2 10044 11 10132 2 10172 11 10261 2 10299 12 10389 2 10427 12 10555 12 10683 12 10811 12 10857 1 10939 11 10984 2 11065 15 11111 2 11193 15 11239 2 11321 15 11366 2 11451 11 11493 3 11579 15 11620 3 11706 16 11747 3 11829 1 11834 17 11875 2 11936 1 11955 4 11964 11 11979 2 12002 2 12064 5 12080 7 12093 6 12107 4 12129 2 12193 24 12222 5 12237 4 12323 15 12350 4 12366 5 12455 6 12479 2 12607 2,10992 1 11119 2 12217 4 12228 7 12343 7 12354 10 12468 10 12481 12 12593 14 12610 12 12723 11 12738 12 12855 6 12868 7
gap_b13a3fc5ca3147bcd1,4381 3 4508 4 4578 1 4635 5 4763 5 4890 6 5017 7 5144 8 5272 8 5399 9 5526 10 5654 11 5782 11 5909 13 6037 14 6165 16 6292 18 6420 19 6548 21 6676 22 6804 23 6931 25 7059 25 7187 26 7315 27 7442 29 7570 30 7698 31 7826 32 7955 32 8083 33 8128 2 8211 33 8255 5 8339 34 8383 6 8467 33 8511 7 8595 33 8639 8 8724 31 8767 8 8852 31 8895 9 8980 30 9023 9 9108 30 9152 9 9237 28 9280 9 9365 28 9410 8 9494 27 9539 8 9622 27 9669 6 9750 27 9798 7 9879 26 9926 7 10007 26 10055 7 10094 2 10136 25 10183 8 10221 2 10264 26 10311 10 10347 4 10393 25 10439 12 10474 5 10521 26 10567 14 10601 5 10650 26 10696 15 10727 7 10778 26 10824 20 10851 10 10907 26 10952 36 11036 25 11080 36 11165 23 11208 35 11294 22 11337 33 11423 20 11465 32 11553 18 11593 31 11683 15 11722 29 11812 12 11850 28 11943 7 11979 26 12108 23 12237 21 12366 18 12496 14 12626 8,4142 1 4269 3 4396 5 4524 5 4652 5 4780 5 4909 4 5037 4 5309 3 5437 5 5456 1 5565 6 5583 1 5681 4 5693 8 5706 7 5719 2 5810 3 5821 20 5846 3 5949 20 5973 4 6076 21 6100 6 6189 4 6205 32 6316 7 6333 34 6444 10 6462 35 6572 11 6590 35 6700 12 6719 42 6829 11 6848 41 6957 11 6977 42 7086 10 7106 41 7214 10 7236 41 7344 7 7363 42 7473 6 7490 43 7603 3 7617 44 7746 43 7874 43 8003 42 8132 41 8261 40 8390 39 8519 36 8647 34 8758 4 8776 32 8884 7 8904 31 9011 9 9033 24 9138 10 9161 20 9266 10 9290 17 9394 10 9418 16 9522 10 9547 16 9650 9 9676 16 9778 8 9805 16 9906 7 9933 18 10035 5 10063 26 10192 25 10322 23 10451 21 10582 17 10712 12,3776 3 3904 4 4032 2 4423 6 4430 1 4550 13 4672 20 4799 22 4926 23 5054 23 5181 25 5312 22 5442 14 5457 5 5571 12 5584 6 5701 5 5713 6 5721 2 5841 5 5849 3 5969 4 5977 5 6097 3 6106 5 6237 3 6367 3 6497 4 6625 6 6889 1 7147 1 7533 1 7661 1 7789 1 7917 2 8045 2 8173 2 8301 2 8429 2 8555 4 8681 6 8808 8 8935 9 9057 15 9181 18 9307 20 9434 21 9563 20 9692 18 9821 17 9951 14 10089 4 10217 3 10345 1,,3514 2 3640 8 3768 5 3897 2 3931 2 4025 1 4058 4 4185 7 4313 8 4441 10 4569 9 4698 9 4826 9 4915 2 4955 8 5043 2 5084 6 5213 5 5342 3 5472 2 5600 3 5728 4 5856 5 5985 3 6114 3 6371 1 8250 1,,2728 9 2853 12 2979 13 3105 13 3232 11 3293 4 3359 10 3422 5 3486 9 3551 7 3614 4 3680 7 3741 3 3809 8 3868 4 3939 7 3995 4 4070 5 4123 4 4199 4 4250 4 4328 4 4377 4 4456 4 4504 4 4585 3 4632 3 4713 4 4759 3 4842 3 4887 2 4970 4 5015 2 5099 3 5227 3 5356 3 5484 3 5613 2 5741 3 5869 3 5998 1 6419 1 6546 2 6674 2 6801 3 6929 2 7057 2 7185 2 7313 1 7922 1 8050 1 8177 2 8305 3 8433 3 8561 3 8689 3 8817 3 8850 1 8945 2 8978 2 9073 2 9106 2 9201 2 9235 2 9329 1 9363 2 9491 2 9620 2 9748 2 9790 3 9795 2 9877 1 9916 10 10006 1 10041 13 10134 1 10169 10 10180 2 10296 14 10424 15 10552 15 10681 14 10809 14 10937 13 11066 11 11194 11 11323 10 11453 7 11578 10 11625 2 11705 11 11751 3 11831 14 11878 3 11958 4 11965 10 12005 4 12073 1 12078 1 12086 3 12099 5 12132 4 12198 9 12214 2 12228 5 12259 4 12325 9 12350 1 12357 3 12362 3 12385 5 12455 5 12478 1 12491 4 12512 4 12605 3 12620 4 12639 4 12733 3 12749 4,12091 1 12209 5 12216 5 12224 3 12337 12 12352 5 12464 13 12480 8 12591 13 12608 10 12718 13 12737 10 12848 10 12866 11 12995 10 13125 7
gap_314ec160c918757099,11111 1 11237 3 11343 6 11361 6 11472 21 11602 18 11733 13 11867 4,5685 2 5813 2 5941 3 6069 2 6197 2 6208 2 6335 3 6464 1 6707 1 6834 3 6842 3 6961 4 6969 5 7089 4 7098 4 7218 3 7227 3 7237 7 7347 1 7354 6 7365 8 7475 1 7481 8 7493 8 7609 8 7622 7 7737 7 7752 1 7866 6 7994 5,5784 1 5910 4 6037 5 6164 6 6292 7 6419 8 6547 8 6675 8 6803 8 6930 9 7016 5 7058 10 7143 8 7186 10 7267 13 7314 10 7395 13 7442 10 7521 16 7570 10 7584 1 7649 16 7698 11 7710 3 7776 17 7826 14 7903 18 7954 14 8030 19 8082 14 8157 20 8211 13 8285 20 8339 13 8412 21 8467 14 8539 22 8595 15 8666 23 8723 15 8794 23 8851 16 8922 22 8979 16 9049 23 9107 16 9177 23 9235 15 9304 24 9363 15 9431 25 9492 13 9559 24 9619 14 9687 24 9748 12 9814 24 9876 12 9942 23 10005 10 10070 22 10133 1 10135 7 10198 21 10265 5 10327 19 10394 3 10455 18 10584 16 10712 14 10842 12 10971 10 11103 5,8359 2 8401 1 8487 3 8526 6 8615 2 8653 8 8742 3 8781 8 8909 8 9037 9 9165 9 9293 8 9421 8 9550 6 9679 3 9808 1,2362 3 2367 5 2375 1 2489 17 2610 25 2735 28 2858 41 2985 44 3112 48 3240 25 3271 18 3369 21 3405 15 3497 20 3534 17 3637 3 3662 18 3747 2 3791 17 3873 4 3919 2 3923 14 3999 6 4047 2 4052 14 4127 6 4181 16 4255 6 4312 14 4383 6 4441 13 4511 6 4575 8 4638 6 4704 7 4766 6 4786 5 4832 7 4894 5 4911 9 4961 6 5022 4 5036 1 5038 10 5089 5 5150 4 5165 9 5218 3 5278 3 5293 7 5318 3 5407 1 5421 6 5446 4 5455 2 5476 3 5549 5 5561 8 5573 6 5583 2 5602 6 5675 7 5690 2 5693 4 5701 5 5729 8 5803 7 5823 1 5829 5 5856 11 5930 7 5957 4 5983 14 6056 7 6087 2 6111 15 6183 6 6215 3 6230 3 6238 17 6311 6 6342 7 6357 6 6366 18 6439 4 6471 9 6485 27 6567 4 6599 41 6695 6 6729 38 6823 3 6827 1 6858 37 6952 2 6987 19 7007 7 7021 1 7076 5 7115 3 7120 2 7123 10 7136 5 7203 6 7244 1 7254 5 7331 5 7459 5 7587 2,,5777 1 5904 2 6032 2 6160 1 6288 1 6416 1 6544 1 6672 1 6800 1 7028 1 7156 1 7284 2 7412 2 7540 1 7668 1 7796 1 8251 3 8307 2 8376 8 8435 2 8502 12 8563 2 8630 12 8690 2 8758 13 8818 2 8886 14 8946 2 9014 14 9074 2 9141 15 9202 2 9269 16 9329 3 9397 16 9457 3 9526 14 9585 2 9654 14 9713 2 9783 12 9911 12 10040 11 10132 1 10168 11 10181 1 10295 14 10424 13 10552 14 10675 4 10680 2 10686 9 10815 8 10946 1 11169 2 11322 4 11450 4 11579 2 11597 2 11726 2 11873 2 11999 3,9395 1 9523 1 9542 2 9650 3 9669 3 9778 3 9797 3 9906 3 9925 3 10035 2 10053 2 10163 1 10182 1 10939 1 11056 15 11075 2 11181 26 11305 17 11326 12 11432 18 11455 11 11559 19 11583 12 11686 20 11712 11 11815 19 11840 13 11943 18 11968 13 12072 16 12096 17 12201 13 12225 18 12331 9 12354 17 12483 15 12614 9
gap_86830845f0ef763b00,5200 10 5294 7 5326 13 5420 12 5452 17 5546 19 5578 20 5673 22 5699 28 5800 22 5827 29 5927 23 5956 29 6053 24 6085 29 6180 24 6214 29 6307 25 6344 28 6435 24 6473 27 6562 24 6603 26 6689 25 6732 25 6817 24 6860 25 6944 25 6989 25 7072 24 7117 25 7199 24 7247 23 7327 24 7375 24 7454 25 7504 23 7582 24 7632 23 7710 23 7760 23 7838 23 7888 23 7966 22 8016 24 8093 22 8144 24 8221 22 8271 25 8349 21 8399 3 8403 21 8477 22 8528 1 8532 20 8606 21 8655 2 8660 20 8734 21 8774 3 8783 2 8787 21 8862 22 8900 7 8909 27 8990 21 9024 40 9118 21 9151 41 9247 20 9279 4 9286 34 9375 19 9408 1 9417 31 9503 20 9544 31 9631 20 9672 31 9760 25 9800 31 9888 25 9929 29 10016 25 10058 28 10145 24 10187 27 10273 24 10316 25 10402 23 10444 25 10530 24 10572 24 10659 25 10700 23 10788 25 10829 22 10917 24 10957 21 11046 23 11084 21 11175 22 11212 20 11304 20 11341 18 11433 18 11470 16 11563 15 11599 14 11692 12 11728 12 11823 6 11857 10 11988 5,6469 1 6594 6 6721 8 6849 8 6970 2 6976 9 7097 5 7103 11 7224 18 7352 22 7480 22 7608 23 7736 15 7753 6 7864 7 7875 2 7881 5 7992 7 8010 3 8116 2 8120 7 8244 3 8248 7 8267 2 8372 3 8376 7 8394 4 8500 11 8522 5 8628 11 8650 5 8756 11 8780 1 8885 10 9012 11 9140 10 9268 8 9396 7 9525 5 9533 2 9654 1 9658 6 9785 8 9913 8 10041 8 10169 8 10297 8 10425 7 10554 5 10684 2,,,9283 3 9409 7 9535 9 9664 6 9793 1,,4942 4 5044 4 5053 12 5068 6 5171 28 5302 23 5434 17 5573 3 6178 2 6305 2 6372 1 6432 2 6501 1 6559 3 6629 1 6687 2 6757 2 6815 1 6886 2 6943 1 7014 2 7070 1 7142 2 7198 1 7271 1 7399 2 7527 2 7655 2 7783 2 7912 2 8040 2 8168 2 8296 2 8424 2 8553 1 8732 1 8860 1 8988 2 9116 2 9244 3 9372 3 9501 2 9629 2 9758 1 9886 1 10054 3 10180 5 10307 7 10434 9 10469 2 10561 11 10597 2 10689 10 10724 2 10817 10 10851 3 10945 9 10979 2 11073 9 11106 3 11201 9 11233 3 11329 9 11360 3 11430 2 11456 10 11488 2 11558 3 11583 11 11687 4 11709 14 11817 5 11834 21 11946 7 11956 12 11971 4 11978 8 12075 11 12091 3 12100 1 12107 12 12228 1 12237 2 12240 10 12356 1 12372 3 12484 1 12612 1,9585 1 9712 3 9840 3 9967 4 10095 3 10222 3 10349 2 10390 2 10476 2 10517 4 10603 3 10645 5 10731 2 10774 4 10858 2 10903 4 10985 2 11034 3 11111 3 11163 3 11238 3 11292 3 11366 1 11421 3 11551 3 11681 3 11810 3 12094 5 12103 4 12219 8 12230 7 12345 10 12357 1 12359 7 12473 10 12485 1 12487 9 12607 3 12613 1 12616 7
gap_fe74509c2f76a92c44,,6339 1 6464 5 6474 2 6592 5 6600 5 6720 5 6727 8 6848 5 6856 7 6978 1 6985 5 7114 3,4569 4 4696 7 4824 9 4951 11 5078 13 5206 14 5334 15 5461 16 5589 17 5717 17 5845 18 5973 18 6101 18 6230 18 6358 18 6487 17 6616 16 6745 16 6873 16 7001 16 7129 16 7257 16 7385 16 7515 13 7644 12 7772 10 7901 8 8036 1,7122 2 7251 1 7514 1 7597 3 7643 1 7724 4 7853 3 7980 4 7988 3 8020 4 8031 5 8107 6 8114 6 8148 5 8159 5 8234 6 8243 5 8275 6 8286 6 8362 6 8371 5 8403 7 8413 7 8489 7 8499 6 8531 7 8540 8 8617 8 8626 7 8659 17 8744 17 8788 16 8871 17 8917 15 8997 18 9045 14 9125 17 9174 13 9253 16 9302 11 9382 2 9387 8 9431 9 9561 5,3644 13 3766 27 3891 34 4018 37 4143 41 4269 44 4396 45 4518 34 4553 16 4645 33 4681 15 4772 34 4809 15 4899 26 4927 8 4938 13 5027 22 5050 2 5056 7 5067 11 5155 25 5189 8 5198 5 5282 23 5313 19 5409 24 5440 21 5535 26 5565 1 5567 22 5663 54 5790 55 5917 35 5954 19 6045 21 6068 11 6083 18 6173 21 6196 9 6213 17 6301 32 6342 16 6429 32 6472 2 6476 9 6557 31 6605 2 6608 4 6685 30 6814 29 6943 27 7072 26 7200 26 7327 27 7454 27 7582 15 7600 1 7604 4 7709 15 7837 12 7965 10 8093 10 8221 10 8350 8 8478 7 8606 7 8735 6 8863 6 8991 6 9119 6 9249 4 9380 2,,7235 4 7360 10 7487 12 7614 14 7742 15 7870 15 7998 15 8125 16 8254 15 8382 15 8511 13 8639 13 8767 3 8771 6 8778 1 8895 3 8899 8 9023 13 9150 15 9166 3 9278 21 9406 17 9534 15 9661 15 9789 14 9917 2 9922 6 10052 3 10181 1 10309 2 10436 3 10564 3 10692 3 10820 3 10949 1,7631 1 7758 3 7886 3 7994 2 8014 3 8121 4 8142 3 8249 3 8270 4 8377 3 8398 4 8505 3 8526 4 8633 3 8654 4 8761 3 8782 4 8889 3 8911 2 9017 2 9145 1 10041 2 10058 8 10168 4 10175 3 10185 12 10293 14 10313 13 10419 16 10441 16 10545 17 10569 16 10673 16 10697 17 10801 16 10825 17 10928 17 10953 17 11057 16 11081 16 11185 14 11209 15 11314 13 11337 12 11443 11 11467 8 11576 5
gap_17d8261a7af74c8c61,4402 5 4527 13 4652 21 4685 4 4778 25 4806 18 4904 27 4934 20 5031 27 5062 22 5158 28 5191 22 5285 28 5319 24 5412 28 5448 24 5539 28 5577 24 5666 28 5706 24 5794 27 5834 25 5921 27 5963 24 6048 28 6091 25 6176 27 6219 26 6303 27 6347 26 6431 27 6475 26 6558 27 6603 27 6686 27 6731 27 6813 28 6859 28 6940 29 6987 28 7068 29 7115 28 7195 30 7242 30 7323 30 7370 30 7450 25 7477 4 7497 31 7578 24 7606 2 7625 31 7706 23 7754 30 7834 23 7873 5 7882 1 7886 26 7961 24 8001 5 8010 2 8014 26 8089 24 8128 6 8137 3 8143 25 8217 27 8256 6 8265 4 8271 25 8345 28 8384 4 8392 5 8399 25 8473 29 8513 2 8519 6 8527 1 8529 23 8602 30 8644 36 8730 31 8770 38 8858 31 8898 38 8986 30 9026 37 9114 30 9154 37 9242 29 9282 37 9371 27 9410 37 9499 27 9540 34 9627 27 9669 33 9755 27 9798 32 9884 26 9926 32 10012 27 10055 30 10141 27 10183 30 10269 29 10311 29 10398 29 10440 27 10526 29 10568 27 10655 27 10697 25 10784 26 10825 25 10913 24 10954 23 11041 24 11083 21 11170 22 11211 20 11299 20 11340 18 11428 18 11470 15 11558 14 11599 12 11687 12 11729 9 11818 6,5442 5 5568 9 5695 10 5822 12 5949 14 6077 14 6205 14 6333 14 6461 13 6589 13 6717 13 6846 13 6976 11 7110 5 7238 4 7367 2 7730 2 7738 3 7858 3 7865 4 7879 2 7985 12 8007 1 8119 5 8516 1 9018 2 9144 7 9271 8 9398 8 9526 9 9654 8 9782 8 9910 8 10039 6 10168 5,,,8765 4 8895 2,,4028 2 4146 19 4269 4 4278 17 4395 5 4411 20 4523 2 4543 14 4649 1 4676 2 4902 1 5283 1 6429 1 6556 2 6630 1 6683 2 6758 2 6811 2 6887 1 6938 2 7015 2 7066 2 7143 2 7194 1 7272 1 7400 1 8728 1 8855 3 8936 2 8984 2 9064 2 9112 2 9191 3 9240 2 9319 3 9368 2 9447 2 9497 1 9575 2 9662 1 9665 3 9703 2 9790 7 9830 2 9918 7 9958 1 10045 9 10173 9 10301 9 10429 10 10557 10 10684 12 10812 12 10910 2 10940 11 11039 2 11067 12 11105 2 11167 3 11193 15 11232 2 11296 3 11320 19 11359 2 11425 3 11447 3 11452 11 11465 4 11486 3 11553 4 11573 6 11581 10 11594 4 11612 6 11682 5 11701 8 11710 6 11721 1 11723 5 11739 6 11811 6 11827 9 11841 2 11849 2 11852 7 11864 5 11941 8 11950 8 11959 4 11969 2 11982 14 12071 11 12097 2 12112 11 12225 1,9711 2 9747 2 9837 5 9874 4 9964 5 10002 4 10091 3 10131 3 10219 2 10261 2 10346 2 10390 1 10474 1 10518 1 10601 1 10646 2 10729 1 10775 1 10856 2 10903 2 10984 1 11033 1 11111 2 11161 2 11809 1 11837 2 11845 3 11963 6 11971 7 12089 8 12099 9 12214 11 12227 11 12342 11 12355 11 12476 4 12484 10
gap_8a969495d760787b53,4948 3 5073 9 5164 2 5198 14 5288 12 5325 17 5414 18 5452 19 5541 20 5578 22 5668 21 5706 23 5795 22 5835 24 5922 23 5964 25 6049 23 6092 26 6176 24 6220 27 6303 25 6348 28 6431 25 6475 29 6558 25 6602 30 6685 26 6723 3 6728 33 6813 26 6850 39 6940 26 6978 39 7068 26 7106 39 7196 26 7234 39 7324 26 7362 39 7452 26 7490 38 7580 25 7618 16 7635 21 7708 25 7745 17 7763 21 7836 25 7874 37 7964 24 8003 36 8092 24 8132 35 8221 22 8261 33 8349 18 8368 3 8390 32 8477 22 8519 30 8606 21 8647 30 8734 21 8776 29 8863 20 8904 28 8992 19 9032 28 9120 20 9161 26 9249 20 9289 26 9378 20 9417 25 9507 23 9546 23 9636 22 9674 22 9764 21 9803 21 9893 20 9931 20 10023 17 10060 18 10152 15 10189 16 10282 12 10318 13 10412 8 10447 11 10542 3 10577 7,5311 4 5438 7 5566 7 5695 6 5822 7 5832 2 5949 6 5958 5 6077 2 6085 7 6203 5 6213 7 6330 6 6341 7 6457 8 6470 4 6585 8 6712 9 6840 9 6968 9 7095 10 7223 9 7351 9 7479 8 7607 7 7735 6 7862 6 7989 6 8117 6 8244 8 8372 9 8499 10 8627 10 8756 9 8884 8 9012 7 9141 5 9270 3,,,,,4405 4 4410 2 4414 4 4419 6 4531 5 4553 3 4656 9 4671 2 4681 8 4782 23 4808 10 4909 37 5037 13 5061 9 5083 3 5157 1 5171 3 5213 2 5284 3 5342 2 5411 3 5471 2 5538 3 5665 2 5792 3 5920 1 5991 1 6119 2 6248 2 6376 2 6505 1 6761 2 6811 1 6889 2 6939 1 7017 2 7066 1 7145 2 7194 1 7322 1 8167 1 8295 1 8347 1 8384 4 8422 2 8475 2 8511 7 8550 2 8603 2 8639 7 8677 2 8732 2 8766 9 8805 2 8861 1 8894 9 8933 1 9022 9 9149 10 9276 10 9376 1 9404 1 9407 6 9504 2 9531 2 9534 2 9537 6 9633 2 9658 2 9662 9 9761 3 9787 1 9790 9 9890 3 9917 6 9924 5 10020 2 10042 16 10170 16 10297 3 10304 4 10312 2 10426 1 10433 3 10562 1,8978 5 9106 6 9235 5 9323 4 9367 2 9450 5 9496 1 9578 4 9624 1 9752 2 9881 2 10009 3 10139 2 10215 1 10268 1 10342 2 10427 5 10437 4 10469 2 10528 1 10554 7 10564 6 10595 3 10679 10 10692 8 10721 3 10806 12 10819 10 10847 3 10934 24 10973 3 11045 3 11061 12 11076 9 11100 1 11173 5 11190 10 11206 7 11302 6 11320 8 11333 4 11352 2 11431 6 11450 4 11461 4 11479 2 11562 3
gap_c10e639d83e6cbcd95,,7475 1 7504 2 7604 2 7631 3 7732 2 7738 1 7759 2 7860 3 7866 2 7887 2 7989 2 7995 1 8015 2 8117 2 8143 2 8245 2,,,5568 5 5585 1 5689 28 5813 34 5936 39 6064 40 6191 41 6319 22 6343 17 6447 41 6575 41 6703 40 6831 40 6965 32 7093 5 7101 24 7230 21 7359 19 7485 19 7611 20 7739 18 7758 1 7868 17 7996 19 8126 17 8257 14 8385 14 8513 13 8641 13 8770 12 8898 12 9032 6 9162 3,,8373 2 8379 1 8501 2 8507 2 8632 1 8635 2 8760 2 8764 1 8886 1 8888 4 9013 8 9141 8 9270 8 9399 9 9527 5 9533 3 9661 3 9789 3 9918 2 10305 2 10308 3 10428 1 10433 6 10556 2 10560 7 10683 12 10811 6 10819 3 10828 2 10938 4 10944 7 10953 5 11066 20 11194 14 11328 7 11457 5,5406 1 5477 2 5533 2 5605 3 5660 3 5734 1 5788 2 6121 1 6124 2 6248 2 6252 3 6381 1 6423 2 6493 2 6550 3 6620 3 6625 1 6679 1 6747 3 6752 4 6825 6 6874 4 6879 6 6946 4 6953 3 6957 4 6998 3 7002 4 7007 7 7073 5 7081 9 7125 17 7200 7 7208 11 7251 11 7263 8 7328 19 7378 12 7391 9 7455 9 7465 10 7506 22 7582 10 7593 11 7634 11 7646 11 7710 10 7721 11 7761 12 7774 11 7838 10 7849 11 7889 24 7965 24 8017 3 8021 7 8029 12 8093 24 8148 8 8157 12 8221 21 8243 2 8276 21 8349 21 8403 22 8476 23 8531 22 8605 22 8659 22 8733 22 8786 22 8861 22 8914 22 8990 21 9042 21 9118 21 9170 21 9247 16 9264 3 9298 4 9303 15 9375 16 9426 4 9431 15 9504 15 9554 3 9558 15 9633 14 9652 2 9682 2 9686 13 9763 12 9779 6 9810 1 9814 11 9893 12 9907 7 9942 9 10024 19 10069 8 10154 18 10196 7 10284 16 10323 6 10414 7 10422 6 10450 5 10544 12 10577 5 10674 9 10705 3 10804 4 10933 3
gap_630fc1bdda4e012a83,,7492 1 7619 4 7746 6 7753 5 7874 5 7882 5 8002 5 8010 5 8131 3 8139 3,4040 7 4054 5 4169 6 4180 11 4298 6 4307 15 4435 16 4564 17 4693 18 4821 19 4950 19 5079 20 5209 19 5338 19 5467 19 5596 18 5729 14 5857 15 5985 4 5991 10 6113 4 6118 12 6243 15 6367 20 6496 19 6625 19 6753 19 6881 20 7009 20 7137 20 7265 20 7393 21 7521 21 7650 20 7778 20 7907 19 8035 19 8161 1 8164 17 8291 1 8293 16 8420 17 8467 1 8549 16 8678 15 8807 13 8936 12 9065 11 9193 2 9196 8 9321 3 9325 5 9449 2 9454 3 9577 2 9705 2 9833 2 9960 2 10086 3 10213 3 10339 3 10465 2,8027 3 8154 7 8282 9 8357 7 8409 11 8483 11 8537 12 8610 13 8665 13 8737 14 8755 1 8794 13 8864 15 8883 1 8917 1 8924 12 8991 16 9010 1 9045 2 9052 13 9118 18 9138 1 9173 2 9179 14 9245 22 9301 2 9306 15 9373 22 9429 20 9501 22 9558 19 9630 21 9686 19 9758 18 9814 19 9887 15 9945 15 10016 13 10074 12 10145 10 10203 10 10275 6 10333 6 10464 1,4016 4 4036 4 4141 12 4162 7 4265 17 4289 9 4386 25 4416 19 4513 26 4544 20 4640 27 4673 20 4765 29 4801 20 4892 29 4929 21 5019 30 5057 22 5147 30 5185 24 5274 32 5313 25 5401 32 5442 25 5528 34 5572 23 5656 36 5703 20 5783 37 5834 18 5911 37 5963 18 6038 38 6084 2 6091 18 6164 39 6210 6 6219 5 6225 13 6292 38 6337 13 6353 14 6419 29 6449 7 6464 13 6481 15 6547 27 6578 5 6591 14 6609 16 6676 11 6688 11 6705 8 6720 14 6739 14 6804 11 6817 8 6832 9 6849 14 6867 14 6932 11 6945 7 6959 12 6976 17 6996 13 7059 13 7073 6 7086 14 7102 19 7124 13 7187 20 7210 27 7241 9 7253 12 7315 48 7369 10 7381 12 7443 46 7490 2 7497 10 7509 11 7572 44 7625 11 7638 9 7704 38 7758 6 7768 4 7833 27 7862 1 7887 5 7962 23 8091 21 8213 3 8220 11 8340 5 8349 8 8468 5 8480 1 8596 5 8724 5 8853 5 8981 4 9110 3,,8514 8 8640 11 8768 12 8895 13 9023 11 9035 2 9151 14 9279 14 9407 14 9535 14 9663 13 9791 13 9919 13 10047 3 10051 4 10056 3 10174 9 10184 3 10302 9 10312 3 10429 15 10558 7 10566 6 10689 1 10694 6 10825 2 11203 1 11330 3 11458 3 11586 3 11714 3 11842 2,8376 5 8398 2 8503 6 8526 3 8629 8 8654 5 8756 9 8782 7 8884 9 8910 7 9011 10 9038 7 9139 10 9166 7 9267 10 9294 7 9395 10 9422 7 9523 10 9550 8 9651 10 9678 8 9779 9 9806 8 9907 8 9934 8 10036 4 10062 7 10680 4 10806 8 10830 1 10931 14 10956 6 11057 16 11078 17 11184 17 11205 21 11311 18 11333 21 11438 19 11461 21 11567 18 11589 21 11695 18 11717 20 11823 18 11845 20 11952 17 11973 18 12081 16 12102 16 12211 13 12230 15 12347 4 12361 2 12367 2
gap_c5b9100bcd0dd7827a,,,,,,,4418 1 4546 2 4916 2 4941 2 5044 3 5068 3 5172 4 5196 3 5301 3 5323 2 5430 3 5450 3 5558 4 5573 1 5577 4 5686 8 5701 1 5703 6 5813 3 5818 4 5836 2 5940 2 5948 2 5965 2 6067 3 6077 1 6094 2 6195 2 6222 2 6323 1 6351 2 6450 2 6479 2 6578 1 6608 2 6706 1 6736 2 6833 2 6864 2 6961 1 6993 1 7089 1 7121 2 7216 2 7249 2 7344 2 7377 2 7472 2 7505 2 7599 3 7633 2 7727 3 7761 2 7855 3 7889 2 7984 2 8017 2 8112 2 8145 2 8240 2 8272 2 8369 2 8400 2 8497 2 8527 3 8625 3 8654 3 8754 2 8782 3 8882 3 8909 3 9011 2 9037 3 9139 3 9164 3 9268 3 9291 3 9397 3 9418 3 9526 3 9545 3 9655 3 9665 2 9671 4 9784 18 9913 15 10044 9,
gap_8bc97414bdeccc108e,,,,,,,4158 7 4283 13 4409 5 4420 6 4535 4 4543 2 4546 4 4551 4 4662 4 4673 2 4679 6 4789 6 4809 5 4917 4 4938 5 5045 3 5068 3 5172 3 5197 2 5300 2 5325 3 5428 2 5454 2 5555 2 5582 3 5683 2 5711 2 5811 2 5839 2 5939 2 5968 2 6067 2 6096 2 6194 2 6224 2 6322 2 6352 2 6449 3 6480 2 6577 3 6608 3 6705 3 6736 3 6833 2 6865 2 6960 3 6993 2 7088 3 7121 2 7216 3 7249 2 7344 2 7377 2 7472 2 7505 2 7600 2 7633 2 7728 2 7761 2 7856 2 7889 2 7984 2 8017 2 8113 2 8145 2 8241 2 8272 2 8369 2 8400 2 8497 3 8527 3 8626 2 8655 2 8754 3 8782 3 8883 3 8910 2 9011 3 9037 3 9140 4 9164 3 9268 5 9290 4 9397 5 9417 4 9527 7 9536 2 9542 6 9656 19 9786 15 9916 10,
gap_581a4d28395da83fd2,,5410 4 5537 5 5594 2 5666 6 5673 2 5721 4 5795 5 5848 5 5925 4 5976 4 6055 2 6104 1 6227 6 6354 6 6482 5 6609 5 6737 3 6865 2 6993 2 7122 1,,,5689 7 5701 4 5816 10 5828 13 5943 26 6071 26 6200 23 6328 3 6335 10 6463 9 6591 9 6719 10 6842 1 6844 13 6969 16 7097 16 7226 16 7354 17 7480 3 7484 7 7493 7 7600 2 7606 5 7613 6 7621 8 7728 11 7744 4 7749 9 7856 11 7877 1 7879 8 7984 12 8007 8 8113 9 8136 7 8243 3 8248 1 8265 5 8394 2 8642 3 8768 6 8894 10 9020 14 9141 2 9147 15 9274 16 9401 17 9529 17 9657 16 9785 5 9793 2 10429 4 10556 8 10683 11 10811 11 10939 11 11068 9 11197 8,7878 1 8005 2 8135 1 8253 6 8380 7 8508 8 8636 6 8765 3 8893 1,3116 1 11580 6 11707 8 11835 8 11963 2,5145 2 5273 5 5401 7 5474 5 5529 8 5600 9 5654 11 5726 11 5780 13 5853 11 5910 13 5980 12 6039 16 6107 13 6168 1 6173 12 6234 14 6305 6 6360 9 6430 10 6487 1 6492 5 6510 6 6554 15 6617 10 6637 9 6679 18 6744 11 6765 10 6806 19 6871 13 6893 11 6933 20 6999 14 7022 11 7060 21 7127 15 7154 7 7188 21 7255 17 7282 8 7316 20 7383 19 7411 7 7433 1 7440 3 7444 20 7511 18 7539 7 7561 2 7568 24 7640 18 7668 6 7688 3 7697 20 7718 1 7768 22 7797 5 7815 4 7825 22 7896 22 7925 6 7942 1 7944 3 7954 21 8024 22 8053 6 8069 2 8072 3 8086 17 8152 21 8181 5 8196 4 8201 2 8215 16 8280 14 8296 4 8308 6 8324 5 8344 15 8408 14 8425 2 8435 7 8452 5 8474 13 8536 14 8561 9 8580 10 8603 12 8665 12 8687 11 8708 14 8732 11 8792 12 8813 12 8837 15 8861 10 8920 11 8941 12 8966 17 8991 9 9048 10 9069 12 9095 18 9121 7 9175 9 9195 14 9224 19 9251 5 9303 8 9319 18 9352 21 9381 3 9431 4 9445 19 9481 22 9511 1 9571 19 9611 21 9696 21 9742 20 9821 23 9873 18 9947 24 10004 18 10072 24 10136 18 10199 21 10266 17 10325 19 10396 15 10452 17 10526 15 10579 15 10656 14 10705 15 10786 14 10832 13 10915 14 10958 13 11045 13 11085 12 11175 12 11210 13 11305 11 11337 13 11436 10 11463 13 11566 9 11590 12 11697 7 11718 10 11827 5 11845 8 11957 3 11973 3
gap_56be907e2b759e0f8c,,5954 5 5960 1 6080 13 6208 14 6339 10 6462 1 6465 12 6590 1 6593 3 6598 7 6711 2 6717 2 6721 2 6727 6 6838 3 6843 1 6845 2 6856 4 6964 5 6970 2 6973 2 6978 2 6986 2 7091 6 7098 2 7104 5 7115 1 7218 7 7226 2 7231 7 7242 3 7345 8 7354 1 7359 7 7369 5 7474 7 7487 7 7497 5 7604 4 7615 7 7625 6 7745 4 7753 6 7881 6 8010 5 8139 3,3532 2 3535 5 3791 8 3892 4 3925 5 4019 5 4056 4 4156 2 4186 1 4289 2 4420 1 4578 2 4703 7 4829 11 4957 11 5083 13 5210 15 5337 16 5465 16 5593 16 5721 17 5850 16 5979 16 6107 17 6234 18 6362 18 6488 20 6616 21 6743 22 6869 24 6997 24 7124 25 7250 27 7377 28 7505 28 7578 4 7632 30 7705 8 7759 30 7833 9 7887 30 7961 10 8015 30 8089 11 8142 31 8217 12 8269 32 8345 12 8399 30 8473 12 8527 30 8602 12 8655 30 8730 12 8783 29 8859 11 8912 28 8987 11 9040 27 9116 10 9168 27 9245 10 9296 26 9373 9 9424 25 9502 8 9553 24 9631 8 9681 23 9760 7 9810 22 9889 5 9938 21 10067 18 10196 16 10326 11 10456 7,8239 7 8364 8 8373 1 8490 8 8501 2 8616 15 8744 15 8871 17 8998 17 9126 17 9255 15 9382 16 9510 15 9639 14 9767 13 9898 8 10027 5,3765 4 3890 2 3896 2 3919 6 4016 3 4024 5 4047 9 4142 14 4158 2 4175 11 4267 22 4291 1 4303 11 4393 27 4421 2 4431 11 4520 33 4559 10 4648 33 4687 10 4775 14 4790 20 4815 10 4902 14 4920 19 4944 8 5029 15 5046 22 5072 8 5156 40 5200 8 5283 26 5311 13 5329 7 5410 26 5457 8 5537 13 5552 12 5584 9 5664 14 5680 12 5712 9 5791 15 5808 12 5825 7 5840 9 5917 31 5952 2 5959 1 5969 7 6045 17 6063 13 6097 7 6173 16 6192 11 6225 7 6301 13 6320 11 6354 6 6429 13 6448 10 6481 6 6558 12 6576 10 6608 7 6686 12 6704 7 6737 6 6814 11 6832 6 6865 4 6942 11 6960 4 6993 4 7071 10 7088 3 7121 3 7203 5 7216 2 7249 1 7344 1 7472 2 7601 3 7729 5 7846 2 7974 2,,3626 2 3754 2 3806 2 3879 2 3937 2 4065 3 4132 1 4194 3 4258 2 4324 2 4386 1 5275 2 5353 3 5402 3 5482 2 5530 2 5610 2 5658 2 5739 1 6425 2 6552 3 6637 2 6680 2 6765 2 6893 2 7744 1 7960 1 7998 5 8087 2 8125 10 8215 2 8253 11 8301 2 8344 1 8380 13 8429 2 8507 14 8557 2 8631 1 8635 15 8685 1 8759 1 8762 16 8890 16 9018 16 9147 14 9275 14 9404 13 9532 12 9662 7 9670 1 9788 1 9791 6 9916 2 9919 7 10044 12 10172 12 10301 10 10316 2 10339 1 10432 3 10464 3 10560 2 10592 2 10689 1 10709 2 10838 2,9272 1 9399 2 9527 2 9655 2 10415 13 10542 16 10566 7 10666 21 10691 14 10793 23 10819 16 10922 22 10947 17 11051 21 11075 20 11180 19 11203 22 11309 18 11331 21 11440 14 11459 20 11570 11 11589 16 11718 12 11849 3
gap_f8cc6a1d4b6620b5e0,,,,,,,5693 4 5819 7 5947 8 6074 10 6201 12 6329 12 6457 13 6585 13 6716 6 6724 1 6844 6 6852 2 6855 1 6966 4 6973 5 6980 5 7088 2 7094 5 7101 4 7107 7 7214 7 7222 5 7229 4 7235 7 7243 3 7343 13 7362 7 7371 3 7474 10 7490 6 7606 8 7615 8 7736 13 7865 11 7995 8 8124 7 8253 5 8381 5 8510 3 8638 3 8767 2,7073 2 7200 4 7285 6 7301 4 7327 5 7411 8 7428 7 7455 5 7537 5 7543 5 7555 9 7582 6 7661 4 7671 2 7674 2 7682 10 7695 1 7710 6 7788 3 7802 2 7810 9 7823 2 7831 2 7838 5 7916 2 7930 2 7938 10 7951 3 7959 3 7963 1 7965 6 8043 3 8058 2 8066 11 8079 4 8088 11 8119 1 8133 3 8158 2 8171 3 8186 2 8194 12 8207 6 8216 10 8246 5 8260 4 8285 5 8299 4 8314 2 8322 5 8329 4 8335 7 8344 9 8374 5 8387 6 8413 6 8427 5 8442 1 8450 11 8463 7 8472 8 8502 6 8515 6 8540 8 8556 4 8570 1 8578 2 8581 8 8590 16 8630 7 8643 7 8668 9 8684 4 8697 2 8706 1 8709 24 8758 7 8771 7 8797 12 8812 4 8824 3 8834 2 8837 5 8843 18 8886 7 8899 6 8925 7 8933 4 8940 4 8951 3 8962 8 8971 14 8987 1 9015 6 9028 5 9054 6 9061 4 9069 4 9077 5 9090 7 9099 11 9143 6 9156 4 9183 4 9190 3 9197 12 9219 17 9272 5 9284 4 9312 3 9318 2 9326 9 9349 11 9400 5 9413 2 9440 3 9446 1 9455 6 9478 9 9529 3 9569 1 9584 2 9608 5 9614 1 9658 1 9712 1 9837 6 9963 9 9994 4 10091 9 10121 8 10218 11 10248 10 10346 10 10376 11 10474 10 10505 11 10602 8 10635 9 10731 5 10767 5
gap_e78a866d1d6f3699ac,,6991 2 7119 2 7731 1 7751 4 7872 12 8000 12 8127 13 8255 13 8384 11 8514 1 8519 3,8465 1 8593 2 8721 2 8849 3 8977 3 9105 4 9235 2 9363 2,7509 1 7634 7 7722 3 7761 10 7848 5 7888 12 7976 3 8016 13 8103 4 8144 14 8231 4 8272 15 8359 4 8400 5 8407 9 8487 5 8528 4 8535 10 8615 5 8657 2 8664 9 8743 6 8793 9 8871 6 8921 9 8999 6 9045 13 9128 5 9172 14 9256 4 9300 14 9428 14 9556 13 9685 11 9814 9 9945 2,3004 10 3131 13 3258 15 3387 14 3515 14 3643 13 3669 5 3772 11 3796 7 3902 9 3925 7 4033 4 4053 7 4062 3 4182 6 4189 5 4287 2 4310 6 4317 5 4414 5 4422 3 4439 4 4445 5 4541 15 4568 1 4574 4 4661 25 4703 3 4789 25 4833 2 4917 25 4960 6 5034 5 5046 9 5057 11 5070 1 5087 8 5161 9 5174 8 5198 2 5214 9 5288 11 5303 6 5327 1 5342 10 5416 11 5431 5 5469 13 5544 11 5560 3 5597 14 5674 11 5712 4 5721 18 5812 3 5839 7 5847 20 5941 5 5966 29 6069 8 6081 4 6094 28 6196 18 6222 8 6231 16 6298 2 6324 9 6335 7 6351 5 6360 15 6423 7 6452 8 6463 7 6490 9 6501 2 6550 9 6569 6 6581 8 6591 2 6595 8 6621 6 6629 2 6677 10 6693 10 6710 10 6724 7 6752 2 6805 11 6820 10 6838 11 6851 13 6933 11 6947 10 6967 24 6993 1 7015 2 7061 11 7075 9 7095 13 7111 8 7121 1 7143 6 7189 11 7203 7 7224 11 7242 7 7271 6 7317 10 7331 5 7360 2 7372 4 7399 7 7447 6 7527 8 7654 10 7716 1 7720 2 7725 2 7782 10 7825 1 7847 1 7853 3 7910 10 7953 1 7975 1 7979 5 8039 9 8081 1 8089 3 8107 1 8110 1 8168 7 8209 1 8216 5 8238 1 8297 6 8337 1 8344 7 8425 5 8472 8 8554 3 8600 8 8728 9 8856 9 8984 9 9112 8 9241 6 9372 1,,8765 9 8891 12 9018 15 9146 8 9155 7 9274 16 9402 16 9529 17 9657 17 9786 16 9915 14 10044 13 10173 11 10302 1 10304 6 10430 9 10557 11 10685 11 10813 11 10941 12 11068 13 11201 3 11206 2 11330 1 11585 2 11712 3 11840 3 11968 3 12097 1,8758 2 8885 4 9013 4 9036 1 9140 5 9163 4 9267 5 9291 5 9395 5 9419 6 9522 6 9547 6 9650 6 9675 6 9778 6 9803 6 9907 5 9931 6 10035 6 10059 6 10164 5 10187 6 10293 5 10315 5 10417 2 10421 5 10443 5 10450 3 10571 4 10579 3 10678 2 10698 6 10707 3 10805 3 10826 7 10835 4 10924 13 10954 15 11050 16 11082 16 11177 18 11209 17 11305 23 11336 18 11433 23 11461 21 11561 23 11589 20 11689 23 11717 20 11818 21 11845 19 11947 19 11974 17 12076 17 12103 14 12206 14 12232 5 12240 3
gap_5c3c5f53afe7e1bd61,,6336 3 6462 7 6589 9 6716 11 6844 11 6971 12 7099 12 7227 12 7356 10 7484 10 7613 7 7625 1 7745 1 7751 3 7879 2,,6307 4 6432 10 6558 13 6685 14 6813 15 6940 9 6953 3 7068 6 7081 3 7196 6 7208 5 7255 7 7324 8 7336 5 7382 10 7452 8 7464 5 7510 11 7580 9 7592 5 7637 13 7709 16 7765 13 7837 15 7893 13 7966 14 8021 13 8094 13 8149 13 8224 10 8277 13 8353 8 8405 12 8534 10 8662 9 8792 5,2757 4 2882 8 3007 11 3132 14 3151 5 3259 15 3279 5 3370 7 3383 18 3406 7 3496 10 3510 15 3526 1 3535 7 3623 11 3638 11 3663 16 3750 12 3765 12 3791 18 3877 14 3894 8 3920 22 4001 2 4004 10 4016 3 4023 6 4048 23 4127 12 4144 3 4152 4 4176 15 4193 7 4255 11 4272 3 4303 15 4321 8 4382 8 4401 3 4432 14 4449 8 4509 8 4561 4 4567 8 4577 8 4635 10 4666 2 4695 8 4705 8 4763 10 4775 1 4794 2 4823 8 4834 8 4891 13 4932 1 4951 8 4962 9 5019 14 5079 8 5090 11 5147 18 5208 6 5221 8 5276 19 5337 4 5351 8 5405 19 5480 7 5538 15 5588 2 5592 5 5608 9 5655 3 5667 15 5736 9 5782 4 5795 16 5864 10 5909 4 5927 13 5998 4 6038 2 6057 14 6126 5 6188 9 6223 5 6239 1 6255 4 6317 7 6350 7 6364 5 6384 3 6448 2 6478 7 6491 6 6513 2 6607 5 6619 6 6641 3 6747 8 6769 3 6877 2 6881 3 6897 3 7010 4 7025 4 7138 6 7153 4 7267 7 7281 3 7395 8 7410 2 7524 7 7652 7 7665 3 7781 5 7790 6 7910 3 7916 8 8044 8 8172 8 8300 7 8429 5 8559 2,,7738 5 7864 11 7991 13 8119 14 8246 16 8374 16 8502 16 8630 17 8758 16 8887 15 9015 15 9144 13 9271 14 9398 15 9526 15 9655 14 9783 13 9912 11 10041 9 10171 3 10299 4 10328 2 10427 4 10451 2 10555 4 10683 4 10811 4 10940 2 11068 1,7857 3 7881 1 7984 5 8110 7 8237 8 8265 1 8364 9 8392 4 8491 10 8520 5 8619 10 8648 6 8746 11 8776 7 8874 11 8904 8 9003 9 9031 10 9132 7 9159 10 9261 5 9287 10 9415 10 9544 9 9671 9 9771 5 9799 8 9899 7 9927 7 10026 12 10055 6 10154 14 10180 11 10283 14 10305 14 10412 13 10432 15 10541 12 10560 15 10668 13 10688 15 10797 13 10816 13 10925 13 10944 13 11054 12 11072 13 11182 12 11199 13 11311 11 11327 13 11440 10 11455 12 11570 7 11583 12 11700 4 11712 10 11841 5
gap_fb33f485d41a1bd5d4,,6568 1 6610 3 6695 3 6737 5 6823 3 6865 5 6951 3 6993 3 6997 2 7079 3 7122 1 7125 3 7209 1 7252 4 7380 4 7467 3 7509 2 7595 3 7638 1 7722 3 7851 1,,,5156 7 5283 8 5332 5 5411 9 5444 9 5458 9 5540 12 5565 18 5584 11 5668 13 5692 32 5797 14 5817 35 5930 10 5944 36 6059 33 6097 10 6188 24 6216 1 6227 4 6317 22 6447 20 6482 2 6576 20 6609 1 6704 25 6736 1 6831 26 6864 1 6958 3 6963 22 6991 2 7086 2 7091 22 7119 3 7219 24 7348 23 7476 23 7604 22 7732 20 7860 20 7988 21 8116 22 8244 23 8372 29 8501 28 8629 28 8757 28 8886 26 9014 13 9030 10 9142 11 9158 9 9271 8 9286 9 9394 2 9403 1 9414 3 9418 5 9521 4 9542 8 9649 4 9670 7 9777 5 9789 1 9796 7 9905 5 9915 15 10032 7 10041 17 10159 27 10287 27 10415 27 10545 28 10673 28 10801 1 10804 9 10814 15 10933 6 10943 6 10952 5 11061 5 11072 3 11192 1,,2986 1 11442 3 11450 9 11464 4 11570 26 11698 26 11828 2 11833 18 11962 3 11968 4 12098 1,5144 4 5272 5 5394 3 5400 6 5517 8 5529 6 5642 12 5657 7 5731 2 5769 13 5784 9 5858 4 5896 14 5912 10 5984 8 5996 7 6023 15 6040 12 6111 10 6123 10 6151 15 6168 13 6237 12 6251 11 6278 16 6296 14 6365 12 6379 12 6405 17 6424 14 6491 14 6507 13 6533 18 6552 15 6617 16 6634 15 6661 34 6745 32 6788 11 6801 22 6873 33 6916 10 6930 21 7000 34 7044 10 7058 21 7128 34 7172 10 7187 22 7256 16 7273 17 7300 10 7315 18 7334 3 7384 16 7401 5 7408 10 7427 11 7444 3 7448 13 7462 1 7511 1 7513 15 7529 5 7536 10 7555 11 7572 3 7576 13 7641 15 7657 4 7663 11 7683 11 7700 4 7705 12 7770 13 7785 3 7791 12 7811 21 7833 12 7898 13 7913 3 7919 12 7940 33 8026 17 8045 14 8068 21 8090 11 8154 12 8167 3 8172 16 8196 21 8218 11 8282 11 8294 22 8325 20 8347 10 8410 10 8421 22 8453 21 8476 9 8538 9 8549 22 8583 19 8606 6 8666 8 8676 22 8711 19 8735 5 8794 7 8805 20 8840 19 8865 2 8923 5 8933 19 8969 19 9052 3 9060 19 9097 20 9187 19 9226 20 9315 19 9355 20 9442 20 9484 21 9569 21 9614 22 9695 22 9745 21 9820 24 9876 20 9947 24 10007 18 10073 22 10137 17 10199 20 10268 15 10327 16 10397 15 10452 16 10528 13 10579 14 10658 11 10706 13 10788 9 10834 11 10917 9 10961 10 11047 8 11088 10 11176 8 11215 9 11305 7 11343 8 11434 7 11470 7 11564 5 11598 5 11694 3 11725 4 11853 2
gap_cccfc72c6e6a7b3c45,,6448 1 6481 4 6569 2 6575 4 6608 5 6697 1 6703 4 6737 2 6832 3,,,8766 8 8893 9 9021 9 9149 9 9278 9 9407 8 9535 7 9664 6 9793 4 9921 3,6207 6 6333 10 6460 11 6588 12 6715 14 6843 14 6971 14 7099 15 7226 17 7354 17 7481 19 7609 19 7737 19 7865 19 7993 18 8122 17 8251 14 8381 10 8511 6,10563 1,4900 1 5027 3 5090 2 5155 2 5216 6 5281 1 5344 7 5408 1 5473 6 5536 1 6586 1 6601 1 6617 5 6695 2 6712 3 6729 4 6736 1 6742 11 6821 5 6838 5 6857 8 6869 12 6946 11 6965 5 6985 9 6997 12 7073 12 7093 5 7114 9 7124 11 7201 13 7219 6 7244 18 7332 10 7346 6 7374 16 7461 11 7473 5 7502 16 7590 15 7607 1 7631 16 7652 2 7719 14 7735 2 7759 20 7781 1 7845 16 7862 2 7887 21 7967 22 8016 21 8094 23 8144 21 8222 23 8272 22 8350 23 8400 24 8478 23 8528 24 8606 22 8657 23 8734 23 8785 8 8794 14 8862 23 8913 7 8926 10 8990 15 9006 7 9041 6 9054 10 9118 15 9135 6 9169 5 9176 16 9246 16 9263 5 9297 4 9303 17 9374 16 9392 4 9425 3 9430 17 9503 16 9521 3 9553 1 9557 17 9632 17 9684 16 9762 16 9811 14 9892 15 9936 14 10023 16 10062 13 10155 16 10187 14 10286 15 10314 13 10417 12 10442 11 10548 10 10570 9 10699 5
gap_5436fb8ca494441737,5931 3 6058 5 6093 3 6184 9 6204 3 6213 2 6216 10 6310 12 6331 5 6339 16 6436 15 6458 6 6466 20 6562 17 6586 7 6594 22 6688 20 6715 31 6814 22 6843 32 6941 26 6972 4 6977 28 7068 28 7101 2 7104 30 7195 31 7232 31 7323 31 7359 33 7450 33 7487 34 7577 34 7615 34 7704 36 7742 36 7831 37 7870 36 7959 37 7999 36 8087 37 8128 35 8214 38 8258 33 8342 38 8387 32 8471 36 8516 31 8599 36 8645 30 8727 35 8774 29 8856 34 8902 29 8984 33 9030 29 9113 32 9158 29 9241 32 9287 28 9370 31 9415 27 9498 31 9544 26 9627 29 9672 25 9755 29 9801 24 9884 28 9929 23 10013 26 10057 22 10142 25 10186 21 10271 23 10315 19 10400 21 10444 17 10530 18 10573 15 10660 15 10703 11 10790 12 10833 7 10920 8,5683 1 5809 4 5830 3 5936 5 5954 3 5958 3 6064 4 6580 3 6708 3 6837 2,,,,,5800 2 5927 3 6053 4 6097 3 6180 3 6226 5 6356 4 6486 2 6811 2 6937 4 7065 3 7193 2 7264 3 7393 2 7521 3 7650 2 7778 1 8212 1 8253 1 8340 2 8381 5 8468 2 8508 8 8596 2 8635 9 8763 10 8891 10 9018 11 9146 11 9188 1 9274 12 9315 2 9402 12 9443 2 9495 1 9530 12 9623 2 9659 11 9752 3 9787 10 9880 3 9915 10 10009 3 10044 9 10138 3 10172 10 10268 2 10298 13 10425 13 10554 12 10589 2 10683 10 10716 4 10813 7 10843 4 10943 4 10958 1 10969 5 11056 2 11059 1 11072 2 11087 1 11173 14 11200 2 11302 10 11328 2 11456 2 11584 2 11712 2,4781 3 4786 1 4808 1 4908 2 4935 5 5036 2 5042 2 5062 2 5067 2 5164 1 5168 4 5190 4 5195 3 5292 6 5318 8 5448 4 9227 1 9230 2 9326 6 9354 7 9453 7 9483 6 9581 7 9616 1 9708 5 9714 1 9836 3 9873 1 9964 2 10001 1 10092 1 10129 2 10219 1 10258 1 10347 1 10386 2 10474 2 10515 2 10601 2 10644 3 10695 1 10728 1 10773 3 10809 4 10821 4 10855 1 10902 3 10936 6 10947 7 10982 1 11031 3 11064 6 11075 8 11109 1 11161 2 11190 9 11203 8 11236 1 11317 10 11331 9 11362 3 11421 2 11445 10 11459 10 11489 3 11550 3 11572 10 11588 9 11615 4 11678 9 11700 9 11716 8 11735 1 11741 6 11806 9 11829 7 11845 5 11868 7 11934 7 11997 7 12063 4 12127 5 12255 4
gap_1c8ec4dcb227d59df0,,6059 1 6185 8 6225 2 6313 8 6353 4 6439 1 6441 8 6481 10 6568 1 6573 4 6610 9 6703 2 6738 9 6867 6 6995 5,,,9532 1 9657 7 9785 11 9913 14 10041 15 10169 16 10298 15 10426 16 10554 10 10681 11 10810 10 10938 10 11066 9 11194 9 11323 7 11452 6 11583 1,6079 4 6205 10 6331 14 6459 15 6586 16 6713 18 6840 19 6968 19 7096 19 7224 19 7352 19 7479 20 7607 21 7735 21 7863 21 7991 22 8119 22 8247 22 8375 21 8504 20 8632 20 8760 20 8889 18 9018 17 9147 15 9275 14 9405 10 9536 3,12479 4 12607 5 12736 2,6307 3 6434 5 6494 5 6561 7 6621 6 6689 8 6748 8 6817 8 6875 9 6944 8 6966 1 7002 11 7072 6 7092 3 7129 12 7202 5 7216 7 7243 5 7257 3 7261 6 7330 7 7341 10 7371 7 7456 10 7467 12 7500 13 7582 24 7628 14 7644 5 7709 25 7757 22 7836 25 7885 23 7963 25 8014 23 8091 24 8143 22 8218 25 8271 23 8346 24 8400 23 8471 1 8474 24 8528 23 8556 4 8599 2 8603 23 8656 23 8683 5 8732 21 8785 31 8862 19 8913 25 8939 5 8991 18 9042 23 9067 5 9120 2 9124 10 9136 1 9170 23 9195 5 9252 10 9298 23 9323 5 9380 9 9391 1 9426 22 9449 9 9508 9 9519 2 9554 33 9637 8 9647 2 9682 14 9699 3 9704 11 9766 7 9774 3 9810 13 9832 11 9895 10 9938 12 9960 11 10024 9 10065 12 10087 12 10154 7 10193 10 10214 13 10284 4 10321 7 10340 15 10402 1 10414 3 10449 5 10469 13 10501 3 10505 1 10528 7 10543 2 10577 3 10596 14 10629 6 10655 10 10705 1 10721 17 10757 7 10783 11 10842 24 10885 8 10912 12 10969 24 11014 8 11041 12 11095 25 11143 6 11170 13 11221 25 11271 6 11299 14 11347 26 11400 5 11408 3 11428 15 11473 27 11531 1 11533 1 11536 3 11558 16 11599 26 11664 3 11688 16 11725 26 11793 2 11817 16 11851 25 11947 14 11978 24 12077 12 12105 22 12206 11 12232 21 12336 9 12359 19 12466 8 12487 15 12597 5 12615 12 12743 7
gap_6ac7ea5701e04f75cf,,7372 2 7376 1 7499 4 7593 2 7598 2 7628 2 7632 1 7720 1 7722 6 7760 1 7852 4 7886 3 7981 2 8012 5 8109 3 8139 6 8237 4 8267 7 8365 4 8395 7 8493 4 8528 2 8621 4 8650 1 8657 1 8778 2 8906 2 9393 1,,,4422 3 4552 1 4682 1 4810 5 4938 5 4946 1 5034 3 5065 12 5159 8 5192 14 5286 10 5316 19 5412 12 5436 3 5444 8 5455 10 5538 14 5563 4 5571 7 5583 12 5666 14 5691 10 5711 12 5793 14 5818 11 5838 14 5921 12 5945 12 5966 17 6048 12 6072 13 6094 17 6174 13 6200 13 6222 17 6302 12 6327 14 6361 3 6432 8 6454 15 6474 3 6490 2 6561 6 6581 15 6601 3 6618 2 6689 4 6708 7 6717 6 6728 4 6745 3 6817 4 6836 7 6844 6 6856 4 6871 6 6945 3 6964 14 6983 4 6998 8 7092 15 7111 4 7125 10 7220 16 7237 5 7249 14 7351 18 7377 14 7479 18 7508 9 7607 18 7638 5 7735 15 7863 15 7991 15 8119 8 8131 1 8246 9 8374 9 8504 7 8633 6 8761 5 8889 5 9015 7 9143 7 9272 7 9400 9 9528 10 9658 8 9787 6 9917 4 10045 4 10173 4 10301 3 10430 1,,9551 2 9679 2 9808 1 9931 6 10060 5 10188 5 10316 5 10444 5 10572 5 10696 2 10700 2 10703 2 10823 3 10827 6 10932 1 10951 2 10955 6 11078 11 11202 4 11209 8 11313 4 11323 11 11336 9 11441 4 11450 19 11470 3 11569 5 11578 19 11599 2 11697 21 11719 6 11727 2 11825 27 11854 2 11953 1 11957 26 12081 1 12086 8 12095 14 12211 11 12224 12 12340 6 12348 10 12469 2 12476 8 12608 2,6116 4 6243 6 6371 6 6497 8 6549 3 6625 8 6676 8 6753 10 6804 8 6881 11 6932 9 7008 13 7060 9 7136 13 7185 13 7264 14 7312 14 7392 14 7439 16 7505 3 7520 15 7567 17 7591 2 7633 4 7647 16 7694 19 7718 2 7721 1 7761 5 7773 19 7822 20 7846 6 7889 6 7898 22 7949 32 8017 31 8077 32 8145 31 8205 32 8274 31 8333 32 8402 31 8461 32 8530 18 8549 12 8589 12 8602 19 8658 17 8676 13 8717 12 8730 19 8786 31 8845 12 8859 18 8917 28 8973 31 9044 29 9101 14 9116 15 9171 30 9229 30 9299 30 9357 31 9426 31 9485 32 9553 32 9613 33 9681 31 9741 33 9809 30 9869 34 9937 29 9997 34 10065 28 10126 21 10148 12 10193 29 10255 33 10321 19 10342 10 10384 32 10449 17 10467 13 10512 32 10577 8 10587 21 10639 34 10705 7 10716 20 10767 34 10833 7 10845 19 10895 19 10916 1 10918 11 10961 6 10972 20 11023 19 11048 9 11089 6 11099 20 11151 20 11177 8 11217 5 11226 21 11280 20 11305 8 11345 4 11353 20 11410 20 11434 7 11473 4 11480 20 11540 20 11563 6 11601 3 11607 19 11670 19 11692 5 11729 2 11733 18 11800 18 11821 4 11857 1 11860 17 11931 16 11950 3 11987 15 12061 15 12079 2 12114 13 12192 13 12240 12 12323 12 12367 10 12454 10 12494 8 12586 7 12621 4 12716 5
gap_ee5279ffcb29fa5a9c,,6580 3 6709 3 6744 1 6829 2 6871 2 6957 4 6998 2 7085 4 7125 2 7213 6 7342 5 7471 4 7477 1 7599 4,,,5054 7 5167 8 5179 13 5195 7 5294 37 5421 39 5461 1 5548 44 5676 44 5803 46 5931 26 5959 18 6059 26 6088 17 6187 26 6216 16 6315 26 6345 15 6444 7 6453 16 6473 14 6572 6 6583 16 6602 13 6701 4 6714 14 6732 11 6831 2 6842 14 6861 10 6970 13 6989 9 7098 14 7116 9 7225 29 7352 26 7478 28 7605 7 7613 21 7733 6 7741 21 7861 7 7869 21 7990 28 8118 29 8250 7 8259 16 8378 5 8387 15 8506 4 8515 15 8643 15 8772 14 8900 13 9029 12 9150 1 9157 11 9276 4 9287 8 9403 6 9415 7 9529 7 9544 6 9655 8 9672 5 9783 6 9802 3 9911 6 10039 7 10168 13 10297 14 10425 15 10441 1 10554 16 10571 1 10683 15 10812 14 10941 13 11077 4 11207 1,,11713 5 11842 6 11971 3,5856 3 5983 4 6049 4 6110 4 6177 5 6236 7 6248 7 6305 6 6363 9 6376 8 6426 2 6433 7 6490 11 6504 9 6552 5 6562 7 6617 12 6632 10 6679 7 6689 9 6745 11 6760 10 6807 7 6817 10 6873 2 6877 8 6887 12 6934 8 6945 11 7004 8 7015 12 7061 9 7072 13 7130 10 7143 12 7189 9 7200 13 7257 11 7270 13 7316 26 7385 12 7398 5 7405 6 7444 22 7467 4 7513 18 7533 6 7572 23 7596 3 7641 18 7660 7 7699 25 7768 18 7788 6 7827 25 7897 17 7916 6 7955 25 8025 11 8037 4 8043 7 8083 25 8153 1 8155 9 8165 4 8171 7 8211 26 8281 1 8283 9 8293 3 8300 6 8339 7 8347 18 8409 15 8429 5 8467 26 8538 14 8555 7 8594 27 8666 24 8722 27 8794 8 8803 15 8850 27 8922 8 8931 15 8979 25 9050 3 9054 3 9059 5 9066 8 9107 25 9178 6 9188 3 9194 8 9236 14 9251 9 9306 5 9315 3 9321 8 9364 14 9380 8 9435 3 9443 3 9448 9 9492 8 9503 3 9510 6 9569 16 9620 9 9640 3 9696 17 9749 9 9822 18 9877 10 9949 18 10006 10 10076 19 10134 12 10203 4 10210 12 10263 12 10331 2 10337 12 10392 13 10462 14 10521 14 10588 14 10650 14 10714 15 10780 14 10840 14 10909 14 10928 1 10967 13 11039 17 11094 11 11169 16 11217 14 11299 16 11345 12 11429 18 11472 11 11560 15 11599 9 11690 14 11726 8 11821 11 11854 6
gap_9d722264a6b1079418,,6485 3 6611 6 6692 7 6738 7 6820 8 6865 7 6948 8 6993 6 7077 7 7122 5 7205 2 7208 4 7337 2,,,10297 2 10304 3 10425 2 10431 5 10552 4 10559 6 10680 4 10687 6 10809 11 10937 10 11067 8 11196 6,6843 9 6969 12 7097 13 7224 15 7351 16 7479 16 7607 16 7735 17 7863 17 7990 18 8118 18 8246 18 8373 19 8501 19 8629 18 8757 18 8885 18 9013 18 9142 17 9270 16 9399 13,,6622 1 6748 5 6875 8 7003 8 7069 4 7130 8 7193 8 7219 2 7240 4 7257 9 7321 9 7345 5 7368 6 7386 9 7449 9 7471 7 7496 13 7516 6 7578 9 7596 10 7624 15 7705 7 7721 12 7753 21 7833 4 7848 13 7881 22 7961 3 7969 3 7975 13 8010 23 8095 16 8113 2 8143 19 8221 17 8271 20 8348 18 8399 21 8475 18 8528 21 8602 20 8655 23 8728 22 8783 25 8855 23 8911 27 8939 2 8980 27 9039 31 9105 30 9167 31 9232 31 9295 32 9359 32 9423 32 9487 31 9552 20 9576 7 9614 32 9682 9 9692 4 9704 7 9742 32 9808 1 9810 9 9832 6 9870 19 9891 11 9936 1 9938 10 9959 7 9998 8 10019 11 10063 2 10066 9 10087 7 10126 8 10147 11 10191 2 10194 8 10215 7 10254 8 10275 11 10320 8 10343 6 10383 7 10404 10 10447 7 10471 4 10478 3 10511 8 10534 8 10575 6 10605 5 10640 7 10663 8 10703 5 10731 8 10769 6 10792 7 10832 2 10846 20 10900 2 10921 6 10972 20 11049 5 11098 21 11157 8 11225 21 11281 13 11349 23 11409 18 11475 23 11538 23 11600 25 11667 23 11726 25 11797 23 11823 3 11853 24 11926 29 11981 21 12057 29 12106 21 12188 26 12234 17 12319 24 12362 14 12450 22 12490 8 12581 7 12590 10 12619 4 12724 3
gap_19e636ceb22fafc802,5936 1 5969 3 6062 4 6079 3 6095 10 6188 10 6206 5 6223 13 6316 11 6334 6 6349 17 6443 12 6462 6 6475 21 6569 15 6591 8 6601 24 6695 18 6720 34 6821 21 6849 34 6948 23 6977 35 7075 25 7104 36 7202 27 7232 37 7330 27 7360 37 7457 28 7491 34 7585 29 7620 33 7713 28 7749 31 7842 27 7878 30 7970 26 8006 30 8098 26 8135 29 8226 25 8263 28 8354 25 8392 27 8482 24 8520 26 8611 23 8648 26 8739 22 8777 24 8868 21 8905 24 8997 20 9033 23 9126 18 9162 21 9255 17 9291 20 9385 14 9420 18 9514 12 9549 16 9643 9 9678 14 9772 6 9807 11 9937 8,5571 2 5580 1 5698 3 5704 5 5813 2 5826 4 5831 7 5940 3 5947 2 5954 3 5959 8 6075 2 6084 1 6087 8 6201 3 6216 6 6328 3 6344 4 6456 3 6472 1 6584 3,,,,,3492 2 3619 3 3674 2 3801 3 3807 2 3935 2 5581 1 5680 2 5713 8 5842 8 5974 4 6184 4 6239 6 6310 5 6368 8 6437 5 6497 8 6566 1 6626 7 6755 1 6944 1 7071 3 7142 1 7199 2 7270 1 7327 2 7398 1 7455 2 7526 1 7583 2 7615 3 7743 4 7871 6 7998 7 8126 8 8165 1 8253 9 8292 2 8381 9 8419 3 8509 9 8547 2 8608 1 8637 9 8675 1 8766 7 8895 5 9023 4 9029 2 9148 7 9156 4 9275 13 9289 1 9404 15 9527 15 9544 2 9655 5 9663 5 9671 5 9768 1 9781 7 9793 2 9799 6 9895 5 9907 8 9929 3 10022 10 10040 1 10151 7 10282 2,4916 3 5043 3 5048 2 5170 3 5174 3 5297 7 5424 6 5552 4 7821 2 7947 5 8075 5 8204 4 8332 9 8463 7 8591 8 8719 9 8847 9 8938 5 8975 10 9065 6 9104 10 9193 6 9238 5 9321 1 9367 6 9449 1 9495 7 9576 1 9623 8 9704 1 9751 7 9761 1 9788 4 9795 4 9831 1 9880 9 9890 1 9915 6 9923 6 9957 3 10008 6 10042 7 10050 9 10084 3 10137 4 10166 23 10266 3 10293 24 10395 3 10420 26 10463 1 10523 3 10548 13 10564 10 10589 2 10652 3 10677 12 10694 8 10713 5 10780 4 10798 2 10807 9 10823 6 10837 9 10908 5 10927 1 10937 6 10952 1 10964 10 11038 3 11065 2 11091 11 11224 5
gap_7c3b4d2940f21022af,6682 3 6809 5 6936 7 7064 7 7191 6 7277 1 7319 4 7447 4 7574 4 7702 4 7830 3 7959 1 8342 2 8470 2 8598 2 9162 1 9290 2 9418 3 9547 2 9675 2 9804 1 9880 1 9910 1 10008 2 10038 2 10136 3 10166 2 10264 4 10294 2 10392 4 10422 3 10521 4 10549 4 10650 4 10677 4 10778 5 10804 5 10907 5 10932 4 11036 5 11059 4 11166 4 11187 4 11295 5 11313 5 11343 1 11425 4 11441 4 11471 2 11555 4 11568 4 11601 5 11610 2 11685 3 11696 2 11730 10 11861 2,8005 4 8133 6 8261 8 8391 6 8521 4 8651 3 8761 6 8780 1 8889 6 9016 8 9144 8 9272 7 9400 7 9529 5 9659 1,3906 5 4028 15 4151 22 4276 27 4401 31 4527 35 4654 37 4782 38 4909 39 5037 40 5164 42 5213 2 5292 42 5339 5 5421 41 5466 9 5549 41 5593 11 5678 39 5721 12 5807 38 5848 14 5935 37 5975 17 6064 36 6102 19 6194 34 6229 20 6322 33 6357 21 6451 32 6485 21 6580 31 6613 21 6708 55 6837 54 6967 52 7096 51 7226 50 7356 48 7489 44 7618 43 7747 42 7876 42 8004 1 8009 37 8139 35 8269 33 8397 33 8525 33 8654 32 8781 33 8909 33 9037 33 9166 32 9294 32 9423 30 9503 3 9552 29 9631 6 9681 28 9760 7 9810 26 9888 8 9939 25 10017 8 10067 24 10146 7 10196 22 10274 8 10325 17 10403 7 10454 15 10534 4 10585 10 10715 5,,5933 2 6055 8 6183 8 6311 8 6438 9 6565 11 6693 12 6820 13 6947 15 7072 18 7200 17 7329 14 7459 11 7587 12 7714 14 7736 3 7841 16 7862 7 7969 18 7989 9 8097 29 8225 28 8353 22 8481 20 8609 20 8738 18 8866 19 8995 18 9124 17 9253 16 9381 16 9509 15 9637 15 9767 12 9896 1 9899 8 10033 1,,4315 3 4444 3 4572 5 4643 4 4702 4 4769 5 4832 2 4895 6 4962 1 5022 6 5149 5 5277 4 5404 5 5532 3 5660 1 5865 1 6122 2 6250 3 6378 3 6424 1 6507 3 6551 2 6636 2 6678 3 6765 1 6806 3 6934 2 7062 2 8432 1 8559 2 8596 1 8687 2 8724 1 8815 2 8852 2 8943 1 8980 2 9412 5 9537 8 9663 11 9790 12 9917 13 10045 13 10173 12 10301 12 10429 11 10557 11 10685 11 10814 8 10942 8 11070 9 11196 12 11319 3 11323 14 11338 3 11365 2 11422 3 11446 3 11452 1 11457 2 11463 2 11467 3 11491 4 11551 3 11573 3 11585 2 11596 3 11617 5 11680 4 11713 1 11744 4 11810 4 11841 1 11872 1 11941 2 11969 1 12096 3 12224 3 12352 3,11578 6 11589 1 11704 9 11715 9 11830 11 11843 12 11954 15 11971 16 12080 16 12100 17 12208 16 12228 18 12336 15 12357 17 12464 14 12486 16 12593 8 12617 12 12747 1
gap_53d1dc72e7792140b5,5053 2 5180 4 5307 5 5435 5 5563 5 5691 5 5819 4 5947 4 6076 2 6575 3 6595 9 6700 12 6722 12 6827 14 6850 14 6954 15 6978 15 7081 16 7107 15 7208 17 7236 15 7335 18 7365 15 7462 18 7493 16 7589 19 7621 17 7716 20 7750 17 7843 20 7878 18 7970 21 8006 19 8098 21 8135 18 8226 20 8263 19 8354 20 8391 19 8482 20 8520 17 8610 20 8648 17 8738 19 8777 16 8866 18 8906 14 8994 17 9035 13 9123 15 9163 12 9251 14 9292 11 9380 13 9420 11 9509 11 9550 8 9639 8 9679 6,6325 1 6452 3 6581 1,,,,,6822 4 6866 1 6949 4 6994 3 7077 3 7100 4 7123 4 7206 1 7227 7 7252 2 7355 7 7482 9 7610 10 7738 10 7866 10 7967 2 7994 10 8094 3 8121 12 8223 2 8250 11 8351 2 8378 11 8411 2 8506 11 8539 2 8633 12 8667 2 8760 13 8887 15 8904 1 9015 15 9032 2 9139 2 9142 16 9266 3 9270 8 9279 8 9399 17 9504 3 9526 18 9632 3 9654 15 9761 4 9789 6 9816 1 9892 3 9918 4 10016 1 10047 2 10175 2 10303 2 10431 2 10559 2 10687 2 10815 2 10943 2 11072 1,5544 3 5670 5 5797 6 5841 4 5925 5 5969 5 6052 5 6098 5 6180 2 6226 6 6355 5 6484 5 6613 4 7282 4 7408 8 7535 10 7662 11 7790 11 7816 2 7917 13 7943 4 8045 13 8070 6 8173 13 8198 6 8301 13 8326 7 8334 1 8428 14 8454 10 8555 14 8583 10 8683 13 8713 9 8810 13 8841 9 8930 1 8937 12 8969 10 9057 1 9062 15 9097 11 9185 1 9189 15 9226 11 9313 19 9355 10 9442 17 9487 8 9571 12 9617 6 9699 2 9705 4 9745 8 9795 6 9835 2 9873 7 9909 8 9923 7 9963 2 10002 6 10036 10 10051 7 10090 3 10130 6 10164 10 10178 9 10218 4 10258 6 10292 10 10306 9 10346 4 10387 4 10404 1 10420 10 10435 8 10473 4 10516 3 10532 4 10548 10 10563 8 10601 3 10645 2 10660 5 10676 10 10691 8 10729 3 10773 2 10789 4 10805 8 10819 7 10856 3 10934 7 10948 5 10984 2 11031 1 11064 4 11076 4 11111 3 11159 2 11239 2 11286 3 11366 3 11414 4 11494 3 11543 4 11621 3 11671 4 11749 2
gap_08c870a8acfbc11326,6593 2 6720 4 6848 4 6976 5 7104 5 7233 3 7361 3 7731 2 7757 3 7858 5 7884 5 7985 7 8011 7 8113 9 8138 9 8240 11 8265 12 8367 12 8393 12 8494 13 8522 12 8622 13 8650 12 8749 14 8779 11 8878 12 8907 11 9006 12 9036 10 9134 11 9165 8 9263 10 9293 8 9391 9 9422 6 9520 7 9552 2 9648 6 9777 3,6855 2 6971 3 6982 4 7099 3 7110 4 7239 3 7369 2 7378 1 7479 3 7497 5 7606 5 7625 5 7635 1 7734 5 7753 4 7763 2 7863 3 7879 5 7893 1,,,7489 3 7617 3 7744 4 7872 3,,7727 1 7854 3 7890 3 7981 4 8019 3 8109 3 8148 2 8237 2 8256 5 8382 8 8509 11 8637 11 8664 2 8765 11 8791 4 8893 11 8919 4 9002 3 9021 11 9048 1 9129 4 9150 10 9258 3 9278 9 9405 11 9532 13 9660 13 9677 1 9785 15 9801 2 9804 4 9909 7 9918 9 9929 2 9932 6 9939 1 10035 10 10046 8 10057 8 10160 13 10175 6 10189 1 10287 6 10294 4 10304 5 10433 3 10561 2 10690 1,5814 3 5940 5 6067 3 6071 3 6194 4 6199 2 6219 2 6322 7 6346 5 6449 6 6473 3 6477 3 6577 5 6602 7 6705 4 6732 6 6861 5 7446 3 7453 1 7573 4 7702 1 7917 3 8044 6 8089 4 8171 8 8217 2 8299 8 8427 8 8471 4 8552 11 8598 5 8680 10 8725 7 8808 9 8853 8 8935 9 8981 8 9062 10 9109 9 9189 4 9195 5 9237 9 9316 3 9322 5 9366 9 9443 4 9449 5 9496 7 9571 6 9625 7 9699 6 9755 5 9826 6 9884 4 9954 6 10012 5 10081 7 10141 4 10183 6 10209 6 10269 6 10298 5 10309 8 10334 9 10398 9 10425 7 10437 9 10462 8 10527 6 10537 2 10552 9 10565 9 10592 5 10656 11 10680 9 10692 10 10720 4 10785 12 10808 9 10820 10 10848 3 10913 5 10936 9 10948 10 10976 3 11042 4 11065 8 11078 7 11103 3 11170 4 11193 7 11208 3 11231 3 11298 4 11357 5 11426 4 11485 4 11555 4 11613 1 11684 3 16181 1
gap_132c9c684e6c2bedee,,6081 1 6209 1 6465 5 6591 10 6719 12 6843 2 6847 6 6855 5 6970 3 6975 6 6983 5 7103 5 7111 6 7233 2 7240 5 7370 3 7498 3,8103 1 8105 1 8231 2 8360 1 8488 1,7252 4 7379 7 7507 9 7635 11 7763 12 7890 14 8018 15 8146 16 8233 2 8275 15 8361 2 8403 16 8489 2 8531 16 8616 2 8660 16 8789 15 8918 14 9047 13 9175 12 9305 10 9435 6,4660 9 4785 13 4813 6 4911 16 4941 10 5037 18 5069 13 5165 18 5197 14 5292 19 5326 13 5420 19 5454 14 5548 18 5582 14 5677 16 5711 11 5805 14 5839 9 5851 2 5857 4 5934 4 5941 5 5968 1 5971 3 5978 13 6049 8 6070 3 6085 10 6105 15 6172 14 6199 2 6213 10 6233 16 6299 16 6327 2 6341 11 6360 18 6426 17 6455 4 6470 12 6488 18 6553 19 6582 6 6601 12 6616 19 6680 22 6704 12 6731 31 6807 36 6860 30 6935 35 6988 13 7002 16 7064 31 7117 11 7131 15 7192 30 7249 3 7261 13 7320 30 7378 1 7389 13 7448 29 7519 11 7577 27 7647 10 7705 23 7777 7 7834 21 7905 6 7963 16 8037 1 8093 10 8104 1 8222 9 8351 7 8481 3,,7483 10 7610 3 7615 9 7738 14 7865 2 7869 8 7880 1 7993 14 8008 1 8121 1 8123 12 8249 17 8377 16 8505 17 8634 15 8762 14 8891 12 9019 12 9149 9 9278 7 9402 14 9529 16 9657 16 9784 18 9913 17 10047 11 10176 2 10183 1 10304 1 10431 2 10559 2 10686 3 10814 3 10942 3 11070 3,7731 3 7756 3 7858 4 7884 4 7985 6 8012 5 8112 7 8140 5 8238 9 8268 6 8366 9 8395 7 8494 10 8523 8 8622 10 8651 8 8751 10 8778 9 8880 8 8905 11 9009 7 9033 10 9139 4 9162 8 9291 6 9419 5 9548 3 9676 4 9804 6 9903 7 9932 9 10028 11 10060 9 10155 18 10187 11 10282 20 10308 20 10410 20 10435 22 10539 20 10563 21 10668 18 10690 22 10797 17 10818 21 10926 15 10946 20 11057 12 11075 17 11188 8 11203 11 11216 2 11318 5 11332 8 11463 3
gap_357419da31f1989bfe,6191 2 6208 3 6318 4 6335 5 6438 13 6463 6 6563 17 6590 7 6688 21 6718 8 6815 22 6846 8 6864 8 6941 24 6974 8 6989 13 7068 25 7102 8 7115 18 7195 25 7232 2 7242 22 7322 26 7359 5 7370 23 7449 27 7486 6 7497 25 7577 27 7613 8 7625 26 7704 29 7740 9 7753 27 7831 31 7868 8 7881 28 7958 32 7996 8 8009 29 8085 34 8125 6 8136 31 8213 35 8254 3 8263 33 8340 36 8391 33 8468 37 8518 35 8596 39 8647 35 8724 40 8775 35 8852 40 8904 35 8980 40 9033 34 9108 40 9162 33 9236 40 9291 32 9364 39 9419 32 9492 39 9547 32 9620 38 9675 31 9749 36 9804 30 9877 36 9933 29 10005 35 10061 28 10134 34 10190 26 10263 32 10319 25 10391 31 10447 24 10520 30 10576 23 10649 28 10705 21 10777 27 10834 20 10906 25 10963 18 11036 22 11092 16 11165 20 11221 14 11295 17 11350 11 11424 14 11481 3 11555 8,6188 1 6221 3 6349 4 6357 4 6477 5 6485 5 6601 10 6613 6 6729 8 6743 4 6840 2 6857 6 6873 1 7355 3 7482 3 7606 1 7610 3 7738 1 7866 1 7994 1 8122 1 8250 1,,,,,4413 1 4537 1 4539 3 4544 1 4665 11 4793 5 4800 4 6059 1 6557 2 6683 4 6810 5 6937 4 7065 3 7192 3 7320 2 7394 3 7448 1 7523 3 7651 5 7781 4 7910 4 8039 4 8168 3 8297 2 8425 2 8466 1 8512 3 8554 1 8593 2 8639 6 8720 3 8767 7 8848 3 8894 8 8977 2 9021 10 9105 1 9149 11 9277 12 9405 12 9452 2 9533 12 9580 3 9661 12 9707 4 9789 12 9835 4 9873 2 9917 11 9963 3 10001 3 10046 10 10091 3 10129 4 10174 1 10176 8 10219 1 10257 4 10302 9 10386 3 10429 10 10515 2 10556 13 10644 1 10684 14 10812 13 10940 13 11070 10 11186 4 11191 4 11199 7 11238 3 11313 12 11328 6 11335 2 11339 1 11365 4 11440 10 11451 2 11456 5 11465 1 11493 4 11548 3 11567 5 11574 2 11585 4 11592 2 11602 3 11620 4 11676 5 11694 5 11713 3 11732 1 11749 2 11805 7 11813 10 11841 3 11934 15 11969 2 12064 8 12097 2 12225 2 12353 2 12481 2 12609 2,4531 1 4657 3 4686 1 4784 5 4798 2 4814 1 4912 6 4940 1 4942 1 4946 2 5039 3 5043 6 5068 2 5075 2 5165 5 5172 6 5193 5 5206 1 5291 1 5293 2 5297 1 5299 1 5302 3 5319 6 5335 2 5418 3 5452 1 5463 4 5548 4 5584 13 5714 10 5846 6 5978 1 6279 1 6654 1 6781 3 6909 2 8446 2 8450 1 8573 3 8578 1 8700 4 8706 1 8827 5 8834 2 8955 4 8963 1 9083 5 9091 3 9211 5 9219 3 9339 5 9346 4 9467 6 9474 5 9594 13 9722 7 9730 6 9850 6 9859 5 9978 6 9987 5 10105 7 10116 4 10233 6 10245 3 10361 5 10374 3 10488 5 10502 3 10616 4 10631 3 10636 2 10743 4 10760 3 10764 2 10870 4 10889 2 10998 3 11018 2 11125 3 11146 3 11252 3 11275 2 11325 1 11379 3 11398 1 11404 2 11453 2 11461 4 11506 3 11525 2 11533 2 11578 5 11589 3 11633 4 11654 2 11662 1 11705 7 11717 7 11760 4 11782 2 11791 2 11828 12 11845 9 11886 4 11911 2 11921 2 11956 12 11973 11 12013 4 12026 1 12028 1 12050 2 12083 13 12102 10 12139 5 12152 3 12180 1 12211 12 12230 10 12265 6 12278 4 12309 2 12337 14 12359 1 12362 7 12391 7 12405 2 12438 2 12466 12 12491 6 12519 8 12567 3 12596 4 12602 2 12647 5 12696 2 12723 2 12825 2 12953 3 13082 2
gap_032e5bc031930a6f27,3629 11 3754 16 3777 5 3786 3 3881 18 3903 26 4008 18 4031 29 4134 12 4160 29 4261 12 4289 29 4388 11 4418 29 4515 12 4547 29 4642 12 4676 29 4769 12 4805 28 4897 11 4934 28 5024 12 5063 28 5151 12 5192 16 5213 6 5279 11 5320 14 5343 4 5406 12 5449 12 5474 2 5534 12 5577 11 5661 12 5706 9 5788 13 5835 7 5916 13 5963 6 6043 13 6092 3 6171 13 6220 2 6298 14 6426 14 6554 14 6682 14 6809 15 6937 15 7065 15 7117 1 7193 16 7244 3 7321 16 7372 3 7448 17 7500 3 7576 18 7628 3 7704 18 7756 3 7832 19 7884 3 7960 20 8012 3 8088 20 8140 3 8216 21 8269 1 8344 22 8472 23 8600 24 8728 24 8807 2 8857 23 8908 5 8935 2 8985 24 9033 8 9062 4 9113 23 9160 11 9189 5 9241 17 9260 3 9288 12 9316 6 9369 17 9388 3 9416 13 9443 7 9498 17 9517 2 9541 3 9545 4 9551 8 9569 9 9626 17 9644 3 9667 5 9674 3 9680 9 9695 11 9754 21 9793 7 9802 3 9808 26 9882 28 9921 7 9930 3 9936 25 10011 18 10030 8 10053 8 10064 25 10139 18 10159 7 10182 7 10192 25 10268 25 10311 6 10320 24 10396 20 10439 6 10448 24 10525 18 10567 32 10653 18 10695 32 10782 17 10823 31 10910 17 10951 31 11039 16 11079 30 11167 16 11208 29 11296 16 11336 28 11425 16 11464 28 11554 16 11593 26 11683 17 11721 25 11812 16 11849 25 11941 15 11978 23 12071 12 12107 21 12200 9 12236 19 12365 17 12494 14 12624 10 12756 3,5045 6 5169 12 5295 15 5423 16 5549 19 5676 20 5803 21 5930 21 6058 20 6186 19 6214 3 6313 20 6341 5 6441 22 6469 6 6569 24 6597 6 6606 2 6697 14 6713 10 6726 6 6733 2 6825 13 6840 12 6854 6 6861 2 6953 12 6968 13 6982 6 7081 12 7095 21 7209 12 7222 16 7239 4 7338 28 7367 4 7466 33 7595 10 7607 20 7723 11 7736 19 7852 12 7865 17 7980 14 7998 5 8005 5 8110 3 8115 9 8133 4 8244 11 8261 3 8371 14 8390 2 8394 2 8499 15 8517 9 8627 29 8755 25 8884 22 9014 18 9141 16 9268 15 9395 15 9521 15 9648 15 9781 8 10318 1 10419 2 10545 6 10672 8 10800 9 10928 9 11056 9 11184 9 11312 8 11441 6,7127 7 7253 11 7380 13 7507 15 7635 15 7763 16 7891 16 8019 16 8147 16 8275 16 8403 17 8531 17 8659 17 8787 17 8916 16 9044 16 9172 15 9301 14 9430 12 9560 8 9691 1,,,,2999 2 3002 6 3029 2 3119 19 3142 2 3145 15 3245 44 3371 46 3498 7 3510 24 3543 2 3625 4 3644 17 3752 2 3774 1 3783 1 5149 1 5276 2 5403 3 5531 2 5658 3 5786 2 5863 1 5913 3 5991 2 6041 2 6119 2 6169 1 6247 2 6376 2 6504 2 6632 2 6760 2 6888 3 7016 3 7145 2 7273 2 7401 2 8087 1 8215 1 8342 2 8470 2 8598 2 8726 2 8854 2 8982 3 9110 3 9239 2 9367 2 10176 4 10304 5 10345 1 10430 7 10472 2 10557 9 10600 2 10684 10 10727 3 10812 10 10855 2 10860 1 10940 10 10982 3 10988 1 11067 11 11110 3 11195 10 11237 3 11324 9 11365 3 11452 9 11493 2 11581 8 11621 1 11710 4 11715 1 11834 7 11843 1 11874 2 11939 1 11962 11 12002 2 12067 2 12089 12 12129 2 12196 3 12215 4 12221 9 12257 1 12325 4 12344 1 12351 1 12357 2 12454 11 12471 1 12485 4 12583 9 12615 2 12618 3 12714 3 12735 1 12748 2 12877 5 13006 7 13136 5,10097 2 10606 2 10733 3 10861 2 12347 2 12473 5 12481 4 12596 10 12609 5 12723 12 12736 7 12852 9 12862 11 12981 7 12993 9 13111 4 13122 7 13251 3
gap_cb846053b7748d7de9,,7232 6 7241 5 7359 7 7369 7 7490 15 7618 15 7747 13 7875 13 8003 6 8010 5 8122 3 8132 3 8252 1,5612 1 5740 3 5868 4 5996 5 6124 6 6252 7 6381 6 6509 6 6637 7 6683 1 6765 7 6810 3 6893 8 6936 10 7021 8 7064 9 7074 1 7149 8 7193 9 7277 8 7321 9 7404 9 7450 8 7532 9 7579 8 7660 9 7707 7 7787 10 7835 7 7915 10 7961 1 7963 7 8043 10 8090 8 8172 9 8219 6 8301 8 8347 4 8429 7 8557 7 8593 2 8685 7 8814 6 8851 1 8942 5 8981 1 9072 2 9109 2 9368 1 9496 3 9626 3,7515 3 7640 8 7768 10 7896 11 7987 2 8024 12 8114 3 8152 13 8241 4 8280 14 8366 7 8405 18 8494 6 8533 19 8622 6 8661 20 8750 5 8789 21 8878 5 8917 21 9006 5 9045 21 9134 6 9173 21 9262 6 9301 21 9391 5 9430 20 9520 3 9558 19 9640 4 9648 3 9686 5 9693 12 9767 11 9815 3 9822 9 9895 11 9952 6 10023 11 10151 11 10281 7,3777 3 3903 7 4031 9 4046 1 4151 2 4159 10 4172 7 4276 7 4287 11 4299 14 4400 12 4414 29 4527 14 4542 30 4655 14 4670 30 4768 2 4783 13 4798 31 4893 6 4901 23 4926 39 5020 7 5029 23 5056 38 5145 35 5185 39 5272 36 5313 42 5399 36 5441 7 5449 35 5527 35 5569 16 5589 23 5655 34 5697 12 5721 19 5783 31 5826 10 5849 19 5911 17 5931 10 5955 9 5977 19 6038 17 6059 10 6084 7 6105 19 6166 17 6186 11 6211 3 6231 21 6294 18 6315 9 6329 4 6339 2 6349 2 6358 23 6423 17 6442 9 6456 6 6477 3 6485 24 6551 17 6570 9 6582 8 6605 3 6611 26 6679 4 6684 23 6709 9 6721 12 6739 26 6806 4 6813 21 6837 25 6867 4 6874 19 6934 2 6946 16 6965 26 6996 2 7002 19 7061 3 7073 1 7075 6 7083 2 7087 2 7093 26 7130 19 7188 5 7202 7 7222 10 7246 2 7263 14 7315 6 7330 7 7351 8 7394 10 7442 8 7458 8 7524 8 7569 10 7587 8 7654 6 7697 10 7714 11 7783 4 7825 10 7842 11 7913 2 7954 3 7958 3 7962 1 7970 12 8041 2 8083 1 8088 2 8098 12 8217 2 8225 14 8345 2 8351 15 8474 5 8481 13 8611 7,,8384 10 8510 14 8638 15 8766 15 8894 15 9021 16 9150 15 9278 15 9407 13 9535 13 9663 12 9791 10 9802 1 9917 11 10045 5 10051 5 10058 2 10173 16 10301 16 10430 15 10561 3 10566 6 10691 2 10694 1 10819 3 10948 2 11075 3 11203 3 11331 3 11459 2 11587 2 11715 2,8117 5 8245 7 8373 7 8399 6 8500 9 8527 6 8628 9 8655 6 8755 10 8783 6 8883 10 8911 6 9011 10 9038 7 9140 9 9166 7 9268 9 9294 7 9396 9 9422 8 9523 9 9550 8 9651 8 9678 8 9778 7 9806 9 9906 5 9934 9 10034 3 10063 6 10162 2 10708 2 10805 12 10826 15 10931 15 10952 17 11057 17 11079 18 11184 18 11207 18 11312 18 11335 18 11440 18 11463 18 11569 17 11590 18 11697 17 11718 18 11826 16 11845 18 11956 13 11973 16 12087 7 12103 12 12218 4 12232 8
gap_d34b5de2dd7db15056,,7994 4 8001 3 8121 6 8128 4 8135 2 8249 1 8252 6 8263 3 8377 1 8380 3 8391 4 8402 1 8504 1 8507 2 8520 3 8530 1 8649 1,7892 2,8149 3 8275 6 8403 6 8531 6 8659 6 8787 5 8917 2,5310 4 5317 4 5427 26 5553 33 5681 35 5808 37 5847 2 5930 5 5936 43 6057 51 6183 54 6311 27 6339 26 6438 57 6565 27 6593 33 6693 27 6721 7 6730 24 6821 27 6849 6 6858 24 6949 19 6969 6 6978 5 6986 23 7077 16 7098 3 7107 4 7113 24 7205 16 7227 1 7235 31 7333 17 7359 1 7363 31 7461 18 7487 35 7589 19 7616 34 7718 19 7744 5 7750 28 7850 16 7872 5 7878 13 7894 12 7979 10 7993 1 8023 11 8107 6 8152 8 8235 5 8281 3 8364 3 8409 2 8537 1,,8258 1 8383 6 8509 11 8635 14 8763 13 8893 11 9021 11 9149 11 9277 12 9402 19 9528 23 9651 2 9655 25 9683 2 9779 2 9783 25 9811 2 9908 1 9912 20 9939 1 10042 1 10047 9 10057 1 10165 1 10176 7 10305 4 10435 2 10563 1 10691 1 10819 2,5994 2 6122 3 6250 4 6381 1 6549 3 6641 1 6677 3 6769 3 6805 2 6897 3 6933 1 7026 1 7568 2 7585 1 7696 2 7712 4 7823 3 7840 5 7891 1 7952 2 7968 5 7989 4 8011 12 8096 6 8113 8 8139 10 8225 6 8240 9 8268 7 8291 2 8354 6 8367 10 8397 5 8417 4 8482 7 8493 11 8525 5 8544 5 8610 9 8622 6 8670 6 8738 18 8797 7 8866 18 8923 8 8994 18 9050 9 9122 16 9177 10 9251 14 9304 11 9380 14 9430 12 9508 15 9557 13 9637 14 9685 12 9766 13 9813 11 9896 12 9940 10 10026 11 10062 3 10066 9 10155 10 10167 3 10172 2 10188 5 10194 5 10286 17 10311 15 10418 14 10439 14 10547 15 10565 14 10675 16 10692 13 10805 1 10807 12 10821 12 10936 11 10949 11 11065 10 11077 9 11195 7 11207 5
gap_74a515cb8a2c591a5c,,7364 2 7491 3 7619 4 7743 1 7747 4 7870 2 7875 8 7998 2 8004 7 8125 3 8135 4 8264 2,5570 5 5698 9 5823 13 5838 4 5951 4 5956 16 6078 5 6084 17 6210 1 6214 17 6343 17 6472 17 6601 17 6729 18 6857 19 6986 19 7115 18 7245 17 7375 15 7504 15 7632 15 7759 17 7886 18 8014 19 8142 19 8270 19 8399 18 8528 17 8659 14 8789 12 8918 11 9047 10 9176 9 9253 2 9305 7 9381 2 9433 7 9561 6 9689 5 9817 1 9819 2 9945 1,8654 5 8749 4 8781 8 8876 7 8886 1 8909 9 9004 8 9013 2 9037 10 9131 12 9166 10 9259 5 9267 3 9295 3 9300 5 9387 4 9396 1 9422 4 9429 4 9515 4 9550 3 9557 4 9643 4 9653 3 9678 4 9685 4 9771 6 9780 4 9807 5 9813 4 9899 13 9935 10 10027 12 10065 8 10156 9 10195 5 10288 1,5681 8 5806 11 5933 13 6060 14 6188 22 6316 27 6443 29 6570 31 6697 32 6824 33 6952 34 7080 35 7209 22 7234 9 7337 22 7464 17 7482 5 7592 17 7611 4 7719 19 7739 4 7847 23 7975 23 8102 23 8229 25 8356 23 8484 22 8611 15 8627 6 8739 4 8746 3 8758 2 8867 4 8874 2 8996 2 9003 1 9124 3,,7714 1 8258 3 8384 8 8511 9 8639 10 8767 10 8894 11 9022 11 9151 10 9279 9 9408 8 9536 5 9542 1 9664 7 9792 7 9920 7 10049 6 10178 4 10307 2 10435 1 10563 1 10691 1 10819 2 10947 2 11075 1,7028 1 7153 2 7281 2 7408 3 7536 5 7664 6 7790 8 7918 8 8046 8 8174 8 8302 4 8431 2 8588 3 8716 4 8845 3 8970 6 9099 8 9227 8 9276 1 9349 1 9356 7 9403 2 9418 1 9484 7 9531 2 9546 2 9613 2 9617 2 9659 3 9674 2 9787 2 9802 2 9915 2 9930 3 10042 4 10057 4 10169 6 10184 7 10194 1 10295 10 10310 15 10420 14 10437 16 10546 16 10565 16 10674 16 10693 16 10803 15 10822 15 10932 14 10950 13 11061 12 11079 11 11191 9
gap_5df57ac0568c3bee18,,6872 1 7854 2 7891 2 7982 3 8018 3 8110 3 8138 4 8146 2 8238 4 8246 1 8266 10 8366 4 8394 10 8494 4 8522 6 8529 2 8622 4 8629 3 8650 5 8751 1 8756 4 8778 5 8883 6 8906 5 9011 7 9034 6 9140 7 9163 5 9269 6 9292 3 9398 4 9421 1 9527 2,,,3395 2 3518 9 3532 2 3631 6 3645 10 3657 11 3758 8 3772 11 3785 15 3885 8 3899 11 3913 18 4012 8 4027 9 4041 7 4049 12 4139 5 4154 9 4169 8 4181 10 4262 5 4279 6 4286 3 4298 8 4313 6 4389 4 4403 9 4427 8 4517 3 4528 12 4556 7 4654 15 4683 8 4702 3 4781 16 4810 9 4831 3 4909 16 4938 9 4960 1 5023 4 5037 16 5067 9 5150 6 5166 7 5178 2 5195 11 5216 1 5277 12 5295 3 5322 13 5342 4 5405 13 5450 13 5469 6 5533 14 5585 5 5593 10 5661 14 5714 3 5721 10 5789 14 5849 4 5855 2 5918 13 6048 11 6179 8 6307 8 6436 7 6458 3 6565 5 6586 3 6615 3 6694 2 6714 4 6743 3 6841 6 6871 1 6873 1 6968 7 6999 2 7096 7 7224 7 7353 6 7481 5 7611 1 7754 2 7882 2 8010 3,,9411 5 9538 7 9666 7 9788 16 9809 4 9903 1 9907 34 10030 39 10158 38 10287 34 10322 1 10416 35 10544 35 10673 33 10801 31 10931 28 11059 28 11187 28 11315 27 11443 1 11445 24 11571 1 11573 3 11578 14 11593 4 11706 9 11716 3 11841 1,5861 3 5987 4 6114 5 6241 6 6298 2 6368 7 6426 4 6496 9 6554 6 6623 11 6682 2 6685 3 6751 11 6809 8 6879 13 6936 10 7006 16 7064 10 7134 16 7192 10 7262 17 7320 11 7390 18 7444 15 7518 19 7571 16 7646 20 7698 17 7774 20 7825 18 7893 1 7901 22 7953 19 8021 2 8029 22 8081 20 8148 3 8155 24 8209 21 8236 1 8276 4 8282 26 8337 23 8364 2 8404 32 8466 9 8476 13 8492 2 8531 32 8594 9 8604 14 8620 2 8659 32 8722 9 8733 16 8750 1 8789 29 8850 9 8861 16 8917 28 8977 12 8990 15 9044 29 9105 12 9119 15 9172 28 9233 14 9248 14 9300 28 9362 13 9377 13 9429 26 9490 15 9506 12 9559 22 9619 15 9635 10 9686 21 9749 14 9764 7 9814 20 9878 14 9893 8 9941 20 10007 23 10069 18 10136 22 10196 18 10266 21 10324 19 10396 19 10451 20 10525 19 10579 19 10655 18 10706 20 10782 19 10835 18 10911 18 10961 19 11039 19 11088 19 11168 19 11216 18 11296 19 11343 18 11425 18 11471 17 11555 16 11599 16 11684 15 11725 17 11814 20 11847 20 11944 2 11948 18 11971 20 12076 7 12084 27 12112 6 12206 33 12240 5 12335 4 12340 12 12356 10 12470 8 12489 3
gap_04666075328e55a6b9,10085 1 10211 2 10338 2 10464 3 10589 5 10716 5 10844 3,6476 3 6598 3 6603 5 6726 9 6848 1 6854 9 6982 7 7097 2 7104 1 7111 6 7225 2 7231 4 7239 6 7352 3 7358 6 7367 6 7479 4 7485 8 7495 6 7607 4 7613 8 7623 6 7734 5 7741 8 7752 5 7861 6 7870 6 7881 3 7988 6 7999 4 8011 1 8115 7 8245 5 8374 2,3131 4 3259 4 3273 14 3387 3 3402 6 3409 8 3504 1 3508 1 3513 4 3531 15 3631 4 3640 3 3661 14 3767 9 3788 15 3892 39 4019 45 4145 48 4272 51 4400 52 4528 53 4657 52 4785 52 4914 52 5043 52 5173 51 5302 51 5431 51 5559 51 5688 50 5817 50 5945 50 6077 12 6092 31 6212 4 6221 30 6341 3 6349 31 6470 1 6479 30 6608 29 6735 31 6863 30 6989 32 7117 32 7245 33 7373 32 7452 2 7501 32 7579 6 7629 32 7706 8 7757 32 7834 11 7886 31 7962 14 8012 33 8090 15 8111 4 8140 33 8218 18 8240 5 8268 33 8346 20 8369 5 8396 32 8475 23 8524 32 8603 24 8652 32 8732 22 8780 31 8860 22 8908 31 8989 22 9036 30 9117 23 9164 30 9246 22 9293 28 9374 21 9421 28 9502 21 9549 27 9631 19 9677 26 9760 16 9805 25 9889 14 9933 24 10018 12 10062 22 10147 10 10191 20 10277 6 10320 17 10451 12 10583 5,,4395 3 4521 4 4527 1 4648 6 4655 2 4776 6 4783 2 4901 13 5028 15 5155 18 5282 20 5410 21 5537 22 5665 23 5793 24 5920 25 6048 24 6176 24 6303 26 6431 26 6558 27 6686 28 6815 15 6832 11 6944 14 6960 11 7074 11 7086 11 7205 7 7215 10 7336 2 7343 9 7471 8 7598 9 7726 8 7854 7 7982 6,,2219 3 2347 2 2658 1 2786 2 3379 5 3506 2 4511 2 4582 2 4638 3 4710 4 4766 2 4838 4 4893 2 4968 2 5785 2 5867 3 5912 3 5995 3 6040 3 6124 2 6169 1 7063 2 7191 2 7278 2 7319 2 7405 3 7447 2 7534 2 7575 2 7662 2 7790 1 8255 6 8382 9 8509 11 8636 12 8763 14 8891 14 8985 2 9019 14 9113 2 9147 14 9242 2 9275 15 9323 1 9370 2 9403 15 9450 2 9532 14 9578 2 9660 13 9705 2 9789 11 9918 8 10047 7 10173 9 10186 2 10301 9 10315 1 10419 3 10429 9 10443 2 10532 4 10558 8 10572 3 10661 4 10688 3 10701 2 10791 2 10816 3 10945 1 10971 2 11073 1 11097 4 11201 1 11329 1 11456 3 11585 1,10678 7 10696 3 10799 16 10820 10 10925 18 10947 15 11051 21 11075 18 11179 21 11203 20 11307 20 11331 21 11437 18 11459 21 11567 15 11588 19 11697 12 11717 16 11847 11
gap_a3e3b1d28e503cf096,,7216 1 7344 2 7473 1 7509 2 7601 1 7635 6 7728 4 7762 7 7856 5 7890 7 7984 5 8019 6 8112 6 8148 2 8240 6 8369 5 8498 3,,,4670 9 4791 20 4819 3 4913 39 5040 41 5166 44 5293 46 5418 50 5545 31 5585 14 5671 32 5714 14 5798 33 5843 13 5926 33 5971 14 6054 33 6097 16 6182 28 6212 3 6217 5 6225 16 6310 28 6341 2 6345 24 6438 28 6469 2 6473 22 6567 27 6601 22 6696 27 6730 19 6825 25 6859 16 6954 25 6988 14 7083 24 7117 13 7217 18 7244 12 7346 1 7351 12 7371 12 7478 15 7499 10 7605 17 7627 8 7735 16 7756 6 7865 14 7882 8 7994 24 8121 6 8129 18 8249 6 8257 17 8377 6 8385 17 8505 25 8632 27 8760 27 8887 29 9015 30 9144 28 9272 28 9400 27 9528 27 9656 26 9784 26 9811 1 9912 27 10041 26 10169 26 10298 24 10427 20 10556 18 10684 17 10812 16 10941 14 11069 14 11198 13 11327 11 11457 8,,11843 14 11963 22 12090 19 12218 8 12233 4 12351 4 12360 4 12480 5 12487 4 12609 9 12739 5 12869 1,6118 2 6245 3 6251 2 6372 4 6378 4 6433 2 6500 4 6506 5 6560 7 6627 6 6634 6 6682 4 6688 8 6753 7 6761 8 6809 16 6880 8 6889 8 6936 7 6944 10 7006 10 7017 8 7063 8 7072 11 7130 14 7145 9 7190 8 7200 10 7212 4 7257 15 7273 9 7318 8 7328 16 7385 15 7401 9 7446 27 7512 26 7573 28 7641 25 7701 27 7769 13 7783 11 7829 27 7897 13 7911 11 7957 27 8025 24 8086 26 8153 24 8214 26 8284 13 8298 6 8342 26 8411 21 8471 21 8539 20 8599 12 8612 9 8666 21 8727 23 8794 21 8855 24 8921 22 8982 15 8998 10 9049 22 9110 16 9127 9 9177 16 9195 4 9238 27 9305 22 9367 16 9384 9 9433 22 9495 16 9512 10 9561 22 9623 27 9689 6 9696 15 9751 28 9817 6 9824 15 9880 17 9898 10 9944 7 9952 15 10008 17 10027 9 10072 6 10080 15 10137 9 10149 4 10155 9 10200 5 10210 12 10265 11 10284 8 10329 4 10338 12 10394 11 10413 7 10457 3 10466 12 10522 12 10542 5 10585 1 10593 12 10652 11 10671 4 10720 11 10781 12 10800 3 10845 13 10909 13 10973 11 11038 13 11100 9 11167 14 11227 8 11297 13 11355 7 11427 12 11557 11 11687 11 11817 11 11946 11 12076 9 12205 3
gap_edbc19e60caa49519b,4679 14 4808 17 4937 19 5067 21 5196 21 5325 21 5454 22 5583 22 5712 22 5793 3 5841 22 5920 3 5969 22 6047 4 6098 22 6173 6 6226 23 6301 7 6354 23 6428 8 6482 24 6555 9 6610 24 6682 10 6738 25 6809 11 6865 26 6937 11 6993 26 7064 13 7121 26 7192 13 7248 27 7320 13 7376 27 7448 14 7503 28 7576 15 7631 28 7704 15 7758 30 7832 16 7885 31 7960 17 8011 33 8088 18 8137 35 8215 20 8263 37 8343 21 8389 39 8471 22 8516 40 8599 24 8643 41 8727 26 8771 41 8855 29 8899 41 8983 29 9027 41 9111 29 9155 41 9239 29 9283 41 9367 29 9413 38 9495 29 9542 37 9623 29 9672 35 9751 30 9801 34 9880 29 9929 34 10008 29 10058 32 10136 30 10186 32 10264 30 10314 32 10392 30 10442 31 10521 29 10570 31 10649 29 10699 29 10778 28 10827 29 10906 28 10955 28 11035 27 11084 26 11164 25 11213 24 11293 24 11342 22 11422 21 11471 20 11552 17 11600 17 11684 13 11729 14 11815 10 11859 10 11949 2 11990 4,4923 5 5049 12 5174 17 5293 27 5417 31 5544 32 5671 33 5799 32 5837 2 5926 34 5964 5 6054 43 6182 44 6310 44 6438 44 6566 44 6694 44 6822 43 6950 23 6974 19 7078 23 7103 17 7206 23 7232 16 7334 24 7361 15 7463 40 7591 39 7720 37 7849 35 7978 18 8007 4 8107 14 8236 9 8365 6 8496 1 8761 5 8887 8 9014 9 9141 10 9268 11 9396 11 9524 10 9653 9 9781 7 9910 4,,,8640 2 8769 1,,4039 5 4155 3 4166 9 4276 14 4294 16 4402 8 4413 5 4423 4 4431 10 4524 7 4533 2 4560 4 4565 6 4650 8 4695 7 4777 8 4826 4 4902 5 4908 3 5030 2 5154 2 5158 1 5282 2 5409 3 5536 2 5663 2 5791 1 5863 2 5992 2 6120 3 6249 2 6377 3 6506 2 6552 2 6635 1 6679 2 6763 1 6807 2 6934 3 7061 3 7189 3 7317 2 7445 2 7573 2 7701 2 8300 2 8428 2 8556 2 8597 1 8684 2 8724 2 8812 2 8852 2 8940 2 8980 3 9068 2 9108 3 9196 2 9236 3 9324 2 9364 3 9452 1 9493 2 9580 1 9621 2 9664 7 9788 12 9914 15 10042 15 10170 15 10298 15 10425 15 10554 14 10682 13 10729 1 10811 12 10856 2 10904 2 10940 11 10983 3 11032 3 11068 9 11111 2 11161 2 11198 5 11238 3 11289 3 11326 5 11332 2 11365 3 11418 3 11451 12 11492 3 11547 2 11579 5 11586 5 11619 3 11707 12 11747 1 11837 8 11967 5 12096 2 12113 5 12204 3 12242 5 12328 7 12372 2 12456 6 12609 2 12737 2,11961 2 11973 4 12085 1 12089 6 12100 10 12210 14 12227 12 12337 16 12355 14 12465 16 12483 15 12592 17 12612 14 12720 15 12740 14 12850 3
gap_dc6d21fe4251dc7c5d,3503 8 3627 21 3666 1 3753 46 3878 23 3902 29 4005 22 4031 31 4131 22 4160 32 4258 20 4290 32 4385 20 4419 32 4512 20 4550 30 4639 19 4681 27 4766 20 4812 25 4894 19 4941 25 5021 19 5069 25 5149 19 5198 25 5276 19 5327 24 5404 19 5455 25 5531 19 5584 24 5659 19 5712 24 5787 19 5840 24 5914 20 5968 25 6042 20 6096 25 6170 20 6224 25 6298 20 6352 25 6427 19 6480 25 6555 19 6607 6 6614 19 6683 19 6735 26 6811 19 6863 26 6939 20 6991 26 7067 20 7118 27 7195 20 7245 28 7324 20 7373 28 7452 21 7500 29 7580 21 7628 28 7709 21 7756 28 7837 22 7885 27 7965 23 8014 3 8018 22 8093 23 8142 3 8146 4 8152 16 8221 17 8239 4 8273 5 8280 16 8349 17 8367 2 8401 5 8407 17 8477 20 8530 3 8534 18 8606 19 8645 6 8658 2 8663 17 8734 15 8750 4 8773 8 8786 1 8791 16 8862 16 8879 5 8902 12 8917 18 8991 15 9008 5 9031 11 9044 19 9119 17 9138 3 9160 10 9172 19 9247 17 9266 3 9289 29 9376 21 9417 29 9505 22 9545 28 9633 23 9673 28 9762 25 9801 28 9891 24 9930 26 10019 24 10058 25 10148 23 10186 25 10276 23 10314 24 10405 21 10443 23 10534 20 10571 22 10663 18 10699 21 10792 16 10828 19 10922 13 10957 17 11051 10 11086 15 11182 1 11215 12 11346 7,4534 6 4661 9 4788 10 4805 4 4915 12 4933 6 5043 11 5061 6 5170 11 5189 8 5298 11 5317 9 5426 10 5444 11 5554 13 5572 11 5682 16 5700 11 5810 17 5829 10 5938 19 5958 10 6067 5 6073 12 6086 9 6196 2 6200 13 6214 9 6328 12 6343 8 6455 13 6470 8 6583 13 6599 7 6712 11 6727 7 6840 12 6855 5 6968 15 7093 19 7220 22 7347 24 7475 24 7603 24 7731 24 7860 24 7989 24 8118 24 8249 22 8370 3 8379 22 8497 4 8512 2 8522 7 8625 4 8631 5 8652 5 8758 7 8781 2 8886 8 9013 9 9141 9 9270 7 9398 7 9527 5,,,,,3261 12 3383 1 3389 12 3518 11 3652 3 4129 2 4256 1 4967 1 5095 2 5223 2 5352 1 5402 1 5529 2 5657 2 5785 1 6249 2 6377 2 6425 1 6505 2 6552 3 6634 1 6680 3 6808 2 6936 2 7529 1 7657 2 7784 3 7835 2 7912 3 7963 2 8041 1 8091 2 8150 1 8169 1 8219 2 8278 1 8348 1 8476 1 8661 1 8790 1 9025 4 9042 2 9151 8 9170 1 9279 8 9406 10 9534 10 9662 10 9701 1 9789 11 9829 1 9889 1 9917 12 9956 2 10017 2 10045 12 10084 2 10145 2 10173 11 10211 2 10274 2 10304 5 10339 1 10402 3 10432 5 10466 2 10531 2 10561 4 10593 2 10660 2 10685 11 10721 1 10789 2 10813 12 10848 1 10918 1 10941 12 10975 2 11072 6 11102 1 11201 3 11330 1,9366 2 9494 3 9623 3 9752 3 9881 2 10010 2 10138 3 10268 3 10398 2 11066 5 11193 7 11205 6 11320 9 11332 8 11446 11 11460 9 11573 13 11587 12 11704 9 11715 12 11848 6
gap_5291e53be54abab4f4,5321 11 5414 12 5447 15 5541 16 5574 17 5667 18 5702 19 5794 19 5830 20 5921 20 5959 20 6047 22 6088 20 6174 23 6216 21 6300 24 6344 22 6426 27 6470 26 6552 29 6595 30 6679 30 6722 33 6806 31 6850 34 6933 32 6978 35 7060 33 7102 2 7106 36 7188 32 7229 4 7234 37 7316 32 7356 44 7443 32 7485 43 7571 32 7613 44 7699 31 7741 44 7826 32 7869 44 7954 32 7998 43 8082 31 8128 41 8210 31 8256 41 8338 31 8384 41 8467 30 8512 41 8595 31 8642 39 8723 31 8770 39 8852 31 8899 38 8980 31 9028 37 9108 32 9157 36 9237 32 9285 36 9366 32 9414 35 9494 37 9542 34 9623 36 9671 33 9751 36 9799 32 9880 35 9927 32 10009 33 10056 30 10138 32 10184 30 10266 31 10312 29 10395 30 10441 27 10524 29 10569 27 10653 27 10698 25 10782 26 10826 24 10911 24 10955 22 11040 22 11084 20 11170 19 11214 16 11299 17 11343 13 11429 13 11473 10 11559 8 11604 5,5437 2 5563 6 5690 9 5818 10 5947 11 6074 13 6201 15 6329 6 6340 4 6456 7 6583 7 6711 2 6838 3 6966 3 7094 3 7476 5 7603 7 7731 7 7859 7 7986 8 8114 8 8242 8 8370 9 8498 9 8626 9 8754 9 8883 8 9012 7 9140 6 9269 4,,,,,4277 14 4403 9 4413 10 4527 8 4545 8 4652 10 4668 1 4672 10 4683 2 4779 36 4906 15 4926 18 5033 13 5057 16 5160 11 5191 2 5664 2 5722 1 5791 2 5851 1 5918 2 5980 2 6045 2 6109 2 6238 2 6367 1 6804 1 6931 2 7058 2 7186 1 7314 1 7529 1 7657 1 7785 2 7825 1 7913 2 7952 2 8041 2 8080 2 8170 1 8208 2 8298 1 8336 2 8465 1 8593 1 9023 3 9150 5 9235 1 9278 6 9363 2 9405 8 9491 3 9533 9 9577 2 9619 3 9660 10 9704 3 9748 3 9788 10 9832 3 9877 2 9916 10 9959 3 10006 1 10043 12 10087 2 10171 12 10300 11 10429 8 10558 5 10686 5 10724 2 10811 3 10815 4 10820 3 10850 3 10939 12 10977 4 11064 1 11067 5 11074 5 11105 3 11166 2 11190 3 11195 11 11232 4 11294 4 11317 3 11325 7 11339 2 11359 3 11423 5 11444 3 11455 5 11469 2 11552 6 11569 5 11584 3 11598 3 11681 8 11692 9 11712 2 11726 7 11812 16 11840 1 11857 8 11944 7,9611 4 9739 5 9840 4 9867 5 9967 5 9996 5 10094 6 10128 2 10222 1 10257 2 10349 1 10386 2 10477 1 10514 2 10604 1 10643 2 10731 2 10771 2 10859 2 10900 1 10987 2 11028 3 11114 2 11157 2 11241 2 11287 2 11367 3 11416 2 11451 2 11461 2 11494 3 11545 2 11578 4 11587 5 11621 3 11704 7 11715 6 11747 4 11806 2 11831 8 11842 9 11873 4 11935 2 11957 10 11970 11 12000 2 12083 12 12097 13 12126 3 12209 14 12225 13 12253 3 12339 11 12353 12 12381 3 12470 6 12483 7
gap_4e37cd734d42d687c3,,7730 1 7858 2 7986 2 8114 3 8242 5 8370 6 8397 1 8499 7 8524 4 8629 6 8651 8 8759 2 8779 8 8907 8 9039 3,,,5043 4 5070 3 5170 6 5193 12 5297 7 5309 8 5319 4 5324 11 5421 45 5548 47 5676 48 5804 49 5933 48 6061 48 6193 44 6326 39 6455 37 6583 37 6712 35 6840 34 6968 33 7096 31 7225 27 7356 23 7486 20 7617 16 7745 15 7874 13 8002 12 8135 6 8265 4 8395 2 8523 1 8761 2 10310 1 10432 9 10559 10 10687 8 10814 7 10942 7 11070 6 11199 4 11328 2,,11058 1 11343 2 11470 3 11597 4 11702 2 11724 5 11829 6 11849 8 11957 27 12086 26 12214 25 12342 24 12471 22 12605 10 12740 2,6052 3 6179 6 6308 7 6436 8 6564 9 6625 4 6687 1 6693 9 6752 5 6815 1 6822 8 6878 7 6938 7 6948 11 7005 8 7014 1 7063 10 7075 12 7131 12 7190 25 7258 13 7272 1 7274 1 7318 26 7385 14 7400 8 7446 27 7512 25 7574 12 7587 15 7639 15 7655 11 7702 12 7715 15 7765 17 7783 12 7830 12 7843 15 7891 19 7911 12 7957 13 7971 15 8019 32 8085 29 8147 32 8213 29 8275 32 8340 30 8403 32 8468 26 8495 3 8531 17 8549 13 8596 26 8659 17 8677 12 8723 28 8787 30 8850 19 8870 10 8915 16 8932 13 8978 19 8998 11 9044 3 9048 10 9059 14 9106 20 9127 10 9175 11 9187 14 9234 21 9256 9 9302 27 9363 20 9384 9 9429 28 9491 31 9556 29 9619 31 9684 29 9747 22 9770 8 9812 29 9875 22 9899 7 9939 30 10003 21 10028 6 10067 31 10132 21 10157 5 10195 31 10260 21 10285 4 10322 31 10388 21 10414 2 10450 8 10459 22 10517 20 10542 2 10578 8 10587 21 10646 21 10671 1 10706 8 10715 21 10775 20 10799 2 10833 8 10843 20 10904 17 10928 1 10961 8 10970 21 11033 17 11089 7 11098 20 11163 17 11217 6 11227 17 11293 16 11345 5 11356 15 11422 16 11473 4 11483 15 11553 15 11601 4 11608 16 11684 14 11729 3 11734 17 11814 13 11861 16 11944 11 11987 16 12074 10 12114 14 12204 9 12241 12 12333 8 12367 12 12463 6 12495 10 12593 5 12622 8 12724 2 12749 7 12878 2
gap_875e76c67368017dd0,,6320 1 6442 2 6447 2 6569 5 6575 2 6696 9 6825 8 6865 2 6953 4 6958 3 6993 3 7121 8 7250 8 7378 8 7506 8 7639 1,,,5442 10 5568 13 5696 15 5824 15 5951 14 6077 15 6210 8 6341 5 6471 3 6600 2 6729 1 6857 1 9788 1 9790 3 9915 6 10041 8 10169 8 10297 9 10425 9 10553 9 10681 8 10808 9 10936 9 11064 9 11192 9 11321 8 11449 8 11578 6 11707 4,6204 6 6331 10 6457 14 6585 15 6712 17 6840 17 6967 18 7095 18 7223 18 7350 19 7478 19 7606 19 7734 19 7862 19 7990 19 8117 20 8246 18 8374 18 8501 19 8629 19 8758 18 8886 17 9015 16 9143 16 9272 14 9401 12 9534 5,12215 7 12344 7 12474 5,6561 2 6688 5 6815 7 6943 8 7071 10 7198 12 7326 21 7348 1 7456 6 7464 13 7585 1 7591 14 7643 5 7717 15 7754 3 7769 8 7843 16 7882 10 7893 12 7970 17 8011 22 8087 2 8097 17 8139 2 8142 19 8222 19 8267 12 8281 8 8349 20 8395 21 8477 20 8524 14 8539 4 8605 19 8652 15 8668 2 8733 19 8780 15 8797 2 8859 21 8908 16 8925 2 8983 3 8988 20 9036 20 9060 2 9063 1 9110 5 9116 19 9164 20 9187 5 9237 26 9292 20 9315 2 9365 26 9420 20 9493 11 9505 14 9548 2 9551 17 9622 10 9635 5 9642 5 9676 18 9708 2 9750 7 9764 10 9804 18 9835 2 9870 2 9878 8 9893 10 9932 16 9954 3 9962 2 9997 4 10007 7 10022 9 10060 14 10081 4 10089 3 10124 6 10135 7 10152 7 10188 2 10191 10 10209 5 10252 8 10266 2 10282 5 10316 2 10322 6 10336 6 10380 10 10413 1 10444 3 10450 5 10464 6 10507 14 10571 10 10591 8 10635 15 10699 8 10718 8 10764 20 10827 4 10845 9 10892 22 10926 1 10973 8 11021 26 11054 1 11101 7 11110 6 11150 29 11231 3 11237 7 11280 29 11363 9 11410 27 11487 12 11541 25 11600 26 11671 24 11723 30 11801 24 11850 30 11932 21 11977 29 12064 18 12104 29 12194 16 12229 31 12324 14 12356 31 12454 11 12483 30 12610 26 12738 20 12867 16 12996 7
gap_45728b0dfed4ad5c39,11605 10 11735 7,7614 4 7742 6 7870 7 7881 2 7997 8 8010 2 8125 9 8138 2 8253 9 8267 2 8381 9 8395 2 8509 8 8523 2 8637 7 8651 2 8768 3 8779 1 8908 1,3641 11 3766 26 3893 33 4021 36 4151 36 4279 37 4407 37 4536 37 4664 39 4792 40 4920 41 5048 41 5177 41 5305 42 5433 42 5561 43 5689 44 5817 44 5945 44 6074 44 6203 44 6331 44 6460 44 6589 43 6722 39 6851 39 6979 39 7108 39 7237 38 7318 5 7366 37 7445 7 7495 37 7573 7 7623 37 7701 7 7753 36 7828 8 7883 34 7956 8 8012 33 8083 10 8140 33 8211 10 8269 33 8339 10 8397 32 8467 10 8525 33 8595 10 8653 33 8723 13 8780 34 8851 16 8868 1 8909 33 8979 15 8997 1 9037 33 9108 12 9125 1 9165 33 9236 13 9253 1 9260 1 9293 33 9364 15 9385 4 9422 32 9492 25 9550 31 9620 25 9679 30 9749 24 9807 30 9877 24 9936 29 10005 24 10064 28 10134 23 10193 26 10262 21 10321 26 10391 18 10450 24 10520 16 10579 22 10648 15 10708 21 10777 13 10837 19 10906 12 10966 16 11036 9 11096 13 11165 6 11225 10 11355 6,9263 5 9389 8 9517 8 9645 8 9773 8 9901 7 10029 7 10157 6 10287 2,3888 4 4012 9 4138 13 4265 14 4392 15 4519 17 4646 18 4773 19 4900 20 5027 21 5154 23 5281 24 5409 24 5538 23 5666 23 5794 23 5922 23 6050 24 6179 24 6307 23 6435 23 6563 23 6690 24 6817 25 6945 24 7073 24 7201 22 7329 21 7456 22 7584 21 7712 21 7841 20 7970 19 8099 18 8227 18 8356 17 8484 14 8612 3 8617 8 8740 2 8869 1 9261 2 10284 3,,4318 2 4383 2 4449 2 4510 2 4577 2 4636 3 4707 1 4764 2 4835 2 4891 2 4964 1 5019 1 5092 2 5221 1 5274 1 5349 1 5477 2 5606 2 5734 2 5862 3 5991 2 6119 2 6248 1 6295 1 6422 2 7789 2 7917 3 8046 2 8174 2 8209 2 8302 2 8337 2 8430 2 8465 2 8559 1 8593 2 8687 1 8721 2 8850 1 8898 1 8978 1 9023 7 9149 11 9277 12 9404 13 9532 14 9659 15 9788 13 9916 13 10044 13 10173 12 10300 12 10428 12 10556 12 10683 13 10810 17 10938 19 11066 1 11069 17 11194 1 11201 2 11205 4 11292 1 11335 2 11364 2 11421 2 11439 3 11490 3 11549 4 11566 4 11601 2 11617 4 11678 4 11694 3 11730 3 11743 5 11808 2 11870 4 12224 2,11326 2 11446 3 11452 5 11459 1 11466 3 11572 17 11593 6 11699 29 11826 31 11944 2 11952 33 12071 24 12099 16 12198 24 12228 23 12326 24 12356 24 12455 22 12485 23 12584 19 12614 21 12714 14 12744 17 12849 4 12874 12 13006 1
gap_c9f10e4b082c0db22a,,,,,,,,8806 1 8932 6 8981 2 9059 9 9107 6 9186 11 9233 9 9314 11 9360 11 9442 12 9488 11 9570 12 9615 12 9698 11 9743 12 9826 11 9872 11 9955 9 10000 10 10086 5 10128 10 10257 7 10387 3 10593 4 10720 9 10846 12 10905 2 10972 14 11030 7 11099 15 11156 11 11227 15 11283 14 11355 14 11410 15 11483 13 11538 16 11608 16 11667 15 11735 17 11796 15 11862 17 11926 15 11987 19 12055 17 12115 17 12185 17 12242 15 12315 15 12373 8 12447 12 12582 5
gap_bcfb0e649badcb51be,3745 8 3870 15 3996 22 4122 27 4248 30 4283 5 4303 12 4375 30 4411 10 4424 22 4501 31 4539 37 4628 31 4669 37 4755 30 4798 38 4882 30 4928 37 5009 29 5057 38 5136 27 5187 37 5263 27 5316 38 5390 27 5445 38 5517 28 5574 38 5644 29 5702 39 5772 29 5831 39 5899 30 5959 40 6026 31 6087 41 6154 31 6216 41 6281 32 6344 41 6409 32 6472 42 6536 33 6601 41 6664 32 6729 42 6792 32 6857 42 6919 33 6986 42 7047 33 7114 43 7175 33 7243 42 7303 33 7374 40 7431 33 7505 37 7559 33 7633 37 7687 33 7762 36 7815 34 7891 36 7943 34 8020 35 8071 34 8148 35 8199 35 8277 35 8327 36 8404 36 8456 35 8531 37 8584 36 8659 37 8712 36 8787 37 8841 35 8915 37 8969 34 9043 37 9097 33 9155 4 9164 1 9172 36 9225 32 9282 7 9290 4 9300 35 9354 31 9410 13 9429 34 9482 30 9538 13 9557 34 9610 29 9668 11 9685 34 9739 28 9797 8 9813 34 9867 28 9926 8 9941 33 9996 27 10054 8 10069 33 10124 23 10149 2 10183 7 10196 34 10253 19 10275 6 10311 9 10323 34 10381 18 10402 8 10439 9 10451 34 10510 25 10537 2 10568 9 10579 33 10638 25 10665 3 10696 10 10707 33 10767 23 10793 4 10824 43 10896 22 10921 4 10953 42 11025 21 11048 7 11081 41 11154 32 11209 41 11283 34 11338 38 11412 33 11466 38 11541 31 11594 37 11670 29 11723 35 11799 27 11852 33 11929 24 11981 32 12059 21 12111 29 12189 17 12241 26 12320 12 12370 23 12455 1 12500 20 12634 11,4245 2 4372 1 5168 5 5176 1 5294 8 5304 2 5308 2 5419 13 5434 9 5485 1 5546 26 5613 2 5674 27 5802 28 5930 28 6058 28 6186 28 6315 27 6443 28 6572 27 6701 27 6826 30 6953 10 6970 15 7081 10 7098 15 7209 11 7225 4 7233 8 7337 12 7352 3 7362 7 7465 8 7475 2 7479 5 7491 12 7593 19 7620 12 7721 20 7748 12 7849 21 7875 13 7978 21 8002 13 8106 21 8131 12 8145 2 8235 20 8259 10 8274 2 8364 19 8391 5 8402 1 8493 17 8622 16 8652 1 8751 15 8879 15 8913 1 9007 15 9040 1 9134 10 9147 2 9166 3 9259 13 9386 14 9513 17 9533 2 9640 18 9662 1 9769 12 9897 13 10025 14 10155 12 10283 13 10411 12 10540 11 10669 10 10798 8 10927 6 11057 3,,,,,3377 2 3504 2 3507 7 3633 14 3649 1 3761 20 3891 20 4020 19 4156 11 4291 2 4373 1 4499 1 4625 2 4752 2 4879 2 5007 1 5355 2 5484 1 5741 3 5871 2 5897 1 6000 2 6024 2 6128 2 6151 3 6257 2 6278 3 6406 3 6534 2 7286 1 7414 2 7428 3 7542 3 7556 3 7670 4 7684 3 7799 3 7812 3 7927 3 7940 3 8710 1 8825 1 8838 2 8952 3 8966 3 9080 3 9093 4 9208 4 9221 4 9336 4 9350 3 9464 4 9478 3 9593 2 9607 2 9790 5 9917 7 10045 8 10172 9 10299 10 10358 2 10427 11 10485 3 10554 12 10612 4 10636 1 10682 12 10740 4 10764 2 10810 12 10868 3 10892 3 10937 13 10996 3 11021 3 11065 13 11124 3 11149 4 11193 13 11252 2 11277 5 11321 13 11379 2 11406 4 11449 13 11535 4 11578 2 11581 8 11664 4 11709 8 11793 4 11834 11 11922 4 11961 13 12050 4 12088 14 12180 2 12215 16 12309 3 12343 17 12395 1 12468 1 12470 4 12477 5 12484 4 12521 4 12596 1 12599 6 12606 11 12618 2 12648 4 12722 11 12734 9 12744 4 12774 5 12848 1 12850 21 12873 1 12900 6 12979 3 12983 17 13026 7 13108 3 13112 16 13153 7 13237 8 13246 3 13250 5 13280 6 13368 5 13374 2 13378 8 13409 4 13497 2 13506 5 13635 4 13763 4,11011 4 11140 4 11267 6 11386 1 11389 2 11394 8 11513 2 11523 8 11641 3 11651 3 11655 4 11768 4 11779 10 11894 6 11910 8 12022 6 12038 9 12149 6 12167 9 12276 6 12296 9 12404 6 12425 9 12531 5 12556 7 12658 5 12686 5 12785 5 12814 6 12912 6 12944 5 13000 1 13039 5 13074 4 13105 3 13128 2 13166 4 13203 3 13233 3 13255 3 13293 4 13332 5 13360 2 13419 4 13461 5 13488 2 13499 1 13547 4 13591 3 13622 3 13627 1 13676 2 13750 3 13769 3 13773 1 13904 2
gap_272470562221780932,,7364 6 7491 9 7619 10 7745 12 7873 12 8001 12 8129 3 8133 7,5021 4 5149 4 5277 4 5404 5 5532 4 8307 2 8435 3 8561 4 8689 4 8816 5 8944 5 9071 5 9199 4 9327 4 9455 2,8544 1 8672 1 8801 1,4032 2 4147 6 4158 6 4276 6 4285 8 4296 4 4302 6 4404 25 4430 7 4531 26 4558 8 4657 26 4686 8 4697 8 4784 26 4814 9 4824 11 4911 28 4944 18 5039 28 5075 15 5092 3 5148 1 5167 28 5203 5 5210 8 5220 5 5276 1 5281 1 5295 27 5332 3 5343 12 5403 1 5409 3 5423 26 5462 1 5471 14 5531 1 5536 8 5549 27 5599 14 5658 16 5676 8 5688 2 5696 8 5728 14 5785 28 5827 5 5857 14 5912 33 5956 4 5986 13 6039 34 6076 1 6115 13 6166 27 6199 2 6203 2 6243 14 6293 28 6328 6 6371 14 6421 29 6456 8 6499 14 6549 29 6584 10 6627 15 6676 30 6711 13 6754 16 6804 30 6839 14 6862 5 6883 16 6932 5 6942 21 6964 18 6989 7 7011 16 7061 3 7071 38 7117 8 7140 15 7200 34 7245 8 7257 2 7268 15 7320 4 7330 30 7374 7 7384 3 7396 15 7445 7 7460 21 7503 5 7512 4 7522 17 7573 6 7588 20 7633 2 7640 5 7649 18 7702 5 7717 13 7769 3 7774 3 7779 16 7830 4 7848 3 7854 3 7903 2 7907 17 7958 4 8031 2 8036 17 8088 1 8159 2 8164 10 8178 3 8287 3 8292 9 8305 2 8416 11 8432 3 8545 9 8559 2 8673 8 8686 3 8802 6 8814 2 8929 6 8941 3 9069 2 9197 2,,8386 7 8512 11 8638 15 8766 15 8894 16 9021 17 9150 16 9278 16 9407 14 9535 13 9664 11 9793 9 9917 3 9921 9 10045 12 10172 13 10186 3 10300 12 10313 5 10430 16 10561 12 10691 5 10820 3 10948 3 11076 3 11204 2 11332 2 11460 1,7839 2 7966 4 7983 11 8019 3 8094 5 8111 13 8143 9 8222 6 8238 15 8270 11 8350 7 8365 16 8398 12 8478 7 8493 16 8526 13 8607 7 8621 16 8654 13 8736 7 8749 16 8782 14 8864 9 8877 16 8910 14 8992 10 9006 15 9038 14 9120 1 9122 9 9134 15 9166 14 9248 12 9264 13 9295 13 9376 13 9393 12 9423 12 9505 12 9522 11 9550 13 9633 13 9651 9 9678 12 9762 12 9807 10 9830 1 9891 12 9935 8 9957 2 10021 11 10083 2 10150 10 10283 6 10412 5 10542 3 10677 6 10684 2 10803 14 10826 13 10931 15 10953 16 11058 16 11080 18 11186 16 11207 18 11314 16 11335 18 11443 16 11463 17 11571 16 11589 18 11700 35 11829 32 11958 30 12088 10 12101 14 12217 8 12230 10 12348 3 12360 4
gap_3a9f95c49838c8cad7,4640 4 4766 6 4893 6 5019 8 5146 9 5222 2 5273 10 5349 5 5400 11 5476 7 5527 12 5604 8 5655 12 5732 9 5782 14 5858 12 5909 16 5985 14 6037 16 6112 15 6164 17 6241 1 6243 1 6245 10 6292 17 6366 2 6369 1 6371 13 6419 8 6501 11 6547 6 6620 1 6627 1 6629 11 6675 4 6757 12 6803 3 6876 1 6885 12 6931 2 7000 1 7002 1 7013 1 7015 11 7059 1 7125 5 7141 13 7252 7 7271 12 7365 1 7379 10 7397 1 7399 12 7492 4 7506 11 7529 10 7607 4 7620 6 7629 16 7657 10 7734 6 7748 25 7785 10 7861 8 7876 27 7904 2 7913 9 7989 8 8004 27 8041 9 8117 8 8132 25 8169 10 8245 7 8260 29 8297 10 8373 7 8388 29 8423 12 8501 6 8517 28 8551 12 8629 6 8645 28 8677 14 8758 6 8774 45 8886 6 8903 44 8978 1 9015 5 9032 43 9106 2 9144 4 9161 42 9234 2 9272 4 9290 41 9362 3 9401 3 9418 41 9490 3 9529 3 9547 40 9619 2 9657 4 9675 39 9747 3 9785 4 9803 39 9875 3 9913 4 9931 38 10004 3 10041 4 10059 38 10133 2 10169 3 10188 36 10262 3 10297 3 10316 36 10391 2 10424 3 10444 35 10520 3 10551 4 10572 35 10649 2 10679 3 10700 34 10777 4 10805 5 10829 32 10906 5 10931 6 10957 31 11036 5 11057 7 11085 30 11165 6 11182 9 11214 27 11295 23 11343 25 11425 19 11472 22 11555 14 11602 19 11685 8 11732 15 11863 11,5425 5 5548 2 5552 7 5675 4 5680 8 5803 14 5932 13 6060 14 6191 12 6320 11 6448 11 6577 10 6705 10 6728 7 6834 9 6856 8 6963 8 6983 10 7093 5 7111 10 7239 11 7367 10 7496 7 8381 4 8508 7 8635 8 8764 7 8892 7 9020 7 9149 5,4154 14 4280 22 4408 26 4535 36 4663 37 4792 37 4919 38 5047 38 5175 38 5302 38 5430 37 5559 35 5688 33 5817 31 5945 32 6074 30 6203 29 6331 29 6459 29 6589 28 6735 8 6864 6 6993 3 7121 2 7831 4 7958 6 8085 8 8213 8 8290 3 8341 9 8417 4 8468 11 8596 11 8724 12 8852 12 8980 13 9108 13 9237 13 9365 17 9494 17 9516 7 9622 29 9751 28 9879 28 10008 27 10136 27 10265 25 10394 23 10523 22 10652 21 10782 18 10911 16 11041 13 11172 8,,6434 4 6684 2 6687 8 6812 2 6817 6 6939 3 7068 2 7468 3 7594 7 7618 1 7722 8 7745 3 7849 9 7874 2 7977 10 8105 10 8233 10 8361 10 8489 10 8617 10 8746 9 8874 9 9003 5 9131 2,,3750 6 3803 2 3875 9 3932 4 4001 12 4061 5 4128 10 4190 6 4254 9 4318 7 4380 8 4448 6 4507 6 4577 6 4634 5 4707 5 4761 5 4837 4 4888 4 4966 4 5015 4 5095 3 5143 3 5225 1 5270 3 5398 2 5526 1 6128 1 6256 2 6290 1 6384 3 6417 2 6512 3 6544 3 6641 2 6672 3 6769 3 6800 2 6898 2 6928 2 7795 2 7923 2 8051 2 8079 2 8179 2 8207 3 8307 2 8335 3 8435 2 8463 3 8592 2 8720 1 9283 4 9409 7 9535 10 9662 12 9790 12 9842 1 9917 13 9969 2 10046 12 10097 2 10173 13 10225 2 10260 1 10301 13 10352 3 10388 3 10429 13 10479 3 10516 3 10557 13 10607 2 10645 3 10686 11 10735 1 10774 3 10814 10 10903 3 10943 7 11032 2 11070 10 11197 11 11326 11 11451 1 11456 8 11585 3 11714 1 11815 6 11942 7 12071 5 12121 8 12250 6 12380 2,11466 3 11575 9 11593 6 11701 12 11716 12 11827 14 11844 13 11954 15 11971 15 12080 35 12206 39 12333 19 12356 18 12462 15 12485 17 12593 8 12615 14 12746 8
gap_0e6865ba962fcf8fdb,,6337 2 6464 4 6593 2 6715 4 6726 3 6841 7 6855 3 6968 8 6981 2 6986 3 7094 10 7107 5 7115 3 7221 10 7235 6 7243 3 7348 10 7363 6 7372 3 7476 9 7491 6 7606 5 7619 6 7755 2 7884 1,5347 2 5476 2 5603 4 5731 5 5859 6 5986 7 6114 7 6240 10 6367 11 6494 13 6621 14 6748 15 6876 16 7003 17 7131 17 7259 17 7386 18 7514 17 7642 17 7770 17 7899 16 8027 16 8156 15 8284 15 8412 15 8541 13 8669 13 8799 11 8927 11 9055 10 9183 10 9311 8 9439 8 9567 6 9695 6 9823 5 9952 3,7467 6 7592 9 7719 9 7847 9 7859 1 7974 11 7987 2 8016 4 8101 15 8144 4 8228 11 8240 3 8272 5 8355 12 8368 3 8400 6 8408 3 8482 17 8529 11 8610 17 8657 12 8737 18 8783 15 8865 18 8911 15 8994 16 9039 16 9122 16 9167 16 9250 16 9295 16 9378 15 9424 15 9507 13 9552 15 9635 12 9681 14 9764 9 9809 14 9896 2 9938 12 10067 9 10200 2,4146 3 4171 5 4269 10 4299 11 4395 13 4427 22 4523 13 4555 22 4650 15 4683 22 4775 24 4811 23 4902 27 4934 3 4939 23 5029 36 5067 24 5154 65 5281 66 5410 44 5456 20 5540 14 5555 48 5674 1 5677 4 5684 47 5804 20 5829 30 5931 20 5958 28 6053 26 6085 29 6177 28 6213 27 6303 28 6341 26 6430 25 6469 25 6557 24 6588 1 6598 23 6685 20 6729 12 6744 1 6746 2 6813 19 6858 13 6875 1 6941 19 6989 11 7069 7 7079 8 7118 10 7196 6 7208 3 7217 4 7246 11 7258 1 7324 6 7335 13 7376 10 7452 6 7462 5 7473 3 7505 9 7580 6 7590 2 7634 8 7708 6 7764 6 7836 5 7965 4,,4323 2 4452 2 5660 1 5787 2 5867 1 5915 2 5995 2 6123 2 6252 1 7192 1 7319 2 7405 1 7448 1 7533 2 7661 2 7743 1 7745 1 7748 1 7789 2 7869 8 7996 11 8124 12 8251 14 8379 14 8507 15 8528 1 8634 15 8762 15 8891 14 8910 1 9019 14 9148 12 9276 12 9403 13 9526 2 9531 10 9542 2 9654 3 9658 14 9781 20 9830 1 9908 2 9912 19 10043 2 10046 14 10175 4 10182 4 10304 2 10311 2 10432 1 10560 1,8247 2 8374 3 8502 3 8629 4 8652 1 8757 4 8779 3 8885 4 8907 3 9013 4 9035 4 9140 5 9162 5 9268 5 9290 5 9395 6 9418 5 9523 3 9546 5 9675 4 10030 5 10155 13 10196 2 10282 20 10315 11 10409 22 10435 3 10442 13 10537 22 10562 5 10569 16 10666 21 10690 25 10795 20 10818 25 10924 19 10946 24 11053 18 11074 23 11183 16 11203 21 11314 12 11331 19 11446 5 11460 16 11590 12
gap_6654054bdbec84360a,7614 4 7741 6 7869 6 7997 6 8126 5 8240 3 8255 3 8367 5 8495 6 8521 7 8621 9 8648 10 8748 11 8776 11 8876 12 8904 12 9004 12 9032 12 9132 12 9161 11 9260 12 9290 10 9388 11 9419 9 9516 11 9549 7 9646 8 9678 4 9776 6 9906 3,7738 2 7867 1 7994 2 8117 2 8121 2 8244 5 8374 1,,,8383 3 8510 5 8640 1,,8109 3 8235 5 8363 4 8402 5 8491 2 8530 5 8659 4 8789 1 8895 5 9020 10 9147 11 9275 11 9384 2 9404 10 9511 4 9532 9 9558 3 9639 4 9656 1 9659 11 9685 5 9768 2 9787 12 9802 3 9813 4 9914 13 9930 3 9939 5 10042 19 10067 3 10169 8 10178 10 10296 2 10303 1 10306 2 10311 5 10432 2 10441 2,6702 2 6737 1 6742 1 6830 3 6864 2 6869 2 6958 7 6993 4 6999 1 7037 2 7045 4 7088 2 7162 5 7171 8 7186 4 7289 6 7298 3 7305 4 7314 5 7416 3 7421 2 7426 2 7435 12 7543 4 7559 3 7563 7 7571 5 7662 1 7670 9 7687 11 7700 4 7789 4 7798 9 7814 12 7827 6 7916 6 7925 11 7942 19 8044 20 8070 19 8172 20 8198 19 8300 20 8326 20 8429 19 8453 20 8560 16 8581 20 8689 15 8709 20 8819 4 8825 7 8836 21 8955 5 8965 20 9094 4 9100 14 9234 6 9241 1 9321 1 9329 2 9362 6 9370 1 9448 2 9456 4 9490 6 9576 1 9583 5 9618 6 9703 2 9710 5 9746 7 9831 1 9836 6 9875 7 9958 2 9963 4 10006 7 10086 6 10137 5 10208 1 10214 5 10267 4 10334 3 10340 6 10399 1 10426 3 10436 3 10461 12 10529 1 10552 7 10562 8 10589 11 10657 2 10679 8 10689 12 10717 11 10786 3 10807 9 10817 12 10844 11 10915 4 10936 8 10945 11 10973 9 11044 5 11065 7 11073 10 11101 6 11173 4 11194 5 11202 8 11232 1 11301 5 11334 2 11430 4 11560 1
gap_0970c67092e89f28db,4561 10 4686 16 4812 19 4940 20 5069 20 5198 21 5327 22 5455 23 5584 22 5713 10 5728 7 5841 6 5859 5 5919 2 5989 3 6045 4 6118 3 6171 6 6248 1 6298 7 6425 8 6553 8 6680 10 6808 11 6935 13 7063 14 7146 2 7190 15 7274 2 7318 15 7402 2 7446 15 7529 4 7574 15 7657 4 7702 13 7758 3 7785 4 7829 14 7844 4 7883 8 7913 4 7957 14 7974 2 8004 15 8042 3 8085 21 8107 2 8133 14 8171 2 8213 14 8231 1 8233 5 8261 15 8299 2 8341 25 8389 15 8428 2 8469 12 8482 6 8489 4 8496 6 8518 15 8556 2 8597 12 8614 8 8624 7 8646 15 8684 2 8724 13 8743 8 8752 7 8774 16 8811 3 8852 13 8872 15 8903 15 8939 3 8980 13 9001 14 9031 16 9067 3 9108 13 9125 1 9129 14 9160 16 9194 4 9236 35 9288 17 9321 5 9365 33 9417 18 9448 5 9493 33 9545 20 9575 6 9621 33 9674 20 9702 7 9749 33 9802 23 9828 9 9878 32 9930 34 10006 32 10058 34 10134 31 10186 33 10263 30 10315 32 10391 30 10443 32 10520 29 10571 31 10648 29 10699 30 10777 28 10827 30 10906 26 10955 29 11035 25 11084 27 11164 23 11213 25 11293 20 11341 24 11422 17 11470 21 11555 6 11565 1 11567 2 11598 20 11727 17 11857 12 11986 7,5302 8 5424 16 5550 22 5674 27 5801 29 5928 31 6056 31 6184 32 6312 35 6440 36 6569 35 6697 21 6721 11 6826 20 6853 7 6954 17 6983 5 7083 14 7111 5 7212 11 7238 7 7342 8 7365 8 7471 6 7493 8 7600 5 7621 8 7749 7 7879 2 7997 5 8123 8 8250 10 8377 12 8505 12 8633 12 8760 13 8888 12 9017 11 9145 9 9274 6,5851 7 5977 11 6104 14 6232 15 6359 17 6487 18 6614 19 6741 20 6869 21 6996 22 7124 22 7251 23 7379 23 7507 22 7635 22 7762 23 7891 22 8019 23 8148 22 8276 23 8404 24 8533 23 8661 23 8790 21 8918 21 8993 3 9047 20 9122 2 9176 18 9305 15 9435 12 9565 9 9694 7,,7613 2,,3922 1 3924 2 4018 4 4047 10 4145 5 4176 10 4269 5 4305 11 4394 8 4439 3 4443 4 4521 5 4573 4 4648 6 4702 5 4776 5 4832 4 4905 1 4960 4 5090 2 5278 2 5405 3 5532 4 5659 5 5786 5 5913 5 6040 4 6168 2 6296 1 6507 1 6635 2 6763 2 6891 2 7019 3 7148 2 7188 2 7276 2 7316 2 7405 1 7443 3 7571 2 7699 2 7827 2 7955 2 8686 2 8814 2 8942 2 8978 2 9070 2 9106 2 9198 2 9234 2 9326 2 9362 2 9408 5 9453 2 9490 3 9534 9 9581 2 9618 3 9660 13 9709 2 9747 2 9787 14 9875 2 9914 14 10004 1 10042 14 10170 14 10297 15 10425 15 10553 15 10682 13 10811 12 10940 10 11070 7 11078 1 11198 10 11323 13 11418 3 11451 12 11547 4 11579 11 11619 1 11676 4 11709 7 11745 3 11804 4 11826 1 11839 3 11854 2 11871 4 11934 3 11952 3 11968 1 11982 3 11997 5 12079 4 12111 3 12124 4 12352 1 12480 1 12608 2,11719 4 11833 4 11845 7 11957 10 11971 10 12084 11 12098 11 12201 2 12211 12 12226 13 12328 5 12336 15 12354 15 12371 2 12457 22 12483 19 12585 21 12612 20 12714 18 12742 15 12847 8
gap_5a27f80f7d4cebf5e1,5292 11 5418 17 5451 9 5545 21 5574 16 5672 22 5701 19 5799 23 5829 20 5926 24 5957 21 6053 24 6086 21 6180 24 6214 22 6307 25 6343 22 6435 24 6471 22 6562 24 6600 22 6690 23 6728 23 6817 24 6857 22 6945 23 6985 23 7072 23 7114 22 7200 23 7242 22 7328 22 7370 23 7455 23 7499 22 7583 22 7627 22 7711 22 7755 22 7839 21 7882 24 7967 21 8010 24 8094 21 8136 26 8222 21 8263 27 8350 21 8391 27 8478 21 8518 28 8606 21 8646 28 8734 20 8767 4 8773 29 8862 20 8895 4 8901 29 8990 20 9023 4 9028 30 9119 18 9152 3 9156 29 9247 18 9283 30 9375 17 9410 31 9503 16 9538 31 9631 16 9667 29 9760 15 9795 29 9888 15 9923 29 10016 15 10052 27 10145 14 10181 26 10273 14 10310 24 10402 13 10438 24 10530 14 10567 22 10659 14 10696 21 10788 14 10824 20 10917 16 10953 18 11046 15 11081 17 11175 13 11210 15 11305 11 11338 14 11434 8 11467 12 11564 5 11596 10 11725 6,6975 5 7101 11 7227 14 7354 16 7481 17 7608 19 7735 20 7863 14 7879 3 7991 14 8007 3 8119 13 8246 13 8374 12 8502 11 8630 8 8758 6 8885 6 9011 7 9138 7 9266 8 9393 9 9520 10 9648 10 9776 10 9903 11 10031 11 10159 10 10288 9 10416 8 10545 6 10674 3,,,9278 2 9406 2,,4659 1 4671 1 4785 5 4798 8 4912 5 4926 10 5036 2 5039 6 5053 13 5162 2 5180 16 5202 1 5308 16 5331 1 5438 8 5461 3 5543 1 5591 2 5670 1 5721 2 5850 2 5979 2 6108 1 6751 1 6880 1 7137 1 7265 1 7393 2 7522 1 7650 1 7778 1 8093 1 8220 2 8860 2 8988 2 9116 2 9244 2 9372 3 9500 3 9628 3 9757 2 9885 2 9917 5 10013 1 10044 7 10171 9 10299 9 10427 9 10528 1 10553 12 10681 11 10812 7 10845 1 10939 9 10972 2 11064 1 11066 10 11100 2 11191 1 11194 11 11227 3 11318 1 11320 1 11324 9 11355 2 11445 2 11448 3 11452 7 11464 1 11481 1 11483 1 11572 3 11576 2 11582 3 11588 7 11608 3 11699 6 11710 2 11717 7 11827 5 11838 2 11845 7 11958 1 11966 2 11974 5 12094 2 12222 2 12350 2,9581 1 9617 4 9708 4 9745 4 9836 5 9873 4 9964 5 10003 2 10092 2 10132 2 10219 2 10261 1 10347 1 10390 1 10474 2 10518 1 10602 1 10646 1 10729 2 10774 3 10856 2 10903 3 10983 3 11032 2 11110 3 11161 2 11237 2 11291 2 11361 5 11420 2 11489 2 11549 3 11616 1 11679 2 11705 4 11714 3 11743 1 11809 2 11832 5 11841 4 11870 2 11938 2 11959 7 11969 5 11997 3 12066 3 12086 8 12097 6 12211 10 12225 5 12339 9 12354 3 12467 4 12482 2
gap_9450b4d245916d29be,3749 3 3870 14 3996 22 4122 26 4155 4 4181 5 4248 28 4283 8 4304 14 4374 29 4412 13 4429 19 4500 29 4541 37 4627 27 4670 39 4753 27 4800 38 4880 25 4929 39 5007 25 5058 39 5134 25 5188 39 5261 25 5317 39 5388 25 5446 39 5515 26 5575 39 5643 26 5704 39 5770 26 5832 40 5897 27 5961 39 6025 27 6089 40 6152 27 6217 41 6280 27 6345 41 6408 27 6473 42 6535 28 6602 42 6663 28 6730 42 6791 28 6858 43 6919 27 6986 43 7047 27 7114 44 7175 26 7242 44 7303 26 7370 45 7431 26 7498 45 7558 27 7626 45 7686 27 7754 9 7766 34 7815 27 7881 10 7893 35 7943 28 8009 9 8021 35 8071 28 8136 10 8148 36 8199 29 8264 9 8275 37 8328 29 8393 7 8402 38 8456 29 8522 3 8530 38 8584 30 8657 39 8712 31 8784 40 8841 31 8911 41 8969 31 9038 42 9097 31 9165 43 9226 30 9293 2 9297 39 9354 30 9421 2 9426 37 9482 31 9553 38 9611 30 9681 38 9739 29 9797 6 9807 39 9868 28 9926 6 9935 39 9996 28 10054 8 10063 39 10125 21 10149 2 10183 46 10253 20 10278 5 10311 10 10323 34 10381 20 10406 5 10440 9 10452 33 10510 21 10533 7 10568 9 10580 32 10639 21 10661 7 10696 9 10708 32 10767 30 10824 9 10836 31 10897 29 10953 7 10964 30 11026 20 11048 8 11081 7 11092 30 11155 19 11177 12 11209 7 11219 30 11283 34 11338 6 11347 30 11412 33 11466 7 11474 30 11541 31 11594 37 11670 30 11723 35 11799 28 11852 34 11928 25 11981 32 12058 21 12110 30 12188 18 12240 27 12322 8 12369 24 12500 19 12634 3 12638 6,3864 1 4169 3 4710 2 4786 2 4912 7 4924 3 4970 1 5038 10 5052 4 5099 1 5165 11 5181 5 5292 12 5308 7 5419 12 5436 8 5546 16 5563 10 5674 28 5802 29 5930 30 6058 30 6186 30 6314 31 6443 30 6572 29 6700 1 6703 26 6828 1 6832 25 6959 26 7087 26 7215 16 7233 8 7338 2 7343 14 7361 7 7464 21 7489 6 7592 24 7618 3 7720 28 7847 30 7975 30 8103 31 8231 31 8360 30 8488 30 8616 33 8745 35 8873 35 9002 20 9023 6 9030 5 9131 16 9154 9 9260 3 9265 9 9284 7 9388 3 9395 6 9415 4 9525 6 9545 3 9654 5 9676 1 9774 5 9783 3 9901 8 10028 10 10155 12 10284 11 10412 11 10540 11 10669 9 10798 7 10928 4,,,,,3114 5 3240 10 3369 5 3381 4 3502 1 3508 7 3636 16 3657 5 3738 1 3764 2 3769 13 3787 2 3790 1 3865 3 3893 1 3896 11 3909 1 3991 4 4028 7 4037 1 4040 1 4043 1 4116 5 4243 3 4370 4 4839 2 4969 1 5098 1 5227 2 5259 1 5356 2 5386 1 5485 2 5513 2 5640 2 5767 3 5895 2 6023 1 6644 2 6661 1 6772 3 6788 3 6901 3 6916 3 7029 3 7043 4 7158 3 7171 4 7287 1 7299 3 7428 2 8057 1 8069 2 8185 2 8197 2 8312 4 8324 3 8440 4 8452 4 8569 3 8580 4 8697 3 8708 3 8837 2 9719 2 9737 1 9790 5 9846 4 9865 2 9916 8 9974 4 9993 3 10043 10 10102 4 10121 3 10171 10 10230 4 10249 4 10299 11 10358 3 10378 3 10426 12 10486 2 10506 3 10554 12 10634 4 10682 12 10763 3 10809 13 10892 2 10937 13 11065 14 11193 13 11322 12 11378 1 11452 9 11505 2 11581 6 11632 3 11709 5 11759 4 11833 8 11843 2 11886 4 11961 13 12014 3 12083 2 12089 13 12141 4 12210 3 12218 11 12268 4 12335 5 12342 3 12346 11 12395 4 12461 6 12470 14 12524 2 12583 11 12598 5 12604 7 12612 4 12701 20 12725 7 12733 11 12828 20 12852 1 12855 5 12862 2 12866 6 12877 1 12958 14 12988 1 12990 1 12994 6 13006 2 13088 1 13092 3 13104 1 13115 1 13119 1 13122 7 13135 3 13139 2 13229 1 13232 1 13246 3 13250 6 13265 6 13358 1 13374 11 13395 5 13401 2 13502 2 13506 3 13512 1 13529 4 13634 3,11001 1 11129 2 11133 1 11257 6 11387 3 11515 2 11528 1 11530 1 11643 4 11651 2 11656 3 11771 4 11780 3 11784 1 11895 3 11899 2 11910 1 12022 4 12037 4 12150 4 12166 1 12168 4 12276 5 12297 2 12403 5 12530 5 12657 7 12687 4 12784 8 12815 5 12854 1 12911 8 12945 3 12981 7 13038 7 13073 5 13108 7 13129 3 13165 7 13202 5 13228 1 13231 1 13235 9 13257 4 13293 6 13332 4 13356 2 13359 13 13385 6 13420 5 13461 3 13489 11 13509 3 13513 7 13548 4 13616 10 13637 1 13641 6 13743 2 13748 6 13765 1 13770 4 13876 1 13897 5 14028 2
gap_2cca034efa314136f7,,7625 2 7740 1 7753 4 7867 3 7881 4 7993 4 8009 4 8122 2 8127 4 8137 6 8251 1 8254 5 8265 6 8379 1 8382 5 8393 6 8507 1 8511 4 8521 6 8635 2 8650 3 8763 2 8891 1,,,4273 6 4397 10 4525 9 4543 2 4557 8 4655 6 4668 11 4685 12 4782 7 4795 12 4813 18 4906 11 4922 13 4941 20 5025 1 5033 14 5049 14 5070 22 5152 4 5161 29 5200 23 5279 8 5288 30 5337 16 5406 19 5428 21 5464 5 5471 11 5533 19 5561 16 5591 6 5600 11 5661 19 5689 3 5694 11 5719 6 5731 8 5788 17 5817 3 5824 8 5848 5 5860 8 5916 16 5947 2 5977 3 5988 8 6044 4 6053 7 6073 4 6107 1 6117 8 6173 3 6181 8 6192 5 6200 5 6220 6 6235 2 6245 8 6309 8 6319 6 6327 6 6347 8 6363 3 6373 8 6438 7 6447 14 6469 2 6473 10 6491 9 6501 8 6566 23 6600 10 6618 10 6630 8 6694 24 6728 9 6745 5 6751 6 6760 6 6823 25 6857 7 6873 4 6880 5 6888 6 6952 26 6985 7 7000 5 7008 6 7015 7 7081 27 7113 7 7127 5 7136 15 7209 28 7239 8 7256 4 7263 14 7337 28 7367 8 7385 4 7390 15 7466 6 7488 4 7495 6 7513 15 7599 1 7623 2 7627 2 7642 12 7741 1 7752 1 7771 10 7900 8 8028 7 8156 7 8285 5 8413 4 8542 2,,8644 3 8769 8 8896 11 9023 13 9150 15 9278 15 9405 17 9533 17 9662 16 9777 1 9781 2 9790 15 9905 2 9908 5 9919 13 10033 2 10036 10 10047 12 10162 24 10290 2 10293 11 10305 8 10419 1 10421 11 10433 8 10442 3 10449 2 10550 10 10561 7 10570 9 10582 1 10682 6 10691 3 10697 10 10819 3 10825 10 10947 4 10954 4 10961 1 11075 4 11203 3 11332 1,6560 1 6686 4 6814 5 6941 6 7069 7 7197 8 7326 8 7454 9 7582 10 7710 11 7838 13 7855 10 7892 2 7913 4 7966 27 8017 8 8041 5 8094 28 8143 11 8168 6 8219 3 8223 28 8271 11 8296 7 8347 32 8399 12 8422 9 8474 33 8527 12 8549 10 8602 33 8654 14 8676 11 8730 33 8783 13 8804 11 8858 33 8911 13 8930 13 8986 9 8996 23 9039 13 9057 13 9114 9 9124 20 9167 13 9182 16 9242 29 9296 29 9370 26 9425 27 9499 21 9553 7 9562 20 9627 13 9641 8 9681 6 9689 21 9756 21 9810 3 9817 21 9886 19 9945 20 10015 18 10074 19 10144 18 10201 19 10273 17 10328 19 10402 17 10455 18 10531 17 10583 16 10660 17 10710 16 10786 21 10838 15 10914 23 10941 1 10965 15 11043 29 11088 3 11092 15 11172 29 11206 5 11213 21 11301 30 11333 27 11430 29 11461 25 11560 54 11691 5 11698 38 11739 2 11827 37 11957 33 12087 30 12216 25 12346 8 12356 12 12486 5
gap_a1b38212b46c864c06,,7604 2 7732 2 7742 5 7749 4 7870 12 7997 14 8125 13 8255 11 8389 4,8179 2 8307 1 8435 2 8562 2 8689 3 8816 3 8944 1,6562 6 6690 7 6817 8 6946 7 7074 7 7202 6 7330 6 7458 6 7586 5 7715 4 7763 4 7844 1 7891 6 8018 8 8146 9 8274 9 8402 10 8530 10 8659 9 8787 9 8917 7 9046 5,3127 4 3254 7 3381 8 3411 1 3509 9 3520 5 3538 4 3637 9 3647 8 3666 4 3766 18 3794 4 3895 17 3924 1 3932 1 4008 6 4031 9 4061 5 4134 9 4150 3 4159 9 4189 8 4261 10 4275 7 4287 9 4317 9 4387 12 4403 7 4415 14 4444 12 4514 13 4530 8 4544 7 4552 5 4571 14 4641 13 4656 9 4672 7 4681 4 4697 18 4768 24 4800 6 4809 5 4824 19 4895 23 4929 5 4938 4 4952 19 5022 23 5057 4 5067 2 5079 21 5149 22 5194 2 5208 21 5277 22 5322 1 5336 21 5405 6 5413 19 5449 2 5463 22 5533 4 5541 20 5577 2 5591 22 5669 19 5704 4 5719 22 5786 3 5797 18 5832 5 5847 22 5913 5 5926 16 5961 4 5975 23 6040 7 6050 2 6055 12 6089 4 6104 22 6167 8 6176 4 6186 2 6234 20 6295 13 6366 16 6422 15 6467 3 6497 13 6549 13 6594 5 6626 12 6677 13 6724 3 6755 12 6805 12 6825 1 6854 1 6883 13 6933 13 7012 12 7061 13 7140 12 7191 7 7268 13 7323 1 7396 13 7450 3 7525 12 7577 4 7653 12 7705 5 7782 10 7832 7 7911 8 7959 8 8040 7 8087 9 8169 5 8215 9 8298 4 8343 9 8427 2 8471 9 8599 9 8728 7 8859 3,,8641 5 8763 13 8890 15 9016 10 9029 4 9142 7 9151 2 9158 3 9270 6 9279 6 9286 3 9398 7 9406 12 9526 20 9654 20 9782 20 9912 17 10044 12 10173 10 10300 12 10427 13 10555 13 10683 13 10811 7 10819 5 10940 12 11071 5 11200 3 11329 1 11457 1 11584 2 11712 2 11839 3 11967 3 12096 1,8754 3 8881 4 8908 5 9009 4 9035 7 9136 5 9163 8 9264 5 9291 8 9392 5 9419 8 9520 5 9547 8 9649 4 9675 7 9777 3 9804 5 9906 3 9933 3 10035 2 10164 1 10187 2 10295 3 10314 3 10423 3 10443 2 10550 3 10571 2 10673 8 10699 5 10800 9 10827 5 10834 5 10923 15 10954 15 11049 18 11082 15 11177 20 11209 16 11305 21 11332 21 11433 21 11460 20 11561 21 11588 19 11690 20 11716 19 11820 17 11845 17 11949 16 11974 15 12079 14 12104 7 12215 3 12233 4
gap_443f4c31aa58a3902e,6706 2 6734 4 6832 6 6862 5 6958 9 6990 7 7085 10 7117 9 7212 12 7234 2 7245 11 7339 14 7361 4 7373 12 7466 15 7489 5 7500 14 7594 15 7616 6 7628 15 7721 17 7745 5 7755 16 7848 19 7873 5 7881 19 7976 19 8003 2 8007 21 8104 20 8134 23 8231 22 8261 24 8359 23 8388 25 8486 24 8516 25 8614 24 8644 25 8742 24 8772 25 8870 24 8901 24 8998 24 9030 23 9126 23 9159 22 9254 22 9288 20 9382 22 9417 19 9510 21 9546 18 9639 19 9674 17 9767 19 9803 15 9896 18 9932 14 10024 17 10060 13 10153 16 10190 11 10282 14 10319 9 10410 13 10450 3 10539 10 10668 8,6457 3 6469 2 6584 4 6711 7 6725 2 6839 8 6853 3 6859 2 6967 3 6972 3 6980 5 6987 2 7101 1 7108 9 7237 8 7366 6 7482 5 7495 5 7610 5 7623 5 7738 4 7752 2 7867 2 15673 1 15801 1,,,8002 1 8129 4 8256 5 8384 4 8512 4 8641 1,,5311 6 5446 2 5557 4 5562 1 5573 5 5685 9 5695 3 5699 8 5814 21 5840 1 5941 22 5964 1 5967 3 6063 4 6068 17 6086 4 6093 5 6190 5 6198 3 6216 2 6221 5 6318 6 6326 2 6341 1 6343 1 6350 5 6447 4 6479 5 6574 4 6609 3 6700 4 6739 2 6828 3 7386 2 7514 3 7643 4 7719 1 7771 4 7846 2 7900 3 7973 3 8029 2 8100 3 8157 1 8228 3 8357 1 8926 1 9024 5 9053 2 9150 8 9181 3 9278 8 9309 2 9380 1 9405 10 9437 2 9507 3 9533 11 9635 3 9659 1 9661 12 9764 2 9787 14 9892 2 9916 12 10046 9 10174 9 10186 1 10301 10 10429 11 10557 11 10579 6 10679 1 10684 11 10705 8 10804 2 10817 3 10836 3 10923 4 10930 3 10946 1 11051 8 11074 1 11180 4 11202 1 15802 4 15812 5,9704 5 9750 5 9831 6 9877 6 9959 6 10006 6 10086 4 10136 4 10214 2 10266 2 10342 1 10395 1 10469 2 10523 2 10597 1 10652 1 10724 2 10781 2 10810 3 10823 3 10851 2 10909 3 10937 7 10949 7 10977 3 11038 3 11064 9 11076 10 11103 4 11167 4 11192 9 11204 10 11229 4 11297 3 11319 10 11332 10 11355 4 11428 2 11447 10 11460 10 11480 5 11557 3 11576 9 11589 8 11602 10 11686 4 11705 8 11719 6 11732 8 11815 7 11861 6 11943 9 11991 4 12071 8 12200 4 15668 3 15796 5 15817 4 15924 3 15947 1 16053 2 16075 1 16181 2
gap_fea2704990f54318e3,,6596 6 6727 1 7234 7 7350 3 7362 8 7478 5 7490 8 7605 7 7618 8 7733 8 7747 7 7860 9 7876 5 7988 9 8117 8 8245 8 8373 7 8502 5,2634 1 2749 23 2877 25 2906 4 3006 24 3033 7 3137 22 3160 9 3265 33 3395 32 3524 32 3655 13 3669 15 3785 10 3796 17 3916 5 3923 19 4050 20 4178 21 4306 22 4433 23 4561 24 4689 24 4817 25 4946 24 5074 25 5203 24 5331 25 5459 26 5586 27 5714 27 5842 28 5970 28 6098 28 6227 27 6357 25 6486 25 6614 25 6742 25 6871 24 6995 28 7121 31 7247 33 7374 33 7503 33 7631 33 7760 32 7889 31 8019 29 8081 3 8149 27 8208 5 8279 24 8336 6 8408 23 8464 7 8537 21 8591 8 8666 20 8720 8 8795 18 8847 9 8924 17 8975 9 9053 16 9104 9 9180 17 9232 9 9310 13 9361 8 9439 12 9489 7 9567 12 9617 7 9696 10 9748 4 9825 9 9954 7 10083 5 10211 4,8228 3 8352 10 8394 7 8479 13 8520 15 8606 16 8648 17 8734 17 8775 19 8861 18 8903 20 8989 11 9002 5 9032 6 9040 12 9117 11 9130 5 9160 7 9168 12 9245 10 9259 5 9289 19 9373 10 9386 6 9417 8 9426 11 9501 9 9514 6 9546 19 9629 8 9640 7 9674 19 9757 18 9803 18 9885 18 9932 16 10013 17 10061 15 10142 15 10190 13 10270 14 10321 9 10399 11 10528 7,3005 1 3124 13 3231 7 3252 13 3358 9 3380 15 3485 10 3508 13 3610 13 3636 13 3654 1 3737 13 3764 13 3865 12 3893 12 3993 12 4021 13 4037 2 4121 12 4151 20 4249 11 4280 20 4378 9 4409 20 4509 5 4538 20 4654 3 4668 19 4779 8 4798 18 4905 11 4931 13 5014 4 5029 16 5060 11 5141 5 5155 18 5189 10 5269 5 5283 18 5317 9 5396 6 5411 18 5440 1 5445 8 5525 4 5539 18 5567 3 5573 8 5653 2 5667 18 5694 5 5701 8 5781 3 5795 18 5817 11 5829 7 5909 7 5924 39 6036 9 6052 34 6164 11 6179 35 6291 12 6307 21 6333 10 6419 12 6435 14 6452 1 6462 12 6547 12 6563 13 6591 5 6605 1 6675 13 6691 13 6721 6 6728 1 6803 12 6820 12 6851 3 6931 12 6949 10 7059 12 7078 8 7187 12 7206 8 7316 11 7333 8 7444 10 7460 8 7573 8 7586 9 7702 5 7712 10 7839 10 7967 5,,2916 1 3044 3 3172 4 3219 2 3301 3 3346 2 3429 3 3474 2 3558 3 3601 2 3687 1 3729 2 3856 3 3983 4 4112 2 4973 1 5101 3 5229 3 5356 4 5485 3 5518 2 5613 3 5646 2 5741 3 5773 3 5870 3 5901 3 5998 3 6029 2 6126 3 6157 2 6255 2 6285 2 6413 2 6541 1 8687 2 8765 3 8815 2 8846 1 8889 9 8942 3 8974 1 9016 11 9069 4 9102 2 9143 13 9197 3 9230 2 9270 15 9325 3 9359 2 9398 15 9453 2 9487 2 9525 17 9580 2 9616 1 9654 16 9708 1 9782 16 9910 15 10038 15 10166 15 10295 13 10424 12 10552 8 10562 1 10681 2 10684 8 10808 13 10936 13 11064 13 11192 12 11212 5 11291 2 11310 1 11321 2 11325 4 11341 6 11357 2 11419 5 11435 4 11453 3 11483 4 11548 5 11562 4 11582 2 11610 4 11679 3 11710 2 11838 2 11965 4 12093 4 12222 1,9928 1 10056 1 10184 1 11315 2 11334 4 11442 6 11458 10 11569 11 11585 14 11696 13 11713 16 11731 2 11817 2 11823 14 11841 22 11942 23 11969 24 12069 23 12098 23 12197 23 12226 22 12327 20 12355 19 12457 18 12484 15 12588 13 12616 7 12721 5
gap_afd25155703f222357,,5559 2 5686 5 5814 5 5941 6 6069 7 6198 7 6322 2 6327 6 6449 4 6456 5 6577 6 6584 4 6705 10 6722 3 6833 13 6850 5 6961 14 6977 6 7089 23 7217 24 7346 20 7367 2 7475 9 7489 4 7605 4 7618 3,6765 1 6893 2 7021 2 7149 2 7277 2 7404 3 7533 2 7661 1,7504 8 7631 10 7758 13 7885 16 8012 8 8021 9 8102 1 8140 7 8150 9 8225 10 8268 6 8279 8 8351 13 8396 6 8408 8 8478 15 8525 7 8535 9 8605 17 8653 8 8663 9 8733 17 8782 19 8860 18 8911 18 8988 18 9039 18 9116 18 9168 17 9244 17 9297 15 9372 17 9426 13 9501 15 9555 11 9630 13 9686 5 9760 10 9889 7,3124 16 3144 4 3250 28 3281 1 3377 36 3492 2 3505 40 3618 5 3630 1 3632 42 3740 3 3746 5 3757 46 3867 5 3875 4 3887 46 3994 6 4003 4 4029 34 4122 6 4132 2 4160 32 4250 5 4289 33 4379 2 4421 29 4503 2 4552 27 4629 5 4682 25 4756 7 4815 8 4825 10 4884 7 4954 11 5012 7 5052 1 5082 11 5139 7 5209 12 5266 8 5282 1 5286 1 5337 12 5392 11 5414 3 5465 13 5519 13 5568 2 5593 14 5647 14 5682 2 5693 6 5720 15 5774 16 5810 2 5822 7 5847 6 5856 8 5902 18 5923 3 5937 3 5950 8 5975 5 5986 7 6030 26 6065 2 6078 9 6103 3 6114 7 6158 27 6192 3 6207 10 6241 9 6292 21 6320 2 6335 11 6369 9 6420 22 6448 1 6464 11 6494 12 6508 2 6547 22 6576 1 6593 10 6620 14 6635 3 6674 23 6704 1 6721 1 6725 8 6745 16 6762 3 6801 25 6832 1 6855 6 6873 20 6929 12 6944 11 6983 7 7001 20 7057 12 7073 11 7112 7 7129 20 7185 12 7201 12 7241 6 7259 18 7313 12 7330 11 7369 6 7389 15 7441 12 7459 10 7496 7 7518 15 7570 11 7588 9 7630 1 7647 14 7699 9 7720 5 7776 14 7828 7 7905 13 7957 5 8035 10 8170 3,,7995 7 8119 12 8246 15 8374 16 8502 16 8630 17 8759 16 8887 16 9015 17 9143 16 9270 16 9397 16 9525 16 9653 14 9783 11 9912 11 10043 9 10169 11 10296 12 10425 11 10553 8 10684 4 10813 3 10942 2 11070 2 11198 2 11325 3 11454 2 11582 2 11710 2 11838 2,8497 3 8624 5 8650 1 8751 6 8778 2 8879 7 8906 3 9007 8 9033 4 9134 9 9161 4 9262 8 9289 5 9390 7 9417 5 9518 7 9541 9 9646 5 9669 9 9774 5 9797 9 9902 6 9926 8 10030 7 10054 8 10159 6 10183 2 10288 5 10417 4 10545 2 10567 1 10570 5 10672 8 10692 12 10799 12 10818 15 10921 4 10926 15 10945 19 11049 20 11073 21 11176 21 11201 22 11303 22 11329 22 11431 22 11457 21 11559 22 11585 21 11688 21 11713 20 11816 20 11842 18 11945 18 11972 15 12074 16 12101 3 12107 6 12205 5
gap_0346901ecc05c8a34d,3764 3 3771 2 3883 22 4008 42 4134 53 4261 57 4388 25 4415 33 4514 26 4543 34 4641 26 4672 35 4768 26 4801 35 4895 26 4931 35 5022 26 5060 35 5149 26 5189 34 5277 25 5318 34 5404 25 5447 33 5531 26 5576 32 5659 25 5705 31 5786 26 5834 30 5914 25 5962 31 6042 25 6091 30 6170 25 6220 29 6298 25 6349 29 6425 26 6477 29 6553 26 6608 25 6681 26 6737 24 6809 26 6865 24 6937 27 6994 23 7065 26 7123 22 7193 26 7252 21 7322 22 7381 6 7388 13 7450 22 7509 20 7579 21 7637 20 7707 17 7727 2 7765 20 7835 17 7855 2 7893 20 7964 17 7983 4 8013 2 8021 20 8092 18 8111 4 8140 4 8149 19 8220 19 8243 1 8265 7 8276 20 8348 18 8371 3 8387 37 8477 16 8498 6 8515 36 8605 16 8626 6 8645 34 8734 15 8754 3 8775 32 8862 15 8881 4 8904 30 8991 18 9011 1 9032 30 9119 18 9161 28 9248 17 9267 1 9289 28 9376 20 9417 28 9505 20 9545 27 9634 19 9673 27 9762 20 9801 26 9891 24 9930 25 10019 24 10058 24 10148 23 10186 24 10277 22 10314 23 10406 21 10443 21 10535 19 10571 21 10665 16 10700 18 10794 14 10828 17 10923 12 10958 14 11054 8 11087 10 11217 6,5439 7 5566 9 5685 6 5693 11 5812 8 5821 11 5940 21 6068 21 6196 21 6324 24 6452 24 6580 25 6708 10 6719 15 6836 10 6848 6 6855 10 6966 8 6983 10 7095 8 7111 11 7223 8 7240 11 7352 6 7369 11 7473 2 7495 14 7600 5 7606 4 7623 14 7729 11 7751 14 7853 1 7858 11 7881 12 7987 11 8016 5 8117 8 8145 3 8246 7 8367 1 8494 3 8621 5 8749 4 8759 4 8877 4 8885 7 9013 8 9141 8 9268 9 9397 8 9525 8 9654 6 9784 1,,,,,3518 4 3526 1 3646 10 3775 9 3796 4 3923 7 4006 1 4053 1 4966 2 5095 2 5147 2 5224 1 5275 1 5402 2 5530 1 5657 1 5737 1 5865 2 5993 2 6121 2 6679 2 6807 2 6935 2 7063 2 7145 1 7273 1 7401 2 7529 2 7657 1 7833 2 7961 2 8089 3 8218 2 8346 2 8898 4 9024 7 9062 1 9152 7 9190 1 9279 9 9317 2 9407 9 9445 2 9535 9 9572 2 9632 1 9663 9 9700 2 9760 2 9790 10 9828 2 9888 3 9918 10 9955 2 10017 2 10046 10 10083 1 10146 2 10174 10 10274 2 10305 4 10338 1 10403 2 10433 4 10532 1 10558 7 10566 2 10686 11 10813 13 10941 13 11074 3 11203 1,9237 1 9364 3 9492 4 9620 4 9708 3 9835 4 9963 4 10091 3 10218 2 10267 1 10346 1 10395 2 10473 2 10525 2 10599 3 10654 3 10726 3 10784 1 10852 3 10914 3 10979 2 11043 2 11069 3 11078 3 11196 5 11205 4 11323 7 11333 6 11447 11 11461 7 11575 11 11589 8 11703 11 11717 8 11832 8 11846 6 11975 2
gap_246e012dd6fc2c49c8,3889 1 4012 17 4138 27 4265 44 4391 49 4518 51 4645 26 4673 26 4772 26 4802 26 4899 26 4931 26 5026 26 5059 27 5154 24 5188 27 5281 24 5317 27 5408 23 5445 27 5536 22 5574 27 5663 22 5702 27 5790 22 5831 27 5918 21 5959 27 6046 20 6088 27 6173 20 6216 27 6301 20 6344 28 6428 20 6473 27 6556 20 6601 27 6684 20 6730 26 6811 21 6859 26 6939 21 6988 25 7067 21 7116 25 7195 21 7244 25 7323 21 7372 26 7450 22 7500 26 7578 22 7628 26 7706 22 7756 26 7834 22 7884 26 7962 21 8012 26 8090 20 8141 25 8218 20 8270 24 8346 20 8398 24 8474 17 8526 24 8602 17 8621 1 8654 24 8731 16 8749 3 8782 24 8859 16 8877 3 8910 24 8987 16 9007 1 9038 24 9115 16 9137 2 9165 25 9243 17 9265 4 9287 1 9293 25 9371 17 9393 5 9414 3 9420 26 9500 16 9522 5 9542 3 9547 27 9628 16 9651 3 9670 2 9673 28 9756 17 9777 5 9789 40 9885 16 9904 6 9917 40 10013 17 10031 7 10045 40 10141 24 10181 31 10270 22 10310 30 10398 19 10438 30 10526 18 10567 28 10655 16 10695 28 10784 15 10824 26 10913 14 10952 26 11041 14 11080 25 11170 14 11208 25 11298 14 11337 23 11427 14 11465 23 11556 15 11593 22 11685 15 11722 20 11814 14 11850 20 11944 11 11979 18 12073 9 12108 15 12237 13 12367 9 12497 5,6073 1 6199 5 6325 8 6453 8 6580 9 6593 5 6707 10 6719 8 6835 21 6963 22 7091 22 7219 22 7347 22 7476 21 7604 7 7612 14 7733 5 7741 14 7862 3 7869 14 7990 3 7998 13 8117 4 8127 11 8246 3 8254 5 8262 4 8267 2 8374 4 8379 8 8390 2 8395 3 8495 2 8503 23 8623 4 8634 19 8752 3 8763 18 8881 3 8892 18 9010 2 9021 16 9150 14 9261 2 9283 2 9389 3 9516 5 9644 5 9773 3 9902 1 10419 4 10545 7 10672 9 10800 9 10928 9 11056 9 11184 9 11313 7 11442 6,,,9910 1,,3518 2 3525 4 3639 4 3645 19 3763 32 3895 30 4036 11 4048 6 4180 3 4311 1 4517 1 4571 2 4644 1 4699 2 4771 1 4829 1 4897 2 4958 1 5024 2 5087 1 5151 2 5216 1 5279 2 5344 2 5405 3 5473 2 5533 2 5601 2 5660 3 5730 2 5788 2 5858 3 5915 3 5987 2 6043 2 6115 2 6171 2 6243 3 6299 1 6372 2 6427 1 6500 3 6554 1 6628 3 6682 1 6757 2 6885 2 7013 3 7141 3 7270 2 7398 2 7526 2 7654 2 7782 2 7910 1 8728 2 8856 2 8984 3 9112 3 9240 3 9368 3 9497 2 9625 3 9753 3 10268 1 10303 6 10341 1 10431 7 10468 2 10558 8 10596 2 10685 9 10723 3 10813 9 10851 3 10941 9 10978 3 11069 9 11106 3 11197 9 11233 4 11325 8 11361 3 11453 8 11489 3 11583 4 11617 2 11708 2 11711 3 11835 10 11871 1 11962 11 11998 2 12085 1 12088 14 12126 1 12213 1 12215 3 12223 2 12228 3 12331 6 12340 1 12351 2 12358 7 12459 7 12479 2 12487 6 12587 6 12607 1 12616 1 12619 2 12623 3 12735 1 12749 6 12878 5 13008 3,9359 2 9487 3 9586 1 9615 3 9713 2 9743 3 9841 3 9871 3 9969 3 10000 3 10096 3 10129 2 10224 3 10258 2 10351 4 10387 1 10479 3 10606 2 10645 1 10734 1 10773 2 10861 1 10901 4 10988 1 11031 3 11114 2 11160 3 11240 3 11290 1 11367 2 11495 1 12345 5 12353 4 12470 9 12481 6 12597 10 12609 6 12724 11 12737 7 12851 11 12865 8 12979 10 12994 7 13110 3 13123 5
gap_8ffcb2a5cfb730f7ae,7749 1 7877 3 8005 4 8134 4 8262 4 8391 3 8519 2 8647 2 8775 3 8903 3 9032 3 9160 3 9289 2 9417 2 9546 1 9930 2 10058 3 10186 4 10314 5 10442 6 10571 7 10699 8 10727 2 10827 10 10854 2 10956 11 10982 1 11085 13 11213 15 11235 1 11342 21 11471 20 11600 17 11729 15 11859 12 11990 8,7870 5 7997 7 8124 9 8251 11 8379 11 8507 11 8636 10 8764 9 8893 7,4150 11 4275 20 4401 36 4529 38 4657 40 4786 40 4915 40 5043 41 5171 47 5299 48 5427 48 5555 49 5684 49 5812 50 5941 50 6069 50 6200 48 6329 48 6459 46 6589 45 6721 41 6850 41 6979 40 7108 39 7238 37 7368 36 7497 35 7626 35 7703 3 7754 35 7831 4 7883 34 7958 5 8011 34 8086 5 8140 34 8213 6 8268 34 8341 7 8396 34 8469 7 8525 33 8597 7 8653 33 8724 9 8781 33 8852 10 8909 33 8980 13 9037 33 9108 16 9166 32 9236 21 9294 32 9364 22 9422 32 9493 22 9550 31 9621 24 9678 31 9750 25 9807 29 9878 25 9935 29 10007 24 10063 28 10135 24 10192 27 10264 22 10321 25 10393 21 10449 24 10521 20 10579 21 10650 19 10708 19 10779 17 10838 15 10908 16 10968 13 11038 15 11098 9 11168 12 11229 3 11299 8 11429 5,,4525 4 4652 5 4780 6 4907 8 5035 8 5163 8 5291 8 5412 1 5419 8 5539 4 5547 8 5666 5 5675 9 5793 6 5800 12 5920 21 6048 21 6177 23 6306 23 6435 24 6563 18 6585 4 6690 19 6713 3 6817 21 6839 6 6945 30 7072 31 7200 31 7328 31 7456 30 7584 29 7712 24 7840 13 7858 5 7969 11 7986 6 8097 11 8113 7 8226 22 8355 21 8484 19 8613 17 8743 15 8872 12 9002 9 9130 7 9257 8 9386 7 9515 6 9645 4 9775 1 9903 1,,3930 1 4057 5 4132 5 4187 5 4258 5 4316 6 4385 4 4447 3 4512 4 4639 4 4766 3 5093 1 5221 2 5349 3 5478 1 5864 1 6039 1 6166 2 6295 1 6549 2 6677 2 6805 1 6892 1 7020 2 7148 3 7276 3 7405 2 7533 2 7570 2 7661 3 7698 2 7790 2 7826 2 7953 3 8081 3 8209 2 8338 1 9153 3 9278 9 9405 11 9532 13 9659 14 9787 14 9837 2 9915 14 9965 2 10003 2 10042 15 10092 2 10131 3 10170 15 10220 2 10260 2 10298 15 10347 3 10388 3 10426 15 10475 2 10517 2 10554 14 10602 2 10646 2 10683 12 10730 1 10775 1 10812 2 10815 7 10857 1 10935 2 10940 10 11063 3 11067 11 11082 2 11191 3 11196 10 11210 2 11319 1 11322 14 11339 2 11450 2 11455 7 11463 1 11468 1 11584 2 11712 1 12070 3 12118 3 12198 4 12246 5 12327 3 12375 3,11593 2 11698 13 11715 10 11825 14 11843 12 11953 14 11970 14 12080 33 12207 35 12333 39 12460 18 12483 18 12588 16 12612 18 12716 15 12742 16 12845 12 12872 13 12976 5 13003 9
gap_e53893d3a0c9ae1948,,7109 4 7235 7 7360 1 7362 9 7487 12 7614 14 7741 4 7747 10 7870 3 7877 8 8006 5,5838 2 5966 3 6612 2 6738 9 6866 10 6993 12 7121 13 7249 13 7376 15 7503 16 7631 17 7758 18 7885 20 8013 20 8142 19 8271 18 8401 16 8533 12 8662 11 8792 9 8921 7 9049 7 9177 7 9306 5 9434 4 9563 2,8400 1 8527 6 8654 8 8753 5 8781 11 8874 3 8880 6 8909 12 9001 14 9037 12 9129 14 9166 11 9256 15 9294 12 9384 9 9394 4 9423 11 9512 14 9552 10 9641 12 9682 7 9772 9 9811 6 9901 6 9941 3 10031 3,5559 18 5683 24 5809 26 5937 26 5969 4 6064 27 6094 9 6192 27 6223 9 6319 27 6352 9 6447 26 6480 10 6571 14 6587 14 6609 3 6614 4 6699 30 6737 1 6827 17 6845 12 6865 1 6955 16 6974 11 7083 15 7102 7 7113 1 7210 5 7217 9 7231 1 7248 1 7337 16 7375 1 7461 20 7502 1 7587 23 7628 3 7715 23 7757 1 7842 24 7970 25 8098 25 8225 22 8353 22 8481 17 8501 2 8609 13 8628 2 8737 11 8865 9 8999 2 9127 2 9255 1 9383 1,,8002 4 8127 8 8254 10 8382 11 8509 12 8637 12 8765 12 8894 10 9023 8 9151 8 9279 9 9407 9 9534 10 9663 10 9791 9 9922 3 10051 1 10179 1 10307 2 10435 2 10563 2 10691 2 10819 2,6897 1 7024 3 7152 3 7282 1 7284 1 7410 4 7538 5 7666 5 7794 5 8078 3 8206 3 8334 3 8462 1 8506 2 8633 3 8716 4 8761 3 8779 1 8843 5 8889 3 8907 2 8971 1 8974 2 9017 3 9035 2 9100 3 9145 2 9163 2 9228 2 9291 1 9785 4 9910 9 9929 8 10037 12 10054 13 10163 14 10182 15 10290 15 10310 15 10419 15 10438 15 10547 15 10566 15 10675 15 10694 14 10804 14 10822 14 10933 13 10951 12 11062 11 11080 9 11192 6
gap_4233e676463e7bacf2,4256 5 4383 14 4510 16 4638 16 4752 1 4760 4 4765 17 4878 33 5005 34 5133 33 5261 32 5389 32 5516 32 5644 32 5772 31 5900 31 6028 30 6157 29 6300 12,3493 1 3621 1 3749 1 7209 2 7338 1 7466 1 7594 1,,,,,3620 1 3983 2 4112 1 6554 14 6683 14 6803 22 6928 25 7056 26 7198 11 7326 12 7456 10 7582 1 7584 10 7709 11 7836 11 7964 11 8091 12 8214 16 8345 14 8477 11 8610 6 8739 3 10040 1 10051 1 10168 1 10296 1 10423 2 10551 2 10555 2 10559 2 10679 6 10687 2 10692 1 10806 12 10820 1 10934 6 10944 2 11063 3 11073 2 11076 1 11190 3 11202 3 11316 2 11320 1 11330 2 11445 2 11448 2 11458 2 11576 2 11584 4 11704 12 11831 15 11948 4 11959 2 11963 12 12075 4 12092 3 12098 4 12105 2 12201 5 12213 2 12220 2 12224 1 12227 2 12233 3 12329 4 12341 1 12354 3 12358 2 12361 4 12469 1 12486 2 12490 4 12598 1 12607 2 12613 1 12619 3 12735 1 12741 2 13116 1 13244 1,3492 1 4715 2 4842 5 4972 4 5101 3 5509 2 5637 2 5765 2 6389 3 6517 4 6646 3 6774 3 6903 2 7032 1 7042 2 7170 2 7185 13 7297 3 7313 13 7425 3 7442 14 7541 2 7554 1 7570 12 7583 1 7669 1 7699 10 7827 9 7956 8 8054 1 8086 3 8090 1 8182 2 8185 2 8311 5 8439 5 8569 3 8697 4 8825 4 8954 2 9082 1 9476 2 9604 2 9732 3 9860 3 9989 3 10103 1 10117 3 10121 1 10231 1 10246 3 10375 1 10869 2 10996 3 11124 2 11251 3 11379 3 11399 1 11506 3 11633 3 11761 2 11920 4 12049 4 12178 4 12308 3 12437 3 12716 1 12980 1 13256 5 13275 8 13381 1 13383 1 13388 1 13403 7
gap_708382906a0957cdd0,,6337 4 6464 5 6592 6 6599 4 6720 12 6849 11 6978 2 6982 7 7111 6 7239 6 7366 6 7491 8 7619 7 7747 7 7876 6 7993 1 8006 4 8135 2,,6692 4 6819 5 6946 6 7074 5 7203 4 7332 2,3385 6 3396 4 3503 16 3523 6 3535 5 3630 17 3651 6 3662 9 3757 18 3779 6 3790 10 3883 20 3907 6 3918 19 4009 21 4034 6 4047 18 4135 21 4162 6 4177 1 4179 14 4262 21 4289 7 4308 13 4390 8 4401 5 4417 7 4437 12 4517 8 4545 7 4565 12 4641 11 4673 7 4692 13 4767 14 4802 6 4820 14 4840 1 4895 16 4921 5 4931 4 4947 15 4968 2 5022 18 5048 7 5059 4 5075 7 5084 5 5096 4 5150 19 5175 8 5189 2 5203 5 5225 4 5279 19 5302 10 5331 4 5353 5 5402 1 5408 18 5430 10 5481 6 5528 4 5536 19 5557 11 5610 6 5656 4 5665 18 5684 12 5740 4 5784 4 5794 29 5867 6 5913 2 5923 26 5964 2 5995 6 6052 23 6091 3 6123 6 6184 18 6218 5 6247 10 6315 15 6346 6 6374 11 6444 13 6475 7 6501 13 6573 11 6604 7 6629 13 6701 10 6734 5 6753 9 6763 7 6831 6 6863 5 6878 11 6892 6 6991 5 7005 12 7019 7 7120 2 7134 11 7146 8 7263 19 7393 17 7523 15 7656 9 7785 7,,7994 7 8121 11 8249 12 8374 17 8502 18 8630 19 8757 20 8886 18 9014 18 9142 17 9266 2 9269 18 9290 3 9392 4 9397 19 9420 1 9520 29 9644 2 9648 27 9773 2 9776 2 9780 24 9901 1 9905 1 9909 23 10037 23 10165 30 10294 27 10425 19 10554 17 10682 6 10691 7 10811 4 11068 1 11196 1,7727 3 7830 1 7851 9 7957 4 7978 11 8085 5 8106 10 8212 7 8234 10 8268 1 8340 9 8361 11 8395 5 8469 9 8489 11 8522 8 8597 10 8618 10 8650 9 8726 11 8746 9 8778 9 8856 10 8875 7 8905 11 8983 12 9004 5 9033 11 9111 13 9162 10 9239 15 9293 6 9316 4 9367 18 9421 5 9443 5 9495 20 9569 7 9623 21 9694 10 9752 21 9819 13 9881 20 9944 15 10010 19 10069 16 10140 21 10162 2 10195 17 10270 23 10323 17 10401 20 10446 2 10449 20 10531 20 10573 24 10662 19 10700 24 10796 14 10821 31 10925 13 10943 36 11054 13 11069 36 11183 12 11197 34 11313 10 11326 28 11441 10 11454 24 11569 10 11582 10 11593 3 11698 8 11710 9 11827 6 11839 8 11968 6 12097 3
gap_4077306ba29f00146e,,,,,,,4669 8 4795 13 4921 17 5049 18 5175 8 5189 7 5303 6 5319 6 5430 6 5449 5 5557 5 5578 4 5685 4 5707 4 5813 3 5836 3 5940 4 5964 4 6068 3 6092 4 6195 4 6221 3 6323 3 6349 3 6451 3 6477 4 6579 3 6606 3 6707 3 6734 3 6835 3 6862 3 6963 3 6990 3 7091 2 7118 3 7218 3 7246 3 7346 3 7375 2 7474 3 7503 2 7602 3 7631 2 7730 3 7759 2 7858 3 7886 3 7986 4 8014 3 8115 3 8141 4 8243 4 8269 3 8371 4 8396 4 8500 4 8524 3 8629 4 8651 4 8757 6 8778 4 8886 7 8904 5 9015 11 9030 7 9144 20 9274 16 9404 12 9539 1,
gap_18023af3b05c71744f,3400 16 3526 20 3654 21 3782 22 3911 22 4040 23 4169 23 4298 23 4427 23 4555 24 4685 23 4813 23 4941 24 5070 24 5198 25 5269 2 5326 25 5396 3 5454 25 5524 3 5582 26 5652 3 5710 26 5779 5 5837 28 5907 5 5965 28 6035 5 6092 29 6162 7 6220 30 6290 8 6348 30 6418 9 6476 30 6546 10 6604 30 6674 11 6732 30 6802 13 6859 31 6930 15 6987 31 7058 16 7115 31 7186 17 7242 32 7314 18 7369 33 7442 20 7497 33 7570 21 7622 36 7698 23 7744 42 7826 24 7871 43 7954 27 7999 43 8082 32 8117 2 8124 1 8127 43 8211 37 8255 43 8339 37 8383 42 8467 37 8512 41 8595 36 8641 40 8724 35 8769 40 8852 34 8898 39 8980 34 9027 37 9109 33 9155 37 9237 32 9284 35 9365 33 9412 35 9494 31 9541 34 9622 31 9669 33 9751 31 9798 32 9879 31 9926 31 10007 31 10055 30 10136 30 10183 30 10265 30 10312 28 10393 30 10440 28 10522 29 10568 27 10650 29 10696 26 10779 28 10825 24 10908 27 10953 23 11037 25 11082 22 11166 24 11211 20 11295 22 11340 17 11424 17 11469 15 11554 14 11598 13 11684 8 11727 10 11815 4,4011 13 4137 18 4263 22 4390 24 4516 27 4643 29 4770 33 4897 36 5025 37 5152 39 5280 39 5408 39 5536 39 5664 40 5792 40 5921 39 6049 38 6177 38 6306 19 6328 15 6435 18 6456 15 6563 18 6585 14 6692 17 6713 13 6820 17 6840 14 6949 16 6968 4 6974 9 7078 15 7095 4 7102 9 7207 19 7230 9 7336 18 7359 7 7465 8 7477 5 7488 5 7594 6 7605 4 7724 2 7734 3 7862 2 8633 5 8759 8 8887 9 9014 10 9142 10 9270 10 9399 9 9528 7 9657 5,,,8123 1 8125 2 8251 4 8379 4 8508 2,,2610 3 2626 6 2736 6 2753 15 2855 6 2864 6 2872 2 2881 6 2888 9 2981 9 2992 6 3000 2 3011 3 3016 9 3108 11 3121 4 3144 9 3236 10 3273 6 3369 1 3611 2 3738 3 3806 1 3865 4 3934 3 3992 4 4063 4 4119 4 4192 4 4247 3 4321 3 4374 3 4450 3 4501 3 4579 3 4629 2 4708 2 4757 1 4837 2 4966 1 6032 2 6122 1 6160 2 6250 2 6287 3 6378 3 6415 3 6506 3 6543 3 6634 3 6671 3 6762 3 6799 3 6890 3 6927 2 7018 3 7055 2 7146 3 7183 2 7274 3 7311 2 7402 3 7439 2 7530 2 7568 1 7696 1 8978 1 9065 1 9106 2 9192 3 9234 3 9320 2 9362 3 9447 3 9491 3 9575 3 9619 3 9703 2 9748 2 9790 3 9830 3 9876 3 9917 7 9958 2 10005 2 10042 12 10086 2 10133 2 10169 13 10213 2 10262 2 10296 14 10341 2 10390 2 10425 13 10469 1 10519 1 10553 13 10682 12 10810 12 10938 12 11066 12 11194 12 11324 7 11453 9 11578 13 11706 12 11834 12 11964 7 11989 6 12069 8 12094 4 12115 8 12196 10 12223 3 12243 6 12326 7 12351 2 12456 3,11975 2 12082 9 12099 12 12209 12 12226 14 12337 13 12354 15 12464 14 12482 15 12592 13 12610 14 12721 5 12741 4
gap_5331fbe93846083209,,6846 4 6973 6 6982 3 7101 14 7229 14 7357 15 7486 14 7616 1 7619 8 7748 7 7877 6 8007 2 8136 1,6037 1 6292 1,8225 4 8352 6 8360 2 8480 6 8487 3 8607 12 8735 12 8863 12 8918 4 8992 11 9046 6 9118 1 9120 11 9174 7 9247 12 9304 3 9376 8 9504 7 9634 4,4525 6 4648 12 4673 4 4777 9 4799 18 4923 14 4938 13 5049 15 5067 13 5177 4 5183 7 5195 18 5288 9 5312 5 5322 20 5410 17 5441 5 5450 21 5534 21 5569 5 5577 22 5604 1 5660 23 5698 1 5705 22 5729 5 5787 29 5822 5 5832 21 5856 7 5911 31 5943 1 5949 7 5960 18 5985 7 6038 17 6057 12 6078 6 6089 16 6114 7 6165 17 6192 5 6217 15 6242 7 6293 17 6320 2 6346 13 6371 6 6420 15 6437 3 6447 2 6474 13 6502 3 6506 1 6548 13 6603 12 6631 5 6676 12 6709 3 6731 8 6742 2 6751 5 6758 6 6804 13 6836 5 6845 1 6861 1 6870 3 6875 1 6878 14 6933 12 6964 5 6998 1 7002 3 7006 13 7061 12 7092 4 7134 13 7189 16 7263 12 7317 16 7393 10 7445 16 7522 9 7570 19 7653 7 7698 18 7782 6 7826 18 7910 6 7953 19 8026 3 8037 6 8081 20 8152 6 8164 7 8210 8 8220 5 8281 5 8292 7 8338 8 8350 2 8419 8 8466 11 8478 2 8547 7 8594 13 8674 8 8723 12 8802 7 8851 5 8858 5 8929 6 8981 2 8986 5 9052 11 9114 4 9181 9 9307 9 9434 9,,7997 5 8123 10 8250 12 8378 13 8505 15 8633 15 8760 16 8888 16 9016 17 9144 17 9272 17 9400 17 9528 17 9656 3 9660 14 9779 3 9784 11 9797 9 9907 16 9924 13 10036 25 10165 22 10295 3 10300 14 10429 5 10438 4 10558 3 10687 2 11198 2 11325 3 11453 3 11581 2,7731 1 7857 5 7883 4 7984 8 8009 6 8111 9 8137 7 8239 9 8265 8 8367 9 8393 9 8495 8 8521 9 8622 9 8649 10 8750 9 8778 9 8877 9 8906 12 9005 9 9034 12 9133 9 9163 10 9260 10 9291 10 9388 9 9419 9 9517 7 9548 8 9647 1 9676 7 9806 3 10285 2 10407 11 10449 3 10535 13 10552 4 10572 12 10662 23 10691 2 10699 13 10791 22 10817 23 10919 23 10945 23 11048 21 11073 23 11175 21 11201 23 11303 20 11329 23 11432 19 11457 23 11560 19 11585 23 11689 18 11713 22 11817 18 11841 22 11947 16 11970 19 12082 8 12099 10 12231 1
gap_bb45dcc71c02074426,6099 4 6229 3 6313 3 6359 2 6439 5 6490 1 6566 5 6619 2 6693 5 6749 1 6820 5 6877 1 6948 4 7075 4 7135 1 7203 3 7330 3 7392 1 7458 3 7586 3 7713 3 7841 3 7969 3 8097 2 8225 2 8353 1 9507 1 9636 1 9765 1 9894 1 9951 1 10023 1 10077 2 10151 2 10203 4 10281 2 10298 1 10329 4 10411 2 10424 3 10445 3 10455 5 10541 13 10573 14 10671 10 10702 11 10801 6 10833 5,8255 3 8260 3 8382 5 8389 3 8510 5 8638 6 8766 5 8895 4 9024 1,5568 2 5691 14 5711 1 5816 24 5941 28 6069 28 6196 32 6324 34 6451 37 6578 40 6707 41 6835 42 6964 42 7083 4 7093 41 7209 7 7223 40 7336 9 7352 40 7464 9 7487 33 7591 9 7616 33 7719 8 7744 33 7848 7 7873 32 7976 7 8002 32 8104 7 8131 31 8233 6 8263 27 8362 5 8392 26 8485 4 8491 5 8519 28 8612 6 8621 4 8649 26 8740 8 8751 8 8778 25 8868 21 8906 24 8996 22 9034 24 9125 20 9163 23 9253 20 9291 23 9381 20 9419 22 9510 19 9547 22 9639 18 9675 21 9767 17 9803 20 9896 16 9932 18 10025 14 10061 15 10155 11 10190 12 10284 9 10319 9,,6705 2 6833 2 6957 5 7087 2 7092 1 7216 2 7219 4 7345 7 7473 8 7600 9 7727 11 7855 12 7983 12 8111 12 8239 12 8367 12 8496 11 8625 9 8759 3 8889 1,,5452 4 5581 6 5715 1 5812 2 5976 1 6056 3 6105 2 6183 2 6234 2 6819 1 8804 1 8932 1 9025 3 9060 1 9153 6 9280 8 9407 10 9535 10 9663 10 9791 10 9920 8 10048 8 10177 6 10306 4 10433 6 10560 7 10588 1 10667 2 10683 1 10689 6 10699 2 10714 2 10797 1 10818 4 10947 2 11075 1 11203 1,7536 4 7664 2 7667 2 7792 2 7795 2 7920 4 8045 1 8049 2 8719 1 8846 3 8973 1 8976 1 9101 4 9230 3 10685 2 10811 6 10823 4 10935 11 10950 7 11062 12 11077 13 11190 12 11205 14 11319 11 11333 13 11449 7 11462 11
gap_ec31a3bdadf8b12e7b,3788 8 3899 4 3912 15 4004 13 4024 33 4131 15 4152 35 4257 16 4282 35 4384 14 4412 35 4510 14 4541 36 4636 13 4672 34 4762 14 4802 34 4888 14 4932 33 5014 15 5062 32 5141 14 5191 31 5268 13 5320 31 5395 13 5449 31 5522 13 5578 31 5650 11 5707 31 5777 12 5836 30 5905 11 5964 31 6032 11 6093 30 6160 11 6221 30 6287 11 6349 31 6415 11 6477 32 6543 11 6605 32 6671 11 6733 33 6799 11 6861 33 6927 11 6989 33 7054 12 7117 34 7182 12 7244 35 7310 13 7372 35 7438 13 7500 35 7566 13 7627 36 7694 13 7755 36 7822 13 7883 36 7951 13 8010 37 8079 13 8137 38 8208 13 8264 39 8336 14 8391 40 8465 14 8517 42 8593 15 8645 42 8721 17 8772 43 8849 18 8900 42 8977 20 9028 42 9105 22 9156 42 9233 24 9284 41 9362 28 9413 40 9490 29 9542 39 9618 30 9671 38 9747 30 9799 37 9875 31 9927 37 10004 30 10055 37 10132 31 10183 37 10261 31 10311 36 10389 32 10439 36 10518 32 10568 34 10647 32 10696 34 10776 31 10824 33 10904 31 10953 32 11033 30 11081 31 11162 28 11210 29 11291 27 11339 27 11420 25 11467 26 11550 22 11596 24 11679 20 11725 22 11809 16 11855 18 11940 10 11985 15 12115 10 12246 5,4400 9 4525 15 4651 19 4777 23 4903 27 5029 31 5156 34 5282 37 5409 40 5535 43 5662 45 5789 46 5916 48 6043 50 6171 50 6298 51 6426 51 6554 51 6682 51 6810 51 6938 51 7066 51 7194 50 7323 49 7451 48 7579 48 7707 48 7836 46 7964 45 8093 43 8222 41 8351 32 8480 30 8609 29 8739 26 8868 24 8999 10 9130 5 9142 1 9267 6 9395 6 9522 8 9649 9 9661 1 9777 10 9788 1 9906 10 10034 7 10042 1 10163 6 10292 3,,,9025 1,,3269 10 3373 8 3383 10 3396 15 3499 10 3510 11 3523 18 3623 27 3651 14 3670 1 3751 13 3766 12 3780 5 3800 3 3886 4 3928 4 4058 2 4126 3 4189 3 4254 2 4318 4 4380 2 4447 4 4506 3 4577 3 4633 2 4707 2 4836 1 5393 2 5520 2 5647 3 5738 1 5774 3 5866 2 5902 2 5995 2 6030 2 6123 3 6251 3 6380 2 6509 2 6637 1 6669 2 6797 2 6924 3 7052 2 7181 1 7279 2 7407 2 7535 3 7663 3 7791 3 7920 1 8048 1 8207 1 8334 2 8462 3 8591 2 8719 2 8847 2 9070 1 9198 1 9325 2 9453 2 9581 2 9662 7 9709 2 9789 9 9837 1 9916 10 9965 1 10043 11 10131 1 10170 12 10259 2 10298 12 10387 2 10426 12 10515 3 10554 12 10644 2 10682 11 10773 2 10809 12 10902 1 10937 13 11031 1 11064 16 11191 17 11240 1 11319 17 11367 2 11449 15 11494 2 11577 17 11621 3 11704 15 11720 2 11748 3 11829 1 11832 14 11848 4 11875 3 11955 3 11960 2 11965 7 11975 7 12002 3 12075 6 12082 7 12094 4 12103 9 12129 2 12197 12 12211 5 12222 4 12237 4 12326 9 12350 3 12367 3 12479 2 12607 2,12100 1 12216 5 12227 5 12343 7 12354 10 12465 13 12482 12 12592 14 12610 13 12721 13 12738 14 12869 8
gap_c5b7f36ad044ebc93b,,,,,,,7998 5 8125 7 8252 9 8379 11 8507 12 8635 12 8763 11 8892 9 9018 2 9021 13 9144 18 9271 19 9393 2 9399 17 9421 2 9520 5 9530 14 9549 1 9650 2 9656 1 9660 2 9663 7 9674 3 9779 1 9790 5 9919 2 10048 1 10176 1,7214 3 7341 4 7469 2 7507 2 7596 4 7635 3 7723 4 7763 3 7784 2 7851 4 7891 4 7911 3 7955 1 7979 3 8019 4 8106 3 8148 3 8169 4 8235 2 8276 4 8296 7 8337 3 8363 1 8404 4 8423 10 8463 7 8477 1 8489 1 8533 3 8550 11 8590 9 8604 4 8618 1 8661 4 8677 13 8717 12 8732 5 8744 1 8791 2 8805 13 8844 13 8860 5 8871 1 8918 4 8933 13 8971 15 8989 5 8999 2 9046 4 9051 2 9060 14 9099 15 9118 4 9126 3 9175 3 9179 4 9188 14 9226 17 9246 5 9255 2 9304 2 9307 4 9316 14 9354 17 9374 3 9378 1 9381 1 9383 2 9432 8 9444 13 9481 18 9502 3 9506 6 9561 7 9571 14 9609 17 9630 10 9690 22 9738 9 9749 18 9782 5 9799 1 9818 22 9866 9 9877 8 9890 5 9909 8 9925 11 9947 5 9953 14 9995 7 10005 6 10018 2 10033 13 10051 13 10084 10 10123 12 10161 14 10179 13 10253 8 10289 14 10307 13 10382 5 10421 10 10435 12 10550 9 10563 7 10679 7 10692 6 10808 4 10820 5 10899 4 10984 3 11025 7 11111 6 11153 7 11238 7 11282 6 11366 6 11412 4 11494 5 11542 1 11622 3
gap_ce1a35d32a9ea95bda,,7751 4 7878 6 7993 2 7999 6 8006 7 8120 3 8127 13 8255 13 8383 6 8391 4 8511 6 8520 2 8640 4,,7893 5 8020 8 8106 3 8148 10 8233 5 8276 11 8361 5 8368 1 8404 11 8488 6 8496 1 8531 13 8616 6 8658 15 8743 7 8787 3 8792 10 8870 7 8920 10 8998 7 9009 3 9048 11 9126 7 9135 5 9170 1 9176 11 9254 6 9262 6 9297 3 9306 10 9382 6 9389 7 9425 4 9435 9 9511 12 9552 6 9564 8 9639 12 9680 9 9692 8 9767 10 9809 19 9896 8 9937 18 10024 6 10066 17 10152 5 10195 15 10325 12 10455 9,3142 7 3269 9 3397 10 3511 4 3525 10 3639 6 3653 10 3767 7 3781 10 3896 9 3910 8 4025 6 4039 6 4168 5 4402 3 4528 7 4655 9 4782 11 4909 12 5037 12 5164 7 5173 4 5292 5 5420 5 5548 6 5675 8 5701 3 5803 9 5827 6 5932 8 5942 2 5954 8 6060 8 6069 4 6082 9 6171 4 6188 13 6209 12 6298 7 6316 7 6324 6 6337 14 6425 8 6446 2 6452 7 6465 8 6474 7 6553 9 6580 7 6593 16 6681 9 6708 6 6722 17 6758 5 6809 9 6829 4 6837 5 6852 15 6885 10 6937 9 6956 2 6959 1 6966 3 6975 2 6980 16 7013 10 7064 10 7083 1 7109 15 7141 10 7192 10 7239 6 7247 5 7269 10 7320 11 7398 9 7448 11 7527 8 7576 10 7655 7 7704 10 7783 7 7832 11 7911 7 7960 12 8040 5 8088 12 8169 3 8216 12 8241 2 8344 12 8369 2 8473 11 8595 1 8601 10 8723 1 8731 7 8851 2 8859 6 8981 1 8988 4 9116 3 9245 2,,8901 2 9025 6 9150 10 9273 16 9401 16 9528 17 9656 18 9784 17 9914 15 10045 12 10173 12 10301 12 10429 3 10433 7 10556 12 10679 17 10812 14 10940 14 10956 1 11069 4 11074 7 11205 3 11585 2 11712 3 11840 4 11968 4 12097 2,9420 1 9526 1 9547 3 9653 2 9675 3 9777 1 9781 2 9803 4 9909 2 9931 4 10037 4 10059 4 10165 5 10187 4 10294 4 10316 2 10421 3 10549 2 10677 1 10704 1 10959 2 10963 1 11059 2 11065 2 11085 8 11180 1 11187 9 11210 15 11306 7 11314 17 11337 16 11434 47 11561 24 11588 21 11690 22 11717 20 11818 21 11845 19 11947 20 11973 18 12076 19 12101 16 12206 16 12230 13 12337 12 12359 3
gap_e078773414c87eeeda,4700 3 4827 6 4956 7 5084 8 5214 7 5343 7 5473 5 5603 4 5733 2 6298 1 6425 3 6552 4 6680 4 6807 5 6935 5 7062 5 7190 4 7275 1 7318 3 7403 1 7531 2 7620 1 7659 2 7747 7 7876 8 8004 9 8133 9 8261 9 8390 9 8518 9 8647 8 8775 8 8903 9 8941 1 9032 8 9069 1 9160 9 9197 1 9288 9 9417 8 9545 9 9673 10 9802 10 9930 11 10058 12 10186 13 10314 15 10345 2 10414 2 10443 15 10472 3 10525 2 10538 6 10571 17 10596 6 10654 3 10662 9 10699 31 10783 15 10827 30 10912 13 10956 28 11042 9 11084 27 11213 24 11342 22 11470 21 11599 18 11729 14 11858 11 11987 9 12118 3,7238 5 7366 4 7494 3 7996 7 8123 9 8251 10 8378 11 8506 11 8635 10 8763 10 8891 9 9020 7 9151 1,4558 2 4561 1 4668 10 4682 8 4795 24 4922 26 5050 26 5179 25 5307 27 5435 28 5564 24 5590 4 5596 7 5691 24 5718 15 5818 24 5845 17 5945 25 5972 19 6073 25 6100 20 6201 48 6329 48 6459 15 6475 30 6589 44 6723 39 6852 38 6980 38 7109 8 7118 28 7246 28 7374 28 7503 28 7631 28 7758 30 7886 31 8014 31 8143 30 8271 30 8399 30 8528 29 8601 3 8656 29 8728 12 8784 29 8856 14 8912 29 8984 16 9041 28 9112 17 9169 27 9240 18 9297 27 9369 18 9426 26 9497 19 9555 25 9626 18 9684 24 9755 18 9812 23 9883 18 9941 22 10012 16 10071 20 10141 14 10200 18 10270 11 10329 16 10400 8 10459 12 10589 7,,5558 3 5686 5 5813 5 5938 1 5940 5 6066 7 6187 1 6194 7 6310 8 6322 7 6437 10 6451 8 6565 11 6579 10 6694 21 6822 19 6950 17 7077 19 7099 2 7203 28 7331 28 7459 28 7587 28 7715 22 7739 2 7844 21 7869 1 7972 21 8100 20 8229 19 8359 16 8488 15 8617 14 8745 14 8870 17 9000 16 9129 15 9258 7 9266 6 9387 5 9395 3 9516 4 9524 1 9644 3 9652 1 9773 1 9780 2 9908 1 10036 1,,3925 3 4016 2 4054 6 4139 6 4184 6 4265 4 4314 5 4391 5 4443 5 4517 4 4573 4 4644 4 4771 3 4896 5 5023 3 5150 3 5278 1 5865 1 5993 2 6121 2 6249 3 6377 3 6422 1 6506 2 6549 2 6634 2 6677 2 6804 3 6932 2 7060 2 7188 2 7316 1 7662 1 7790 2 7918 2 8046 2 8174 2 8210 1 8302 2 8337 2 8430 2 8465 2 8559 1 8593 2 8687 1 8721 2 8815 1 8849 2 8978 1 9407 5 9533 9 9660 11 9787 13 9915 13 10043 14 10170 15 10298 15 10426 15 10554 16 10681 17 10774 2 10809 16 10858 1 10903 2 10938 14 10984 2 11031 3 11067 13 11111 3 11160 3 11196 12 11238 3 11289 2 11323 13 11365 3 11451 13 11492 3 11579 13 11619 2 11710 5 11718 2 11839 3 11967 3 12077 1 12095 3 12114 2 12202 4 12223 3 12242 4 12330 3 12350 4 12371 3 12479 3,11059 2 11187 2 11315 2 11443 4 11570 6 11698 7 11722 3 11825 9 11849 5 11954 12 11971 12 12082 13 12099 12 12209 13 12227 13 12336 14 12355 14 12463 14 12484 14 12590 15 12613 15 12717 15 12742 15 12846 11 12874 10 12976 6
gap_df27c2d8c943369c5a,,5846 2 5972 5 6099 5 6186 2 6189 2 6227 5 6313 7 6355 4 6442 6 6483 2 6571 4,,,9275 1 9403 2 9531 3 9659 4 9788 1,6207 3 6333 8 6460 11 6587 12 6715 13 6842 15 6969 16 7097 16 7225 17 7353 17 7481 17 7609 17 7737 16 7866 15 7995 13 8123 13 8252 11 8381 8,,5831 2 5957 7 6046 4 6073 4 6082 11 6109 3 6173 6 6199 6 6211 10 6236 7 6301 6 6326 6 6342 8 6363 9 6429 8 6453 6 6471 8 6491 10 6558 8 6581 6 6600 6 6619 9 6686 9 6707 6 6729 6 6747 9 6814 9 6834 7 6857 5 6874 10 6888 6 6941 10 6962 6 6986 4 7002 3 7008 16 7069 10 7092 3 7116 1 7134 9 7144 3 7149 4 7199 9 7261 21 7319 2 7328 1 7333 3 7388 23 7444 14 7462 2 7514 25 7569 18 7641 26 7697 19 7769 26 7824 2 7827 18 7897 25 7951 24 7980 1 8024 26 8079 25 8107 2 8152 13 8168 10 8207 25 8235 2 8277 1 8279 12 8297 8 8336 24 8363 2 8404 14 8423 2 8426 6 8464 25 8490 4 8532 12 8548 5 8555 4 8592 12 8607 15 8660 12 8676 6 8684 1 8720 9 8739 10 8788 11 8805 2 8812 2 8848 8 8867 10 8916 10 8939 3 8977 7 8996 9 9045 8 9065 5 9107 4 9124 9 9173 8 9191 7 9253 8 9301 8 9319 6 9368 2 9381 8 9429 8 9446 7 9495 6 9509 7 9557 8 9570 10 9622 8 9637 7 9686 6 9698 11 9750 9 9765 7 9814 6 9825 11 9879 9 9893 7 9942 6 9953 11 10008 8 10021 7 10071 3 10078 14 10137 8 10149 7 10205 14 10266 7 10279 4 10332 14 10396 6 10459 14 10525 7 10580 20 10654 9 10706 20 10784 10 10830 22 10913 13 10927 3 10956 22 11042 22 11083 22 11171 23 11211 20 11300 22 11339 16 11430 20 11468 12 11564 13 11599 3 11694 9
gap_f2dc3c5540177b89f8,,5180 1 5306 4 5431 1 5433 5 5558 1 5560 7 5685 2 5688 7 5812 3 5816 8 5939 4 5944 9 6066 5 6072 12 6194 18 6321 20 6449 20 6577 20 6704 22 6832 23 6959 24 7087 24 7215 24 7343 24 7471 16 7489 7 7598 12 7730 4,,6821 3 6949 3 7077 4 7206 3 7334 3 7462 3 7590 4 7720 2 7849 1 9437 1 9559 8 9686 9 9815 2 9819 3 9948 1,3381 2 3508 4 3616 4 3627 6 3637 2 3742 6 3754 7 3784 1 3868 7 3881 7 3911 2 3919 11 3995 8 4009 6 4047 12 4123 7 4175 13 4250 8 4305 12 4377 8 4434 11 4503 10 4523 1 4566 1 4570 3 4630 10 4699 8 4758 9 4790 1 4827 9 4886 5 4916 7 4954 11 5013 5 5040 14 5080 13 5140 5 5167 11 5181 2 5206 15 5267 6 5293 11 5310 3 5333 16 5393 8 5421 10 5438 4 5460 18 5520 9 5548 10 5567 4 5588 19 5648 9 5675 10 5695 4 5717 3 5723 15 5775 11 5802 10 5824 4 5851 16 5902 19 5930 9 5953 3 5975 20 6030 21 6058 8 6103 21 6158 21 6185 9 6230 22 6287 21 6314 7 6357 23 6415 22 6442 7 6485 23 6544 22 6570 7 6613 22 6673 4 6680 5 6688 8 6698 6 6741 22 6803 2 6806 7 6817 4 6827 5 6869 21 6931 10 6946 3 6952 1 6955 4 6998 20 7058 12 7075 2 7081 1 7083 4 7126 20 7186 12 7204 2 7209 6 7255 19 7314 12 7332 2 7337 2 7340 3 7385 18 7443 11 7460 2 7465 2 7469 2 7516 15 7571 11 7589 1 7594 1 7645 14 7700 10 7717 3 7775 12 7829 9 7846 3 7903 11 7959 6 8033 8 8087 5 8162 6,,7740 1 7742 5 7865 11 7991 15 8118 17 8246 17 8374 18 8502 18 8630 18 8758 18 8885 19 9014 18 9144 16 9272 15 9400 14 9528 9 9538 4 9656 15 9675 2 9784 15 9805 1 9911 16 10039 14 10168 12 10297 9 10429 4 10558 2 10687 1 10814 3 10942 3 11069 4 11197 4 11326 3 11454 2 11583 1,7727 3 7882 1 8010 4 8113 3 8138 5 8239 6 8265 7 8366 7 8393 7 8493 8 8521 8 8621 8 8649 8 8748 9 8777 9 8875 9 8905 9 9003 9 9033 9 9131 10 9161 9 9259 9 9290 8 9387 9 9419 5 9515 8 9644 7 9812 3 9817 2 9939 9 10063 4 10068 8 10188 7 10199 4 10285 3 10311 12 10412 11 10435 17 10540 13 10562 18 10668 16 10690 19 10795 18 10818 19 10922 19 10946 19 11050 19 11074 19 11178 18 11202 17 11307 18 11330 16 11436 17 11458 15 11565 16 11586 13 11694 15 11714 10 11823 13 11844 5 11956 7 12086 4
gap_e80b20444333fc5207,,6848 2 6975 5 7103 10 7225 2 7231 10 7352 4 7359 10 7480 4 7487 10 7607 5 7614 11 7736 3 7742 11 7862 1 7871 10 8001 8 8133 2,,,4781 8 4810 9 4905 11 4944 7 5052 2 5077 4 5154 5 5179 4 5205 7 5280 8 5307 4 5333 8 5407 9 5436 3 5463 7 5471 2 5533 11 5566 1 5592 6 5599 4 5660 10 5685 1 5694 1 5720 6 5727 5 5788 10 5822 1 5848 6 5855 6 5916 9 5976 6 5983 8 6043 10 6069 6 6105 15 6171 8 6195 10 6232 3 6237 12 6299 7 6322 11 6360 3 6366 10 6426 7 6449 12 6495 8 6553 8 6575 13 6623 7 6680 13 6702 8 6711 5 6744 5 6751 5 6808 13 6830 7 6841 2 6859 4 6871 7 6880 4 6935 14 6959 6 6969 2 6987 4 6998 8 7009 8 7063 14 7078 4 7087 5 7097 1 7115 4 7127 6 7138 8 7192 19 7255 6 7267 7 7320 19 7383 6 7396 6 7448 21 7510 7 7524 6 7574 24 7637 7 7651 7 7699 26 7765 6 7778 10 7826 26 7893 5 7906 10 7954 26 8021 5 8031 13 8082 25 8150 4 8157 15 8210 24 8279 3 8283 12 8299 1 8338 23 8409 12 8467 2 8470 17 8537 11 8595 1 8599 8 8608 7 8667 8 8728 5 8736 6 8797 5 8858 1 8867 2,,8124 3 8250 11 8377 14 8504 16 8632 16 8759 18 8887 18 9014 19 9142 20 9270 20 9397 22 9524 23 9652 1 9655 22 9783 3 9787 21 9902 1 9910 4 9916 8 9925 8 9935 3 10035 2 10038 13 10053 8 10163 1 10166 13 10180 9 10294 12 10307 9 10424 1 10427 8 10437 5 10556 7 10685 5 10814 3 10942 3 11070 3 11198 3 11326 3 11455 2,7600 5 7725 9 7757 5 7853 9 7883 10 7980 11 8010 11 8107 12 8138 12 8234 13 8266 13 8362 12 8394 13 8490 12 8522 14 8618 11 8651 13 8745 12 8779 13 8874 11 8907 13 9002 10 9036 12 9131 8 9165 10 9190 1 9261 5 9294 8 9315 4 9391 2 9424 3 9442 4 9568 5 9694 6 9820 7 9887 1 9947 7 10015 3 10073 8 10144 2 10201 7 10273 3 10328 7 10403 2 10412 3 10456 6 10538 11 10577 2 10583 5 10663 19 10693 1 10704 4 10710 5 10790 22 10819 22 10919 22 10946 22 11047 22 11074 22 11176 21 11202 21 11304 21 11330 21 11434 19 11458 20 11563 18 11585 20 11692 17 11713 18 11821 16 11841 17 11953 11 11970 13 12084 7 12099 8
gap_331130100333bdab5e,,6845 3 6973 5 6983 4 7101 6 7111 5 7229 6 7239 5 7358 4 7367 5 7495 4 7624 3,,,3902 11 4026 17 4149 26 4274 33 4400 37 4527 40 4655 43 4783 46 4910 47 5038 48 5167 18 5188 25 5294 19 5317 2 5320 22 5421 22 5444 2 5448 23 5549 25 5576 25 5669 5 5676 26 5704 26 5795 35 5833 26 5922 36 5965 22 6050 37 6093 23 6177 41 6221 6 6228 16 6305 29 6336 11 6349 4 6356 17 6433 27 6465 13 6485 17 6560 27 6599 6 6613 18 6688 26 6728 5 6741 18 6815 23 6856 5 6870 17 6943 22 6987 1 6999 16 7071 23 7127 16 7200 22 7256 15 7329 21 7386 13 7457 21 7515 12 7586 19 7644 11 7717 12 7773 9 7847 9 7903 6 7976 9 8033 2 8104 11 8116 1 8233 10 8244 1 8361 12 8490 9 8618 8 8749 4,,7619 5 7746 10 7873 12 8000 14 8128 14 8256 12 8269 2 8383 16 8511 16 8640 15 8768 14 8898 11 9027 10 9155 8 9281 2 9284 11 9407 17 9431 1 9535 18 9558 2 9662 19 9790 19 9918 18 10050 10 10061 2 10179 6 10310 3 10438 3 10566 3 10694 3 10822 3 10950 3 11078 3 11207 1 11335 1,7249 3 7376 5 7481 1 7503 7 7608 3 7631 8 7735 5 7760 7 7840 1 7862 7 7888 7 7968 2 7989 7 8016 8 8096 3 8117 7 8144 8 8225 3 8245 6 8272 8 8354 3 8373 5 8401 7 8483 3 8501 5 8529 7 8612 4 8629 4 8657 6 8741 4 8785 4 8805 2 8870 4 8913 1 8933 3 8998 6 9059 4 9127 7 9186 5 9257 6 9312 5 9386 6 9439 6 9514 7 9566 6 9643 7 9693 7 9772 7 9820 7 9901 6 9944 1 9948 6 10030 6 10067 6 10075 6 10159 6 10194 7 10203 5 10289 4 10305 1 10315 2 10321 9 10331 4 10418 2 10424 6 10432 4 10442 4 10448 14 10549 16 10570 4 10576 13 10676 17 10698 17 10804 17 10826 17 10933 16 10954 16 11061 16 11082 16 11189 16 11210 15 11318 15 11337 15 11448 12 11465 13 11577 11 11594 10 11706 9 11722 9 11836 5 11852 4
gap_18f8632bc530d5392c,6064 4 6092 7 6191 6 6220 9 6317 9 6348 10 6444 11 6476 11 6571 13 6604 12 6699 13 6732 13 6826 14 6860 13 6953 15 6988 14 7081 16 7116 15 7208 17 7244 16 7336 17 7372 16 7463 18 7490 3 7499 18 7591 19 7617 5 7626 20 7718 20 7745 6 7753 21 7846 20 7873 6 7880 23 7973 22 8002 29 8101 22 8131 28 8228 23 8261 26 8356 23 8388 27 8484 23 8516 27 8612 24 8643 28 8739 26 8771 28 8868 26 8899 28 8996 26 9028 28 9124 26 9158 26 9252 25 9286 25 9380 25 9415 24 9508 25 9543 24 9636 24 9672 23 9764 24 9801 21 9893 22 9930 20 10021 21 10058 19 10149 21 10187 17 10278 19 10316 15 10406 19 10445 13 10535 17 10574 11 10664 15 10703 9 10793 12 10833 5 10922 10 11052 7 11183 2,6203 5 6330 6 6457 7 6467 4 6585 8 6594 6 6714 7 6722 7 6731 1 6845 3 6850 10 6973 2 6979 9 7100 3 7107 9 7227 4 7236 7 7355 4 7366 4 7483 4 15410 1 15416 1 15540 1 15544 1 15673 1 15676 1 15688 1,,,8129 2 8256 5 8384 4 8512 4 8640 3,,5178 11 5303 4 5312 1 5317 4 5430 3 5436 8 5447 4 5555 6 5563 17 5680 33 5807 35 5934 3 5941 4 5954 2 5960 2 6061 3 6230 1 6359 1 6488 1 6616 2 6745 2 6824 1 6874 2 6951 2 7003 2 7078 2 7131 2 7205 3 7260 2 7333 2 7389 1 7461 2 7589 1 7716 1 7844 1 8160 1 8288 1 8415 3 8544 2 8610 1 8672 2 8737 2 8800 1 8865 2 8993 2 9121 2 9153 4 9249 2 9279 6 9378 1 9406 8 9534 8 9662 9 9790 9 9917 10 10046 11 10078 2 10174 11 10205 3 10303 6 10332 3 10404 1 10430 7 10438 1 10460 3 10532 2 10557 11 10587 3 10660 3 10684 12 10699 3 10788 3 10808 2 10812 12 10825 1 10828 3 10917 4 10934 3 10938 3 10942 10 10953 8 11047 2 11060 9 11072 5 11081 11 11187 10 11201 4 11210 11 11314 9 11329 3 11440 1 11443 3 11448 1 11458 1 11714 1 11842 2 11970 2 15539 1 15804 3 15810 5 15924 1,9961 3 10005 5 10088 5 10133 5 10215 6 10261 5 10343 4 10390 5 10471 1 10521 2 10598 1 10650 1 10726 1 10778 2 10853 2 10907 2 10981 1 11035 3 11107 2 11165 2 11205 4 11234 2 11294 3 11323 6 11333 7 11359 4 11423 4 11449 8 11460 10 11485 4 11553 3 11576 9 11588 11 11611 3 11683 2 11703 11 11716 11 11737 4 11813 2 11831 10 11845 10 11864 3 11941 3 11959 10 11974 8 11991 3 12070 3 12088 8 12104 5 12118 3 12199 3 12218 5 12327 3 15415 1 15541 3 15668 5 15674 1 15689 1 15692 2 15796 8 15815 7 15925 4 15945 4 16053 5 16072 4 16181 2
gap_28600760b8e17c8bbb,,6354 1 6571 2 6611 4 6737 6 6823 3 6865 8 6950 6 6992 8 7078 7 7120 7 7205 8 7249 4 7334 7 7465 1 7592 4,,,5697 2 5819 11 5947 12 6073 15 6200 2 6327 2 6345 1 6473 2 6602 1 9784 2 9913 2 9917 2 10041 9 10169 10 10297 10 10429 6 10558 4 10686 5 10814 8 10942 9 11070 9 11199 1 11203 4 11329 7 11457 6 11584 4,6202 14 6329 16 6455 18 6582 20 6709 22 6837 22 6964 24 7091 25 7219 25 7347 26 7474 27 7602 27 7729 28 7857 28 7985 28 8113 28 8242 27 8370 27 8498 26 8627 25 8756 4 8762 1 8764 15 8892 15 9020 14 9149 13 9278 10 9407 7,12223 3 12351 4 12479 4,6365 5 6491 7 6618 9 6685 3 6745 10 6811 7 6873 10 6939 8 7000 11 7066 10 7127 11 7194 11 7253 11 7322 12 7385 4 7401 4 7452 10 7513 4 7528 7 7581 8 7633 14 7655 9 7712 1 7716 11 7759 17 7782 10 7843 13 7887 17 7910 11 7968 15 8015 18 8038 11 8079 6 8095 16 8143 18 8163 1 8166 12 8206 8 8222 17 8271 18 8291 15 8333 9 8349 17 8400 18 8419 15 8461 8 8476 18 8528 18 8547 15 8589 8 8603 19 8656 34 8716 9 8731 19 8784 34 8844 9 8858 20 8912 27 8940 6 8972 9 8986 20 9040 27 9068 6 9100 10 9112 1 9114 19 9169 25 9197 5 9228 33 9297 25 9325 5 9356 33 9425 24 9453 5 9484 4 9491 26 9553 15 9570 6 9581 5 9612 4 9620 25 9681 15 9698 5 9709 6 9740 4 9749 24 9809 1 9811 13 9827 1 9836 7 9868 4 9878 7 9886 13 9900 1 9937 1 9939 12 9961 11 9996 5 10006 5 10015 12 10028 1 10065 12 10087 13 10123 6 10143 12 10156 1 10193 11 10215 13 10251 8 10272 10 10284 1 10321 10 10343 14 10379 11 10401 13 10448 9 10471 14 10506 13 10530 12 10576 5 10596 16 10634 14 10660 10 10705 2 10721 19 10763 13 10791 7 10846 22 10891 19 10922 4 10972 23 11019 21 11052 2 11097 24 11149 21 11223 24 11278 23 11349 24 11408 23 11476 23 11538 24 11603 22 11667 25 11728 23 11797 25 11853 24 11926 27 11981 21 12057 25 12108 16 12188 23 12236 14 12319 22 12364 10 12451 19 12491 9 12585 14 12619 6 12724 2
gap_044d32185c61a499b9,4680 10 4802 20 4918 6 4930 21 5039 13 5058 23 5163 17 5187 23 5290 18 5317 23 5416 19 5448 21 5543 20 5578 20 5670 20 5708 19 5797 20 5837 19 5924 20 5965 20 6051 20 6094 19 6178 21 6222 20 6305 22 6350 21 6433 21 6478 21 6560 22 6606 21 6688 22 6734 22 6816 22 6861 23 6943 23 6989 24 7071 23 7117 24 7199 23 7246 23 7327 23 7374 1 7376 22 7455 23 7505 21 7582 24 7634 20 7710 24 7761 21 7837 26 7889 21 7965 26 8017 22 8093 26 8145 22 8221 21 8244 2 8274 21 8348 22 8391 7 8402 21 8476 21 8518 9 8530 21 8604 21 8646 11 8658 21 8732 19 8775 32 8860 19 8890 4 8900 35 8988 19 9016 6 9026 37 9116 19 9146 2 9153 38 9244 19 9281 38 9373 18 9409 38 9501 19 9537 38 9630 18 9666 37 9758 20 9796 34 9887 19 9926 32 10015 19 10055 31 10143 19 10183 30 10271 20 10312 29 10400 20 10440 28 10528 21 10569 27 10656 23 10697 26 10784 25 10826 25 10912 25 10954 24 11041 24 11083 22 11169 24 11212 21 11298 22 11341 18 11426 22 11471 15 11555 20 11600 13 11684 18 11730 9 11813 16 11861 4 11943 12 12074 8,5573 4 5699 8 5818 3 5826 10 5945 6 5953 12 6072 22 6199 23 6327 23 6454 24 6582 23 6710 23 6838 22 6966 21 7094 13 7110 6 7223 12 7239 6 7351 13 7367 6 7479 13 7495 7 7503 1 7607 13 7622 8 7631 2 7736 7 7746 1 7750 10 7865 5 7878 9 7994 3 8005 10 8123 2 8135 7 8251 2 8264 5 8370 1 8375 2 8378 2 8498 2 8502 5 8628 7 8757 4 8880 3 9008 5 9135 7 9263 8 9391 13 9520 13 9649 12 9779 10 9907 10 10036 9 10164 9 10292 9 10420 8 10549 6,,,9148 1 9150 3 9274 7 9404 5 9535 2,,4287 5 4302 4 4411 2 4415 2 4418 3 4430 7 4538 3 4542 7 4560 5 4666 9 4692 5 4822 4 4952 3 5081 4 5211 2 5288 1 5340 2 5413 2 5469 2 5541 1 5599 1 5667 2 5727 2 5794 2 5921 2 6049 1 6176 2 6304 1 7142 1 7270 1 7398 2 7526 2 7654 2 7782 3 7911 2 8039 2 8091 1 8167 2 8218 2 8295 1 8346 2 8473 3 8601 3 8729 3 8857 3 8986 2 9114 2 9242 2 9370 1 9831 1 9920 5 9958 2 10045 1 10047 7 10086 2 10173 9 10213 3 10301 10 10341 3 10396 3 10429 10 10468 3 10524 4 10557 10 10596 3 10652 4 10685 10 10724 3 10781 3 10812 11 10851 3 10909 3 10940 11 10979 2 11037 3 11067 12 11107 1 11165 3 11196 11 11294 2 11327 6 11454 10 11581 12 11705 1 11708 12 11832 1 11837 10 11866 4 11939 3 11967 6 11989 9 12066 6 12097 3 12116 9 12195 6 12210 2 12226 2 12246 5 12324 6 12337 2 12454 3,10897 1 11025 3 11116 1 11153 5 11243 3 11282 5 11370 4 11411 4 11497 4 11540 4 11624 5 11669 4 11751 4 11799 3 11849 2 11878 3 11928 3 11962 3 11975 6 12005 3 12058 1 12089 7 12101 9 12132 3 12215 10 12229 11 12259 2 12341 12 12357 12 12469 13 12485 12 12596 14 12613 11 12724 13 12742 9 12853 11 12871 4 12986 3
gap_8d5d988a4c0647bb04,5310 1 5437 3 5565 4 5693 4 5821 4 5949 4 6731 5 6857 9 6963 2 6984 13 7089 6 7111 16 7215 8 7239 18 7343 8 7368 18 7471 8 7496 19 7599 8 7624 19 7726 8 7753 18 7853 8 7881 18 7980 8 8009 18 8109 7 8138 17 8238 5 8266 16 8394 16 8523 14 8653 11 8783 7 8914 1,5558 1 5561 2 5577 1 5685 6 5703 3 5814 6 5830 4 5942 6 5954 2 5957 5 6070 3 6074 2 6082 7 6198 2 6211 3 6237 3 6339 3 6349 3 6365 3 6468 1 6475 6 6493 3 6604 5 6621 3 6712 1 6728 1 7001 1,,,6206 2,,6718 3 6741 1 6841 1 6844 7 6869 3 6970 10 6999 1 7012 1 7084 2 7098 11 7211 3 7226 11 7339 3 7355 10 7468 1 7483 9 7612 8 7645 2 7740 10 7773 2 7867 11 7901 1 7994 12 8119 1 8121 13 8233 3 8246 16 8361 3 8373 18 8503 16 8635 10 8668 1 8765 7 8793 3 8894 5 8908 3 8921 1 9023 3 9032 8 9151 3 9161 7 9280 2 9289 2 9408 1 9536 1 9664 1 9791 3 9920 1,5576 1 5715 1 5843 3 5970 4 6098 4 6109 2 6228 2 6439 2 6505 1 6514 2 6566 3 6632 3 6642 2 6694 3 6760 3 6769 3 6822 3 6884 7 6897 2 6949 3 7013 5 7024 4 7077 2 7141 2 7150 7 7178 7 7204 1 7276 9 7305 9 7332 2 7404 10 7432 11 7460 1 7532 10 7559 13 7578 1 7588 1 7659 12 7687 14 7707 2 7787 12 7815 9 7827 3 7835 3 7915 12 7943 6 7955 3 7963 3 8042 12 8071 5 8083 4 8091 4 8169 13 8199 5 8211 6 8218 5 8297 13 8327 4 8339 6 8346 5 8424 13 8454 4 8467 13 8551 12 8582 4 8594 14 8673 1 8675 14 8711 3 8721 15 8758 6 8801 15 8839 4 8849 9 8862 1 8884 9 8900 4 8931 12 8968 5 8976 8 9012 10 9027 5 9058 7 9097 10 9140 10 9155 6 9186 7 9228 6 9268 11 9283 6 9313 3 9317 3 9396 11 9410 8 9445 3 9525 10 9538 9 9573 4 9653 9 9666 9 9701 4 9740 3 9781 9 9794 9 9829 4 9866 9 9909 9 9922 8 9957 3 9995 10 10038 7 10051 6 10084 3 10125 9 10179 5 10211 3 10256 7 10308 3 10338 3 10387 3 10465 3 10593 3 10720 3
gap_cfedc43d9bb50f3144,,6335 2 6462 3 6589 5 6717 6 6846 5 6974 4 6983 3 7111 4 7236 2 7361 1,5539 1 5666 2 5793 4 5921 3 6050 2 7525 1 7654 1 7782 1 7910 1,7257 3 7267 1 7384 5 7393 4 7512 4 7520 5 7640 3 7649 5 7768 4 7777 5 7896 4 7904 6 8024 5 8032 6 8152 15 8280 15 8408 15 8537 14 8665 14 8794 12 8922 11 9051 7 9517 5 9646 5 9775 3,3650 7 3772 16 3895 26 4020 32 4145 36 4272 38 4399 40 4526 41 4652 42 4778 44 4904 21 4934 1 4937 14 5031 14 5047 5 5064 8 5073 6 5158 15 5176 3 5192 7 5201 8 5285 16 5303 3 5320 7 5329 9 5413 21 5442 1 5448 26 5540 21 5569 4 5576 27 5668 21 5694 8 5705 26 5797 20 5821 10 5832 28 5924 64 6052 65 6178 27 6211 34 6306 26 6337 37 6434 24 6465 37 6563 9 6573 12 6594 36 6690 9 6701 13 6725 31 6818 9 6829 13 6854 30 6945 9 6957 13 6986 13 7001 12 7072 26 7118 8 7129 12 7200 27 7256 1 7260 7 7268 2 7328 27 7389 4 7397 1 7455 24 7583 22 7711 22 7839 22 7967 21 8095 21 8224 18 8353 13 8482 13 8611 13 8739 13 8867 12 8994 12 9122 10 9250 10 9378 9 9506 8 9635 6 9765 2,,7362 4 7489 4 7497 2 7616 13 7743 14 7870 16 7998 16 8126 15 8254 15 8383 14 8512 13 8641 12 8771 8 8780 1 8899 10 9024 3 9028 10 9152 14 9279 16 9407 16 9535 16 9662 17 9790 16 9924 5 10053 3 10182 2 10310 2 10438 2 10566 2 10693 3 10821 3 10949 3,7376 1 7503 4 7631 5 7738 2 7759 5 7865 3 7886 7 7992 4 8014 7 8119 5 8142 7 8247 6 8271 6 8374 7 8399 6 8502 7 8527 6 8631 5 8655 6 8759 4 8784 5 8887 3 9809 2 9913 3 9937 3 9943 1 10039 6 10065 8 10166 13 10186 15 10294 14 10314 15 10420 16 10442 16 10547 17 10570 16 10675 17 10699 15 10802 18 10827 15 10930 18 10955 15 11059 16 11082 15 11187 9 11197 6 11212 12 11316 8 11342 8 11449 3 11471 4
gap_6e3d3454e9c0a41b61,10571 3 10700 3 10828 4 10957 4 11086 5 11215 5 11344 8 11473 13 11602 16 11731 14 11862 8,7742 5 7869 8 7997 8 8125 9 8252 10 8267 1 8380 10 8508 10 8637 8 8766 6 8896 2,3770 5 3893 14 4020 34 4147 37 4277 36 4405 38 4533 39 4662 39 4790 39 4919 39 5047 40 5174 42 5302 43 5431 44 5559 45 5687 46 5815 46 5945 45 6073 45 6202 45 6331 44 6460 44 6589 44 6721 41 6850 40 6978 40 7107 40 7236 40 7319 2 7366 38 7446 5 7495 38 7574 5 7624 37 7701 7 7753 37 7829 7 7882 36 7957 7 8011 35 8084 9 8139 35 8212 9 8268 34 8340 9 8396 34 8467 9 8524 34 8595 9 8652 34 8723 9 8780 34 8851 10 8908 34 8979 12 9036 33 9107 13 9165 33 9235 14 9252 11 9293 33 9363 29 9421 33 9492 28 9549 32 9620 28 9677 32 9748 27 9806 31 9876 27 9934 31 10005 25 10063 30 10133 25 10191 29 10262 23 10320 27 10391 22 10448 26 10520 20 10577 25 10648 19 10706 23 10777 18 10835 21 10906 16 10964 20 11035 14 11094 17 11163 13 11224 13 11293 11 11354 9 11422 10 11487 1 11556 3,,4141 6 4267 10 4393 12 4520 13 4647 15 4774 16 4901 18 5028 19 5156 18 5283 19 5411 20 5539 20 5667 20 5796 19 5924 21 6052 21 6180 22 6307 24 6434 26 6562 24 6689 26 6816 27 6944 28 7071 29 7199 29 7327 26 7455 24 7583 24 7711 25 7839 24 7967 25 8096 24 8224 23 8353 22 8482 21 8612 18 8742 15 8872 12 9001 8 9127 9 9263 1,,4188 4 4257 4 4318 4 4383 3 4447 3 4509 4 4576 2 4636 5 4706 2 4764 2 4835 2 4891 2 4963 3 5019 1 5092 2 5221 2 5350 1 5528 2 5656 2 5783 3 5911 2 6039 2 6250 1 6378 2 6506 2 6633 3 6762 3 6891 2 7020 1 7187 2 7315 2 7442 3 7571 1 7698 1 8559 1 8686 2 8814 2 8942 2 9070 2 9106 1 9152 6 9198 2 9234 1 9277 10 9326 2 9362 1 9405 11 9454 2 9490 2 9532 13 9581 2 9618 2 9659 14 9709 2 9746 2 9787 14 9837 1 9875 1 9915 14 10004 1 10043 14 10171 14 10300 13 10428 12 10557 1 10559 8 10687 6 10812 9 10940 11 11067 12 11195 12 11316 2 11322 14 11342 1 11443 3 11451 13 11470 2 11570 3 11584 6 11598 3 11712 3 11727 2 11809 2 11840 2 11937 4 11968 2 11995 4 12066 4 12095 3 12122 5 12222 3 12351 2,11575 2 11594 2 11701 9 11721 4 11827 12 11843 12 11953 14 11971 14 12079 16 12099 16 12203 19 12227 18 12328 22 12355 22 12456 21 12484 22 12584 20 12612 22 12713 17 12742 19 12843 13 12872 16 12976 4 13002 11
gap_b83e40728c115068cd,5585 4 5711 9 5809 7 5838 12 5935 11 5964 15 6061 15 6089 20 6188 17 6213 25 6314 21 6341 26 6441 22 6470 26 6567 25 6599 26 6694 26 6729 24 6821 26 6858 24 6948 27 6987 24 7075 28 7116 23 7203 27 7245 23 7330 27 7374 22 7458 27 7502 23 7585 27 7630 23 7713 26 7757 24 7841 26 7884 26 7968 27 8012 26 8096 26 8139 27 8224 26 8267 27 8352 26 8394 28 8479 27 8516 4 8522 28 8607 26 8644 4 8650 28 8735 26 8771 35 8864 25 8899 35 8992 25 9027 35 9120 25 9156 34 9248 25 9286 32 9376 25 9414 32 9505 24 9542 32 9633 24 9670 31 9761 24 9798 31 9890 24 9927 29 10018 25 10056 28 10147 25 10185 26 10275 27 10314 25 10404 27 10442 24 10533 26 10571 22 10662 24 10700 21 10790 24 10828 20 10919 22 10956 19 11048 21 11085 17 11177 19 11214 15 11306 17 11342 13 11436 14 11471 11 11566 9 11602 6,6983 2 7109 6 7235 10 7361 13 7487 15 7614 10 7625 5 7742 8 7755 2 7869 8 7997 8 8124 9 8251 10 8379 9 8506 9 8634 9 8762 9 8889 9 9017 9 9145 10 9273 10 9401 9 9529 9 9657 8 9785 8 9914 6 10043 4 10172 1,,,9283 2 9410 3 9539 1,,5439 10 5565 14 5690 19 5721 3 5819 17 5851 2 5932 1 5952 10 5980 3 6057 4 6109 3 6183 4 6238 3 6310 4 6367 3 6437 3 6496 3 6564 3 6625 2 6691 3 6754 2 6819 2 6882 3 7011 2 7139 2 7268 2 7397 1 7525 1 7910 1 8038 1 8862 1 8990 1 9118 1 9246 2 9374 2 9502 2 9630 3 9758 3 9887 2 10015 3 10051 4 10144 2 10178 6 10273 1 10305 8 10432 10 10560 10 10594 2 10688 11 10721 3 10816 11 10848 3 10944 11 10976 3 11073 10 11103 3 11201 10 11230 3 11328 10 11358 1 11432 2 11452 2 11456 10 11561 3 11577 5 11584 4 11589 5 11596 4 11690 6 11701 8 11714 18 11820 18 11844 2 11850 12 11950 9 11963 2 11985 5 12484 1,9711 2 9838 5 9966 5 10094 4 10221 2 10349 1 10476 2 10518 4 10603 2 10646 5 10731 1 10774 5 10857 3 10906 2 10984 3 11035 1 11111 2 11164 1 11238 2 11292 2 11421 2 11551 3 11618 2 11681 2 11744 4 11811 2 11839 2 11849 1 11871 4 11941 2 11965 5 11975 6 12070 3 12091 8 12102 8 12199 4 12217 10 12230 8 12328 2 12345 9 12359 7 12474 5 12489 4
gap_d6bc0b33820ca2feda,4273 7 4399 10 4517 20 4549 4 4643 22 4673 10 4769 24 4801 12 4821 3 4895 26 4929 27 5021 27 5058 28 5147 29 5186 29 5274 29 5315 29 5400 30 5443 31 5527 30 5572 31 5654 31 5701 31 5781 31 5830 31 5909 30 5959 31 6036 30 6087 32 6163 31 6217 32 6290 31 6346 32 6417 32 6475 32 6545 31 6603 32 6672 32 6731 33 6799 33 6860 33 6926 33 6987 35 7054 33 7115 36 7181 34 7243 36 7309 34 7370 38 7436 34 7497 40 7564 34 7625 41 7692 33 7743 3 7752 42 7819 34 7870 5 7881 41 7947 24 7973 3 7997 7 8009 42 8075 24 8101 4 8124 8 8138 41 8203 27 8251 10 8266 42 8331 27 8378 11 8395 1 8399 37 8459 27 8504 14 8523 2 8527 37 8587 28 8632 3 8637 9 8650 43 8715 24 8742 1 8760 3 8778 43 8843 24 8870 3 8888 5 8906 43 8972 23 8997 2 9017 4 9031 46 9100 28 9145 3 9158 47 9228 27 9285 47 9356 27 9413 47 9485 32 9542 46 9613 32 9670 46 9742 31 9799 44 9870 32 9927 44 9998 32 10056 43 10127 31 10184 42 10256 31 10312 42 10384 31 10441 40 10513 31 10569 40 10642 31 10697 39 10770 33 10826 37 10899 36 10954 36 11028 35 11083 35 11157 33 11211 34 11286 32 11340 32 11415 30 11468 32 11544 28 11597 30 11672 27 11726 28 11802 24 11856 25 11932 21 11984 23 12061 18 12113 21 12191 14 12243 17 12322 7 12374 11,5562 5 5688 9 5814 11 5942 12 6069 14 6197 14 6325 14 6453 15 6469 4 6581 21 6709 22 6837 13 6851 8 6964 13 6980 7 7092 11 7110 5 7220 5 7226 5 7241 1 7348 2 7730 2 7859 2 7984 1 7987 2 8111 2 8239 2 8366 5 8493 6 8621 5 8749 4 8877 3 9266 2 9392 6 9520 7 9648 9 9775 10 9903 10 10031 10 10159 10 10287 10 10415 10 10544 8 10673 5,,,8763 1 9273 4 9401 2,,3761 2 3764 9 3887 19 4012 16 4029 10 4138 8 4148 8 4164 12 4266 6 4282 23 4396 2 4413 20 4554 6 4685 3 5144 1 5271 2 5397 3 5525 2 5652 2 5779 2 5906 2 6034 2 6378 2 6507 2 6636 2 6765 2 6893 3 7022 3 7151 2 7178 3 7280 2 7305 4 7409 1 7433 3 7560 3 7688 3 7817 2 8585 1 8693 2 8712 3 8821 3 8840 3 8949 3 8968 3 9077 3 9096 3 9205 3 9224 3 9333 3 9408 2 9461 3 9535 5 9590 1 9662 7 9789 8 9917 9 10044 10 10123 1 10172 10 10227 1 10251 4 10299 11 10355 3 10380 3 10427 11 10482 4 10508 4 10555 12 10610 3 10637 3 10683 12 10739 2 10765 4 10811 12 10867 2 10893 4 10940 10 10995 1 11023 2 11068 10 11152 1 11198 7 11326 7 11452 10 11578 13 11705 14 11756 2 11833 14 11883 4 11962 12 12010 4 12089 12 12137 5 12216 11 12229 4 12266 3 12343 7 12351 3 12357 4 12394 2 12458 4 12464 2 12471 7 12480 1 12484 1 12494 1 12576 16 12600 1 12602 4 12608 1 12612 2 12622 5 12702 16 12731 4 12750 1 12833 9 12843 1 12859 3 12866 3 12991 3 13016 1 13119 3 13248 1,9604 1 9731 2 10364 4 10491 6 10618 7 10628 3 10746 6 10756 5 10873 6 10884 6 11001 4 11012 7 11128 4 11141 6 11255 3 11270 6 11382 3 11401 4 11510 3 11515 2 11527 2 11530 4 11637 3 11643 3 11653 5 11660 2 11764 3 11771 3 11781 4 11786 6 11892 2 11897 4 11909 6 11916 4 12020 2 12024 1 12026 3 12040 3 12044 5 12147 3 12169 2 12175 2 12274 3 12295 4 12303 3 12401 3 12407 1 12411 1 12426 1 12432 3 12485 6 12527 4 12560 4 12597 3 12601 1 12614 5 12654 4 12688 4 12724 7 12741 7 12781 4 12816 6 12851 8 12869 7 12907 5 12947 4 12977 8 12987 1 12997 8 13034 4 13077 4 13102 11 13125 2 13129 6 13162 3 13207 4 13229 4 13234 7 13252 3 13257 6 13337 2 13358 1 13360 1 13365 4 13380 2 13385 2 13391 3 13486 1 13513 1 13518 3 13607 1 13735 2 13783 1
gap_3c4648d34568750b21,7231 3 7240 2 7349 4 7358 4 7365 7 7475 7 7486 15 7602 8 7614 17 7727 12 7743 19 7851 17 7872 20 7977 20 7999 22 8104 21 8127 23 8231 48 8359 23 8384 24 8486 23 8513 24 8614 23 8642 23 8742 22 8771 23 8870 22 8899 23 8998 21 9028 21 9127 20 9156 21 9255 20 9284 21 9383 19 9413 19 9512 18 9542 17 9640 18 9670 17 9769 16 9799 15 9898 15 9928 13 10027 13 10058 10 10157 10 10188 7 10286 8 10417 2,7227 2 7235 2 7355 3 7483 2 7611 2 7739 2 7869 1,,,,,7115 2 7244 4 7373 4 7502 3 7598 2 7974 2 8023 1 8102 1 8151 1 8612 1 8638 2 8740 1 8765 5 8892 7 9020 7 9147 8 9253 1 9275 8 9381 2 9404 7 9509 2 9532 7 9660 7 9789 7 9815 2 9916 7 9943 2 10045 6 10070 2 10175 3 10303 2 10443 5 10574 2,6629 3 6737 3 6756 2 6831 3 6863 6 6884 1 6959 3 6989 1 6996 1 7012 1 7021 1 7087 2 7117 3 7149 1 7276 1 7404 1 7452 1 7524 9 7651 10 7779 8 7907 6 7962 1 8034 6 8088 5 8162 6 8219 3 8290 4 8343 8 8418 3 8471 8 8546 3 8602 5 8674 2 8730 6 8802 2 8861 4 8930 1 8989 4 9058 1 9118 3 9185 1 9246 3 9374 4 9503 3 9632 2 9761 2 9949 1 10171 1 10298 4 10307 2 10425 6 10434 4 10553 5 10562 5 10681 4 10691 2
gap_20e35293d88e2dacf0,6326 2 6345 3 6450 14 6466 15 6575 18 6594 20 6701 19 6723 21 6827 19 6852 22 6952 21 6981 22 7079 21 7110 21 7206 21 7239 21 7333 22 7367 22 7460 23 7496 22 7587 23 7624 22 7715 23 7753 22 7843 23 7880 24 7971 23 8009 23 8098 19 8130 3 8138 22 8226 18 8253 4 8258 4 8267 21 8354 19 8381 4 8386 4 8394 22 8482 20 8509 4 8515 30 8611 20 8643 30 8739 20 8771 29 8867 20 8889 3 8899 29 8995 25 9027 29 9124 23 9156 28 9252 24 9284 28 9380 24 9412 28 9508 25 9541 26 9637 25 9669 26 9765 25 9797 25 9894 25 9925 25 10022 25 10054 24 10151 23 10182 23 10280 22 10310 23 10409 21 10438 22 10538 20 10567 20 10667 18 10695 20 10796 16 10824 18 10925 14 10953 15 11054 11 11082 13 11184 7 11213 8,6847 3 6973 6 7100 8 7228 10 7355 12 7483 13 7611 13 7740 12 7869 4 7875 5 8004 3 8134 2 8246 6 8262 4 8373 7 8391 1 8503 5 8632 3 8760 1 8766 3 8893 5 9020 7 9148 7 9276 7 9404 7 9533 4 9662 3,,,,,6077 7 6092 2 6195 1 6204 9 6220 3 6336 2 6950 1 7003 1 7077 1 7132 1 7204 1 7458 1 7585 2 7776 1 7904 1 8032 1 8097 1 8225 1 8353 1 8481 1 8673 1 8801 2 8866 1 8929 1 8994 1 9057 1 9122 2 9250 2 9378 2 9440 1 9507 1 9568 1 9665 3 9695 2 9792 4 9823 2 9919 6 9951 1 10047 6 10175 6 10303 6 10407 1 10431 6 10461 1 10535 2 10559 6 10588 2 10664 2 10687 3 10691 2 10715 2 10793 2 10815 2 10820 1 10842 3 10922 2 10943 4 10948 1 10969 2 11051 2 11070 7 11097 1 11180 3 11200 4 11310 3 11329 2,6891 2 7018 4 7146 2 7149 2 7274 5 7402 5 7530 4 7700 2 7786 1 7827 4 7955 2 7958 2 8083 2 8086 2 8211 5 8340 3 10082 2 10210 2 10274 2 10337 2 10402 2 10465 2 10532 1 11101 1 11326 2 11332 5 11452 4 11460 5 11579 4 11590 2
gap_af1ce2cdf4e4bd442a,5313 2 5440 5 5567 7 5694 8 5822 8 5950 9 6078 8 6206 7 6335 5 6463 5 6591 5 6718 7 6830 3 6846 7 6957 5 6974 7 7083 7 7102 6 7209 10 7231 5 7252 2 7336 12 7360 2 7378 6 7462 15 7501 12 7588 18 7628 14 7714 21 7755 16 7841 23 7883 17 7968 24 8011 19 8096 25 8139 20 8223 27 8268 20 8350 28 8396 20 8477 29 8524 21 8605 29 8653 21 8732 30 8781 21 8860 30 8910 20 8988 29 9038 21 9116 29 9167 20 9244 29 9296 19 9372 28 9424 18 9500 27 9553 17 9629 25 9681 16 9757 25 9810 14 9886 23 9939 11 10015 21 10067 10 10144 20 10197 7 10273 18 10326 2 10401 17 10530 15 10659 12 10789 9,6733 3 6862 3 7091 2 7220 3 7349 2 7484 2 7613 1,,,,,6826 3 6953 3 7080 2 7384 3 7513 3 7642 3 7746 2 7772 1 7838 2 7873 4 7965 3 8000 7 8092 3 8127 9 8218 5 8254 10 8346 3 8382 11 8473 4 8510 11 8546 1 8601 2 8635 15 8674 3 8763 16 8802 3 8891 15 8907 1 8931 5 9021 12 9035 2 9059 5 9149 12 9163 1 9188 4 9277 12 9318 2 9405 12 9534 13 9625 1 9661 15 9751 5 9788 16 9879 5 9916 16 10007 6 10044 15 10138 2 10172 15 10267 1 10302 11 10337 2 10420 1 10431 9 10443 2 10464 3 10546 4 10560 6 10572 1 10592 3 10673 5 10682 2 10689 5 10720 2 10800 5 10807 2 10812 1 10818 3 10927 5 10935 2 10946 3 11042 4 11053 5 11075 2 11170 5 11180 4 11203 2 11299 11 11331 2 11428 3 11433 1 11459 2 11587 2 11715 1 11843 2,5922 2 6049 2 6172 1 6298 5 6425 6 6552 6 6679 6 6806 5 6890 1 6894 4 6915 3 6935 2 7019 1 7021 7 7042 5 7148 9 7171 6 7277 8 7291 2 7299 6 7405 8 7418 3 7428 6 7534 2 7537 3 7544 5 7557 6 7664 4 7671 7 7686 5 7799 6 7814 5 7926 7 7942 5 8054 7 8070 5 8182 7 8197 6 8310 7 8322 10 8438 9 8450 10 8566 10 8579 9 8694 6 8703 1 8709 8 8824 3 8837 8 8952 2 8965 8 9079 3 9093 7 9205 2 9208 2 9214 1 9219 6 9226 1 9331 1 9337 1 9347 8 9480 3 9585 1 9609 4 9738 5 9839 1 9858 3 9867 3 9871 2 9966 1 9985 5 9997 1 10000 1 10091 4 10113 6 10219 3 10241 6 10258 1 10346 4 10370 6 10468 2 10476 1 10498 6 10596 3 10604 1 10626 6 10685 2 10696 3 10725 3 10755 6 10813 3 10823 4 10852 7 10879 1 10883 6 10941 3 10951 6 10981 5 11006 1 11012 6 11069 3 11079 6 11109 4 11134 2 11140 7 11196 4 11207 7 11237 3 11263 1 11268 7 11317 11 11336 6 11366 1 11396 9 11444 12 11467 2 11528 6 11537 2 11573 5 11581 2 11657 11 11701 5 11781 17 11824 1 11829 5 11910 9 11921 6 11958 4 12040 7 12049 7 12061 1 12169 6 12178 3 12186 2 12299 4 12307 1 12314 4 12442 1 12445 1
gap_3dcaaa79d5e18cc4a0,6090 7 6193 12 6212 16 6318 40 6445 44 6570 21 6594 25 6695 23 6724 24 6822 23 6852 25 6949 23 6981 25 7077 22 7110 24 7204 23 7238 25 7332 22 7367 24 7459 22 7496 24 7587 22 7624 24 7715 21 7753 24 7843 21 7881 24 7971 21 8013 20 8099 21 8142 19 8227 20 8270 19 8355 19 8398 19 8483 19 8521 1 8526 19 8611 21 8647 4 8653 20 8739 23 8771 8 8781 20 8868 27 8903 4 8908 21 8996 17 9015 9 9031 4 9036 21 9124 16 9143 9 9160 25 9252 17 9272 8 9288 25 9380 17 9400 9 9416 25 9509 28 9544 24 9637 28 9672 24 9766 26 9799 25 9894 26 9927 24 10023 24 10055 24 10152 23 10183 23 10280 23 10311 22 10409 22 10439 22 10538 21 10567 21 10667 20 10695 21 10795 19 10824 19 10925 16 10953 17 11054 14 11082 14 11183 11 11212 11 11316 1,6847 5 6973 8 7101 8 7228 9 7355 11 7482 13 7609 15 7737 15 7865 16 7993 16 8121 18 8140 1 8248 4 8253 14 8268 1 8375 5 8382 13 8503 6 8512 7 8634 1 9013 1 9025 6 9140 3 9153 6 9269 2 9281 7 9397 3 9409 7 9537 7 9666 5 9797 1 9925 1,,,,,5816 26 5937 26 5965 7 6063 3 6073 6 6081 4 6100 1 6189 2 6229 2 6315 2 6443 1 6692 2 6749 1 6820 1 6878 1 6947 2 7006 1 7075 1 7202 2 7330 1 7457 2 7713 1 7777 2 7841 2 7905 2 7969 2 8034 1 8097 1 8225 1 8418 1 8546 1 8610 1 8673 3 8738 1 8802 1 8866 1 8930 1 8994 2 9058 1 9122 2 9185 2 9313 2 9441 2 9569 1 9921 4 10048 6 10176 6 10304 6 10334 1 10407 1 10432 6 10461 2 10536 1 10560 6 10589 1 10664 2 10688 6 10716 2 10793 2 10816 6 10844 1 10921 3 10945 5 11050 3 11072 2 11076 3 11180 2 11200 7 11310 1 11329 5 11459 1,7020 3 7147 5 7275 2 7278 2 7403 5 7531 5 7659 4 7787 2 7915 2 7954 3 8044 2 8081 5 8172 2 8209 2 8212 2 8338 4 8466 4 11581 4 11589 4 11709 4 11717 4
gap_7bbf8ebe5c778bdd41,,5678 2 5719 1 5805 4 5845 4 5933 4 5972 5 6059 7 6099 6 6188 6 6226 7 6316 7 6353 8 6445 1 6447 5 6480 8 6573 1 6575 5 6608 7 6701 7 6736 7 6830 6 6864 6 6959 5 6992 6 7088 4 7124 2 7217 2 7345 1,,,5177 1 5179 3 5307 3 5317 2 5446 2 5573 4 5695 3 5699 9 5822 15 5937 1 5949 16 6066 1 6076 16 6194 1 6204 16 6323 1 6331 12 6452 1 6458 10 6580 1 6586 9 6708 2 6712 11 6836 15 6964 3 6968 18 7092 23 7219 3 7223 20 7346 4 7351 20 7474 4 7479 9 7489 10 7603 2 7607 8 7617 10 7731 2 7735 9 7745 7 7754 1 7862 10 7873 7 7989 18 8118 17 8246 9 8256 7 8374 8 8385 6 8501 9 8513 6 8629 9 8641 6 8758 8 8769 5 8886 8 8897 4 9014 9 9025 4 9142 9 9152 6 9270 16 9399 15 9527 14 9656 12 9785 10 9909 1 9915 8 10037 1 10047 3 10165 1 10175 3 10293 1 10302 5 10430 6 10558 7 10686 7 10814 7 10942 7 11072 5 11201 2,,11444 1 11571 6 11580 4 11595 1 11699 19 11720 5 11828 18 11847 6 11956 24 12090 5 12097 7 12219 11,5280 3 5405 8 5533 10 5661 11 5788 13 5853 7 5917 14 5980 9 6049 10 6107 10 6175 13 6234 11 6290 7 6302 14 6361 10 6415 12 6430 15 6488 12 6542 13 6558 15 6615 13 6636 3 6669 14 6686 15 6743 14 6762 7 6797 14 6814 16 6870 15 6888 10 6924 15 6942 12 6998 15 7015 13 7052 15 7069 15 7126 15 7143 14 7180 16 7197 16 7253 16 7272 13 7307 17 7325 16 7383 14 7399 15 7435 17 7453 16 7511 14 7527 15 7563 34 7638 15 7654 17 7691 34 7766 15 7782 17 7819 34 7893 34 7947 34 8021 34 8075 18 8094 15 8149 34 8203 33 8277 34 8331 12 8344 6 8351 13 8405 34 8458 13 8473 6 8480 12 8533 15 8549 18 8585 14 8601 6 8608 12 8662 1 8664 31 8713 14 8729 19 8790 1 8792 31 8841 35 8918 12 8931 20 8969 24 8994 10 9045 35 9097 24 9123 9 9173 12 9186 6 9193 15 9225 24 9252 7 9302 2 9305 7 9313 6 9322 14 9354 23 9381 6 9429 3 9433 6 9441 7 9450 14 9482 15 9499 6 9510 5 9557 8 9569 22 9610 23 9685 7 9697 22 9738 24 9814 4 9825 22 9866 25 9953 2 9958 17 9996 25 10080 1 10086 16 10125 26 10207 23 10255 25 10334 24 10385 24 10460 25 10515 23 10586 26 10646 21 10712 26 10778 18 10838 27 10909 16 10965 26 11039 15 11091 25 11169 14 11218 21 11300 12 11345 17 11430 11 11472 15 11560 9 11599 12 11690 8 11727 8 11820 6 11854 6 11949 5 11982 4 12079 3 12110 2
gap_e780d89ca9ed581bfd,5939 5 5949 1 5959 11 6064 37 6190 41 6316 17 6335 27 6441 19 6465 27 6567 17 6595 26 6694 16 6724 26 6821 17 6853 25 6949 16 6982 25 7076 17 7111 24 7204 17 7239 25 7331 18 7368 24 7459 17 7496 24 7587 17 7624 25 7715 17 7752 25 7843 18 7881 25 7971 18 8009 25 8099 18 8138 24 8227 19 8266 24 8355 20 8394 24 8483 20 8522 24 8612 20 8651 23 8740 21 8779 22 8868 21 8906 23 8997 19 9034 23 9125 18 9149 5 9162 4 9168 17 9253 19 9275 7 9291 3 9295 18 9381 19 9401 9 9419 21 9509 29 9547 21 9638 18 9657 8 9674 22 9766 26 9801 23 9894 26 9929 22 10023 24 10056 23 10151 24 10184 23 10280 23 10312 22 10409 22 10440 22 10538 21 10568 21 10666 21 10696 20 10795 19 10825 18 10925 16 10954 16 11054 14 11083 14 11184 9 11214 9,6711 6 6719 3 6838 14 6965 16 7093 17 7221 18 7349 18 7477 19 7605 6 7612 12 7733 4 7741 10 7861 4 7869 10 7989 19 8118 19 8246 19 8375 18 8504 17 8634 16 8762 9 8891 7 9018 1 9029 3 9144 2 9156 6 9272 2 9284 6 9412 7 9540 6 9669 5 9799 1,,,,,5571 2 5575 4 5685 30 5816 22 5841 4 5973 2 6060 1 6185 4 6313 2 6565 1 6692 1 6819 2 6879 1 6947 1 7007 2 7074 2 7136 1 7202 2 7330 1 7458 1 7521 1 7585 2 7649 2 7713 2 7777 2 7841 2 7906 1 7969 1 8162 2 8290 2 8418 2 8867 1 8929 1 8995 2 9057 1 9123 2 9185 1 9251 2 9313 1 9380 1 9794 2 9921 5 10048 7 10176 7 10304 7 10432 7 10560 7 10688 7 10717 1 10793 2 10817 6 10844 1 10922 2 10944 5 10971 2 11051 2 11072 3 11077 3 11098 1 11180 2 11199 9 11225 1 11310 2 11329 5 11439 3,7149 3 7277 4 7405 1 7407 2 7533 4 7661 4 7789 3 7916 1 8044 2 8082 1 8172 3 8209 3 8300 3 8336 5 8464 2 8467 2 8592 5 8721 3 11462 7 11581 5 11589 7 11709 4 11718 4
gap_d7546bd86462977fae,4813 12 4938 17 5036 4 5062 23 5162 6 5189 26 5287 9 5317 28 5413 10 5446 28 5539 11 5576 27 5666 10 5706 25 5793 11 5836 24 5920 11 5965 24 6047 12 6093 24 6175 12 6222 24 6302 13 6350 25 6430 13 6479 24 6557 14 6607 25 6685 14 6735 25 6812 15 6863 25 6940 15 6992 25 7068 15 7120 25 7195 16 7248 26 7323 16 7376 26 7451 17 7504 26 7579 17 7632 26 7707 18 7760 26 7834 19 7888 27 7962 20 8015 28 8090 21 8143 28 8218 21 8271 28 8346 22 8398 29 8474 23 8526 29 8603 23 8654 28 8731 24 8782 28 8859 25 8911 27 8987 26 9041 6 9049 18 9115 26 9170 25 9244 23 9299 24 9372 22 9417 4 9428 22 9500 22 9545 10 9556 22 9628 23 9673 33 9757 22 9801 33 9885 23 9930 31 10013 20 10035 1 10059 30 10142 22 10187 29 10270 23 10315 29 10399 22 10443 29 10527 22 10572 27 10656 22 10700 27 10784 23 10828 26 10913 23 10956 26 11042 23 11084 25 11170 23 11213 24 11299 22 11341 23 11428 21 11470 21 11558 18 11599 19 11687 16 11728 17 11817 12 11857 15 11947 8 11986 12 12078 2 12116 8,5430 5 5557 7 5571 2 5684 9 5698 5 5811 10 5827 6 5939 10 5955 7 6066 11 6083 8 6194 13 6211 8 6321 16 6339 9 6449 27 6577 27 6704 29 6832 19 6853 9 6959 19 6981 10 7086 19 7110 9 7214 7 7225 7 7238 9 7342 7 7353 7 7367 7 7470 18 7497 4 7601 22 7626 2 7731 22 7859 23 7987 25 8114 28 8243 27 8372 26 8501 24 8629 24 8758 23 8887 21 9017 22 9146 15 9164 5 9274 10 9293 4 9395 4 9402 9 9422 2 9523 5 9531 6 9651 9 9662 1 9781 8 9909 8 10037 8 10164 10 10293 9 10421 9 10549 8 10678 6 10808 1,,,9284 2 9411 1 9537 2 9663 3,,4293 3 4411 14 4427 11 4529 40 4655 12 4668 11 4680 9 4695 5 4779 15 4798 8 4826 3 4904 6 4932 2 4956 2 5031 4 5087 1 5158 3 5216 2 5346 1 6375 1 6504 1 6555 2 6632 2 6682 3 6760 2 6810 2 6889 2 6937 3 7017 2 7065 3 7145 3 7193 2 7274 2 7321 2 7402 2 7449 2 7530 2 7577 1 7659 1 7705 1 7787 1 7915 1 8043 1 8171 1 8857 1 8985 2 9113 2 9241 3 9369 3 9497 3 9579 1 9626 2 9706 2 9755 1 9834 2 9923 5 9961 3 10050 7 10089 3 10177 8 10217 2 10304 9 10344 3 10432 10 10472 2 10560 10 10600 2 10687 11 10727 2 10815 10 10855 1 10943 10 10983 1 11071 9 11200 8 11329 7 11426 1 11456 8 11555 1 11583 11 11684 2 11709 14 11813 3 11835 11 11849 5 11942 4 11962 4 11971 2 11977 5 12071 6 12091 2 12099 2 12109 6 12201 10 12227 2 12240 6 12331 6 12355 2 12370 9 12483 2 12501 2 12611 2 12739 1,9839 2 9967 2 10094 2 10648 2 10778 1 11975 2 12093 5 12102 5 12216 11 12229 8 12342 13 12357 11 12469 14 12485 12 12597 13 12613 13 12725 13 12742 12 12854 11 12871 10 12987 4 13000 3
gap_05719b4831db326b16,4008 5 4132 18 4258 21 4382 25 4414 5 4432 8 4509 25 4540 31 4635 27 4669 33 4761 28 4798 34 4887 29 4927 35 5014 30 5057 34 5140 31 5187 34 5267 32 5317 33 5394 32 5445 34 5520 34 5574 34 5648 33 5702 36 5775 34 5830 37 5902 34 5959 37 6030 34 6087 38 6157 34 6215 39 6285 34 6344 38 6412 34 6473 38 6540 34 6601 39 6667 35 6730 39 6795 34 6859 39 6922 35 6987 39 7050 34 7115 40 7178 34 7243 40 7305 34 7372 40 7433 32 7502 6 7509 31 7561 30 7631 38 7689 28 7761 36 7816 28 7889 36 7944 29 8017 37 8072 28 8147 35 8200 26 8276 34 8328 27 8404 34 8456 27 8533 33 8585 27 8660 34 8713 28 8788 34 8841 33 8883 4 8903 4 8916 34 8970 45 9018 3 9030 6 9045 33 9098 27 9127 16 9145 5 9157 8 9172 34 9226 27 9257 12 9276 1 9285 9 9298 36 9355 25 9386 9 9412 50 9483 25 9515 5 9540 50 9612 24 9643 2 9669 48 9740 24 9798 47 9868 24 9926 47 9997 23 10055 46 10125 23 10183 45 10253 24 10312 44 10382 24 10440 44 10511 28 10568 43 10639 29 10697 42 10768 29 10825 41 10896 31 10953 41 11025 33 11082 39 11154 36 11210 38 11283 35 11338 38 11412 33 11467 36 11542 30 11595 35 11672 28 11724 33 11801 25 11853 31 11930 23 11982 29 12060 20 12111 27 12189 17 12241 23 12319 13 12370 19 12500 16 12631 10,5181 3 5307 6 5434 9 5561 11 5688 12 5816 13 5943 15 6071 15 6199 14 6323 18 6450 19 6577 20 6705 24 6832 25 6960 26 7088 11 7103 11 7216 11 7235 5 7344 12 7363 5 7471 14 7493 4 7599 20 7620 4 7721 2 7727 25 7849 20 7870 10 7978 11 7993 4 8000 8 8105 12 8122 3 8130 7 8233 11 8260 9 8363 9 8389 8 8484 3 8494 5 8517 8 8613 1 8622 5 8644 10 8745 9 8772 2 8782 2 8878 1 8910 1 9038 1 9382 2 9778 6 9894 1 9902 11 10021 2 10030 11 10149 3 10158 11 10286 11 10414 11 10542 10 10670 9 10799 8 10929 5,,,9021 1 9150 1 9272 4 9277 1 9400 6 9528 6 9658 3,,3373 8 3498 16 3625 20 3747 5 3759 23 3786 6 3793 2 3873 5 3889 7 3902 9 3912 7 3921 4 4000 5 4022 4 4035 9 4126 5 4152 21 4253 3 4283 13 4297 1 4299 1 4379 3 4703 2 4832 3 4962 3 5091 3 5221 3 5350 2 5646 1 5773 2 5900 2 6027 2 6154 3 6282 2 6410 2 6898 1 7027 2 7155 2 7175 2 7283 3 7302 3 7412 3 7430 3 7541 2 7558 3 7669 2 7686 2 7798 1 7814 2 8583 1 8695 1 8710 2 8822 3 8838 3 8950 4 8966 3 9078 4 9094 4 9207 3 9223 3 9335 3 9351 2 9464 1 9664 1 9790 5 9917 7 10045 8 10122 2 10172 9 10229 3 10250 3 10300 10 10357 3 10379 2 10427 11 10484 4 10507 3 10555 11 10612 4 10635 4 10682 12 10740 4 10764 3 10810 12 10868 3 10892 4 10938 12 11021 3 11066 12 11149 4 11194 12 11278 3 11323 11 11408 1 11453 8 11581 6 11588 1 11707 1 11709 6 11716 1 11759 2 11833 13 11886 3 11960 15 12012 5 12088 16 12139 5 12217 16 12266 5 12345 13 12393 5 12471 5 12478 4 12485 2 12520 5 12598 11 12611 6 12646 6 12714 6 12727 10 12738 7 12774 5 12832 13 12855 6 12862 8 12871 3 12901 5 12963 5 12986 1 12991 2 12995 1 13028 3 13118 3 13125 1 13156 1 13246 4 13257 1 13369 3 13374 8 13385 3 13499 1 13508 2 13637 1,11004 1 11130 4 11258 4 11385 6 11399 5 11512 6 11527 5 11639 7 11655 6 11767 6 11783 7 11894 6 11913 6 12021 3 12042 6 12148 3 12172 5 12275 3 12301 5 12402 7 12432 3 12530 5 12536 3 12557 1 12561 3 12657 4 12689 3 12724 1 12784 4 12790 1 12818 3 12850 5 12912 3 12947 3 12976 9 13002 1 13038 4 13076 3 13104 9 13130 1 13164 6 13205 3 13232 8 13258 1 13291 4 13333 4 13358 10 13419 4 13463 3 13485 3 13491 4 13497 2 13610 3 13618 1 13621 2 13625 1 13745 2 13767 2
gap_0b5563dba90f6ec578,,5703 6 5831 6 5959 6 6087 6 6346 1 6462 1 6473 4 6590 3 6600 5 6718 6 6728 5 6846 7 6857 5 6974 8 6985 5 7101 9 7113 5 7230 8 7242 3 7358 7 7372 1 7487 6 7616 5 7744 2,3514 10 3529 10 3638 14 3657 14 3764 17 3785 17 3891 18 3913 19 4017 20 4042 20 4146 18 4172 20 4275 16 4300 21 4406 10 4429 22 4535 8 4557 23 4689 20 4816 22 4942 25 5071 25 5203 21 5331 22 5459 22 5577 33 5709 29 5837 30 5965 30 6093 30 6223 29 6351 29 6477 31 6605 32 6733 32 6862 31 6990 31 7118 31 7245 32 7373 32 7501 32 7631 30 7760 29 7889 28 8018 27 8146 27 8217 6 8275 26 8344 9 8403 25 8472 10 8531 25 8599 11 8659 24 8728 11 8788 23 8856 11 8916 22 8984 12 9044 21 9112 12 9173 20 9241 12 9301 19 9369 13 9430 17 9498 13 9558 16 9626 13 9687 14 9755 12 9816 11 9884 11 9945 10 10013 10 10075 4 10141 10 10271 10 10401 6,7984 4 8109 9 8236 12 8363 14 8490 7 8500 5 8617 7 8629 4 8745 7 8757 4 8873 6 8885 4 9001 6 9012 5 9129 6 9139 6 9257 6 9266 7 9386 14 9511 1 9514 13 9639 15 9767 15 9895 14 10023 13 10151 12 10281 2,3911 2 4038 4 4135 8 4165 7 4261 12 4291 9 4388 16 4416 13 4515 18 4543 14 4641 20 4664 21 4768 22 4791 22 4896 42 5023 42 5151 41 5278 41 5406 40 5534 29 5564 13 5662 27 5694 9 5791 25 5825 6 5919 24 5958 1 6047 26 6175 26 6303 15 6322 7 6333 2 6431 10 6450 7 6461 1 6559 10 6577 7 6687 11 6704 7 6815 24 6941 5 6948 21 7067 7 7076 17 7194 25 7321 21 7449 20 7577 18 7705 17 7834 15 7963 13 8091 12 8223 8 8353 1,,5784 2 5912 1 7279 1 7406 2 7534 2 7662 2 7791 1 7828 1 7919 1 7956 1 8047 1 8084 1 8125 1 8129 3 8135 2 8212 1 8252 2 8255 10 8340 1 8380 1 8382 11 8508 13 8636 13 8764 13 8892 13 9020 13 9149 9 9159 2 9277 9 9287 2 9405 2 9408 6 9415 2 9534 1 9537 8 9662 2 9665 8 9787 1 9790 12 9829 1 9914 2 9917 4 9922 8 9955 3 10042 2 10045 3 10050 2 10056 1 10082 3 10170 1 10174 7 10187 1 10210 2 10297 3 10302 7 10315 2 10425 3 10443 2 10553 3 10571 1 10785 3 10797 3 10913 4 11043 1,10812 2 10823 10 10837 3 10937 7 10950 19 11061 12 11078 20 11182 1 11188 12 11206 20 11307 20 11336 17 11434 21 11465 15 11563 19 11595 11 11691 18 11821 15 11953 9
gap_1515583b80211b5306,7757 3 7885 3 8013 2,7635 2 7762 3 7890 4 8017 5 8144 5 8245 3 8271 6 8373 4 8400 4 8502 3 8528 5 8631 6 8656 5 8759 7 8784 4 8888 5 9017 3,,,4414 9 4540 15 4659 28 4784 34 4911 37 4949 5 5037 46 5161 52 5287 55 5415 57 5542 59 5669 60 5797 62 5924 35 5960 29 6052 34 6092 25 6181 31 6221 24 6309 30 6349 24 6437 30 6477 5 6484 17 6565 30 6605 5 6613 16 6693 30 6736 1 6741 16 6821 16 6839 12 6861 4 6869 16 6949 16 6966 13 6981 4 6989 5 6995 18 7077 15 7094 13 7108 5 7117 24 7205 14 7221 21 7245 24 7334 36 7372 25 7463 35 7499 24 7591 6 7600 13 7616 2 7619 16 7637 2 7644 5 7728 2 7731 10 7743 3 7748 9 7760 1 7860 8 7871 2 7877 8 7989 1 7999 2 8006 3 8010 3 8138 3 8266 3 8395 1,,9156 8 9175 1 9265 1 9284 9 9301 3 9393 5 9410 11 9427 5 9521 9 9537 12 9551 9 9650 38 9778 7 9788 27 9906 8 9918 25 10035 9 10045 25 10163 35 10291 35 10420 33 10549 12 10562 19 10678 31 10805 32 10933 1 10935 28 10964 1 11061 29 11092 1 11190 27 11318 26 11446 22 11469 3 11574 10 11585 11 11597 3 11703 1 11705 1 11708 20 11833 2 11837 16 11855 1 11962 22 12091 18 12223 13 12354 8 12485 3 12613 2,5737 4 5789 3 5865 5 5917 4 5993 5 6045 4 6120 6 6173 4 6248 6 6301 4 6376 6 6430 4 6504 5 6558 4 6632 5 6686 4 6760 5 6814 4 6888 5 6894 1 6942 4 7015 5 7022 2 7070 5 7143 5 7149 3 7193 3 7198 7 7270 6 7277 4 7321 4 7327 7 7397 12 7449 5 7455 8 7523 14 7577 5 7583 8 7649 9 7659 5 7705 5 7712 13 7730 1 7765 2 7773 13 7787 4 7833 6 7840 12 7856 4 7894 1 7897 16 7915 4 7961 12 7975 5 7985 4 8025 15 8042 5 8090 11 8103 7 8152 15 8169 6 8218 12 8231 9 8281 13 8296 7 8346 23 8409 13 8423 8 8475 22 8536 22 8603 22 8665 21 8731 22 8797 17 8860 20 8924 17 8989 16 9050 19 9117 18 9177 19 9247 18 9305 18 9376 17 9433 16 9505 8 9514 7 9560 16 9634 16 9688 15 9759 19 9816 15 9887 19 9944 15 10015 12 10028 7 10072 16 10143 20 10199 17 10272 19 10327 8 10337 7 10400 20 10455 8 10465 7 10528 21 10583 8 10593 8 10656 12 10670 7 10709 9 10722 7 10785 9 10798 7 10837 9 10848 9 10913 10 10926 7 10965 8 10976 9 11042 11 11054 7 11090 1 11093 8 11103 9 11171 11 11184 6 11217 11 11230 9 11301 9 11313 5 11344 11 11358 7 11430 9 11442 4 11472 9 11485 7 11559 9 11571 3 11600 8 11613 5 11689 8 11700 3 11728 3 11740 4 11819 7 11856 3 11948 7 11984 2 11987 2 12078 5 12087 1 12116 1 12210 1
gap_ea901d7810723da5b6,,,,,,,8638 7 8765 9 8892 11 9020 11 9148 12 9274 14 9402 14 9526 2 9530 14 9547 1 9654 2 9660 10 9790 7 9919 5 10048 3 10176 3 10305 2 10433 2 10561 2 10689 1,7792 6 7800 3 7816 3 7920 13 7943 6 7951 3 7955 7 8048 13 8071 19 8176 13 8198 20 8309 8 8326 21 8348 1 8438 7 8454 21 8565 8 8582 19 8693 8 8710 16 8821 8 8838 9 8848 4 8948 8 8967 13 9075 9 9095 11 9202 10 9224 9 9329 10 9352 10 9456 8 9481 10 9583 6 9609 11 9711 3 9739 10 9785 3 9799 4 9870 8 9912 5 9925 8 10001 6 10039 8 10053 8 10132 4 10167 8 10180 9 10262 3 10295 8 10308 9 10391 2 10423 8 10436 8 10551 8 10564 8 10679 8 10692 7 10808 6 10821 5
gap_ff0b8523bc999d7d88,7745 1,,,,,,4155 4 4281 8 4408 11 4535 7 4543 5 4662 4 4673 4 4790 3 4802 4 4931 4 5061 2 7625 1 7737 1 7752 2 8001 3 8128 6 8254 9 8381 10 8509 11 8635 15 8763 16 8891 16 9019 16 9147 15 9278 8 9408 5 9537 4 9666 2,6398 2 6526 1 6927 1 7034 3 7056 1 7160 6 7286 8 7413 9 7540 5 7546 3 7668 3 7672 5 7693 4 7795 3 7799 5 7820 7 7923 8 7948 8 8050 8 8076 8 8178 7 8204 2 8207 6 8306 5 8332 10 8434 3 8460 11 8589 10 8717 11 8846 10 8975 8 9103 8 9193 1 9232 8 9291 2 9319 4 9361 12 9400 5 9415 7 9447 5 9453 2 9489 5 9496 5 9528 7 9541 9 9575 5 9617 4 9623 6 9655 9 9669 9 9703 3 9745 12 9784 9 9797 9 9873 12 9912 9 9924 9 10001 12 10041 7 10052 8 10128 2 10134 3 10139 2 10169 6 10181 5
gap_7fb7210c16d73cf70b,6210 3 6337 4 6465 4 8109 6 8237 7 8364 8 8491 8 8620 7 8751 3 8878 3 9005 3 9132 3,,,,,,6851 2 6977 4 7105 6 7232 8 7359 10 7486 11 7596 3 7614 11 7723 4 7742 12 7851 4 7870 11 7998 11 8126 11 8248 2 8253 13 8271 4 8376 3 8380 7 8389 7 8398 6 8500 2 8509 4 8514 3 8519 5 8528 5 8634 2 8637 4 8642 3 8647 6 8654 1 8658 4 8762 11 8775 6 8789 3 8890 11 8902 8 8918 5 8996 2 9020 8 9030 6 9048 5 9124 3 9148 15 9177 5 9251 3 9255 2 9277 13 9307 3 9379 2 9406 11 9436 2 9535 9 9664 7 9780 1 9786 1 9793 6 9903 2 9907 1 9922 4 10028 7 10050 4 10154 8 10179 3 10281 1 10284 3 10307 2 10435 2 10563 2 10692 1 10820 1 10947 2 11076 1,7434 2 7440 2 7561 5 7569 1 7687 7 7767 1 7803 2 7815 7 7895 2 7929 2 7945 6 8024 2 8057 1 8074 5 8202 5 8316 1 8331 3 8458 2 8954 3 9082 2 9212 1 9340 1 9438 1 9468 1 9546 1 9673 3 9790 1 9800 4 9917 3 9928 4 10044 5 10056 3 10172 5 10184 3 10279 2 10303 2 10312 2 10396 1 10406 3 10431 2 10442 2 10488 2 10524 1 10559 1 10570 3
gap_64974333c0a471018f,,7368 4 7375 2 7496 4 7502 3 7602 2 7624 4 7630 3 7729 3 7751 3 7757 3 7856 3 7879 3 7884 4 8007 8 8135 9 8243 2 8263 10 8369 4 8391 4 8396 5 8496 5 8520 2 8525 4 8624 5 8655 2 8753 4 8883 1,,,4017 3 4140 9 4172 7 4267 11 4301 7 4395 10 4413 7 4430 7 4524 10 4540 9 4558 11 4653 10 4667 11 4685 15 4781 1 4784 8 4795 10 4813 16 4908 11 4923 10 4942 3 4947 12 5036 11 5051 10 5076 12 5164 10 5179 8 5205 3 5209 8 5283 5 5292 10 5307 7 5337 8 5410 7 5423 6 5435 6 5465 9 5537 8 5552 5 5563 6 5593 10 5665 8 5679 5 5693 3 5705 4 5721 10 5793 8 5808 3 5833 5 5849 4 5854 5 5921 8 5936 2 5960 7 5983 5 6048 8 6088 7 6111 5 6175 8 6216 7 6235 8 6303 7 6345 6 6363 8 6430 8 6473 6 6491 8 6558 8 6602 4 6619 8 6685 8 6749 3 6813 8 6877 4 6941 8 7005 4 7069 8 7132 6 7197 8 7227 2 7260 6 7325 7 7354 3 7388 6 7454 6 7481 5 7513 1 7516 5 7582 6 7609 5 7640 3 7645 3 7711 5 7738 3 7768 3 7839 4 7866 3 7897 2,,8894 3 9021 4 9148 7 9273 27 9396 32 9517 29 9547 4 9552 3 9643 30 9675 3 9680 3 9773 38 9901 38 10029 1 10031 35 10157 2 10160 34 10285 2 10288 34 10414 35 10545 32 10671 34 10799 34 10927 34 11056 32 11184 32 11313 30 11441 30 11569 30 11698 28 11827 6 11835 11 11848 4 11853 1 11955 6 11963 10 12083 1 12085 4 12093 1 12095 4 12224 2,6375 1 6502 5 6630 5 6676 4 6758 6 6803 5 6885 7 6930 6 7013 7 7058 7 7141 7 7187 6 7269 7 7315 6 7377 2 7396 7 7404 2 7441 9 7505 3 7523 12 7568 11 7595 1 7633 4 7651 7 7659 4 7695 13 7720 7 7760 8 7779 7 7787 4 7823 13 7847 9 7888 9 7907 6 7914 5 7951 14 7974 11 8015 9 8034 13 8079 15 8102 11 8144 8 8161 7 8169 7 8206 16 8229 12 8273 7 8283 21 8334 17 8357 12 8401 6 8410 22 8463 16 8485 11 8529 31 8591 8 8600 24 8657 30 8718 9 8728 22 8786 29 8846 10 8857 20 8915 28 8974 11 8986 19 9044 27 9102 11 9114 18 9172 27 9230 29 9300 27 9359 28 9428 27 9487 29 9555 27 9615 28 9683 27 9743 30 9811 26 9872 29 9939 24 10000 29 10066 23 10129 28 10194 20 10258 27 10322 18 10388 26 10449 18 10518 25 10577 25 10648 23 10705 25 10774 17 10792 7 10833 25 10900 19 10920 7 10961 25 11028 28 11088 6 11095 19 11156 20 11177 7 11216 6 11223 18 11284 21 11306 7 11343 7 11351 18 11413 20 11434 7 11471 25 11542 27 11599 24 11671 19 11691 7 11726 23 11802 16 11819 8 11854 6 11861 14 11933 13 11948 7 11975 2 11981 5 11988 13 12063 12 12077 6 12089 1 12101 12 12115 11 12192 12 12207 5 12215 4 12228 7 12242 9 12323 11 12337 3 12342 5 12358 3 12369 8 12453 10 12467 2 12471 3 12497 4 12585 8 12595 2 12716 3
gap_2f0702879e205c2c16,,6615 2 6618 3 6746 2,,,6487 2 6614 1 6617 1 6743 3 9532 8 9659 9 9787 9 9915 9 10044 9 10173 2 10176 5 10305 4,8383 2 8509 7 8637 7 8765 7 8893 7 9022 4,,6457 7 6585 8 6595 6 6712 17 6816 3 6840 18 6880 3 6943 5 6968 17 7007 4 7072 2 7096 17 7135 6 7224 17 7262 7 7352 17 7390 7 7453 4 7480 17 7518 6 7578 9 7609 16 7647 3 7704 11 7737 16 7775 4 7831 13 7865 16 7901 8 7957 15 7994 3 8004 4 8027 11 8084 16 8154 14 8211 17 8282 16 8338 18 8409 18 8466 17 8537 19 8593 18 8665 20 8721 16 8793 20 8849 14 8921 21 8978 12 9049 21 9106 11 9180 1 9182 16 9235 10 9309 18 9364 9 9430 1 9442 13 9493 8 9515 4 9554 7 9571 12 9622 7 9641 7 9681 8 9702 9 9751 5 9768 8 9809 8 9829 10 9895 9 9937 8 9956 13 10023 9 10064 10 10085 13 10151 9 10192 10 10214 12 10279 9 10320 10 10343 11 10407 9 10448 10 10470 11 10502 2 10505 3 10536 7 10576 9 10593 16 10630 7 10664 7 10705 8 10721 15 10761 3 10793 5 10833 7 10846 18 10895 3 10922 3 10962 5 10972 19 11023 3 11091 3 11097 22 11151 2 11177 1 11185 1 11224 22 11302 15 11342 3 11349 24 11431 15 11467 32 11561 14 11593 31 11690 15 11720 29 11820 13 11847 28 11949 13 11974 27 12080 10 12101 26 12188 2 12211 6 12229 21 12316 2 12356 19 12484 16 12614 9
gap_7a51006b7abac421c5,5265 3 5397 2 5527 2 5655 2 5662 1 5783 2 5790 1 5911 4 6039 5 6165 1 6167 8 11057 1 11185 1 11312 1 11439 1,8727 4 8745 2 8858 1 8992 1 9001 1,,,,,6558 2 6685 3 6803 1 6806 14 6930 18 7056 1 7058 19 7195 10 7323 11 7451 11 7579 12 7706 14 7832 2 7835 2 7841 8 7960 2 7970 8 8100 6 11060 1 11188 1 11192 1 11320 2 11331 1 11447 3 11458 2 11575 4 11586 3 11702 6 11713 4 11830 7 11839 6 11952 1 11959 14 12086 3 12090 11 12214 3 12219 6 12227 2 12342 2 12348 4 12476 2 12604 2 12732 2 12859 3 12988 2 13115 2 13243 2 13271 3 13399 3,4175 1 4364 1 5103 2 5232 3 5361 2 5892 1 6019 2 6147 2 6774 2 6902 3 7030 4 7159 3 7184 4 7189 6 7287 3 7312 11 7416 2 7440 11 7544 2 7554 2 7568 11 7672 2 7682 2 7696 10 7810 2 7824 3 7831 1 7952 3 8080 3 8209 3 8338 1 8438 1 8468 1 8564 2 8567 2 8596 1 8693 1 8695 1 8697 1 8824 2 8952 3 9080 3 9208 3 9336 3 9464 2 9592 4 9720 3 9846 1 9973 2 9990 2 10102 2 10118 2 10231 2 10246 3 10358 2 10375 2 10485 2 10492 1 10503 3 10620 2 10632 2 10743 1 11634 2 11761 3 11888 3 12015 3 12142 4 12270 2 12310 3 12397 2 12438 5 12524 2 12567 6 12697 5 13398 1 13402 3 13528 5
gap_14fafb50d6b7e32f9e,4556 4 4678 15 4800 24 4917 6 4929 25 5037 14 5058 25 5163 15 5188 24 5289 16 5317 24 5415 17 5450 20 5541 18 5580 19 5668 18 5709 19 5795 18 5837 20 5922 19 5966 20 6049 20 6094 20 6177 19 6222 21 6304 20 6350 21 6432 20 6478 22 6559 21 6606 22 6687 21 6734 23 6814 22 6861 24 6942 22 6989 24 7070 22 7117 25 7197 23 7245 25 7325 23 7374 24 7452 24 7502 25 7580 24 7631 24 7708 24 7760 23 7836 25 7888 23 7964 25 8017 23 8092 26 8146 22 8220 26 8274 22 8348 25 8403 21 8476 23 8521 2 8530 22 8604 22 8649 3 8655 25 8732 22 8777 31 8860 19 8900 36 8988 19 9026 38 9117 17 9142 1 9153 39 9245 17 9268 2 9281 39 9373 17 9396 1 9409 38 9502 15 9537 38 9630 16 9666 37 9758 19 9796 35 9886 20 9926 33 10014 19 10055 32 10142 20 10183 31 10270 21 10312 30 10398 22 10440 30 10526 22 10569 28 10654 23 10697 28 10783 25 10826 26 10911 26 10954 25 11040 25 11082 25 11168 25 11211 23 11297 23 11340 21 11427 20 11469 19 11557 18 11598 16 11686 16 11728 13 11815 13 11858 8 11944 11 11989 2 12074 8 12204 3,5446 2 5560 7 5572 7 5687 8 5699 9 5814 10 5826 11 5941 25 6069 25 6196 26 6324 26 6452 26 6580 26 6708 25 6836 25 6964 24 7093 15 7111 5 7221 16 7240 5 7349 24 7477 24 7605 4 7614 16 7734 3 7744 15 7863 1 7873 14 8003 12 8132 11 8262 12 8375 8 8391 11 8500 12 8524 6 8628 12 8756 12 8887 8 9135 1 9263 2 9390 3 9398 3 9518 4 9525 7 9646 3 9652 8 9780 9 9907 10 10034 11 10162 11 10291 10 10420 9 10548 8 10677 5,,,9278 3 9406 3 9534 3 9663 2,,4035 7 4151 4 4161 11 4277 8 4286 2 4290 19 4403 9 4416 22 4527 26 4563 3 4654 14 4695 1 4779 2 4782 11 4905 5 5033 3 5160 2 5600 1 5729 1 5857 2 5986 2 6114 2 6243 2 6371 2 6500 2 6628 2 6757 2 6885 2 6939 2 7014 1 7067 2 7142 1 7194 3 7322 3 7450 2 7578 2 7705 3 7834 1 7962 1 8090 1 8681 1 8808 2 8936 2 9064 2 9192 2 9320 2 9447 3 9498 2 9575 3 9626 2 9703 3 9753 4 9831 3 9882 3 9922 2 9959 2 10010 4 10047 7 10087 1 10138 4 10173 10 10267 3 10301 10 10395 3 10429 10 10524 2 10557 11 10652 1 10685 10 10813 10 10940 11 11068 11 11196 11 11234 3 11293 2 11325 10 11361 4 11421 3 11453 10 11488 4 11550 3 11581 11 11615 4 11678 4 11709 11 11743 3 11807 2 11835 13 11849 5 11856 1 11869 4 11936 1 11961 5 11968 4 11976 11 11997 3 12083 3 12088 5 12097 3 12105 4 12111 7 12208 5 12216 4 12226 2 12234 3 12242 4 12330 10 12344 3 12354 2 12458 8 12482 2 12585 7,11245 1 11282 3 11372 2 11411 3 11498 3 11542 1 11625 4 11669 3 11752 4 11797 4 11879 4 11927 2 12006 3 12093 3 12101 4 12133 3 12220 5 12229 5 12238 1 12260 3 12342 1 12347 6 12357 12 12469 12 12485 13 12595 14 12612 13 12723 14 12740 12 12853 12 12869 10 12985 6
gap_af31d51c9eb4aef57b,3921 11 4049 12 4180 10 4316 2 4388 3 4514 5 4642 5 4769 5 4896 6 4965 1 5023 7 5094 2 5150 7 5223 1 5278 6 5351 2 5405 7 5479 3 5533 7 5608 2 5660 7 5736 3 5788 6 5864 3 5915 6 5992 3 6043 6 6120 3 6171 5 6248 3 6299 5 6377 2 6427 4 6505 3 6554 5 6633 3 6682 5 6761 3 6810 4 6889 4 6938 4 7017 4 7066 4 7145 4 7194 4 7273 4 7322 3 7402 3 7450 3 7530 3 7578 3 7657 4 7706 3 7785 4 7834 3 7913 4 7962 3 8041 4 8090 4 8169 4 8218 4 8296 5 8346 4 8424 4 8474 5 8520 2 8552 4 8602 5 8648 3 8679 5 8731 5 8762 1 8776 4 8807 5 8859 5 8889 2 8905 4 8934 6 8987 6 9017 2 9033 4 9061 6 9115 7 9145 2 9161 5 9189 6 9244 7 9273 2 9290 5 9315 8 9372 9 9400 3 9418 6 9442 8 9501 9 9527 3 9546 7 9568 10 9629 10 9654 4 9674 8 9694 11 9758 11 9780 6 9802 11 9818 15 9886 13 9906 7 9930 30 10015 25 10059 28 10144 24 10187 27 10273 22 10316 25 10402 20 10444 25 10532 17 10573 22 10662 13 10702 20 10831 18 10961 14 11092 9,4531 4 4653 1 4659 4 4782 1 4909 3 5038 2 7364 5 7493 5 7613 5 7621 6 7740 7 7750 7 7868 8 7878 7 7989 2 7995 9 8007 6 8116 3 8123 9 8135 6 8245 2 8251 9 8266 3 8373 2 8380 7 8502 2 8509 5,3775 5 3901 14 4026 21 4154 23 4281 34 4409 38 4537 40 4664 42 4792 43 4920 45 5047 46 5174 48 5301 50 5427 52 5555 52 5683 53 5811 53 5941 51 6070 50 6200 48 6329 48 6458 47 6587 46 6688 3 6719 42 6816 4 6849 40 6943 6 6978 39 7071 7 7106 39 7198 9 7236 37 7326 10 7369 32 7454 10 7498 31 7582 11 7627 30 7709 14 7757 28 7837 15 7885 28 7965 19 8013 28 8094 22 8141 27 8222 23 8269 27 8351 22 8396 28 8479 23 8525 26 8607 24 8653 26 8736 23 8781 25 8865 22 8910 23 8994 20 9038 23 9123 19 9167 21 9252 17 9296 19 9382 15 9425 17 9511 13 9554 14 9641 10 9683 11 9770 8,,5672 5 5798 7 5810 1 5925 1 5927 7 5938 3 6053 9 6065 5 6179 12 6192 8 6306 23 6434 24 6561 26 6691 27 6820 24 6949 23 7078 22 7208 19 7338 17 7466 16 7593 15 7723 12 7852 3 7858 5 7987 2,,3001 5 3126 8 3146 5 3252 9 3274 6 3284 1 3379 5 3387 1 3397 2 3403 12 3535 11 3667 5 3753 3 3878 5 4005 5 4064 2 4131 5 4192 3 4259 2 4321 2 5020 2 5097 2 5147 3 5225 3 5275 3 5353 3 5402 3 5482 2 5531 1 6380 1 6425 1 6508 2 6552 2 6636 3 6680 2 6765 2 6808 2 6893 1 7960 1 8088 2 8173 1 8216 2 8301 1 8344 2 8429 1 8473 1 8557 1 8601 1 8685 1 8766 9 8893 11 9020 13 9148 13 9276 13 9404 12 9531 14 9659 14 9788 13 9917 11 10014 1 10045 10 10142 2 10174 8 10215 1 10270 3 10303 6 10342 1 10399 3 10428 2 10431 6 10469 2 10528 3 10556 11 10596 2 10658 1 10684 12 10723 2 10800 1 10814 10 10850 1 10926 4 10943 4 11072 3 11088 3 11200 2 11217 2 11328 2 11456 2 11584 2 11712 2,10807 5 10932 10 10952 5 11058 13 11076 10 11178 21 11203 12 11305 22 11331 14 11434 21 11459 19 11564 19 11587 20 11693 17 11716 17 11824 12 11845 13 11976 4
gap_e3291d1a7d6d1ed175,,7625 2 7744 2 7753 3 7871 5 7882 3 7998 7 8007 2 8011 2 8126 14 8253 8 8263 5 8381 7 8391 6 8509 6 8520 5 8637 4 8649 4,3643 2 3769 12 3895 19 4024 35 4153 37 4281 39 4409 41 4538 42 4667 42 4795 44 4924 44 5053 45 5183 44 5311 44 5441 43 5569 44 5698 44 5826 44 5955 44 6084 43 6213 43 6341 43 6469 44 6597 44 6726 43 6854 44 6983 43 7111 43 7240 42 7368 42 7496 42 7624 1 7627 39 7756 38 7885 37 8013 37 8142 36 8271 35 8399 35 8528 34 8656 34 8784 34 8856 1 8913 33 8984 1 9041 33 9170 31 9298 31 9426 30 9555 28 9683 28 9812 26 9940 26 10069 25 10197 23 10326 21 10455 19 10585 16 10714 13 10845 7,8248 1 8612 5 8739 10 8865 21 8993 23 9120 25 9248 25 9376 25 9504 25 9632 17 9650 7 9760 25 9888 25 10017 23 10145 23 10274 21 10403 19 10531 18 10660 15 10789 12 10918 9,4016 8 4142 11 4269 12 4396 13 4524 14 4651 16 4778 17 4896 5 4906 18 5023 7 5035 16 5151 7 5163 16 5277 10 5290 17 5404 12 5417 18 5531 31 5659 14 5678 13 5787 14 5808 13 5915 15 5938 13 6043 15 6067 14 6171 14 6195 14 6299 14 6322 15 6430 10 6450 15 6559 6 6578 12 6688 6 6706 11 6815 7 6835 9 6943 7 6963 9 7071 7 7088 1 7092 3 7097 3 7200 6 7215 2 7225 3 7328 6 7343 2 7353 2 7457 4 7471 2 7475 1 7599 6 7726 8 7851 12 7978 12 8104 13 8229 13 8356 12 8485 8 8600 2 8617 3 8727 4 8855 1 8857 2 8985 2 9113 1,,4507 1 4633 3 4761 2 4888 2 5016 1 7698 1 7826 1 7954 2 8082 1 8210 1 8899 3 9025 9 9152 11 9279 12 9406 14 9534 14 9662 14 9711 1 9750 2 9790 14 9838 2 9878 3 9919 13 9966 2 10007 2 10046 14 10094 1 10135 3 10175 12 10263 3 10303 12 10393 1 10431 11 10558 12 10686 12 10814 12 10944 10 11074 7 11106 1 11203 1 11209 5 11232 3 11360 2,9531 1 9550 1 9658 3 9678 1 9785 4 9806 1 9913 4 9934 1 10041 4 10061 2 10169 4 10189 3 10297 2 10317 2 10445 2 10573 3 10702 1 11191 10 11218 1 11315 15 11333 5 11344 7 11438 20 11461 9 11471 11 11563 23 11589 22 11690 24 11716 24 11818 24 11844 24 11947 49 12075 24 12100 23 12204 21 12229 21 12334 18 12358 19 12466 6 12473 3 12489 13
gap_ee158c193a0cb4e8f5,,6464 4 6591 6 6719 7 6841 2 6847 7 6857 3 6969 2 6975 7 6983 7 7096 3 7104 4 7111 7 7238 8 7367 7 7496 5 7625 2,,,4545 6 4673 7 4790 6 4800 9 4913 12 4928 12 5041 13 5056 13 5169 13 5185 18 5204 9 5297 12 5314 29 5423 14 5442 29 5548 17 5571 28 5674 18 5699 28 5800 8 5811 8 5828 15 5844 11 5917 6 5927 8 5940 5 5956 14 5976 12 6044 8 6054 8 6068 5 6084 3 6088 9 6105 12 6169 12 6182 8 6193 8 6217 7 6234 11 6297 12 6311 17 6345 2 6363 10 6425 13 6439 18 6472 3 6492 14 6553 33 6600 3 6619 16 6681 34 6729 3 6747 17 6809 32 6860 1 6875 18 6937 32 7002 19 7066 30 7129 20 7196 23 7257 20 7324 23 7385 20 7452 15 7470 1 7515 18 7580 13 7645 15 7709 11 7773 14 7837 11 7902 12 7966 10 8030 10 8095 8 8159 7 8225 6 8287 6 8355 2,,7360 4 7484 10 7610 14 7738 16 7865 17 7992 19 8120 19 8248 19 8376 19 8505 18 8633 17 8761 17 8889 16 9021 12 9145 15 9272 4 9277 11 9400 17 9528 18 9657 17 9787 6 9794 7 9916 10 10045 8 10175 5 10303 3 10432 2 10560 2 10688 2 10816 2 10943 3 11072 2,7471 6 7501 1 7597 9 7629 6 7725 9 7757 7 7852 10 7885 8 7979 11 8013 9 8107 11 8141 9 8217 1 8235 12 8268 10 8345 3 8364 11 8396 10 8473 5 8492 10 8524 10 8602 6 8620 10 8652 10 8731 8 8749 9 8781 9 8861 8 8878 8 8909 8 8990 8 9008 4 9037 8 9120 6 9166 6 9249 6 9378 6 9508 3 9643 2 9646 5 9686 3 9770 10 9807 10 9897 16 9933 12 10025 18 10057 16 10153 19 10181 20 10281 21 10308 21 10410 21 10436 20 10539 20 10563 20 10669 18 10691 20 10798 17 10819 19 10927 15 10947 18 11059 11 11075 16 11188 10 11204 10 11317 7 11332 9 11448 1 11462 5
gap_df0b05f9b941fdd2a5,3788 13 3880 1 3915 19 4006 4 4043 20 4133 4 4172 20 4260 5 4300 21 4387 6 4429 22 4514 6 4557 23 4641 7 4685 24 4768 7 4814 24 4895 8 4942 25 5022 9 5071 24 5150 9 5199 25 5278 8 5328 24 5405 9 5456 25 5533 9 5584 25 5661 9 5712 25 5789 9 5841 25 5917 9 5973 21 6044 11 6103 19 6172 12 6233 17 6300 13 6361 18 6427 15 6489 18 6555 15 6617 18 6684 15 6743 20 6812 16 6871 20 6940 17 6998 21 7068 18 7125 22 7196 20 7253 22 7324 21 7363 3 7380 23 7451 24 7491 4 7505 26 7579 26 7618 7 7631 28 7707 30 7746 41 7835 30 7874 41 7963 30 8002 41 8091 30 8130 41 8220 29 8258 41 8348 29 8387 40 8476 29 8515 40 8604 29 8644 39 8732 30 8774 36 8860 30 8904 34 8989 29 9033 33 9117 29 9161 33 9245 30 9290 31 9374 29 9418 31 9502 29 9546 30 9630 29 9674 30 9759 28 9802 29 9887 28 9930 29 10016 26 10058 28 10145 24 10186 27 10273 24 10315 26 10402 22 10443 25 10531 20 10572 23 10661 17 10701 21 10791 13 10830 19 10921 9 10959 17 11089 14 11219 9,3002 6 3129 8 3256 9 3385 4 3895 8 4013 20 4139 23 4266 26 4393 29 4521 30 4649 30 4776 32 4904 32 5032 33 5160 15 5176 17 5288 15 5304 18 5417 14 5433 17 5545 15 5561 17 5673 15 5689 17 5802 14 5817 16 5930 14 5946 15 6059 13 6075 13 6187 13 6201 1 6206 9 6316 12 6329 2 6336 6 6444 17 6472 7 6573 12 6599 10 6701 12 6726 12 6830 10 6853 14 6959 9 6981 15 7089 7 7110 13 7218 6 7238 13 7367 12 7496 9 7627 3 7995 4 8122 6 8250 7 8377 8 8505 8 8634 7 8762 4,6486 2,,7487 2 7615 2,,3265 3 3271 1 3273 10 3375 1 3394 5 3401 14 3524 3 3530 17 3669 8 3803 3 4638 2 4710 2 4765 2 4838 2 4893 2 4967 2 5738 1 5787 2 5866 2 5914 3 5994 2 6042 2 6123 1 6170 2 7194 1 7275 1 7322 1 7403 2 7450 1 7531 2 7578 1 7659 2 8766 2 8895 7 8987 1 9021 10 9115 2 9148 12 9243 2 9276 13 9321 1 9372 1 9404 13 9449 1 9500 2 9532 11 9544 1 9577 1 9629 1 9660 12 9704 2 9757 1 9788 12 9832 1 9886 1 9917 10 9959 2 10045 10 10174 9 10303 6 10431 6 10556 11 10684 11 10813 10 10942 8 11048 4 11071 5 11176 7 11200 3 11305 5 11328 3 11354 4 11456 3 11478 7 11584 3 11607 5 11712 3 11840 3,10935 4 11060 11 11077 7 11186 14 11204 11 11313 15 11331 13 11440 16 11459 14 11568 16 11587 15 11697 14 11716 14 11830 7 11846 12
gap_d5109553a48359545f,4395 3 4426 12 4520 7 4554 14 4646 6 4683 15 4772 7 4812 16 4897 8 4941 19 5022 9 5069 22 5149 10 5198 23 5275 11 5326 25 5402 12 5455 25 5529 13 5583 26 5656 13 5711 27 5783 14 5840 26 5911 14 5968 27 6038 15 6096 28 6165 16 6225 28 6293 16 6353 29 6420 18 6481 30 6547 19 6609 31 6675 19 6736 32 6803 20 6864 33 6931 20 6992 33 7058 21 7120 33 7186 22 7248 34 7314 22 7375 35 7442 23 7503 35 7570 24 7630 36 7698 25 7757 37 7826 26 7884 38 7954 27 8010 40 8082 27 8136 43 8210 29 8262 45 8338 30 8390 45 8466 32 8517 46 8594 35 8645 46 8722 39 8773 46 8850 40 8902 44 8978 39 9030 44 9107 39 9158 44 9235 39 9287 43 9364 38 9416 41 9492 38 9545 40 9621 37 9673 40 9749 37 9802 39 9877 38 9930 39 10006 37 10058 38 10134 37 10186 38 10263 36 10314 37 10391 36 10442 37 10520 34 10571 35 10649 33 10699 35 10778 31 10827 34 10907 30 10955 34 11036 28 11084 32 11165 26 11213 30 11294 24 11341 29 11424 20 11470 27 11554 17 11599 24 11685 12 11729 21 11817 4 11859 17 11989 13 12121 6,4663 12 4781 4 4786 19 4906 29 5033 31 5160 33 5287 35 5414 38 5542 40 5669 42 5797 42 5925 43 6054 42 6181 43 6310 43 6438 43 6566 42 6695 41 6823 41 6951 41 7080 40 7208 39 7337 38 7466 25 7493 10 7594 25 7620 10 7723 23 7748 9 7852 22 7876 8 7981 20 8005 5 8110 17 8240 12 8369 9 8499 6 8763 6 8890 7 9018 7 9146 7 9274 7 9402 7 9530 5,,,8514 3 8641 4 8769 4 8897 1,,3633 6 3759 10 3791 10 3886 10 3918 12 4009 13 4046 13 4134 9 4177 12 4260 10 4310 8 4387 7 4440 8 4514 5 4570 6 4640 5 4701 3 4768 2 5482 1 5610 4 5653 3 5738 4 5780 3 5867 4 5907 4 5996 3 6035 3 6125 2 6163 2 6254 1 6291 2 6419 1 7410 1 7440 2 7538 2 7567 3 7666 2 7695 3 7794 3 7823 3 7922 3 7951 3 8051 1 8080 2 8208 1 9075 1 9202 2 9233 1 9330 2 9361 2 9457 3 9489 3 9538 5 9585 3 9617 3 9664 8 9713 2 9746 3 9791 10 9841 2 9874 3 9918 11 9969 2 10003 2 10046 11 10097 1 10132 2 10173 12 10261 1 10301 12 10429 12 10557 12 10685 12 10813 11 10942 10 11069 10 11197 9 11324 12 11452 13 11498 2 11549 4 11577 4 11583 10 11624 3 11678 5 11705 3 11713 3 11751 3 11807 6 11877 4 11937 6 12004 4 12066 7 12131 3 12196 4,11708 3 11829 3 11835 5 11844 5 11850 3 11955 14 11971 12 12081 31 12209 32 12336 35 12463 36 12591 13 12611 16 12723 4 12743 11
gap_23c818f8c6cff2257b,6847 2 6974 4 7103 2 7231 2 7621 2 7748 5 7861 3 7876 6 7988 4 8005 6 8115 5 8133 7 8242 6 8261 9 8368 9 8390 8 8496 9 8518 7 8624 8 8647 6 8752 7 8881 6 9009 5 9139 1,6969 1,,,,,7741 3 7868 6 7884 2 7984 3 7995 8 8013 2 8112 2 8123 8 8251 8 8379 8 8507 9 8618 1 8635 9 8658 1 8746 1 8763 8 8891 8 9020 7 9149 5 9159 2 9270 3 9278 3 9289 2 9387 2 9398 3 9407 2 9418 5 9535 2 9664 1,7389 2 7517 5 7645 3 7650 2 7659 2 7773 7 7785 4 7843 1 7912 4 7959 1 7970 3 8040 3 8087 1 8095 6 8167 4 8215 1 8222 7 8295 4 8350 5 8422 4 8550 3 8677 3 8727 2 8856 2 9403 3 9410 3 9530 4 9538 4 9658 4 9666 5 9786 3 9796 2 9914 1
gap_aef9032019a555e532,4264 8 4390 15 4516 24 4642 26 4675 25 4769 26 4803 27 4895 25 4933 27 5022 20 5062 27 5149 17 5192 26 5276 17 5321 26 5404 16 5451 26 5531 16 5580 27 5657 17 5710 26 5784 18 5839 27 5911 19 5968 27 6039 19 6097 26 6166 20 6225 27 6294 19 6354 27 6422 19 6482 27 6549 20 6611 27 6677 20 6739 27 6805 20 6866 28 6932 21 6994 28 7060 22 7121 30 7188 22 7249 30 7316 22 7376 31 7443 24 7503 33 7571 24 7631 33 7699 25 7758 34 7827 25 7885 35 7955 26 8013 36 8083 27 8140 37 8211 28 8268 37 8339 29 8397 36 8467 30 8525 36 8595 31 8654 35 8723 33 8783 3 8787 30 8852 36 8912 33 8980 37 9030 6 9039 33 9108 36 9158 42 9236 36 9286 42 9365 35 9414 42 9493 35 9542 42 9621 35 9671 41 9750 34 9800 39 9878 35 9928 39 10006 36 10057 38 10135 35 10185 37 10264 35 10313 37 10392 35 10441 37 10521 33 10569 36 10650 32 10698 35 10778 31 10826 34 10907 30 10954 33 11036 28 11083 32 11165 26 11211 31 11295 23 11340 29 11424 21 11469 27 11553 18 11598 25 11683 14 11727 23 11814 9 11857 19 11986 17 12116 13 12247 7,5049 11 5175 15 5300 19 5426 22 5549 27 5676 27 5803 28 5834 4 5930 28 5962 5 6058 28 6088 8 6186 39 6313 41 6441 41 6569 42 6697 42 6825 41 6953 41 7082 39 7210 39 7339 37 7467 36 7596 25 7622 8 7724 25 7750 6 7853 29 7982 26 8111 26 8240 26 8369 26 8498 6 8506 1 8510 14 8629 2 8639 14 8768 14 8906 4 9018 5 9037 1 9145 6 9272 8 9400 8 9528 8 9656 7 9785 5 9913 4 10042 3,,,8896 3 9023 5 9151 3,,3637 1 3755 13 3882 22 3909 3 4009 41 4143 13 4158 23 4274 9 4286 26 4415 8 4426 16 4556 8 4961 5 5090 5 5219 4 5348 3 5400 3 5478 2 5528 2 5656 1 6638 2 6766 3 6894 3 6930 2 7022 3 7057 3 7151 2 7185 3 7279 2 7313 2 7408 1 7441 2 7569 2 7697 2 7825 1 8689 2 8817 2 8849 2 8945 2 8977 3 9073 2 9106 2 9201 2 9234 2 9328 3 9362 3 9456 2 9491 2 9584 2 9619 2 9666 3 9712 1 9748 1 9792 7 9919 9 10046 10 10173 11 10301 12 10429 11 10557 11 10685 11 10733 2 10813 11 10861 2 10941 11 10988 2 11033 2 11070 9 11115 3 11162 3 11198 8 11242 3 11291 3 11324 10 11370 3 11419 4 11451 12 11497 3 11548 5 11578 14 11624 3 11677 5 11705 15 11751 3 11806 6 11832 2 11840 3 11877 4 11936 6 12004 4 12065 9 12097 1 12131 4 12195 8 12224 1 12257 5 12325 6 12352 2 12384 4 12480 2 12508 3 12634 3,11835 4 11961 7 11971 5 12082 14 12099 6 12209 15 12227 11 12335 16 12355 13 12462 17 12483 14 12589 19 12611 15 12719 16 12739 16 12858 4 12867 16 12996 4
gap_c6e7c0ccbc1ad33958,4431 4 4553 12 4678 17 4806 19 4936 18 5034 4 5066 18 5160 8 5197 17 5287 10 5327 16 5414 11 5455 17 5540 12 5583 18 5667 12 5712 18 5794 12 5840 19 5921 13 5968 19 6048 14 6096 20 6176 13 6224 21 6303 14 6352 21 6431 14 6480 22 6559 14 6608 22 6686 15 6736 23 6813 16 6864 23 6940 17 6991 25 7068 17 7119 25 7195 18 7247 25 7323 18 7374 27 7451 18 7502 27 7578 19 7630 27 7706 19 7759 26 7834 19 7888 26 7962 20 8019 23 8090 20 8147 23 8218 21 8272 26 8346 22 8399 27 8474 23 8527 27 8602 24 8654 28 8730 26 8782 1 8787 23 8858 27 8910 1 8915 23 8986 27 9030 6 9043 23 9114 26 9155 10 9171 23 9242 24 9282 12 9297 25 9370 23 9410 13 9424 26 9498 19 9538 39 9627 18 9646 4 9668 37 9755 23 9798 35 9883 23 9927 34 10011 23 10056 32 10139 24 10184 32 10267 24 10313 31 10396 23 10441 30 10524 25 10569 30 10652 27 10697 29 10781 26 10826 28 10910 26 10954 27 11039 25 11083 25 11168 23 11212 23 11298 21 11340 22 11428 18 11470 19 11558 16 11598 18 11687 14 11727 16 11817 11 11858 11 11948 6 11988 6 12078 1,5177 5 5303 8 5430 9 5557 10 5580 2 5684 11 5700 2 5707 4 5811 11 5825 8 5835 5 5939 29 6067 29 6195 29 6323 29 6451 29 6582 26 6703 1 6714 22 6830 5 6842 21 6958 7 6971 15 6987 3 7086 7 7099 12 7114 4 7214 7 7228 6 7241 5 7342 3 7347 3 7357 4 7370 3 7471 1 7476 16 7604 18 7732 20 7860 26 7988 28 8117 27 8246 25 8375 23 8505 20 8635 16 8763 15 8892 10 8913 2 9021 6 9041 2 9142 1 9169 1 9267 5 9394 8 9523 8 9651 9 9779 9 9906 10 10034 10 10163 9 10291 8 10419 7 10549 4,,,,,4033 11 4149 31 4276 7 4290 8 4301 11 4404 7 4414 11 4437 4 4528 3 4532 9 4566 3 4653 2 4696 1 4825 2 4902 2 4956 2 5085 2 5158 1 5411 1 5538 1 5664 2 5791 3 5919 1 6117 1 6245 1 6373 2 6502 2 6630 3 6759 2 6887 2 7016 2 7144 2 7273 1 7401 1 7448 2 7575 3 7703 3 7831 3 7959 3 8087 3 8215 2 8343 2 8472 1 8939 1 9066 2 9194 2 9240 2 9322 2 9367 3 9450 2 9495 3 9577 3 9624 3 9705 3 9752 3 9794 2 9833 3 9880 3 9919 7 9961 3 10008 3 10046 9 10089 2 10136 3 10173 11 10217 2 10265 2 10301 11 10344 2 10393 2 10428 12 10472 2 10556 11 10684 11 10812 11 10939 12 11067 12 11195 12 11292 2 11324 11 11364 1 11420 3 11452 11 11490 3 11549 3 11580 12 11617 3 11677 4 11707 17 11743 4 11806 3 11833 14 11849 4 11870 5 11935 1 11959 6 11968 4 11975 11 11999 3 12083 1 12087 6 12097 2 12104 4 12110 5 12127 1 12207 6 12215 5 12225 2 12233 3 12240 3 12332 7 12344 2 12353 2 12362 1 12459 6 12481 2 12586 4 12609 1,12093 2 12101 3 12220 5 12228 5 12342 2 12346 7 12355 7 12363 5 12469 12 12483 14 12595 14 12611 14 12722 15 12740 13 12852 12 12869 7 12984 1 12987 4
gap_07140920855425927b,,,,,,,,7129 1 8128 1 8159 2 8256 3 8287 2 8378 2 8384 3 8416 2 8505 3 8512 5 8544 2 8633 3 8641 4 8759 4 8770 5 8803 3 8887 4 8898 5 8929 8 8984 2 9014 5 9027 5 9055 14 9109 6 9142 4 9155 5 9182 17 9234 11 9269 4 9284 5 9310 17 9360 14 9397 4 9413 5 9438 18 9487 16 9524 5 9542 5 9566 18 9614 17 9651 5 9670 2 9673 3 9695 17 9742 17 9778 5 9799 6 9823 17 9869 18 9906 5 9928 6 9952 16 9998 17 10033 6 10057 8 10082 13 10126 17 10160 6 10185 10 10211 12 10254 15 10286 8 10314 3 10318 7 10340 9 10383 13 10412 9 10442 3 10446 7 10471 3 10511 11 10538 11 10571 11 10641 7 10665 11 10699 7 10707 3 10792 8 10801 3 10828 5 10834 3 10854 5 10920 7 10928 3 10956 4 10961 4 10977 12 11025 2 11049 3 11055 4 11085 7 11102 15 11151 10 11177 4 11183 3 11198 2 11214 5 11230 15 11279 12 11306 7 11326 3 11343 1 11349 6 11356 16 11408 16 11435 4 11454 2 11475 24 11538 17 11582 3 11601 24 11667 19 11710 3 11728 24 11795 28 11839 2 11855 23 11924 29 11967 1 11980 24 12054 30 12107 22 12185 28 12235 20 12317 24 12364 15 12449 21 12493 9 12581 17 12625 3 12715 9
gap_f96037135780825463,5697 3 5823 6 5950 7 6078 8 6206 8 6334 8 6462 8 6574 3 6590 8 6700 7 6718 7 6826 10 6847 5 6951 13 6975 5 6995 4 7077 16 7103 5 7121 7 7202 19 7230 7 7247 10 7328 21 7358 7 7373 14 7455 22 7486 7 7499 17 7582 23 7615 5 7627 19 7709 25 7743 5 7754 21 7836 28 7873 1 7882 22 7964 28 8009 24 8091 30 8137 25 8218 32 8265 26 8345 34 8393 27 8473 35 8522 26 8600 36 8650 27 8728 36 8779 27 8855 36 8907 27 8983 36 9036 27 9111 35 9164 27 9239 35 9293 26 9368 33 9421 26 9496 33 9550 25 9624 32 9678 24 9753 31 9806 24 9881 31 9935 22 10010 29 10064 21 10139 27 10193 19 10267 26 10322 17 10396 24 10451 15 10524 24 10579 14 10653 22 10708 12 10782 20 10838 8 10910 19 10969 2 11040 15 11170 12 11303 4,6066 4 6193 5 6316 1 6440 6 6478 1 6567 5 6606 1 6695 3 6988 3 7116 3 7238 2 7350 1 7355 2 7366 2 7477 3 7483 2 7493 4 7606 2 7611 3 7622 3 7740 2 7868 2,,,8001 2,,7000 1 7129 2 7198 1 7258 3 7324 3 7387 2 7451 4 7578 4 7705 3 7833 3 7960 3 8034 2 8088 2 8162 4 8216 1 8256 4 8291 4 8383 7 8420 5 8511 9 8549 5 8638 10 8677 5 8766 11 8807 4 8893 12 8935 3 9021 12 9108 2 9149 12 9235 3 9277 12 9363 4 9406 11 9491 4 9534 9 9620 3 9662 10 9749 2 9785 1 9788 13 9913 2 9916 14 9959 2 10040 2 10044 13 10086 3 10168 2 10172 14 10213 5 10295 21 10318 2 10341 5 10422 9 10432 9 10442 3 10447 3 10469 4 10519 3 10549 10 10560 8 10569 5 10575 3 10597 2 10647 3 10677 18 10698 9 10775 4 10807 6 10814 8 10827 9 10903 6 10935 6 10942 1 10944 5 10954 11 11032 5 11066 4 11074 2 11085 3 11091 6 11162 2 11193 4 11202 1 11220 7 11350 7 11480 4,4662 2 4789 2 4916 3 4920 1 4939 1 5044 5 5066 3 5172 5 5195 2 5288 4 5300 5 5414 8 5539 3 5544 5 5665 4 5671 4 5724 1 5792 9 5852 2 5920 7 5982 2 6048 5 6111 1 6175 3 6245 2 6371 7 6500 7 6629 6 6653 3 6758 4 6764 1 6780 5 6787 2 6888 6 6906 6 6914 4 7019 3 7033 7 7042 1 7044 3 7160 7 7172 5 7288 5 7300 5 7416 5 7430 3 7544 5 7672 5 7682 1 7800 5 7928 3 7932 2 8055 9 8182 10 8310 9 8321 2 8438 8 8449 2 8566 9 8577 3 8694 9 8706 4 8823 9 8834 5 8952 8 8964 4 9080 6 9092 5 9208 5 9218 1 9220 5 9335 5 9345 8 9462 5 9474 7 9590 4 9597 3 9602 8 9718 2 9724 5 9730 8 9846 1 9852 5 9858 8 9980 5 9986 9 10108 5 10115 7 10225 1 10236 5 10243 8 10352 2 10355 2 10364 5 10372 8 10480 2 10483 2 10492 4 10501 7 10608 1 10611 1 10620 4 10630 6 10735 1 10748 4 10759 6 10863 1 10875 5 10889 4 10951 3 10990 1 11002 4 11018 4 11078 4 11117 2 11121 1 11130 4 11147 4 11198 2 11205 6 11244 1 11248 2 11257 5 11276 3 11320 8 11334 6 11376 1 11384 5 11405 3 11448 8 11462 7 11495 1 11503 1 11512 6 11534 3 11577 7 11591 5 11599 1 11623 1 11639 9 11663 3 11702 1 11705 7 11717 2 11720 8 11751 1 11756 1 11766 8 11792 4 11850 5 11878 5 11893 6 11921 4 11987 1 12005 5 12020 2 12041 2 12051 4 12134 2 12148 2 12169 4 12180 4 12262 1 12277 1 12299 3 12309 4 12391 1 12437 5 12566 6 12693 3 12697 5 12825 5 12954 2
gap_350b99f73cfe4df065,,6727 1 6855 1,,,,,7364 1 7489 4 7614 8 7742 9 7870 9 7997 10 8124 12 8246 5 8252 10 8264 3 8270 3 8371 7 8380 2 8384 11 8398 4 8499 4 8508 3 8512 5 8518 4 8527 2 8628 1 8636 4 8641 10 8763 5 8769 10 8891 15 9020 12 9149 10 9278 8 9407 7 9536 5 9665 4 9793 4 9922 2,6799 2 6933 2 7188 5 7213 4 7315 7 7340 5 7381 1 7405 5 7442 9 7468 4 7507 4 7532 8 7569 11 7596 4 7636 4 7659 9 7697 12 7724 3 7764 5 7786 10 7826 11 7853 1 7892 5 7912 13 7953 13 8021 4 8033 2 8040 13 8081 13 8151 1 8161 2 8167 15 8209 14 8287 4 8295 15 8337 13 8415 4 8422 16 8465 13 8484 1 8486 1 8542 4 8550 16 8593 14 8610 5 8670 5 8676 19 8722 21 8798 25 8850 21 8926 24 8979 12 8994 5 9056 3 9060 18 9108 12 9121 6 9163 3 9186 19 9239 16 9288 6 9316 16 9368 15 9401 5 9415 7 9446 4 9451 7 9503 1 9528 7 9542 8 9656 8 9669 9 9784 9 9797 8 9913 8 9925 7 9961 4 10010 3 10041 8 10053 7 10087 7 10138 4 10170 7 10182 5 10214 7 10266 5 10298 6 10310 4 10341 7 10394 5 10427 3 10468 6 10523 5 10596 5 10652 4 10724 3 10781 4 10911 2
gap_bf7399ac620e1ee83d,,,,,,,8264 1 8385 2 8392 1 8510 7 8637 10 8765 10 8892 11 9021 10 9149 11 9277 10 9404 2 9407 6 9414 1 9523 5 9530 11 9542 2 9651 22 9780 21 9909 16 9928 6 10039 2 10048 4 10057 2 10060 1 10176 3,6777 1 6904 2 7032 2 7161 1 7470 4 7597 4 7724 5 7763 4 7791 5 7852 4 7892 3 7917 8 7955 5 7979 4 8021 3 8045 2 8049 5 8081 8 8106 4 8149 4 8169 1 8177 5 8208 10 8234 3 8278 4 8296 2 8301 3 8305 5 8336 11 8362 2 8407 3 8419 2 8423 2 8429 8 8463 12 8490 1 8535 4 8547 2 8551 3 8556 9 8591 13 8605 2 8664 4 8675 2 8679 3 8684 6 8691 2 8718 18 8792 5 8803 1 8807 4 8812 6 8819 2 8845 20 8921 4 8929 1 8935 4 8940 5 8946 3 8973 16 8990 4 9050 4 9057 2 9064 9 9074 2 9101 21 9179 4 9185 2 9192 5 9198 1 9201 3 9229 21 9307 8 9321 10 9358 21 9436 6 9449 8 9487 20 9565 4 9578 6 9615 20 9707 4 9746 17 9877 6 9887 3 9968 1 10054 1 10094 4 10168 7 10181 4 10220 7 10295 9 10308 7 10346 8 10423 9 10435 9 10474 6 10515 4 10551 10 10563 9 10602 5 10643 5 10680 8 10691 8 10731 1 10771 6 10809 7 10820 6 10899 6 10938 4 10950 1 11029 5 11160 1
gap_a71d591740824199cc,3866 3 3991 6 4046 5 4054 2 4116 8 4171 17 4241 9 4297 22 4367 10 4423 27 4494 10 4551 29 4620 10 4679 31 4748 10 4807 33 4875 10 4936 34 5002 10 5064 36 5130 10 5193 37 5257 10 5321 38 5385 10 5449 39 5513 10 5577 40 5640 11 5706 40 5768 11 5834 41 5895 12 5962 13 5987 16 6023 12 6090 11 6116 16 6151 12 6218 9 6246 15 6279 12 6346 7 6376 13 6407 12 6474 6 6506 12 6534 13 6602 5 6635 11 6662 13 6730 4 6765 9 6790 14 6859 2 6894 8 6918 14 7023 8 7046 14 7151 8 7174 14 7281 6 7303 14 7409 6 7431 14 7538 5 7559 14 7667 4 7687 15 7795 5 7815 15 7924 4 7943 16 8052 3 8071 17 8180 3 8199 19 8308 3 8327 20 8437 2 8456 21 8565 2 8584 22 8693 2 8712 24 8821 2 8840 25 8949 1 8968 27 9097 27 9225 33 9353 34 9414 2 9482 33 9542 4 9610 34 9671 4 9738 34 9799 5 9866 34 9928 5 9995 34 10056 5 10123 35 10185 5 10252 34 10313 5 10380 35 10441 6 10509 36 10569 7 10638 37 10697 7 10767 37 10826 7 10895 37 10954 8 11024 36 11083 7 11153 34 11211 8 11282 33 11340 8 11411 31 11468 10 11540 29 11597 10 11670 26 11725 11 11800 23 11854 13 11930 19 11984 13 12060 2 12066 5 12072 3 12114 15 12244 14 12372 13 12504 8,3629 4 3757 4 3886 2 3894 2 3903 2 3906 1 3910 2 4012 1 4015 2 4031 3 4037 4 4134 15 4159 2 4165 4 4260 19 4293 3 4386 24 4510 29 4636 33 4763 35 4888 39 5016 39 5142 43 5270 43 5399 42 5527 43 5654 45 5781 46 5909 46 6036 47 6165 34 6208 2 6293 23 6318 10 6421 30 6452 6 6459 3 6550 29 6580 10 6678 31 6711 6 6806 31 6839 1 6842 4 6848 3 6935 29 6966 7 6978 1 7012 1 7063 30 7094 5 7100 1 7106 3 7191 35 7320 28 7351 3 7448 29 7480 1 7577 27 7705 27 7833 27 7886 1 7961 27 8014 2 8090 26 8143 1 8219 21 8246 5 8349 19 8377 2 8479 18 8608 17 8737 15 8868 9 8998 6 9139 4 9265 5 9392 6 9519 2 9523 4 9646 4 9651 5 9662 1 9664 2 9774 10 9794 1 9902 10 9923 1 10030 9 10052 1 10158 9 10287 7 10417 3,7008 4 7130 1 7134 8 7253 4 7261 7 7381 1 7383 12 7397 3 7511 16 7636 1 7638 12 7653 1 7762 7 7770 9 7887 4 7892 6 7899 2 7904 5 7910 2 8016 2 8024 1 8027 2 8035 5 8144 1 8152 1 8155 2 8161 8 8170 1 8275 2 8280 6 8290 11 8404 10 8420 4 8532 3 8539 2 8543 4 8548 5 8660 9 8671 4 8676 4 8788 1 8790 6 8797 1 8799 8 8917 3 8922 3 8927 6 8938 1 9043 2 9051 8 9062 2 9179 6 9190 2 9308 5 9315 1 9317 3 9431 3 9437 2 9440 1 9443 8 9559 2 9562 2 9569 1 9571 1 9574 5 9702 3 9823 5 9831 1 9950 5 9960 5 10091 1 10210 1 10219 1 10595 1 10724 1 10850 2 10977 2 10983 1 11112 1,,6493 1 6616 1 6619 3 6623 1 6744 9 6874 7 7007 1 7013 1,,2990 3 3103 1 3115 6 3226 3 3240 2 3245 5 3254 2 3352 3 3368 1 3376 1 3381 4 3393 2 3406 1 3478 7 3503 1 3516 2 3522 1 3533 3 3542 1 3605 6 3639 6 3650 1 3662 2 3670 1 3672 1 3733 5 3765 10 3777 2 3860 4 3896 2 3901 2 3905 1 3988 1 4030 1 4322 1 4452 1 4454 1 4581 4 4617 2 4711 4 4744 3 4840 3 4872 3 5000 2 5128 1 5618 3 5747 2 5875 3 5893 1 6004 2 6020 3 6133 2 6148 3 6276 3 6404 2 6532 1 7160 1 7288 2 7416 2 7429 1 7544 3 7556 3 7672 3 7684 3 7801 2 7812 3 7940 3 8068 3 8197 1 8823 2 8951 2 9079 3 9207 3 9223 1 9335 3 9351 2 9464 2 9479 2 9607 3 9663 1 9735 3 9789 5 9864 2 9916 7 9992 2 10043 9 10170 11 10298 11 10425 12 10553 13 10681 13 10809 13 10937 13 10996 1 11065 13 11123 2 11193 13 11251 2 11322 11 11378 3 11450 1 11453 8 11506 2 11577 2 11580 8 11634 1 11704 12 11831 14 11958 15 12086 16 12214 17 12309 3 12339 1 12342 2 12346 1 12348 11 12361 1 12437 5 12467 6 12474 1 12477 3 12481 5 12488 2 12567 5 12595 3 12599 3 12603 1 12605 14 12696 6 12723 10 12734 13 12825 8 12850 10 12862 13 12957 2 12982 3 12987 1 12990 12 13112 1 13117 12 13243 1 13245 12 13267 3 13364 2 13367 4 13373 3 13378 6 13396 9 13506 6 13527 7 13635 4 13657 5 13763 2 13891 1,11397 2 11525 3 11654 1 12473 1 12602 1 12985 2 13103 2 13113 3 13229 1 13231 2 13240 3 13359 2 13366 1 13515 1 13622 1 13644 2 13769 2 13772 2 13897 3
gap_7cb0ae1c16cbfb099f,3807 3 3936 3 4064 4 4194 3 4323 3 4452 3 4581 3 4710 2 4838 3 4967 2 5096 1 5225 1 5353 1 5481 1 5609 2 5738 1 5866 1 5994 2 6122 2 6250 2 6378 2 6506 3 6634 3 6762 3 6890 3 7018 3 7146 3 7274 3 7402 3 7530 3 7658 3 7786 3 7914 3 8001 2 8041 4 8129 4 8169 4 8258 5 8297 4 8387 5 8425 3 8516 5 8552 4 8645 4 8680 4 8773 5 8807 5 8902 4 8934 6 9031 3 9061 6 9159 3 9189 6 9287 3 9316 6 9415 3 9443 7 9544 2 9569 8 9673 1 9695 9 9749 1 9800 2 9822 10 9878 1 9928 2 9948 11 10006 1 10056 3 10075 12 10135 2 10184 3 10201 13 10263 3 10312 4 10327 14 10391 4 10441 5 10452 17 10520 3 10569 27 10649 3 10697 26 10778 3 10826 24 10907 3 10954 22 11037 3 11083 20 11165 4 11212 18 11294 6 11342 15 11424 5 11472 11 11607 1,7237 2 7363 6 7490 7 7619 7 7748 6 7880 2 8123 3 8250 6 8377 8 8505 8 8632 10 8760 10 8889 8 9017 8 9146 6 9276 3,2894 3 3000 26 3123 31 3156 1 3249 34 3375 38 3503 41 3629 45 3756 48 3885 48 4013 50 4143 50 4271 51 4400 51 4528 52 4657 52 4785 53 4913 53 5041 54 5169 55 5297 55 5426 55 5554 55 5682 55 5812 54 5940 54 6069 53 6197 53 6326 52 6455 51 6584 50 6714 48 6844 3 6849 41 6978 40 7106 40 7234 3 7239 35 7362 1 7369 33 7444 4 7497 33 7572 5 7626 32 7699 8 7754 32 7827 9 7882 32 7955 10 8010 31 8083 11 8139 30 8211 12 8267 29 8339 13 8395 29 8467 15 8523 28 8596 16 8652 27 8724 19 8780 26 8852 19 8909 24 8981 20 9038 23 9109 20 9167 21 9238 20 9295 20 9366 20 9423 18 9494 24 9552 16 9623 23 9680 15 9752 22 9809 12 9880 21 9937 10 10009 19 10066 8 10138 17 10195 5 10267 15 10397 11 10527 7,,3754 2 3880 5 4007 6 4133 10 4261 10 4388 12 4516 12 4643 14 4770 15 4898 15 5025 16 5153 16 5281 16 5408 18 5536 18 5664 18 5792 19 5920 19 6048 19 6176 18 6304 18 6431 20 6559 20 6687 12 6701 6 6815 11 6830 5 6943 11 6958 6 7071 10 7086 8 7199 10 7214 11 7327 9 7342 11 7455 9 7470 12 7584 9 7597 13 7713 10 7726 12 7842 21 7971 19 8101 17 8229 16 8359 14 8488 11 8612 1 8616 9 8743 9 8871 9 9001 7 9129 7 9258 6 9386 6 9518 2 9646 1,,2385 4 2472 4 2511 8 2599 4 2639 9 2723 7 2768 10 2850 8 2897 10 2977 8 3026 8 3036 3 3104 7 3157 2 3165 5 3231 7 3294 5 3356 3 3360 3 3423 6 3481 5 3553 5 3608 4 3681 6 3734 5 3810 5 3861 6 3940 4 3988 6 4069 4 4116 6 4198 3 4243 5 4327 2 4371 4 4455 3 4498 4 4584 2 4626 4 4713 1 4754 2 6030 1 6157 2 6253 2 6285 2 6381 2 6412 3 6509 3 6540 3 6637 3 6668 3 6765 3 6796 2 6893 3 6924 2 7021 3 7053 1 7149 3 7181 1 7278 2 7309 1 7406 1 7534 1 7662 1 9196 1 9233 1 9323 2 9361 2 9450 3 9489 2 9533 6 9577 3 9617 3 9659 10 9705 3 9746 2 9786 12 9832 3 9874 3 9914 13 9960 3 10003 2 10041 14 10087 3 10132 2 10169 14 10215 2 10260 2 10297 14 10343 1 10389 2 10425 13 10518 1 10553 14 10681 14 10808 16 10936 16 11063 16 11191 16 11317 17 11444 18 11464 2 11571 20 11698 3 11703 2 11710 4 11809 4 11838 4 11862 6 11938 6 11967 2 11988 8 12067 8 12095 1 12117 5 12196 6 12223 2 12351 2 12478 3 12607 2,11829 1 11834 3 11843 14 11950 3 11954 11 11970 16 12077 17 12098 17 12204 18 12225 18 12331 18 12354 18 12458 19 12483 18 12587 15 12616 11 12717 9
gap_ef46ae94fc874b2c89,4944 10 5039 4 5069 15 5163 11 5195 19 5289 16 5318 26 5415 18 5444 29 5541 20 5572 29 5668 19 5701 29 5795 18 5831 28 5923 16 5961 27 6050 16 6090 26 6177 17 6220 25 6304 18 6349 25 6432 18 6478 24 6559 19 6606 24 6687 19 6734 25 6814 19 6862 25 6942 19 6990 25 7070 19 7118 26 7197 20 7247 25 7325 20 7375 25 7453 20 7504 24 7580 21 7633 23 7708 22 7765 20 7836 22 7893 20 7964 22 8021 20 8092 22 8149 20 8220 22 8278 19 8348 22 8407 18 8476 23 8535 18 8604 24 8663 18 8732 25 8791 18 8860 23 8909 4 8918 19 8989 19 9036 5 9045 20 9117 18 9164 4 9172 21 9245 18 9269 3 9290 7 9299 22 9373 18 9397 3 9417 8 9427 22 9501 18 9525 2 9544 33 9630 18 9653 1 9672 33 9758 19 9779 4 9800 32 9886 23 9930 30 10014 23 10059 29 10143 22 10188 27 10271 23 10316 27 10400 23 10445 26 10529 22 10573 25 10657 23 10701 25 10786 23 10829 24 10915 23 10956 25 11043 24 11084 24 11172 23 11212 23 11301 22 11341 21 11431 19 11469 20 11560 17 11598 19 11689 15 11727 16 11819 11 11857 13 11949 7 11986 11 12119 3,5942 4 6068 8 6195 10 6208 7 6323 11 6335 9 6450 22 6578 23 6707 22 6835 22 6964 21 7092 24 7220 10 7232 13 7348 10 7361 3 7368 5 7476 14 7496 5 7604 16 7624 5 7732 17 7753 8 7860 6 7869 10 7881 2 7885 5 7988 6 7998 12 8013 6 8116 6 8128 19 8244 6 8257 20 8373 5 8386 20 8502 5 8516 18 8630 7 8646 17 8759 9 8779 4 8785 6 8887 10 8913 5 9009 4 9015 10 9042 2 9136 5 9145 7 9263 6 9391 5 9519 6 9648 4 9777 2 9785 6 9911 8 10039 8 10166 10 10295 9 10423 9 10551 8 10680 6 10809 3,,,9283 1 9410 3 9414 1 9537 4 9666 3 9795 1,,4536 2 4562 4 4663 5 4669 4 4677 1 4684 14 4784 42 4907 2 4910 33 5035 2 5047 5 5054 3 5058 11 5189 3 6175 2 6302 2 6429 3 6557 2 6684 3 6760 1 6812 2 6888 1 6940 2 7016 1 7068 1 7144 2 7196 1 7272 2 7400 2 7529 2 7657 2 7785 2 7913 2 8041 2 8169 2 8297 2 8425 2 8554 1 8682 1 8730 2 8810 1 8858 2 8986 2 9114 3 9242 3 9370 3 9499 2 9627 2 9706 1 9756 1 9833 2 9961 2 10054 4 10088 2 10179 8 10216 2 10306 9 10343 3 10433 11 10471 3 10561 11 10599 2 10689 11 10726 3 10817 11 10854 2 10945 9 10981 2 11041 1 11072 9 11169 2 11201 8 11298 3 11329 8 11427 3 11457 8 11556 3 11584 10 11685 4 11711 12 11814 4 11837 16 11943 5 11964 4 11971 3 11977 6 12072 6 12085 1 12092 2 12100 2 12107 10 12202 9 12228 1 12237 15 12356 1 12370 9 12484 1 12612 1 12740 1,9458 1 9584 3 9712 3 9840 3 9967 4 10095 3 10221 4 10262 1 10349 2 10389 2 10476 2 10518 3 10603 2 10646 3 10731 1 10775 3 10904 2 11293 2 12095 3 12103 4 12217 10 12230 7 12343 12 12357 10 12471 12 12485 12 12599 11 12613 12 12728 3 12733 4 12743 10 12872 2
gap_d2af3e21b114053643,,8007 3 8135 4 8252 1 8254 4 8263 5 8379 8 8391 6 8506 9 8519 6 8634 9 8648 5 8762 8 8775 2 8890 8 9019 6,3390 10 3514 16 3640 19 3766 22 3892 25 4020 25 4149 24 4176 5 4278 23 4303 6 4406 23 4431 7 4534 23 4559 8 4662 22 4686 10 4790 22 4814 10 4917 22 4942 10 5045 22 5070 11 5173 22 5196 14 5301 38 5429 21 5451 17 5557 21 5579 18 5685 46 5813 48 5942 48 6070 48 6199 48 6327 49 6457 15 6474 31 6586 13 6602 31 6715 11 6729 32 6845 44 6977 42 7105 43 7233 43 7362 43 7491 42 7619 42 7749 41 7879 39 8010 36 8139 35 8268 35 8343 3 8397 34 8471 4 8525 34 8599 5 8653 34 8727 6 8781 34 8855 6 8910 33 8983 7 9038 32 9111 8 9167 31 9240 9 9296 30 9368 10 9393 1 9424 29 9496 10 9554 26 9625 10 9683 24 9753 12 9813 21 9882 12 9903 2 9942 19 10010 13 10031 1 10072 14 10139 14 10201 12 10268 14 10286 1 10331 8 10397 19 10526 19 10546 1 10655 19 10785 17 10914 15 11044 11 11174 7,9905 1 10032 3 10159 4 10287 4 10416 3 10545 1,3924 1 4051 3 4138 6 4181 1 4264 9 4313 2 4391 10 4440 4 4517 12 4568 4 4644 13 4697 3 4771 13 4898 14 5026 13 5153 14 5282 13 5410 13 5537 14 5665 15 5792 16 5861 3 5920 17 5990 3 6047 18 6118 3 6175 18 6247 2 6303 18 6376 1 6431 18 6558 19 6686 19 6814 18 6942 18 7070 18 7199 18 7327 18 7455 18 7583 18 7710 20 7838 21 7966 21 8094 22 8222 22 8351 21 8479 21 8607 21 8736 20 8865 19 8994 17 9124 15 9253 14 9382 11 9511 10 9641 7,,4837 2 4965 2 5023 1 5277 2 5404 2 5531 3 5658 3 5785 3 5913 2 6040 3 6125 1 6169 1 6253 1 6381 1 6509 2 6637 2 6765 2 6894 1 6933 1 7061 1 7189 1 7444 1 9282 1 9284 3 9407 10 9455 1 9533 12 9583 1 9661 12 9710 2 9750 1 9789 12 9838 2 9878 1 9917 11 9965 2 10006 2 10045 11 10093 1 10134 3 10173 11 10263 2 10300 12 10392 1 10428 12 10521 1 10556 12 10683 12 10810 16 10938 3 10942 13 11065 4 11070 14 11196 1 11200 6 11210 1 11329 2 11457 2 11585 2 11610 4 11688 5 11736 5 11817 4 11841 1 11969 2 12096 3 12225 2,11322 4 11337 2 11445 11 11462 10 11571 14 11588 13 11698 15 11716 14 11825 15 11844 16 11952 16 11973 16 12079 16 12101 17 12206 16 12230 16 12334 15 12359 14 12463 10 12497 1
gap_fda66bb629dd260e7b,4809 6 4930 16 5041 12 5058 20 5167 14 5187 21 5292 17 5316 21 5419 18 5445 22 5545 19 5575 21 5672 20 5705 20 5799 21 5834 20 5926 21 5963 20 6053 22 6092 20 6180 23 6220 20 6307 23 6348 21 6435 23 6476 22 6562 23 6605 21 6689 24 6733 22 6817 24 6861 22 6945 24 6989 23 7072 24 7117 23 7200 24 7245 23 7327 25 7373 24 7455 25 7501 24 7583 25 7629 24 7710 26 7757 25 7838 26 7885 25 7966 25 8015 23 8094 23 8143 23 8222 22 8261 2 8271 23 8349 22 8387 5 8399 23 8477 22 8511 14 8527 23 8605 20 8639 4 8644 10 8655 23 8733 20 8766 4 8773 33 8861 20 8894 3 8900 34 8989 20 9026 36 9117 20 9154 36 9245 21 9282 36 9374 20 9410 36 9502 21 9539 35 9630 21 9668 33 9758 21 9799 30 9886 21 9927 30 10015 20 10056 29 10143 21 10184 28 10271 21 10312 28 10400 21 10441 26 10528 23 10569 26 10657 24 10698 24 10785 24 10826 24 10913 24 10955 22 11042 23 11083 21 11171 22 11212 19 11299 21 11342 16 11428 19 11471 13 11557 17 11601 9 11686 15 11731 6 11816 12 11945 9 12076 3,5700 4 5826 8 5953 10 6080 12 6208 12 6335 13 6463 13 6591 13 6718 14 6842 17 6969 18 7097 19 7225 6 7239 6 7352 7 7367 6 7480 7 7495 6 7608 7 7623 5 7737 6 7751 5 7864 7 7879 5 7992 7 8011 3 8118 9 8139 4 8246 9 8266 1 8268 3 8374 8 8501 9 8628 9 8756 9 8883 9 9010 8 9138 7 9268 5 9396 8 9524 9 9652 10 9779 11 9907 11 10035 11 10164 9 10292 9 10421 7 10551 2,,,8899 1 9021 5 9149 5 9277 5 9407 2,,4409 4 4418 5 4533 7 4546 7 4554 4 4659 10 4673 8 4685 4 4784 14 4817 1 4910 5 4919 1 5037 4 5339 1 5467 2 5596 2 5725 3 5854 3 5983 2 6112 2 6241 2 6369 2 6433 1 6498 2 6560 1 6627 1 6687 2 6755 1 6815 1 6942 2 7070 2 7198 2 7325 2 7453 2 7581 1 7709 1 8423 1 8551 1 8679 1 8806 2 8934 2 9062 2 9115 1 9190 2 9243 2 9318 2 9371 2 9446 2 9499 3 9574 2 9627 3 9702 2 9755 3 9793 5 9830 1 9883 3 9920 6 10011 3 10046 9 10140 2 10173 10 10268 2 10301 11 10429 11 10557 11 10685 10 10813 10 10941 10 10977 3 11069 10 11104 3 11168 1 11198 9 11231 4 11296 3 11326 2 11329 6 11358 4 11424 3 11454 10 11485 4 11552 4 11582 10 11612 4 11681 4 11708 10 11720 4 11728 2 11740 2 11810 3 11836 3 11841 4 11849 11 11940 1 11970 2 11978 3 11983 7 12082 2 12089 2 12099 1 12115 2 12202 10 12227 1 12330 8 12355 2 12458 6 12483 2 12611 2,10770 1 10897 4 10986 3 11026 4 11113 5 11154 5 11241 5 11283 4 11368 5 11414 2 11495 2 11543 2 11623 1 11672 2 11750 2 11801 2 11847 2 11877 2 11930 3 11966 2 11973 5 12003 3 12059 3 12091 7 12101 9 12130 3 12214 12 12228 12 12257 2 12341 14 12357 11 12469 13 12485 11 12597 13 12614 9 12725 12 12742 8 12854 10 12872 1
gap_a43484ebaab93fe9c3,,5289 7 5417 9 5461 1 5464 3 5544 10 5588 7 5672 10 5716 8 5801 10 5843 9 5929 10 5971 8 6057 2 6060 6 6098 8 6187 2 6226 7 6315 5 6354 7 6484 1,,,8508 1 8521 2 8649 3 8777 4 8906 3 9035 2 9281 2 9408 3 9536 2 9663 3 9670 1 9790 5 9797 2 9916 11 10043 12 10170 13 10298 11 10426 8 10554 7 10682 6 10810 5 10938 3,5444 1 5567 10 5690 18 5817 20 5945 21 6072 22 6199 23 6326 25 6454 25 6582 25 6710 25 6839 24 6967 24 7095 23 7223 23 7352 21 7480 21 7608 21 7737 19 7866 18 7994 17 8122 17 8250 17 8379 16 8510 11,11836 8 11963 10 12092 8,5409 3 5535 7 5662 9 5729 2 5789 12 5854 7 5917 12 5981 9 6045 12 6107 11 6233 14 6314 1 6361 14 6441 11 6489 14 6562 4 6568 8 6577 3 6617 2 6620 9 6688 17 6706 2 6736 12 6750 2 6814 21 6864 12 6941 22 6993 2 6996 9 7068 22 7121 18 7195 23 7250 18 7322 23 7378 20 7450 23 7507 20 7573 1 7578 22 7635 20 7701 2 7706 19 7726 2 7763 21 7790 1 7829 2 7834 18 7853 3 7891 3 7895 18 7918 2 7949 1 7957 2 7963 17 7982 1 8019 3 8023 18 8045 3 8077 1 8085 3 8092 16 8109 2 8147 22 8172 3 8213 4 8220 19 8275 23 8300 3 8341 26 8403 3 8407 18 8428 2 8470 2 8476 19 8531 3 8535 18 8556 2 8605 18 8659 3 8664 16 8714 2 8718 2 8735 16 8788 20 8812 1 8819 2 8841 13 8864 15 8916 19 8939 2 8947 2 8968 15 8992 12 9005 2 9044 18 9067 2 9076 1 9096 11 9108 3 9121 14 9171 18 9195 2 9204 1 9223 12 9250 9 9261 2 9299 16 9335 2 9351 14 9379 6 9389 2 9427 15 9454 2 9458 7 9478 18 9509 5 9515 4 9555 14 9581 12 9606 23 9639 8 9683 13 9707 15 9734 24 9770 5 9811 2 9816 5 9838 12 9862 24 9900 3 9938 9 9965 13 9991 30 10066 6 10093 13 10120 30 10194 4 10220 14 10249 31 10334 27 10380 31 10459 30 10510 30 10584 32 10640 30 10709 34 10771 29 10835 34 10902 27 10962 33 11033 26 11088 33 11166 21 11215 32 11297 19 11343 29 11428 17 11469 26 11559 15 11596 20 11689 14 11722 15 11819 13 11850 12 11949 11 11977 10 12080 8 12105 7 12211 4 12234 2
gap_4648b8dcac306de7ff,,6439 4 6567 4 6695 4 6823 4 6953 1 7129 1 7214 1 7256 3 7382 5 7510 5 7761 3 7889 3 8018 1,,,9787 5 9914 7 10042 7 10170 7 10298 7 10426 7 10555 6 10683 5 10812 2,7997 4 8122 8 8248 12 8375 14 8503 14 8631 15 8759 15 8887 15 9016 13 9145 12 9274 9 9403 6,12090 3,6717 1 6842 5 6849 3 6970 12 7074 1 7097 13 7200 4 7225 14 7326 6 7352 15 7454 8 7480 15 7581 9 7607 16 7709 10 7736 16 7837 12 7865 1 7875 5 7965 14 8004 3 8028 4 8094 1 8097 11 8155 6 8224 12 8281 8 8351 14 8409 8 8477 16 8537 9 8601 20 8659 4 8664 10 8728 21 8786 16 8855 23 8913 17 8981 27 9040 17 9107 30 9168 13 9182 2 9234 31 9296 14 9362 16 9380 13 9423 18 9490 15 9510 10 9548 23 9618 13 9639 9 9675 25 9746 13 9768 8 9803 26 9875 11 9897 7 9931 27 9999 2 10004 6 10013 2 10025 7 10059 10 10073 14 10127 3 10133 6 10140 2 10153 2 10156 4 10187 9 10202 14 10254 5 10263 7 10281 7 10314 8 10331 14 10382 7 10394 3 10409 7 10442 7 10460 13 10509 10 10538 5 10570 7 10588 13 10637 13 10698 7 10716 13 10765 16 10826 7 10844 12 10894 20 10954 6 10972 2 10976 8 10987 1 11023 23 11083 4 11100 11 11115 1 11152 29 11229 8 11281 30 11367 1 11369 2 11411 29 11492 7 11542 27 11597 4 11613 13 11672 26 11721 32 11802 25 11846 35 11932 24 11972 36 12061 23 12099 35 12192 20 12226 34 12323 16 12354 33 12457 8 12481 33 12610 30 12738 28 12868 22 13003 8
gap_0697157dd0aa429b10,,7487 2 7614 4 7742 6 7752 3 7869 8 7881 3 7997 9 8009 3 8125 9 8137 3 8253 10 8267 1 8382 7 8511 5 8641 2,3514 15 3640 25 3766 31 3894 33 4023 35 4151 37 4280 38 4408 40 4536 41 4665 41 4793 41 4921 42 5049 42 5177 43 5305 43 5433 44 5561 45 5690 44 5818 45 5947 45 6076 44 6205 43 6334 43 6463 42 6594 39 6724 37 6853 36 6981 36 7109 36 7238 36 7319 3 7366 37 7446 5 7495 37 7573 7 7624 36 7701 8 7755 33 7829 8 7884 32 7957 8 8012 32 8085 8 8140 32 8213 9 8268 33 8341 9 8397 32 8468 10 8526 31 8596 11 8655 30 8724 11 8783 30 8853 11 8912 29 8981 12 9040 30 9109 12 9168 30 9237 13 9296 29 9365 13 9425 28 9493 14 9553 28 9621 14 9681 28 9749 14 9810 26 9877 14 9938 26 10006 13 10020 2 10067 23 10135 12 10149 1 10195 23 10264 11 10324 21 10392 10 10453 20 10521 9 10582 17 10649 9 10711 16 10779 7 10840 13 10907 6 10969 12 11037 2 11099 8 11229 4,8878 6 9003 11 9129 13 9257 13 9384 14 9511 15 9638 16 9766 15 9894 15 10022 14 10150 14 10278 13 10406 11 10535 8 10667 2,3888 6 4011 12 4136 15 4262 18 4389 19 4516 20 4643 22 4770 23 4898 23 5025 24 5153 24 5281 24 5409 15 5425 8 5537 15 5553 8 5665 15 5682 8 5793 25 5921 26 6049 25 6174 27 6300 29 6428 29 6556 29 6684 7 6693 20 6813 6 6821 20 6941 6 6949 17 7069 25 7199 22 7327 20 7348 1 7455 18 7583 18 7711 17 7839 16 7968 15 7990 1 8096 12 8110 2 8118 1 8225 9 8353 9 8482 8 8610 7 8739 5 8867 2 9128 1 9255 2 9383 1,,4891 1 5018 2 5146 1 5351 1 5401 1 5993 1 6039 1 6122 1 6166 2 6250 1 6294 2 6378 1 6422 2 6635 1 6763 1 6891 1 7019 2 7147 2 7276 1 7315 1 7443 1 7954 1 8768 7 8895 9 9021 12 9148 13 9275 15 9403 16 9531 16 9659 16 9787 15 9915 15 10044 13 10173 11 10302 9 10431 7 10559 6 10601 1 10686 8 10728 2 10777 1 10813 10 10855 2 10905 2 10941 10 10982 3 11034 2 11070 8 11109 3 11163 2 11199 6 11236 3 11328 3 11364 2 11436 2 11456 2 11561 4 11584 2 11606 3 11690 2 11712 2 11734 3 11840 2 11968 2 12096 2 12224 1,10443 1 10572 1 10700 2 11321 5 11335 6 11445 10 11460 11 11571 12 11587 14 11698 13 11715 14 11824 15 11843 14 11945 5 11951 15 11971 20 12072 22 12099 24 12200 22 12228 23 12329 21 12356 23 12457 19 12486 20 12587 15 12615 18 12719 6 12746 14
gap_8a70525cffc6fe4c8b,,5416 2 5543 5 5671 6 5799 2 5803 2,,,,6849 3 6973 9 7100 11 7227 14 7354 15 7481 16 7609 17 7737 16 7866 15 7995 14 8123 13 8252 11 8381 9 8509 8 8639 6,11584 3 11712 3 11840 2,5305 4 5310 1 5433 8 5444 8 5561 20 5688 21 5816 21 5920 1 5944 22 6045 6 6072 23 6172 7 6200 23 6299 9 6327 24 6370 2 6427 9 6455 23 6497 6 6555 8 6583 7 6596 10 6624 7 6683 7 6712 4 6728 5 6752 8 6811 3 6841 1 6857 4 6880 8 6946 2 6987 1 7008 8 7072 5 7137 8 7197 8 7206 1 7266 7 7315 4 7322 11 7395 5 7441 21 7524 3 7568 22 7695 21 7717 4 7774 5 7822 27 7903 7 7949 24 7974 3 7982 2 8030 11 8077 23 8104 2 8109 3 8159 17 8204 23 8232 9 8287 18 8332 22 8359 10 8403 2 8414 20 8460 20 8487 9 8530 8 8543 20 8588 18 8615 9 8658 9 8671 21 8716 15 8743 6 8750 2 8787 9 8800 20 8845 13 8870 7 8878 2 8915 9 8929 20 8974 11 8999 6 9006 2 9043 9 9058 19 9103 9 9127 6 9134 2 9171 1 9174 6 9187 19 9223 5 9232 7 9255 6 9262 2 9299 1 9302 6 9317 17 9349 8 9362 4 9383 9 9427 1 9429 6 9447 15 9476 11 9511 9 9554 9 9576 13 9604 13 9639 9 9682 9 9704 13 9731 20 9753 4 9768 8 9810 9 9832 12 9859 26 9896 7 9938 9 9961 10 9988 28 10025 5 10066 9 10089 8 10101 4 10117 31 10195 8 10218 5 10228 7 10246 33 10323 6 10339 6 10353 10 10376 32 10453 3 10465 25 10506 35 10588 30 10637 38 10713 32 10768 36 10837 34 10899 35 10955 42 11030 33 11082 42 11161 32 11209 41 11293 29 11336 38 11424 26 11464 32 11555 23 11591 28 11694 11 11719 23 11825 8 11847 20 11975 6 11982 8
gap_950311405bdf595a9a,3791 7 3880 3 4006 4 4132 5 4259 6 4385 7 4512 7 4638 9 4765 9 4893 9 5020 10 5147 10 5274 11 5401 12 5529 12 5657 12 5784 13 5912 13 6040 13 6167 13 6295 13 6423 13 6550 14 6678 14 6806 15 6933 16 7061 16 7189 17 7317 17 7445 18 7573 18 7701 19 7829 20 7957 20 8085 21 8213 22 8341 23 8393 2 8469 24 8520 4 8597 25 8648 4 8725 26 8776 4 8854 26 8904 5 8982 27 9031 6 9110 27 9159 6 9238 28 9286 8 9366 28 9409 14 9495 27 9537 14 9623 26 9665 15 9751 26 9795 14 9880 19 9901 3 9925 12 9963 2 10008 20 10029 3 10054 12 10090 3 10137 22 10183 12 10216 5 10265 21 10311 14 10343 5 10394 20 10439 16 10469 7 10523 20 10567 19 10595 8 10651 21 10695 36 10780 20 10823 7 10831 27 10909 19 10951 35 11037 20 11080 33 11166 21 11208 32 11295 22 11336 32 11423 22 11464 31 11552 21 11593 29 11681 19 11721 29 11811 16 11850 27 11940 14 11978 26 12070 10 12107 24 12201 4 12236 21 12365 19 12494 16 12624 11 12756 5,4532 4 4657 12 4783 16 4910 19 5037 20 5163 23 5290 29 5417 32 5545 32 5672 33 5800 33 5927 35 6055 35 6095 6 6183 35 6222 9 6311 35 6350 11 6439 15 6455 19 6477 14 6567 15 6585 10 6596 5 6605 18 6695 16 6714 7 6724 4 6733 21 6823 17 6842 6 6851 5 6861 23 6951 25 6978 6 6989 24 7079 25 7105 6 7117 25 7207 32 7245 26 7336 19 7356 12 7373 27 7464 19 7485 11 7501 27 7592 19 7613 10 7629 27 7721 30 7757 27 7850 19 7870 9 7885 27 7979 27 8013 28 8108 26 8141 28 8236 25 8269 28 8366 23 8397 3 8403 22 8501 15 8525 4 8530 4 8536 17 8631 13 8654 8 8665 15 8760 12 8782 1 8784 6 8794 3 8799 2 8894 5 8912 5 9039 7 9168 7 9295 7 9423 4 9552 4 9681 6 9778 5 9810 5 9816 1 9905 6 9939 6 10033 7 10068 5 10160 9 10197 4 10288 9 10416 9 10544 9 10672 9 10801 6 10929 4,7656 1 7784 1 7912 1 8041 1 8169 1 8297 1 8425 1 8534 2 8553 1 8662 3 8680 2 8790 4 8797 2 8801 9 8917 21 9046 20 9175 19 9302 20 9429 21 9559 19 9687 19 9817 16 9945 16 10073 1 10075 13 10201 14 10327 13 10459 3,,4826 5 4953 7 5082 7 5210 8 5338 8 5465 9 5593 8 5720 10 5841 18 5968 19 6101 14 6231 10 6361 7 6491 4 6623 1 9836 1 9962 1 10089 1,,2741 4 2862 13 2895 4 2988 16 3011 2 3019 10 3115 16 3138 3 3147 15 3242 9 3277 7 3285 6 3368 7 3414 7 3494 7 3543 6 3620 6 3672 6 3747 6 3801 6 3875 4 3931 7 4002 4 4062 5 4130 1 4191 5 4320 4 4450 3 4579 1 5527 2 5655 2 5782 2 5909 3 6037 3 6164 3 6292 3 6420 2 6548 2 6676 2 6804 1 6894 2 6932 1 7022 2 7150 2 7278 3 7406 3 7534 3 7662 3 7790 3 7919 2 8047 2 8467 2 8595 2 8687 1 8723 2 8815 1 8851 2 8979 2 9108 1 9921 3 10048 5 10174 7 10301 9 10427 11 10555 11 10604 1 10683 11 10731 2 10807 1 10810 12 10859 2 10938 12 10986 2 11067 11 11114 2 11195 10 11241 2 11323 10 11368 2 11452 9 11496 2 11581 7 11623 2 11707 1 11709 5 11751 1 11807 2 11834 10 11878 1 11962 10 12005 2 12090 11 12132 1 12196 2 12222 8 12325 11 12357 3 12453 11 12485 4 12583 7 12614 2 12619 2 12734 2 12748 5 12862 2 12877 5 13006 4,12346 2 12354 1 12468 2 12472 6 12480 4 12595 10 12608 5 12722 11 12737 6 12851 8 12865 9 12994 8 13124 5
gap_2ccfd4c7276dde0d4c,,6611 1 6704 3 6737 4 6832 4 6865 3 6961 4 6993 2 7089 5 7219 3 7223 1 7350 3 7478 3 7607 3 7735 3 7863 2,,,5823 6 5831 10 5943 28 6069 30 6194 1 6196 31 6325 30 6453 30 6582 29 6711 26 6839 26 6968 25 7096 25 7224 24 7353 22 7481 21 7610 21 7738 2 7742 2 7747 12 7877 10 8009 6 8137 5 8264 6 8392 7 8520 7 8648 7 8777 6 8905 5 9034 4,,8243 1 8248 1 8374 5 8502 6 8629 6 8757 5 8885 4 8892 1 9013 9 9141 3 9145 5 9266 1 9270 1 9273 4 9400 4 9529 2 9661 1 9789 2 9915 5 10044 4 10172 4 10301 1 10945 5 11073 5,5023 2 5151 4 5219 3 5278 5 5346 2 5349 1 5405 6 5475 3 5533 5 5658 3 5738 1 5787 1 5866 2 5994 2 6487 5 6569 5 6613 6 6697 7 6741 6 6825 7 6868 5 6879 4 6952 9 6996 5 7006 7 7074 4 7080 9 7124 6 7134 8 7201 5 7209 9 7251 8 7261 10 7328 7 7339 8 7378 21 7455 8 7466 9 7506 22 7582 21 7634 23 7710 22 7762 10 7773 12 7837 23 7890 10 7901 12 7965 23 8018 10 8029 4 8035 6 8093 23 8146 14 8163 6 8220 6 8228 15 8274 13 8291 6 8348 6 8357 14 8402 13 8418 7 8476 6 8486 13 8530 23 8604 6 8614 13 8658 23 8733 6 8742 13 8787 21 8861 12 8875 6 8882 1 8884 1 8915 21 8989 11 9004 5 9012 1 9026 3 9043 21 9117 12 9133 4 9138 1 9154 3 9171 1 9175 17 9246 20 9302 17 9375 17 9429 17 9503 19 9555 18 9632 19 9653 2 9680 19 9762 18 9807 17 9893 16 9935 14 10025 14 10062 13 10155 14 10190 11 10285 13 10318 9 10415 12 10445 9 10545 11 10572 9 10674 11 10699 8 10804 10 10826 8 10933 10 10953 7 11064 7 11081 4 11195 4
gap_28d4ec0ecfcb668de1,,6467 4 6595 5 6722 6 6841 2 6851 6 6968 3 6979 7 7095 4 7107 7 7222 4 7236 6 7350 4 7365 5 7478 3 7494 3 7500 1 7606 3 7627 2 7734 6 7750 7 7858 1 7862 6 7878 7 7986 1 7989 7 8006 7 8114 1 8117 7 8134 7 8242 1 8245 7 8263 6 8374 5 8394 3 8524 1,,,3758 3 3785 3 3883 6 3905 4 3912 5 4010 6 4025 2 4029 16 4050 3 4139 5 4151 18 4177 9 4266 5 4278 19 4306 10 4393 5 4407 18 4435 10 4521 4 4535 18 4564 12 4644 3 4649 3 4663 3 4669 13 4693 12 4771 5 4791 3 4798 12 4825 9 4897 7 4919 3 4927 12 4953 10 5023 9 5047 2 5057 11 5082 11 5151 9 5175 2 5188 9 5212 5 5219 2 5278 10 5317 8 5340 5 5348 2 5405 12 5445 9 5468 5 5476 2 5533 13 5573 10 5596 4 5603 4 5662 12 5702 9 5725 3 5731 4 5790 13 5830 9 5853 2 5859 4 5920 17 5959 8 5982 1 5987 4 6039 1 6049 16 6089 4 6109 2 6114 6 6167 1 6180 12 6237 10 6295 2 6309 11 6365 10 6423 2 6438 9 6493 10 6551 2 6567 8 6621 10 6679 2 6696 6 6749 10 6808 1 6871 2 6878 3 6883 4 6943 2 6998 4 7007 2 7012 2 7069 5 7126 4 7135 3 7197 6 7254 4 7263 3 7324 7 7383 3 7391 3 7452 7 7512 1 7519 4 7580 7 7647 3 7708 7 7776 1 7837 6 7966 4 8095 2,,8127 2 8252 7 8379 10 8505 13 8633 14 8760 16 8887 17 9015 17 9143 2 9146 14 9273 17 9293 4 9398 29 9518 37 9644 39 9773 36 9810 1 9901 36 10029 36 10157 36 10285 1 10287 32 10320 1 10414 1 10416 12 10429 6 10436 13 10545 23 10569 4 10574 3 10675 19 10698 6 10803 4 10810 12 10826 2 10829 2 10931 3 10939 10 10957 1 11059 2 11068 8 11187 1 11199 3 11327 2 11456 1,7017 2 7144 4 7186 4 7271 6 7313 6 7373 3 7399 7 7440 7 7501 6 7526 8 7568 8 7629 7 7654 8 7696 8 7724 5 7757 8 7781 9 7824 9 7850 8 7885 9 7909 9 7953 8 7977 9 8013 10 8036 9 8081 9 8103 11 8141 10 8164 9 8210 9 8231 11 8269 10 8291 9 8335 2 8338 9 8358 12 8397 10 8419 7 8463 13 8486 12 8525 10 8545 12 8591 4 8596 9 8614 12 8653 9 8668 17 8719 14 8742 11 8783 7 8793 20 8848 13 8871 9 8913 28 8976 14 9000 6 9043 25 9104 7 9112 7 9121 4 9172 24 9233 24 9300 23 9361 24 9427 24 9489 26 9555 24 9618 26 9683 23 9746 27 9811 22 9875 26 9938 23 10003 26 10065 22 10132 25 10193 20 10261 24 10321 18 10390 24 10449 16 10522 23 10577 14 10652 22 10704 14 10782 21 10824 1 10831 14 10912 19 10936 1 10951 3 10958 14 11042 17 11063 2 11078 6 11085 19 11171 16 11190 4 11205 28 11295 29 11331 30 11421 34 11457 31 11550 33 11585 29 11678 54 11733 7 11808 51 11937 18 11956 12 11969 13 11983 3 12067 7 12077 6 12084 12 12097 12 12199 2 12207 4 12213 9 12228 6 12343 4
gap_890eb2b86ab9c1072c,6956 2 6962 2 7082 12 7208 16 7335 18 7375 2 7462 19 7503 10 7589 21 7630 12 7716 22 7757 15 7843 23 7884 17 7971 23 8000 3 8009 21 8098 24 8127 5 8135 24 8226 23 8255 5 8262 25 8354 23 8383 33 8481 24 8511 33 8609 25 8640 32 8737 26 8771 30 8865 27 8898 31 8993 27 9026 31 9121 28 9154 31 9249 28 9283 30 9378 26 9413 28 9506 25 9542 27 9634 24 9671 25 9763 23 9799 25 9891 22 9928 24 10019 22 10056 23 10148 20 10185 22 10277 18 10313 21 10406 16 10442 20 10535 14 10571 17 10664 12 10700 15 10796 5 10829 12 10959 8,6968 3 7097 5 7226 6 7242 4 7354 5 7364 2 7369 5 7482 5 7491 4 7497 5 7611 2 7618 12 7746 11 7876 8 7995 2 8122 3 8249 4 8377 4 8505 3 8634 1,,,8639 1 8765 6 8893 5,,6072 2 6198 4 6214 1 6328 3 6342 1 6448 1 6468 2 6575 2 6584 1 6590 1 6594 3 6702 4 6738 1 6830 3 6866 2 6951 1 6994 3 7077 3 7121 4 7203 4 7249 4 7257 2 7331 4 7385 6 7394 2 7458 3 7514 5 7586 2 7643 5 7714 1 7773 3 7901 3 8802 1 8929 2 9057 2 9119 1 9185 3 9247 2 9279 2 9313 3 9375 2 9406 4 9441 4 9503 2 9533 7 9569 3 9631 3 9660 9 9697 3 9759 3 9787 10 9825 2 9887 3 9915 10 9953 2 10016 3 10043 10 10081 1 10145 2 10171 10 10274 1 10299 10 10428 9 10555 11 10682 12 10813 6 10942 4 11071 2 11199 2 11215 1,5944 2 6071 1 6087 1 6215 4 6343 5 6470 6 6599 5 6728 1 6730 1 7291 4 7301 1 7417 6 7427 6 7545 4 7554 7 7673 3 7681 2 7686 5 7801 3 7815 4 7929 3 7944 3 8057 3 8072 3 8186 3 8200 3 8314 3 8328 3 8437 2 8442 4 8455 3 8565 11 8577 2 8582 4 8692 13 8706 7 8717 2 8820 6 8830 1 8835 4 8845 3 8947 7 8973 3 9075 7 9101 4 9203 7 9230 4 9330 8 9358 5 9458 7 9486 6 9586 6 9615 5 9713 4 9743 6 9841 1 9872 5 9968 1 10001 4 10095 2 10223 1 10262 1 10349 2 10390 2 10476 3 10519 2 10602 4 10648 2 10728 4 10777 2 10854 5 10906 3 10937 2 10949 3 10981 5 11035 3 11064 5 11075 6 11109 3 11164 3 11191 7 11202 8 11236 1 11318 9 11329 11 11362 1 11426 3 11446 9 11457 11 11487 3 11554 5 11573 10 11585 11 11613 4 11683 5 11701 10 11713 12 11741 3 11813 4 11830 8 11841 11 11870 1 11943 2 11960 6 11970 8
gap_7e2da657dd8acc571b,4936 6 5042 6 5049 1 5060 12 5169 11 5188 15 5295 14 5317 16 5421 16 5446 17 5548 17 5575 17 5674 19 5703 19 5801 19 5832 19 5928 20 5961 19 6055 21 6090 19 6182 22 6218 20 6310 21 6346 21 6437 22 6475 21 6564 23 6603 21 6692 22 6732 21 6819 23 6860 21 6946 23 6988 22 7074 23 7116 22 7201 24 7244 23 7329 24 7372 23 7457 24 7500 24 7584 25 7628 24 7712 25 7755 25 7839 26 7883 26 7967 26 8011 26 8095 26 8130 4 8139 26 8222 26 8257 6 8267 26 8350 26 8385 6 8395 26 8478 26 8513 6 8522 27 8606 25 8641 4 8649 28 8734 24 8776 29 8862 22 8901 32 8990 22 9028 33 9118 23 9155 34 9246 23 9283 34 9375 22 9411 34 9503 22 9540 33 9631 21 9668 32 9759 21 9798 30 9887 21 9926 30 10015 22 10055 28 10144 21 10184 27 10272 22 10312 26 10401 22 10441 25 10529 24 10570 23 10658 24 10699 22 10787 23 10827 21 10915 22 10956 19 11044 21 11085 17 11173 19 11214 15 11301 18 11344 12 11430 16 11473 9 11559 14 11604 3 11688 12 11818 9 11950 3 15293 3 15298 1 15548 1 15671 6 15681 4 15799 6 15810 5 15927 6 15937 8 16055 2 16060 1 16065 1 16067 5,5953 7 6080 9 6207 10 6334 12 6461 13 6589 13 6716 14 6844 15 6972 16 7100 16 7228 10 7239 5 7356 9 7367 5 7484 7 7495 5 7623 4 7753 1 8520 1 9016 1 9143 6 9270 8 9397 9 9525 10 9652 11 9780 11 9908 11 10037 9 10165 8 10294 6 10424 2,,,8766 3 8893 6 9022 5 9151 2,,4539 2 4546 3 4553 3 4667 1 4674 3 4679 8 4794 11 4807 11 4923 2 4943 4 5073 4 5204 3 5333 4 5418 2 5463 3 5545 2 5593 1 5672 2 5799 2 5926 1 6054 1 6625 1 6753 2 6882 1 7011 1 7139 2 7267 2 7395 3 7524 2 7652 2 7710 1 7781 1 7837 2 7909 1 7965 2 8037 1 8093 2 8165 1 8220 2 8348 2 8476 2 8604 2 8732 2 8861 1 8989 1 9701 1 9793 4 9828 2 9920 6 9956 2 10047 8 10083 3 10141 2 10175 8 10211 3 10269 3 10302 9 10339 2 10397 3 10430 9 10466 3 10525 4 10557 11 10594 2 10654 3 10685 11 10782 4 10813 11 10911 3 10941 10 11040 2 11070 8 11198 11 11325 12 11450 1 11453 5 11459 6 11483 2 11576 2 11581 11 11608 4 11686 1 11704 1 11711 7 11734 7 11814 3 11835 2 11840 5 11862 5 11941 6 11957 1 11962 2 11970 2 12070 6 12082 3 12090 1 12199 5 12209 1,10642 4 10770 5 10857 4 10898 5 10985 5 11028 4 11112 5 11159 2 11239 2 11288 3 11366 2 11417 2 11493 2 11545 3 11620 3 11674 2 11719 5 11747 3 11803 2 11837 2 11846 7 11874 3 11932 3 11964 5 11974 9 12001 3 12061 3 12091 7 12101 11 12127 3 12191 3 12215 11 12229 10 12343 11 12357 9 12470 12 12486 8 12597 13 12614 6 12725 11 12745 1 12855 3
gap_c658252b675ea3ab92,,6701 1 6829 2 6957 2 7086 1 7121 2 7214 1 7342 1 7504 3 7599 2 7630 5 7726 4 7757 7 7854 5 7883 9 7981 8 8012 8 8109 9 8140 6 8239 8 8268 3 8368 7 8496 7 8625 6 8753 4 8881 3 9395 3 9420 3 9522 4 9547 4 9651 2 9676 3,,,5048 7 5173 12 5293 5 5302 12 5418 11 5430 13 5545 26 5673 27 5711 2 5803 26 5837 4 5932 26 5964 6 6061 4 6067 19 6092 6 6205 8 6219 7 6229 2 6315 2 6337 2 6348 7 6356 2 6444 1 6477 6 6607 2 6735 4 6865 2 6992 3 7627 3 7754 3 7882 1 8010 2 8138 2 8266 2 8395 3 8641 4 8768 6 8896 7 9024 8 9152 8 9281 6 9409 5 9537 4 9665 3 9675 1 9793 2 9804 2 9921 2,,10160 1 10287 4 10415 5 10543 5 10574 3 10672 5 10701 4 10800 5 10828 4 10928 6 10939 9 10955 5 11056 7 11065 13 11081 7 11184 32 11310 17 11329 16 11439 1 11443 4 11449 19 11469 3 11571 4 11577 10 11588 4 11595 2 11700 9 11713 1 11715 9 11830 20 11963 11 12094 4 12223 1,5662 3 5790 5 5861 2 5918 6 5987 5 6043 10 6114 5 6171 12 6241 6 6248 1 6293 4 6299 12 6367 10 6418 26 6493 13 6508 1 6544 29 6619 15 6635 4 6671 30 6743 18 6762 7 6799 30 6870 28 6926 31 6997 19 7017 10 7054 13 7068 18 7124 20 7145 11 7181 14 7196 18 7252 20 7273 11 7309 14 7324 18 7379 33 7437 14 7452 18 7507 34 7565 14 7580 19 7635 34 7693 14 7708 18 7764 33 7820 34 7892 18 7911 14 7948 33 8020 18 8039 14 8076 33 8148 18 8167 14 8203 18 8222 15 8277 33 8331 19 8351 14 8408 30 8458 32 8536 30 8586 21 8608 11 8663 31 8713 34 8790 32 8842 34 8918 32 8970 34 9045 33 9098 34 9173 33 9226 34 9301 33 9354 35 9428 34 9482 35 9556 34 9610 36 9683 35 9739 36 9811 35 9868 24 9894 9 9938 36 9997 24 10022 10 10066 8 10076 25 10126 23 10151 9 10193 8 10204 25 10255 22 10279 8 10321 7 10331 25 10385 21 10408 7 10449 7 10458 26 10515 19 10536 7 10577 6 10585 26 10647 16 10665 7 10705 6 10713 24 10777 15 10794 6 10832 6 10840 24 10907 14 10922 6 10960 5 10969 20 11037 12 11050 6 11088 4 11096 19 11167 11 11179 5 11216 3 11222 17 11297 10 11309 1 11345 1 11349 14 11427 8 11476 12 11557 7 11602 10 11687 5 11729 9 11854 9 11982 5
gap_6dd866dfa9799d01f4,,,,,,,,6633 2 6759 6 6886 7 7013 9 7064 4 7141 10 7190 7 7269 10 7317 9 7397 10 7444 10 7524 11 7572 11 7652 11 7700 11 7781 9 7828 11 7910 8 7957 10 8040 5 8085 9 8169 4 8214 7 8298 1 8343 4 8471 3 9065 5 9192 7 9240 4 9319 9 9367 8 9445 12 9495 10 9571 14 9623 11 9698 15 9751 12 9825 16 9880 11 9953 16 10007 14 10081 15 10135 15 10209 14 10264 15 10337 12 10392 15 10465 11 10521 15 10591 11 10651 14 10719 10 10780 15 10842 11 10909 15 10969 11 11038 16 11092 17 11167 17 11219 16 11297 18 11346 16 11427 17 11473 16 11557 17 11601 15 11687 15 11729 14 11816 15 11857 10 11946 12 11972 2 11986 7 12076 9 12100 2 12207 4 12228 3 12356 3 12484 3 12612 3 12740 2 12869 1
gap_b6f51dc44fae47973d,4781 5 4905 13 5028 26 5070 10 5154 32 5187 24 5281 61 5408 64 5535 67 5662 37 5702 29 5789 37 5831 29 5916 36 5960 29 6043 36 6089 29 6170 35 6218 29 6298 32 6347 29 6425 32 6475 29 6553 32 6603 30 6680 32 6732 30 6808 32 6860 31 6936 31 6989 30 7063 32 7117 31 7191 31 7245 31 7319 31 7374 30 7446 32 7502 31 7574 31 7631 30 7702 31 7760 29 7830 30 7890 27 7958 25 8019 26 8086 24 8147 26 8214 24 8275 26 8342 24 8368 1 8403 26 8470 23 8530 27 8598 23 8658 27 8726 23 8762 3 8785 28 8854 23 8885 10 8904 4 8913 28 8982 23 9014 9 9031 6 9039 30 9111 23 9142 2 9146 4 9158 39 9239 24 9268 4 9285 40 9367 25 9395 5 9412 40 9495 25 9523 4 9540 40 9624 26 9651 4 9668 40 9752 30 9797 38 9880 31 9925 38 10009 30 10054 36 10137 30 10182 36 10266 31 10311 34 10394 32 10439 34 10523 31 10567 33 10652 30 10696 32 10780 29 10824 31 10909 28 10953 29 11038 26 11081 29 11167 24 11210 27 11296 22 11339 25 11425 20 11467 24 11554 17 11597 21 11684 12 11726 19 11814 7 11856 16 11986 12 12117 6,6339 6 6458 4 6466 8 6585 6 6593 10 6712 19 6840 20 6967 21 7095 21 7223 21 7350 23 7478 24 7606 24 7735 24 7862 15 7878 9 7987 31 8114 33 8241 34 8370 32 8499 8 8511 18 8622 3 8628 6 8643 13 8749 10 8775 9 8877 8 9005 8 9134 7 9264 1 9273 4 9400 6 9527 7 9655 8 9782 9 9911 8 10039 7 10167 6 10297 4 10426 2,,,9277 6 9406 5 9534 6,,4397 3 4409 3 4520 9 4538 2 4541 4 4549 6 4647 7 4666 29 4774 5 4796 29 4925 18 4949 7 5057 7 5083 1 5913 2 5990 3 6040 3 6118 4 6167 3 6247 4 6295 3 6376 3 6423 2 6505 2 6551 2 6679 1 6806 2 6934 1 7790 1 7917 3 8045 3 8173 3 8301 3 8339 2 8429 3 8467 2 8557 3 8595 3 8686 2 8723 3 8814 1 8851 3 8942 1 8979 3 9107 4 9235 4 9364 3 9492 3 9621 2 9750 1 9878 1 9919 5 10046 7 10173 9 10301 9 10346 2 10429 9 10473 3 10557 9 10601 3 10685 9 10728 3 10812 10 10855 4 10906 2 10939 11 10983 3 11035 2 11068 10 11110 4 11164 2 11196 10 11237 4 11292 3 11324 10 11365 4 11420 4 11451 11 11492 4 11549 5 11575 17 11620 3 11678 5 11702 6 11710 11 11747 3 11807 5 11824 3 11830 5 11840 2 11845 7 11874 3 11936 7 11948 7 11959 2 11968 2 11974 5 12001 3 12065 16 12096 1 12105 2 12195 11,11962 5 11971 3 12012 4 12085 10 12098 7 12138 6 12189 3 12211 13 12225 12 12264 7 12317 4 12338 29 12391 6 12445 5 12467 29 12518 6 12576 2 12596 28 12646 3 12726 9 12739 11 12870 4
gap_baeabbdbe1e0d2c16d,3485 6 3610 10 3736 12 3863 12 3989 12 4051 6 4116 11 4175 16 4243 11 4299 22 4369 12 4421 31 4495 13 4549 32 4622 13 4677 34 4749 13 4806 35 4875 14 4934 36 5002 14 5063 36 5130 13 5192 37 5257 13 5320 38 5385 13 5449 38 5512 13 5577 39 5640 13 5706 39 5768 13 5834 40 5895 13 5962 41 6023 13 6090 42 6151 13 6219 42 6279 13 6347 42 6407 13 6475 43 6535 14 6603 14 6623 1 6625 21 6663 14 6731 10 6756 18 6790 15 6859 9 6886 17 6918 15 6987 8 7016 15 7046 15 7115 7 7145 14 7174 15 7243 6 7274 13 7302 15 7371 5 7403 12 7430 16 7500 3 7532 12 7558 16 7628 3 7661 11 7687 16 7790 10 7815 16 7919 9 7943 17 8047 9 8072 17 8176 8 8200 18 8304 8 8328 19 8397 1 8433 7 8456 20 8524 2 8561 7 8584 21 8651 3 8689 6 8712 22 8779 4 8817 6 8841 22 8905 6 8945 6 8969 23 9025 14 9073 6 9097 25 9153 15 9201 5 9225 27 9273 4 9282 14 9329 5 9354 29 9401 3 9412 13 9457 5 9482 32 9541 12 9585 5 9611 32 9670 11 9713 5 9739 32 9799 10 9841 4 9867 32 9928 10 9968 5 9996 31 10056 10 10096 5 10124 32 10185 10 10224 4 10252 32 10312 12 10351 5 10381 32 10440 13 10479 4 10509 33 10569 12 10606 5 10638 33 10697 13 10734 5 10767 36 10826 13 10861 5 10895 37 10954 15 10988 6 11024 37 11082 16 11115 7 11153 35 11211 17 11241 8 11283 33 11339 20 11367 10 11412 31 11468 37 11541 30 11597 35 11670 28 11726 33 11800 25 11854 32 11930 12 11943 8 11983 30 12059 10 12071 7 12112 28 12190 3 12200 3 12243 24 12373 19 12504 1 12506 12 12637 5,3632 1 3760 3 3889 2 3893 4 4113 2 4139 8 4241 1 4265 13 4391 17 4518 20 4583 2 4644 24 4714 1 4769 27 4895 30 5021 33 5149 34 5275 37 5402 42 5445 2 5529 14 5544 32 5656 49 5783 50 5910 51 6037 53 6165 53 6294 52 6423 51 6550 52 6678 52 6806 52 6935 51 7063 51 7191 33 7226 1 7228 12 7319 34 7355 12 7389 5 7448 47 7517 5 7577 46 7639 5 7647 3 7705 28 7734 3 7738 13 7768 2 7776 1 7779 3 7833 32 7869 10 7961 28 7990 3 7997 9 8022 7 8090 32 8125 2 8129 5 8149 1 8152 5 8219 30 8259 3 8277 1 8281 1 8293 2 8348 29 8405 4 8477 27 8533 4 8606 25 8663 3 8735 24 8792 1 8795 2 8801 1 8865 21 8924 1 9003 2 9045 1 9049 1 9392 4 9519 6 9647 6 9775 7 9902 8 10029 9 10157 9 10285 10 10414 8 10543 7 10672 4,9448 1 9819 1 9825 1 9946 2 9950 5 9959 1 10079 4 10085 2 10205 7 10213 2 10333 8 10462 6 10591 4 10721 3 10849 3 10976 4,,,,3113 1 3121 2 3242 5 3248 3 3371 2 3375 4 3382 3 3402 2 3502 4 3509 17 3529 4 3538 2 3633 1 3636 9 3648 6 3656 4 3764 24 3859 2 3897 11 3913 6 3985 3 4032 1 4034 2 4044 1 4112 1 4239 2 4366 2 4712 2 4842 3 4971 3 5100 3 5127 2 5229 3 5254 3 5359 2 5382 3 5488 1 5509 3 5637 2 5765 2 6261 2 6390 2 6518 3 6532 2 6646 3 6660 2 6775 2 6788 2 6904 1 6915 3 7043 2 7172 1 7928 2 8056 3 8069 2 8184 3 8197 3 8312 3 8325 3 8440 1 8453 3 8570 1 8581 3 8709 2 9590 2 9662 3 9718 3 9788 7 9846 3 9865 1 9915 10 9974 2 9993 2 10042 11 10103 1 10121 3 10170 12 10249 3 10298 12 10377 3 10426 13 10506 3 10553 14 10634 3 10681 13 10763 2 10809 14 10892 1 10937 13 11062 16 11190 16 11207 1 11318 15 11448 4 11453 3 11459 2 11574 6 11581 3 11586 4 11634 1 11701 7 11710 2 11714 6 11760 3 11829 8 11841 5 11847 2 11887 3 11954 1 11956 10 11968 9 12014 4 12081 26 12142 3 12208 9 12219 17 12269 3 12336 8 12348 17 12396 3 12463 9 12476 6 12485 2 12488 6 12523 4 12580 18 12601 7 12615 8 12650 3 12704 15 12723 2 12729 7 12737 2 12743 10 12778 1 12831 13 12858 2 12861 3 12866 2 12873 9 12959 8 12974 3 12986 2 12990 2 12993 3 13004 7 13103 2 13113 2 13121 4 13134 6 13265 6 13373 2 13382 1 13396 4,10758 1 10875 1 10883 1 10886 1 11011 1 11143 1 11267 2 11397 1 11525 2 11641 1 11653 2 11912 4 12040 3 12728 1 12853 5 12914 2 12977 9 12996 2 13039 1 13101 2 13107 6 13125 3 13228 5 13235 6 13253 6 13355 4 13360 1 13363 8 13383 3 13388 3 13479 10 13491 2 13509 11 13618 1 13620 2 13639 4 13644 3 13746 1 13767 4 13772 3 13776 1 13892 11 13904 2 14026 1
gap_dc0dd15c7a996e02a0,,7857 5 7985 4 8012 4 8115 6 8137 7 8243 6 8262 11 8371 6 8389 10 8499 6 8519 7 8626 7 8648 6 8754 7 8776 5 8882 6 8905 4 9010 6 9033 4 9139 4 9161 3,,,4920 4 5029 10 5047 4 5061 3 5155 13 5185 8 5197 8 5282 14 5311 10 5324 13 5410 17 5434 15 5451 9 5461 7 5538 18 5561 16 5580 7 5590 10 5666 20 5688 16 5709 4 5718 12 5793 12 5809 22 5846 14 5921 8 5937 21 5974 14 6050 6 6065 20 6102 13 6178 4 6193 19 6231 12 6306 3 6320 19 6362 9 6448 16 6492 7 6576 15 6618 9 6704 13 6745 11 6824 5 6833 17 6872 11 6951 8 6966 15 6984 2 6998 14 7079 9 7099 16 7127 13 7206 5 7213 4 7228 15 7257 8 7334 3 7343 2 7356 16 7386 3 7462 2 7485 16 7515 1 7590 1 7601 1 7603 4 7613 4 7619 10 7729 7 7742 2 7748 9 7862 2 7876 6 7883 2 7989 3 8005 4 8011 1 8133 4 8261 1,,9389 3 9423 4 9517 5 9549 6 9645 7 9660 5 9674 9 9773 1 9775 5 9786 9 9802 9 9903 6 9913 12 9930 9 10029 1 10032 5 10041 12 10057 10 10157 1 10161 5 10169 13 10184 11 10290 4 10296 26 10418 4 10424 26 10543 8 10552 25 10671 34 10800 32 10928 32 11057 9 11067 20 11185 30 11314 1 11317 25 11452 13 11467 2 11582 3,5655 4 5781 7 5909 7 6037 7 6165 7 6250 5 6293 7 6378 6 6420 8 6505 7 6546 10 6557 1 6633 7 6673 11 6685 1 6760 7 6801 14 6886 1 6888 7 6928 15 7013 12 7056 16 7124 3 7140 14 7184 16 7211 2 7250 7 7267 15 7312 16 7337 6 7378 8 7394 17 7439 17 7464 9 7505 10 7521 18 7567 8 7576 9 7591 10 7633 11 7649 18 7695 8 7704 9 7718 11 7761 11 7776 10 7787 8 7822 9 7832 10 7846 11 7888 12 7903 11 7915 8 7950 9 7960 10 7975 10 8016 12 8031 11 8043 8 8078 10 8089 10 8103 10 8144 11 8158 11 8170 9 8205 11 8218 10 8231 9 8273 10 8285 11 8297 10 8333 12 8347 10 8360 7 8401 22 8425 10 8461 25 8488 7 8529 21 8552 11 8589 14 8604 18 8658 19 8679 12 8717 32 8786 18 8806 13 8845 16 8862 15 8915 16 8933 14 8973 31 9044 14 9059 16 9102 17 9120 11 9174 29 9231 16 9249 8 9301 10 9313 18 9360 17 9378 11 9427 11 9440 19 9489 28 9555 31 9618 27 9683 31 9748 15 9764 9 9811 30 9877 24 9939 29 10006 23 10067 28 10135 22 10195 26 10262 24 10322 26 10390 25 10450 25 10519 24 10577 26 10648 23 10705 26 10777 23 10832 26 10907 21 10960 26 11037 20 11087 25 11166 19 11215 24 11297 17 11342 24 11427 15 11469 23 11557 13 11571 9 11589 28 11691 6 11698 11 11713 30 11820 5 11826 12 11841 18 11861 7 11950 2 11954 12 11968 13 11982 2 11989 4 12084 10 12097 11 12215 5 12227 7
gap_e808b71fee0e447ca2,,,,,,,4291 1 4419 1 4812 1 4916 1 4940 2 5044 1 5068 3 5197 2 5325 3 5454 2 5583 1 5711 1 5812 1 5836 1 5940 1 5947 2 5964 1 6076 1 6214 1 6351 1 6452 1 6474 6 6579 2 6597 1 6601 7 6707 3 6719 7 6728 7 6835 4 6840 1 6846 17 6964 6 6973 18 7092 12 7105 13 7219 12 7235 10 7348 10 7364 9 7478 7 7495 5 7503 2 7606 3 7632 1 7756 1 7760 1 8016 1 8117 1 8143 1 8243 3 8269 3 8371 4 8396 3 8500 3 8524 3 8629 3 8651 3 8757 4 8778 4 8886 4 8896 1 8905 4 9015 6 9022 4 9031 5 9145 17 9275 13,
gap_04ce3202723de0a400,,,,,,,,5953 3 6050 2 6075 1 6080 4 6107 2 6176 4 6202 4 6207 6 6235 2 6303 3 6329 12 6364 1 6457 12 6493 1 6585 12 6620 3 6712 6 6720 6 6748 3 6840 5 6849 5 6877 1 6967 5 6978 5 7095 4 7108 3 7178 5 7187 2 7222 3 7237 4 7305 13 7348 4 7365 4 7432 14 7475 4 7494 4 7559 15 7603 3 7623 3 7656 2 7687 15 7730 3 7753 2 7783 9 7815 14 7857 3 7882 2 7910 13 7944 13 7984 3 8011 2 8038 15 8072 13 8111 3 8140 2 8165 17 8201 11 8237 4 8269 2 8293 18 8329 11 8364 4 8398 2 8421 18 8459 10 8491 4 8527 2 8549 18 8589 8 8618 4 8656 2 8677 18 8719 6 8745 4 8785 4 8806 16 8838 4 8848 4 8871 6 8913 6 8934 16 8965 8 8998 6 9042 7 9063 14 9093 10 9125 7 9170 9 9192 12 9221 12 9252 7 9299 9 9322 8 9349 16 9379 8 9427 9 9452 3 9479 19 9507 8 9555 9 9608 19 9635 7 9683 9 9706 4 9738 19 9759 1 9764 6 9812 8 9830 12 9868 21 9892 5 9940 7 9954 15 9999 22 10022 2 10025 5 10068 6 10081 16 10130 30 10190 11 10204 2 10208 16 10261 28 10317 33 10391 27 10443 34 10521 26 10569 33 10650 26 10696 32 10780 24 10823 30 10910 22 10951 28 11043 16 11079 24 11183 4 11208 17 11338 8
gap_654f65ed76b3faf5cc,,6200 1 6979 1 7093 6 7107 2 7220 8 7233 4 7347 9 7360 6 7474 10 7489 6 7496 3 7602 10 7616 11 7732 8 7744 5 7751 4 7860 8 7874 2 7880 2 7989 6 8119 2,3682 2 3808 6 3933 11 4059 13 4186 15 4313 16 4440 18 4567 20 4694 21 4821 23 4948 24 5076 24 5203 25 5331 25 5459 26 5586 27 5714 27 5842 28 5970 28 6098 28 6228 27 6357 4 6362 21 6487 1 6490 21 6618 21 6744 23 6872 23 6999 24 7127 24 7256 23 7386 21 7514 21 7643 20 7772 19 7901 18 8031 16 8160 15 8289 14 8417 13 8546 12 8675 11 8804 9 8932 9 9061 7 9189 7 9318 5 9446 4 9575 2,7762 6 7841 2 7886 12 7965 9 8013 14 8092 11 8141 15 8220 12 8270 15 8347 14 8393 3 8400 14 8475 14 8490 1 8521 5 8529 14 8603 5 8609 12 8649 6 8658 14 8730 5 8741 3 8777 5 8788 12 8858 6 8869 2 8905 5 8916 13 8986 6 8997 2 9033 6 9045 12 9114 6 9125 2 9131 2 9161 7 9173 12 9242 7 9252 9 9290 8 9301 12 9370 19 9418 9 9428 13 9499 18 9547 23 9627 18 9675 22 9755 18 9804 21 9883 17 9933 19 10011 17 10064 14 10140 15 10195 7 10269 12 10400 7,2884 13 3011 16 3140 14 3237 5 3269 12 3362 9 3400 7 3487 13 3613 18 3741 18 3869 18 3997 15 4126 13 4257 9 4385 6 4513 5 4635 11 4681 2 4761 14 4808 3 4889 15 4937 2 5015 17 5141 20 5268 21 5395 13 5412 5 5433 2 5437 2 5523 8 5543 2 5561 7 5651 6 5691 10 5779 6 5820 9 5833 3 5909 3 5936 2 5944 2 5948 18 6037 3 6062 5 6072 2 6077 17 6163 8 6177 6 6189 6 6206 16 6227 1 6290 11 6304 7 6316 7 6334 17 6355 2 6417 13 6432 8 6443 8 6461 18 6483 4 6545 33 6590 16 6612 3 6673 32 6719 15 6740 4 6801 31 6849 15 6870 2 6929 14 6944 16 6980 2 6985 8 7057 14 7073 15 7113 9 7186 13 7209 7 7242 7 7315 12 7337 7 7370 4 7375 2 7443 11 7466 5 7499 3 7571 10 7596 1 7627 1 7700 8 7829 6 7958 4,,4073 2 4202 1 4241 1 4369 1 4497 1 4752 2 4880 2 5008 1 7154 1 7281 2 7309 1 7409 2 7437 2 7537 2 7565 2 7664 3 7693 2 7792 3 7821 2 7920 2 7949 2 8048 2 8077 1 8176 2 8205 1 8371 1 8377 9 8499 1 8503 12 8630 14 8758 15 8885 16 9013 17 9141 17 9269 17 9397 17 9525 17 9653 17 9781 16 9909 16 10038 14 10167 12 10296 9 10428 8 10517 2 10555 9 10645 3 10682 10 10725 1 10774 3 10810 9 10851 3 10903 2 10938 6 10978 3 11033 1 11069 3 11105 2 11197 3 11326 2 11454 2 11582 1 11710 1,9138 1 9394 1 9522 1 9649 2 9672 1 9777 2 9800 2 9905 3 9928 2 10033 3 10161 3 10290 1 10932 4 10948 3 11058 8 11073 15 11184 12 11201 18 11309 16 11328 21 11434 19 11456 22 11560 21 11585 22 11687 22 11713 24 11814 23 11841 24 11941 24 11969 23 12070 23 12098 21 12198 22 12227 18 12329 18 12357 14 12458 15 12490 6 12589 9
gap_6bfba962f1b5656a7f,,7238 1 7241 3 7364 4 7369 4 7491 4 7497 5 7619 7 7628 3 7747 14 7876 8 7886 3 8008 2 8014 1,,,4157 11 4283 14 4405 24 4529 30 4655 35 4783 37 4824 1 4907 42 4951 4 5033 51 5161 52 5288 20 5311 32 5416 19 5441 31 5543 20 5570 1 5572 29 5670 22 5701 28 5797 23 5829 29 5925 23 5956 31 6052 24 6084 32 6179 24 6214 31 6307 24 6343 8 6354 20 6435 20 6472 7 6483 20 6563 21 6588 2 6599 8 6613 18 6691 22 6716 1 6730 5 6742 17 6820 21 6843 2 6860 4 6869 18 6948 21 6970 4 6997 18 7076 20 7099 2 7122 21 7204 20 7252 20 7331 22 7377 1 7381 19 7459 23 7511 2 7515 13 7588 23 7640 1 7643 13 7717 22 7771 13 7848 19 7900 12 7977 14 8034 4 8105 12 8122 1 8163 2 8234 11 8363 11 8495 1,,8134 3 8260 8 8386 11 8513 13 8641 14 8768 16 8896 16 9023 18 9151 18 9281 15 9410 16 9428 5 9525 5 9538 21 9560 1 9653 8 9667 11 9681 6 9688 1 9781 24 9808 9 9909 23 9934 11 10037 23 10061 12 10166 6 10174 26 10298 17 10316 5 10322 5 10427 22 10451 3 10555 4 10562 20 10691 10 10703 6 10819 10 10833 3 10948 8 11077 6 11205 4 11334 2 11462 2 11590 2 11718 1 11846 1,6427 3 6554 5 6682 3 6686 1 6765 3 6810 3 6815 1 6892 5 6939 2 6943 1 7019 6 7067 2 7071 2 7147 1 7150 3 7196 1 7199 2 7250 2 7275 1 7278 3 7324 2 7328 1 7378 3 7403 1 7406 2 7452 3 7456 1 7505 6 7530 2 7533 2 7581 4 7633 7 7657 5 7710 2 7761 8 7785 4 7839 2 7889 8 7913 3 7968 2 7991 4 8017 8 8039 4 8096 3 8117 5 8146 7 8165 6 8226 3 8245 5 8274 7 8291 7 8351 2 8355 2 8362 1 8374 2 8403 5 8417 8 8479 16 8541 11 8608 16 8667 15 8736 16 8794 17 8865 16 8922 16 8993 17 9050 16 9122 16 9178 15 9251 14 9306 1 9308 13 9380 14 9433 15 9509 13 9561 15 9637 14 9689 14 9766 13 9817 13 9895 12 9945 12 10024 12 10073 11 10153 12 10200 11 10282 12 10327 12 10410 15 10454 12 10539 15 10582 11 10667 4 10672 10 10709 10 10795 4 10800 11 10815 2 10837 9 10925 1 10928 17 10958 2 10965 9 11056 18 11085 4 11092 10 11184 19 11212 18 11313 19 11338 19 11441 19 11465 19 11570 19 11593 19 11698 19 11721 19 11828 17 11849 17 11957 2 11961 12 11976 10 11990 3 12090 10 12105 7 12221 6 12234 4
gap_fc8f918247b622be77,,7247 4 7375 4 7467 2 7503 3 7593 5 7630 3 7722 5 7757 4 7850 6 7885 4 7979 6 8014 3 8107 5 8142 1 8235 4 8363 1,,,4936 1 5293 4 5311 5 5419 7 5436 10 5458 3 5547 8 5563 13 5585 6 5674 9 5690 15 5712 7 5802 9 5817 16 5839 9 5930 9 5944 18 5966 14 6059 8 6071 20 6093 15 6188 7 6199 36 6317 6 6326 37 6447 4 6454 37 6575 5 6582 37 6702 44 6830 37 6868 7 6959 29 6997 5 7088 27 7127 1 7217 26 7350 20 7478 19 7607 18 7735 17 7863 17 7991 16 8119 16 8248 14 8376 14 8504 13 8632 12 8760 10 8888 9 9015 4 9021 5 9143 2 9149 5 9276 6 9403 2 9406 5 9529 4 9535 5 9657 4 9663 6 9785 5 9791 5 9913 5 9922 2 10040 3 10047 4 10167 4 10175 4 10295 12 10423 13 10551 13 10681 11 10811 9 10939 9 11068 7 11197 5 11573 1 11700 2 11829 1,,11978 4 12095 1 12097 3 12105 5 12213 2 12218 12 12231 6 12340 24 12469 17 12598 10 12609 5 12732 4 12737 4 12861 2,6241 1 6368 2 6495 7 6554 3 6622 8 6682 4 6750 7 6810 5 6877 8 6886 3 6938 6 7004 3 7008 13 7067 7 7131 19 7194 9 7251 3 7257 22 7315 4 7321 12 7379 28 7442 6 7449 16 7506 30 7568 25 7633 31 7695 10 7706 16 7761 32 7822 11 7834 16 7889 32 7949 30 8017 32 8077 30 8145 32 8205 30 8274 31 8333 13 8347 16 8403 15 8419 15 8460 14 8475 16 8531 3 8536 10 8547 15 8588 14 8603 16 8662 12 8675 15 8716 15 8732 12 8789 29 8844 15 8860 13 8917 11 8929 17 8972 15 8988 13 9044 30 9100 30 9172 30 9228 30 9300 31 9356 30 9428 9 9438 21 9484 30 9556 8 9565 21 9611 20 9632 10 9684 8 9693 21 9739 20 9761 9 9812 7 9823 19 9868 20 9890 8 9941 6 9951 19 9996 20 10018 8 10069 5 10078 21 10124 19 10147 7 10198 2 10206 4 10214 13 10252 20 10276 5 10334 1 10341 14 10380 20 10406 2 10466 18 10508 14 10525 4 10591 21 10636 14 10653 4 10718 22 10764 21 10844 24 10892 22 10970 25 11020 23 11097 25 11149 24 11223 26 11278 24 11350 25 11408 23 11478 22 11538 23 11605 21 11668 22 11732 19 11799 21 11859 17 11930 20 11986 14 12061 18 12113 12 12192 16 12241 9 12323 14 12367 8 12456 9 12494 6 12586 8 12622 4 12718 4
gap_e52686a3b6a8b6bb34,,6866 1 6993 4 7081 2 7120 6 7208 4 7248 5 7335 7 7376 5 7464 7 7503 6 7593 6 7633 4 7721 2 7724 2 7762 2 7890 2,,,5313 6 5438 10 5563 13 5690 15 5817 17 5944 19 6071 21 6199 21 6326 4 6331 18 6454 4 6459 18 6582 23 6709 4 6714 19 6837 4 6843 3 6848 14 6964 5 6976 13 7092 3 7106 11 7220 2 7238 1 7240 5 7348 3 7369 3 7476 2 7497 3 7604 2 7625 3 7732 1 7753 2 7860 1 7881 2 7988 1 8009 2 8116 1 8137 2 8264 3 8391 3 8517 5 8645 5 8773 4 8900 4 9028 2 9793 7 9922 8 10055 3 10175 5 10183 2 10299 10 10426 11 10554 12 10681 13 10809 13 10937 8 11065 6 11193 5 11322 4 11451 9 11580 7 11710 4,6846 2 6969 7 7096 10 7223 15 7239 1 7351 18 7478 19 7606 4 7612 13 7733 3 7742 11 7861 3 7871 10 8000 9 8127 10 8254 10 8382 9 8512 5 8640 5 8769 4 8897 3 9026 2,12233 1 12353 2 12472 1 12477 9 12604 9 12735 3,6238 3 6365 5 6492 6 6555 5 6618 8 6682 7 6745 6 6810 9 6872 10 6887 2 6938 10 6999 11 7012 6 7068 9 7126 22 7199 7 7253 25 7324 11 7381 13 7395 12 7451 13 7509 13 7523 13 7571 1 7579 14 7637 13 7651 13 7696 9 7707 14 7764 14 7779 14 7823 10 7835 14 7892 14 7907 14 7950 11 7963 13 8023 11 8035 14 8077 12 8091 15 8149 29 8205 12 8219 16 8276 30 8332 13 8347 16 8403 31 8460 31 8531 32 8588 13 8603 17 8633 3 8659 32 8715 15 8732 13 8746 2 8761 3 8787 32 8844 14 8860 13 8874 2 8889 3 8915 14 8930 5 8937 10 8971 15 8988 13 9002 1 9017 3 9043 19 9065 10 9100 29 9130 1 9171 13 9185 5 9192 11 9228 8 9238 19 9258 1 9299 13 9313 4 9319 12 9356 8 9367 20 9427 12 9441 4 9447 12 9484 9 9496 19 9555 12 9569 18 9612 9 9625 3 9629 11 9641 2 9683 11 9697 18 9740 10 9752 5 9758 10 9769 2 9811 10 9825 18 9868 17 9887 9 9897 2 9939 9 9953 18 9996 17 10015 9 10025 2 10068 7 10081 2 10084 15 10124 16 10144 11 10196 4 10213 15 10252 15 10273 10 10341 15 10379 15 10403 8 10466 19 10507 14 10533 7 10593 20 10635 15 10664 3 10720 20 10763 16 10845 23 10891 18 10970 26 11019 22 11095 27 11148 24 11222 27 11277 27 11349 25 11407 26 11477 23 11537 25 11603 23 11667 25 11730 21 11797 25 11857 18 11928 23 11984 16 12059 22 12111 15 12190 20 12238 14 12322 17 12366 11 12454 13 12493 6 12587 8
gap_5792784b0e3e8f5ec5,5710 2 5839 1 7236 1 7363 2 7491 2 7619 2 7747 1,5829 1 5957 1 6219 3 6346 5 6473 6 6601 7 6728 8 6841 1 6856 8 6968 1 6985 7 7096 1 7113 6 7225 2 7241 5 7354 1 7371 1 8631 1,4054 5 4181 8 4309 9 4433 15 4560 17 4687 19 4815 20 4943 21 5071 22 5199 23 5328 23 5456 23 5584 24 5713 24 5841 24 5969 24 6097 25 6225 25 6353 26 6481 26 6609 26 6737 26 6866 25 6994 25 7122 25 7251 24 7380 23 7509 22 7638 21 7768 19 7897 18 8027 16 8155 16 8284 14 8413 13 8541 12 8603 3 8670 11 8731 6 8798 10 8859 6 8927 8 8987 8 9055 7 9116 7 9183 3 9244 8 9306 2 9311 2 9373 7 9435 1 9439 1 9501 8 9563 1 9566 1 9629 8 9690 4 9760 5,7766 2 7891 6 8019 8 8147 8 8233 4 8275 9 8361 4 8404 9 8487 5 8533 8 8615 5 8627 4 8662 8 8743 6 8754 5 8791 7 8871 8 8882 5 8919 8 8999 10 9010 4 9048 7 9127 15 9176 7 9255 15 9308 3 9383 14 9436 3 9512 13 9562 1 9564 2 9640 13 9771 8,3397 3 3516 15 3640 26 3766 31 3894 32 4020 34 4147 34 4274 35 4401 32 4520 6 4528 32 4644 22 4669 18 4771 23 4799 16 4897 24 4927 15 5025 24 5055 16 5151 26 5184 15 5279 18 5298 8 5311 17 5406 18 5428 7 5439 9 5449 7 5533 18 5555 9 5568 7 5578 6 5661 19 5681 11 5698 5 5707 3 5712 1 5789 31 5827 2 5835 4 5840 1 5916 30 5956 1 5963 6 6044 29 6091 6 6172 29 6222 2 6300 20 6321 8 6428 19 6450 6 6557 17 6579 4 6686 14 6708 1 6815 12 6839 2 6944 11 6967 1 7073 9 7095 1 7202 8 7330 8 7457 10 7580 15 7708 15 7835 17 7963 19 8091 19 8219 10 8232 1 8237 1 8347 10 8359 2 8475 10 8606 6 8737 2 8865 2,,7616 2 7743 3 7752 2 7870 4 7880 6 7998 4 8004 1 8008 6 8016 3 8127 2 8137 6 8144 3 8255 2 8259 3 8265 10 8383 3 8387 4 8393 9 8512 7 8520 7 8528 3 8638 1 8641 14 8656 3 8759 1 8766 2 8769 14 8785 2 8887 2 8893 5 8900 11 8913 3 8937 1 9014 2 9021 4 9029 1 9031 8 9042 3 9064 1 9142 2 9148 6 9159 9 9170 4 9270 1 9274 4 9279 3 9287 9 9300 2 9397 2 9402 4 9407 6 9414 11 9525 2 9528 2 9531 2 9535 19 9628 1 9653 2 9659 2 9662 3 9667 8 9676 6 9757 1 9779 6 9787 1 9790 13 9804 6 9813 1 9910 1 9914 3 9918 14 9933 6 10042 3 10051 16 10171 3 10185 9 10299 3 10304 5 10312 1 10314 1 10316 5 10432 11 10445 1 10447 1 10563 2 10812 1 10939 1 11067 1,10415 6 10541 8 10669 8 10797 9 10816 1 10925 9 10943 3 11053 10 11181 10 11195 4 11309 9 11323 4 11438 7 11451 3
gap_4a74c893d45b532806,4052 4 4179 9 4305 13 4433 15 4561 17 4689 20 4817 23 4946 24 5074 8 5083 16 5220 8 5258 2 5350 3 5354 4 5385 3 5480 7 5513 4 5611 5 5640 5 5741 3 5768 5 5871 1 5896 4 6024 4 6151 4 6280 2 6387 1 6407 2 6535 2 6663 1 6919 1 9260 2 9387 3 9516 2 9771 4 9899 5 10026 6 10154 7 10281 9 10409 10 10536 11 10663 13 10790 13 10917 14 11043 16 11170 16 11296 18 11422 19 11548 20 11676 19 11805 13 11819 2 11937 8,8473 1 8479 4 8595 4 8600 14 8723 10 8735 6 8852 5 8864 6 8996 2 9534 3 9660 7 9787 3 9792 4 9914 3 9921 3 10042 1 10050 3 10170 1 10177 4 10297 1 10307 2 10436 2,6581 1 6710 1 6838 2 6967 1 7096 1 7135 2 7965 2 8029 1 8289 1 8354 1 8468 1 8483 3 8614 1 8741 1 8995 1 9125 1,,8374 1 8501 4 8630 2 8757 4 8886 2 9687 1,,3121 1 3244 2 3372 2 5127 1 5253 3 5381 2 6660 2 6788 2 6916 1 7044 1 7188 3 7314 6 7442 7 7570 5 7576 2 7704 4 7833 5 7954 1 7961 4 8082 1 8093 2 10298 1 10425 2 10431 1 10552 4 10559 2 10680 2 10683 3 10687 2 10807 12 10820 1 10934 15 11062 16 11190 6 11199 7 11317 6 11326 1 11329 5 11445 6 11454 1 11458 4 11574 8 11586 4 11702 8 11711 6 11829 20 11956 18 11975 2 12083 20 12104 2 12206 1 12212 5 12220 4 12226 5 12233 2 12333 1 12340 4 12348 3 12352 8 12361 2 12455 4 12467 4 12473 6 12480 8 12489 4 12580 7 12597 3 12602 1 12604 3 12609 7 12619 4 12707 7 12725 1 12730 1 12732 3 12737 6 12748 4 12837 2 12857 1 12860 3 12864 4 12869 1 12876 5 12988 3 12992 4 12997 2 13006 4 13116 3 13121 3 13136 2 13244 3 13249 2 13373 1 13377 3,3730 1 6133 2 6261 3 6390 2 6518 3 6647 1 7699 1 7701 3 7800 1 7831 2 7927 3 7955 1 7959 1 8055 3 8083 4 8184 2 8312 3 8440 3 8568 2 8827 1 8955 1 9083 1 9720 1 9847 3 9974 3 10102 3 10230 3 10358 3 10486 2 10614 1 10744 1 11019 1 11147 2 11276 2 11404 3 11533 3 11662 2 11791 2 11920 2 12049 1 12600 2 12728 2 12777 3 12851 3 12856 1 12903 4 12979 7 12996 1 13029 6 13110 3 13125 5 13156 5 13238 3 13248 1 13253 5 13259 2 13282 5 13364 1 13380 9 13410 3 13507 4 13512 7 13635 2 13641 5 13769 5 13900 2
gap_311407457602aaa05a,,,,,,,7257 1,8931 6 9058 10 9108 5 9185 12 9234 8 9312 14 9360 11 9438 16 9487 13 9565 17 9615 15 9692 18 9743 16 9799 1 9820 18 9871 17 9927 2 9948 18 9999 17 10056 2 10077 16 10127 17 10184 3 10206 14 10256 15 10313 4 10385 9 10441 6 10514 5 10570 5 10699 4 10727 4 10829 1 10850 11 10973 17 11024 8 11094 2 11097 21 11152 12 11221 24 11280 15 11347 26 11409 18 11475 25 11539 18 11603 24 11667 22 11730 24 11796 23 11856 24 11925 25 11984 22 12054 25 12111 20 12184 24 12239 17 12315 21 12367 14 12447 18 12494 10 12578 15 12623 6 12714 6
gap_61f68b922800ea043b,,6079 3 6207 3 6335 3 6462 4 6589 5 6715 6 6724 1 6842 7 6850 5 6857 1 6969 7 6978 6 7097 6 7106 6 7226 1 7234 6 7244 1 7363 5 7492 1,7783 2 7911 2 8039 1 8167 2 8293 4 8421 4 8549 3 8677 3 8805 2,7510 3 7636 6 7721 7 7764 9 7847 10 7891 12 7974 12 8018 14 8101 13 8146 15 8228 14 8274 6 8281 9 8356 7 8364 6 8402 4 8409 10 8484 14 8530 6 8538 10 8611 14 8658 6 8665 12 8739 14 8786 19 8867 14 8914 19 8995 13 9041 20 9123 12 9169 20 9251 11 9298 18 9379 9 9427 16 9509 4 9555 16 9685 13 9814 11 9943 9 10073 4,4426 2 4527 7 4552 7 4652 12 4673 18 4780 13 4797 29 4901 2 4907 49 5026 5 5034 54 5153 4 5161 57 5281 3 5289 33 5323 4 5328 19 5409 2 5416 34 5453 1 5457 18 5536 2 5544 15 5561 16 5581 2 5586 18 5663 2 5673 13 5690 8 5709 2 5715 18 5790 2 5801 12 5819 6 5843 18 5918 1 5933 4 5957 3 5972 8 5982 8 6061 5 6085 4 6098 1 6102 17 6180 4 6189 6 6213 4 6225 2 6231 16 6307 8 6317 5 6325 2 6341 14 6359 16 6428 4 6434 14 6453 3 6469 14 6487 17 6555 21 6581 3 6600 32 6683 22 6709 6 6729 31 6811 23 6837 5 6858 31 6938 25 6965 4 6987 30 7067 15 7083 14 7115 16 7132 13 7195 14 7211 9 7221 5 7245 28 7324 12 7341 6 7350 4 7373 14 7388 13 7454 9 7470 2 7508 2 7513 1 7521 9 7581 9 7651 7 7707 10 7779 4 7785 1 7835 9 7908 3 7913 1 7963 8 8036 3 8040 1 8091 7 8165 2 8219 6 8348 3 8477 2,,7614 7 7740 11 7867 13 7995 14 8122 15 8250 15 8378 16 8506 16 8634 16 8762 15 8890 15 9019 14 9147 13 9275 2 9278 7 9286 2 9402 11 9414 1 9530 14 9657 15 9785 16 9913 5 9920 9 10041 5 10050 7 10179 6 11072 2 11200 2,7627 2 7755 3 7862 2 7883 3 7989 3 8011 4 8116 5 8139 4 8244 5 8267 4 8371 6 8395 5 8499 6 8523 5 8626 7 8651 5 8754 7 8779 5 8881 8 8907 6 9009 7 9035 6 9138 6 9162 7 9267 4 9290 7 9419 5 9547 4 9675 4 9804 3 9905 6 9932 4 10026 3 10031 9 10059 6 10154 14 10176 1 10186 10 10281 18 10303 3 10314 12 10409 27 10438 1 10440 17 10538 47 10666 47 10795 20 10819 22 10924 19 10947 22 11053 17 11075 20 11183 15 11203 19 11313 1 11317 6 11332 16 11462 12
