case_id,lung_airway,cardiomediastinal,hepatosplenic,renal_adrenal,bowel_pancreas,pelvic_urinary,axial_bone,appendicular_muscle
gap_f5af448c110e974293,4534 3 4660 6 4668 9 4679 7 4781 39 4905 17 4923 29 5028 21 5052 30 5154 23 5181 31 5279 26 5310 32 5405 27 5439 32 5532 28 5568 32 5659 28 5697 32 5785 29 5827 31 5912 30 5956 32 6039 31 6085 32 6166 31 6214 31 6293 32 6343 31 6420 32 6472 31 6547 33 6601 31 6675 32 6730 30 6802 33 6859 30 6930 33 6987 30 7057 34 7115 31 7185 34 7243 31 7313 34 7371 32 7441 35 7499 32 7569 27 7597 7 7628 32 7697 26 7726 6 7752 1 7756 32 7825 26 7855 4 7879 2 7885 31 7953 26 8000 4 8006 4 8013 31 8081 27 8124 14 8141 32 8209 28 8252 15 8269 32 8337 29 8379 50 8465 29 8508 3 8514 43 8594 28 8643 42 8722 29 8770 43 8850 29 8898 42 8979 32 9026 42 9107 33 9154 42 9236 32 9283 41 9364 32 9412 39 9492 32 9541 38 9621 31 9670 37 9749 31 9799 35 9878 31 9927 35 10007 32 10056 33 10135 35 10184 33 10264 34 10312 32 10393 33 10440 31 10522 32 10568 31 10651 31 10697 29 10780 29 10825 28 10909 28 10953 27 11037 28 11082 25 11167 25 11210 25 11296 23 11339 22 11425 21 11468 20 11554 19 11597 17 11684 15 11726 15 11814 12 11856 11 11946 4 11986 7,5823 1 5947 7 6074 9 6201 11 6328 13 6456 16 6584 17 6711 19 6839 20 6967 20 7095 20 7223 20 7351 10 7363 7 7481 7 7491 6 7620 4 7980 2 7984 2 8011 1 8111 5 8139 1 8239 6 8367 6 8495 5 8886 5 9013 8 9140 9 9268 9 9396 9 9524 11 9652 10 9780 10 9909 7 10039 3,,,8506 2 8511 1 8634 7 8763 6 8891 6 9022 3,,3772 2 3895 9 4022 11 4149 13 4276 17 4402 20 4529 2 4954 2 5083 2 5213 2 5277 1 5342 2 5403 2 5472 1 5530 1 5601 1 6418 2 6545 2 6672 3 6800 2 6928 1 7532 1 7660 2 7695 2 7788 2 7822 3 7916 3 7950 3 8044 3 8078 3 8173 2 8207 1 8301 2 8429 2 8977 1 9105 2 9233 3 9324 2 9361 3 9408 1 9451 3 9490 2 9535 4 9579 3 9619 2 9662 7 9707 3 9747 2 9790 8 9835 2 9917 10 9963 1 10044 11 10172 11 10300 11 10427 12 10555 12 10599 2 10682 13 10726 3 10810 13 10853 3 10939 12 10981 3 11035 1 11067 11 11108 3 11164 1 11195 11 11236 2 11292 3 11324 10 11363 2 11421 3 11448 1 11452 11 11550 4 11574 3 11580 11 11679 4 11701 3 11707 12 11723 1 11808 5 11827 5 11834 1 11838 6 11847 2 11852 1 11937 7 11952 9 11967 4 11977 1 11981 2 12067 21 12095 3 12110 3 12198 14 12224 1 12240 6 12352 1,9740 1 9867 3 9995 4 10098 3 10123 4 10225 5 10252 4 10353 5 10382 3 10480 5 10512 1 10607 4 10640 2 10734 2 10769 2 10861 2 10898 2 10989 2 11027 2 11116 2 11156 1 11244 2 11286 2 11371 2 11415 3 11497 4 11544 3 11624 4 11751 3 11877 4 11962 4 11971 6 12004 4 12088 7 12098 8 12132 3 12215 8 12226 10 12342 9 12354 11 12469 10 12482 11 12597 9 12611 10 12728 5 12740 6
gap_5296f1202eee3792d4,8135 6 8263 7 8391 8 8520 7 8649 6 8777 6 8906 5 9034 5 9163 4 9291 4 9419 4 9548 3 9676 3 9804 3 9932 3 10060 3 10188 4 10316 4 10445 4 10573 5 10701 6 10830 6 10958 7 11087 7 11216 8 11346 8 11476 8 11607 4,7112 3 7239 6 7367 7 7495 8 7625 6 7756 2 7999 4 8126 6 8253 7 8380 9 8508 9 8636 8 8764 8 8893 5,3768 12 3893 19 4021 27 4149 41 4277 44 4406 45 4535 45 4663 46 4791 47 4919 48 5047 49 5176 49 5304 50 5432 51 5560 52 5689 51 5817 52 5946 51 6075 50 6204 49 6333 49 6463 47 6592 46 6722 45 6852 43 6981 43 7109 3 7115 37 7237 2 7245 35 7366 1 7374 34 7503 34 7631 34 7758 35 7886 35 8015 34 8144 34 8272 34 8400 34 8528 34 8656 34 8726 2 8784 34 8853 5 8912 33 8980 8 8992 1 9040 33 9107 14 9168 33 9235 16 9255 5 9296 33 9363 26 9424 33 9491 27 9552 33 9620 26 9680 32 9748 26 9808 31 9877 24 9936 31 10005 23 10064 30 10134 22 10193 28 10262 21 10321 28 10391 19 10450 26 10520 18 10579 24 10650 16 10708 22 10780 13 10837 20 10910 11 10967 16 11040 9 11096 13 11171 4 11226 9,9523 1 9646 1 9649 5 9774 9 9901 10 10028 11 10156 11 10283 12 10410 12 10538 12 10666 11 10793 11 10921 10,4143 6 4269 8 4397 9 4524 11 4652 11 4779 12 4907 12 5035 12 5162 14 5290 14 5417 15 5531 9 5545 15 5658 11 5673 15 5786 12 5800 16 5916 28 6045 27 6173 27 6300 28 6427 29 6553 33 6680 35 6807 37 6935 39 7062 22 7086 17 7190 21 7214 19 7318 12 7331 8 7343 19 7446 8 7455 1 7459 8 7471 20 7574 7 7587 8 7599 14 7615 4 7702 6 7715 10 7728 12 7830 6 7844 10 7857 10 7958 6 7972 23 8086 6 8101 22 8214 6 8225 2 8228 22 8342 6 8352 24 8471 4 8479 24 8606 9 8617 14 8735 7 8746 13 8863 7 8875 12 8993 3 9007 8 9138 4 9260 1,,3998 2 4124 4 4250 5 4377 6 4505 5 4586 1 4633 3 4713 3 4841 4 4970 4 5099 3 5229 2 5357 2 5397 2 5524 3 5652 2 5779 3 5907 3 6385 1 6512 2 6641 2 6674 1 6769 2 6801 2 6897 2 6929 3 7025 2 7057 3 7184 3 7313 2 8435 1 8563 2 8691 2 8819 2 8849 2 8947 2 8977 2 9075 1 9105 2 9154 5 9233 2 9280 9 9361 2 9407 11 9490 1 9535 12 9618 1 9662 13 9790 13 9918 13 10046 13 10174 13 10301 14 10429 13 10555 15 10682 16 10809 4 10814 11 10936 5 10942 10 11036 2 11063 17 11083 3 11114 1 11164 4 11190 3 11195 3 11200 8 11210 5 11240 3 11293 4 11316 3 11330 3 11337 3 11341 3 11367 3 11422 4 11442 1 11458 2 11494 3 11552 2 11586 1 11621 3 11749 1,11321 7 11446 11 11462 7 11572 13 11589 10 11691 23 11716 13 11816 25 11844 15 11944 25 11972 20 12072 25 12100 22 12201 23 12228 23 12332 19 12357 21 12463 13 12486 19 12598 2 12616 14 12747 7
gap_deac151dc54033d129,,6845 4 6962 4 6972 6 6983 3 7090 4 7100 7 7111 4 7216 5 7228 7 7238 6 7344 2 7356 7 7366 9 7484 6 7494 8 7614 3 7623 5 7752 2,6932 3 7059 5 7187 5 7315 6 7443 6 7571 7 7699 7 7827 8 7955 8 8083 8 8211 8 8339 8 8467 8 8595 8 8723 7 8851 7 8980 6 9108 6 9237 5 9366 3 9495 1,7072 7 7199 10 7327 11 7383 4 7454 13 7510 6 7582 14 7637 8 7710 15 7765 8 7838 16 7893 8 7966 8 7977 5 8021 9 8094 7 8105 5 8151 7 8222 7 8233 5 8271 3 8279 7 8350 7 8360 6 8398 5 8407 7 8478 7 8486 8 8526 4 8535 7 8606 15 8654 4 8663 7 8734 15 8782 5 8791 6 8863 13 8910 5 8919 6 8991 12 9038 7 9047 6 9120 9 9166 15 9248 7 9295 14 9378 3 9423 14 9552 12 9681 10 9809 9 9939 6 10068 3,2886 4 2996 3 3013 6 3121 8 3141 16 3245 13 3269 18 3367 19 3397 21 3493 22 3523 28 3619 25 3646 35 3746 63 3873 52 3927 10 4001 34 4038 7 4048 4 4055 10 4129 17 4152 8 4169 2 4184 9 4257 16 4312 8 4385 15 4441 6 4513 15 4569 4 4640 15 4656 1 4767 12 4783 1 4895 12 4961 5 4971 4 5021 15 5063 5 5088 7 5099 5 5147 18 5190 7 5216 7 5226 7 5274 4 5280 15 5318 8 5344 7 5354 7 5401 4 5411 13 5436 5 5444 10 5473 6 5483 6 5528 5 5540 13 5565 16 5589 4 5601 6 5612 4 5655 6 5669 13 5694 9 5705 4 5713 5 5730 5 5783 6 5797 13 5823 2 5834 4 5839 8 5859 9 5872 3 5911 6 5925 13 5962 13 5987 10 5999 5 6038 6 6054 12 6091 12 6114 11 6127 5 6167 4 6183 10 6219 12 6242 11 6255 5 6346 14 6369 12 6384 4 6474 14 6497 12 6512 4 6602 15 6625 13 6639 5 6730 15 6752 20 6805 1 6862 11 6880 20 6986 1 6992 9 7008 20 7120 1 7125 2 7136 20 7247 1 7265 19 7375 1 7393 19 7502 1 7522 17 7651 16 7779 15 7908 14 8036 12 8165 9 8294 6,,7865 5 7991 9 8118 12 8246 13 8374 14 8502 14 8630 14 8758 14 8886 14 9014 14 9142 14 9270 13 9399 12 9527 11 9655 11 9782 13 9836 1 9908 17 9963 2 10036 18 10091 2 10163 3 10167 15 10218 2 10292 2 10296 10 10307 4 10346 1 10424 9 10556 4 10601 1 10683 2 10729 1 10811 2 10939 3 11066 4 11194 4 11323 3,8369 3 8496 4 8624 5 8752 5 8775 1 8879 6 8902 3 9007 6 9030 4 9135 6 9157 5 9263 6 9285 6 9391 6 9413 6 9519 6 9541 6 9647 6 9669 6 9776 4 9797 6 9904 3 9925 6 10055 4 10548 4 10670 12 10690 3 10694 2 10796 14 10816 9 10921 17 10944 12 11048 18 11071 16 11175 18 11199 19 11303 18 11327 20 11431 18 11455 20 11559 18 11583 21 11688 17 11711 21 11817 16 11840 20 11946 14 11968 19 12076 10 12097 18 12227 14 12359 8
gap_5bf1e73744b2580044,,8122 1 8508 2 8524 4 8633 6 8651 6 8758 9 8777 7 8886 1 8888 7 8904 7 9017 6 9032 6 9146 4 9160 6 9289 4,,,4279 5 4403 12 4529 15 4654 19 4781 21 4806 9 4820 4 4909 36 4948 7 5037 36 5076 9 5158 4 5163 38 5205 9 5286 43 5333 10 5415 42 5462 10 5543 41 5590 13 5672 12 5687 6 5697 14 5718 7 5726 6 5801 11 5815 6 5825 11 5845 16 5930 11 5942 7 5954 7 5973 5 5981 8 6060 17 6083 5 6100 6 6109 8 6189 9 6199 7 6212 3 6228 5 6237 7 6317 9 6327 7 6355 6 6365 7 6445 9 6456 7 6483 6 6493 6 6574 8 6584 7 6610 8 6620 5 6704 7 6713 7 6738 15 6833 15 6866 15 6963 13 6995 14 7092 12 7122 15 7220 12 7245 20 7349 12 7373 19 7478 11 7501 7 7510 9 7611 8 7629 7 7639 7 7742 7 7755 7 7871 16 8000 14 8129 12 8260 8 8390 5 8520 1,,9411 4 9521 5 9537 7 9649 9 9663 10 9778 26 9906 36 10035 35 10163 35 10291 34 10420 32 10548 32 10676 32 10804 31 10933 30 11061 29 11189 29 11317 28 11445 28 11574 26 11702 26 11831 24 11966 17 12095 9 12106 2 12109 2 12225 4 12355 1,5920 5 6048 5 6176 6 6301 9 6428 12 6555 15 6683 16 6758 4 6810 18 6885 6 6938 18 7013 6 7065 20 7141 6 7192 23 7267 9 7320 24 7394 12 7448 25 7521 14 7575 28 7648 15 7703 29 7775 17 7832 30 7894 1 7901 20 7959 31 8018 31 8087 32 8145 32 8215 32 8273 32 8343 32 8400 33 8471 32 8528 33 8599 32 8657 32 8727 31 8785 32 8855 31 8913 31 8983 31 9042 30 9111 28 9170 30 9240 24 9299 29 9368 26 9427 29 9496 25 9557 27 9623 26 9687 24 9750 28 9815 24 9879 27 9942 25 10007 28 10070 24 10135 28 10198 23 10264 27 10325 24 10393 27 10452 24 10522 26 10580 23 10651 25 10708 23 10779 25 10835 24 10908 25 10963 23 11037 24 11090 24 11166 23 11218 23 11296 21 11345 22 11425 13 11440 5 11473 21 11555 13 11569 4 11600 20 11685 16 11728 19 11815 12 11855 18 11946 10 11983 16 12076 17 12111 15 12207 15 12233 3 12238 6 12246 6 12338 13 12360 5 12368 2 12373 5 12472 7 12487 6 12501 2
gap_505c5e72c8ab02164d,4552 9 4680 20 4808 22 4937 23 5066 23 5195 23 5324 23 5453 24 5581 25 5710 25 5793 1 5839 25 5919 4 5968 24 6046 5 6096 25 6172 7 6225 24 6299 8 6353 25 6426 9 6481 12 6498 8 6553 10 6609 11 6628 6 6681 11 6737 9 6757 5 6809 11 6865 9 6885 5 6936 13 6993 9 7014 5 7064 13 7120 10 7142 5 7192 14 7247 11 7270 5 7320 14 7375 11 7397 7 7447 16 7502 12 7525 7 7575 17 7630 13 7652 8 7703 18 7757 14 7779 9 7830 20 7884 17 7905 11 7958 21 8010 34 8086 22 8133 40 8214 23 8260 41 8342 24 8388 41 8470 25 8516 41 8598 27 8644 41 8726 32 8772 41 8853 33 8900 41 8982 32 9029 40 9110 32 9158 39 9238 31 9286 39 9366 31 9415 38 9494 32 9544 37 9622 32 9673 35 9750 32 9801 35 9878 32 9930 34 10006 32 10058 33 10135 31 10186 33 10263 31 10314 32 10392 30 10443 31 10520 30 10571 30 10649 29 10699 30 10777 29 10827 29 10906 27 10955 28 11035 26 11083 27 11163 26 11212 25 11292 24 11340 24 11422 20 11469 22 11553 15 11598 20 11682 13 11728 16 11812 9 11858 13 11942 6 11990 5,5177 10 5303 14 5418 28 5545 30 5672 31 5799 33 5927 40 6054 42 6182 42 6310 43 6438 43 6566 43 6694 43 6822 43 6950 22 6973 19 7078 21 7102 18 7207 20 7230 17 7335 19 7358 17 7464 18 7487 1 7491 11 7593 17 7619 11 7721 17 7748 9 7850 16 7877 7 7980 13 8007 2 8109 11 8238 8 8368 4 8505 7 8632 8 8759 10 8887 10 9014 11 9142 11 9270 10 9398 10 9527 8 9657 4,6493 4 6620 7 6746 11 6874 11 7002 11 7130 11 7258 11 7386 11 7514 11 7643 9 7771 8 7901 4,,,,4043 9 4149 6 4170 12 4273 9 4298 13 4399 8 4428 12 4526 8 4563 5 4650 10 4775 7 4902 7 4961 2 5029 4 5090 3 5156 1 5219 3 5348 3 5477 3 5606 2 5735 2 5915 1 6041 3 6168 4 6296 3 6423 3 6551 2 6679 2 6806 2 7276 1 7404 1 7532 2 7660 2 7788 2 7916 3 7956 2 8044 3 8084 2 8173 2 8211 3 8301 1 8339 3 8429 1 8467 3 8557 1 8595 3 8723 3 8852 1 9538 1 9663 8 9709 1 9789 11 9836 2 9877 1 9916 12 9964 2 10004 2 10043 13 10091 3 10132 3 10170 14 10219 2 10260 3 10298 14 10346 3 10389 3 10426 14 10474 3 10517 3 10554 14 10602 2 10646 3 10682 14 10729 2 10775 2 10809 15 10857 1 10903 2 10937 16 11064 16 11193 15 11320 15 11447 17 11574 3 11579 13 11702 4 11711 5 11719 2 11832 3 11839 4 11847 2 11968 3 12065 4 12096 2 12119 7 12194 5 12224 2 12246 7 12323 6 12352 2 12374 6 12453 4 12480 2,11835 2 11955 11 11972 11 12079 16 12099 14 12206 17 12227 15 12333 18 12355 16 12461 18 12483 17 12589 17 12611 17 12718 15 12741 14 12848 5 12878 3
gap_fbea1969b0eb81bf0d,3803 5 3876 4 3932 5 4001 7 4060 6 4128 8 4190 5 4255 8 4318 5 4383 7 4448 4 4510 7 4577 4 4638 5 4706 4 4765 5 4835 3 4892 5 4964 3 5019 6 5093 3 5147 6 5222 2 5274 6 5351 2 5402 6 5529 6 5657 5 5785 4 5912 5 6040 5 6168 5 6295 5 6423 4 6467 1 6551 4 6593 5 6679 3 6721 7 6807 3 6849 9 6934 3 6977 11 7062 2 7106 11 7190 2 7234 11 7318 1 7362 12 7446 1 7491 11 7574 1 7619 12 7701 2 7747 12 7829 2 7861 1 7875 12 7957 2 7989 2 8004 12 8084 3 8116 3 8132 12 8212 3 8244 4 8261 12 8340 3 8372 4 8390 11 8468 3 8499 6 8518 12 8596 4 8627 6 8647 11 8725 3 8754 7 8775 12 8853 3 8881 8 8904 11 8981 3 9008 9 9032 12 9109 3 9136 9 9160 13 9237 4 9263 10 9289 13 9365 4 9390 11 9417 14 9449 1 9494 3 9517 11 9546 15 9575 3 9622 3 9645 11 9674 16 9701 5 9751 3 9772 12 9803 19 9826 7 9879 3 9899 13 9931 30 10008 3 10026 14 10059 29 10136 4 10153 14 10188 27 10265 4 10279 16 10317 26 10393 6 10405 17 10445 24 10522 28 10574 22 10650 27 10703 20 10779 26 10832 17 10908 24 10962 13 11038 21 11093 8 11167 19 11297 15 11427 12 11558 6,5832 2 5956 8 6084 9 6212 10 6340 10 6469 9 6598 8 6729 4 7228 5 7354 7 7481 9 7609 9 7736 10 7864 10 7992 9 8120 8 8249 7 8380 2,3392 7 3515 15 3639 21 3765 26 3891 30 4019 32 4147 33 4276 35 4404 38 4533 42 4661 43 4790 44 4919 44 5047 46 5176 46 5305 46 5436 44 5570 39 5699 38 5828 4 5834 32 5964 32 6093 31 6222 31 6350 31 6478 31 6606 31 6733 33 6861 33 6941 1 6990 32 7068 3 7118 32 7196 3 7246 32 7375 31 7503 31 7581 3 7631 31 7705 8 7760 30 7833 9 7888 30 7961 16 8016 30 8088 19 8144 30 8216 22 8273 29 8344 23 8401 29 8472 24 8530 27 8600 24 8658 27 8728 24 8787 25 8856 24 8915 25 8985 22 9044 23 9113 22 9173 21 9241 22 9302 19 9369 21 9431 17 9498 19 9561 13 9626 19 9690 10 9755 17 9883 16 10012 14 10141 12 10270 9 10401 3,,4530 3 4656 5 4781 9 4908 11 5035 12 5161 15 5287 18 5414 20 5541 21 5667 1 5669 22 5793 3 5798 21 5921 3 5928 19 6048 5 6056 19 6176 26 6303 26 6430 20 6455 1 6559 19 6582 3 6687 19 6710 5 6815 19 6838 1 6840 3 6942 20 7071 20 7199 20 7325 22 7455 3 7461 14 7590 13 7718 12 7846 12 7977 8 8107 4 8238 1,,2907 1 3032 6 3111 2 3160 7 3236 5 3289 6 3363 6 3490 6 3618 5 3747 2 4195 3 4323 4 4452 3 4581 3 4711 1 4890 1 5017 2 5144 3 5272 2 5400 2 5869 1 5996 3 6124 3 6253 2 6381 2 6421 2 6549 2 6676 3 6804 2 7919 1 8046 2 8174 2 8302 2 8430 2 8466 2 8510 6 8558 1 8594 2 8636 9 8722 2 8763 11 8850 3 8890 13 8979 2 9018 13 9107 2 9146 13 9235 2 9274 13 9402 13 9530 13 9659 12 9787 12 9915 12 10043 11 10171 12 10299 12 10426 14 10553 19 10679 13 10693 4 10699 3 10806 6 10815 4 10828 3 10849 2 10933 2 10937 3 10944 3 10958 2 10976 3 11066 1 11072 3 11102 4 11200 2 11229 4 11328 2 11356 2 11457 2 11554 4 11585 2 11683 5 11713 2 11812 4 11841 1,10948 6 11067 4 11076 9 11192 7 11204 11 11318 9 11332 13 11444 11 11460 18 11571 12 11588 20 11698 14 11717 19 11822 18 11845 19 11948 19 11976 14 12076 19 12205 17 12335 14 12468 6
gap_02daecab79ab4c04f5,,,,,,,,6242 3 6369 7 6497 8 6624 10 6682 4 6752 11 6808 7 6879 12 6935 9 7007 12 7062 11 7135 12 7190 11 7262 13 7318 11 7390 13 7446 12 7517 13 7574 12 7650 6 7702 11 7831 9 7960 5 8674 4 8780 1 8800 7 8856 6 8908 2 8927 9 8984 7 9036 3 9055 9 9112 8 9182 10 9240 11 9260 2 9310 10 9368 13 9383 6 9438 11 9496 20 9566 11 9625 17 9694 10 9753 17 9822 10 9882 16 9950 9 10011 15 10078 8 10141 12 10205 8 10270 9 10331 9 10400 6 10458 8 10585 8 10712 8 10839 7 10922 3 10966 7 11050 4 11094 6 11178 5 11223 3 11307 4 11436 2
gap_cabd65526627951603,,6991 3 7113 1 7119 3 7241 1 7248 2 7368 3 7495 5 7611 1 7622 7 7737 6 7749 8 7864 8 7877 9 7991 10 8005 9 8118 11 8133 9 8246 10 8261 9 8374 9 8390 7 8502 9 8518 7 8630 8 8647 6 8762 1 8776 4 8905 1,4017 12 4055 4 4139 51 4267 53 4395 55 4524 56 4650 61 4780 60 4909 59 5037 60 5166 60 5295 59 5424 59 5553 59 5682 58 5812 57 5941 56 6070 56 6199 56 6329 21 6354 29 6459 16 6482 30 6588 10 6611 29 6717 9 6740 28 6848 9 6869 27 6976 11 6998 26 7104 9 7114 1 7122 1 7126 27 7233 8 7242 2 7247 1 7250 1 7255 26 7361 7 7371 1 7375 4 7382 27 7490 5 7504 33 7621 1 7629 1 7632 33 7757 37 7886 36 8014 36 8142 36 8270 36 8399 35 8528 34 8656 34 8785 33 8914 32 9044 30 9174 27 9232 4 9304 24 9359 7 9433 23 9487 8 9562 22 9615 9 9691 20 9743 10 9820 19 9871 10 9948 19 10000 10 10077 17 10128 10 10205 17 10257 9 10333 16 10386 9 10462 15 10514 9 10590 14 10643 9 10718 14 10772 9 10846 13 10900 9 10973 13 11031 6 11102 11 11230 10 11358 8 11488 3,9260 4 9294 3 9386 6 9421 6 9513 8 9548 8 9640 9 9676 10 9767 9 9804 13 9893 11 9932 14 10020 11 10061 14 10146 13 10189 14 10273 13 10318 13 10401 13 10447 12 10529 12 10575 11 10657 11 10704 10 10786 8 10834 6 10915 5 10964 2,4136 3 4264 3 4391 4 4508 2 4519 5 4631 8 4646 4 4758 9 4772 8 4885 24 5012 25 5139 27 5267 28 5396 28 5524 27 5552 1 5651 20 5672 7 5778 20 5801 5 5905 21 5929 5 6032 11 6045 9 6056 6 6068 2 6160 11 6173 9 6184 5 6196 3 6288 10 6301 16 6321 6 6416 10 6429 16 6448 6 6544 9 6557 11 6569 4 6576 5 6672 8 6685 10 6697 4 6704 5 6716 1 6799 8 6813 10 6825 4 6832 4 6926 8 6941 9 6953 5 6959 5 7054 7 7069 9 7081 10 7181 8 7198 8 7208 11 7309 8 7326 8 7336 11 7437 8 7453 21 7565 8 7581 21 7693 8 7708 23 7821 8 7835 24 7950 7 7962 25 8079 6 8089 25 8208 4 8217 25 8336 3 8345 23 8463 3 8474 16 8591 2 8605 11 8735 8 8864 7 8993 5,,3024 5 3151 13 3284 1 3286 7 3417 6 3497 2 3547 6 3623 3 3677 6 3751 1 3807 5 3871 2 3936 5 3993 2 3998 2 4065 5 4119 4 4194 4 4246 3 5098 2 5226 3 5355 3 5388 2 5483 4 5515 3 5612 3 5643 2 5741 2 5770 2 5898 2 7025 1 7153 2 7281 2 7305 1 7409 2 7432 2 7537 2 7560 2 7688 2 8893 5 9019 8 9145 12 9272 13 9355 2 9400 13 9457 1 9483 3 9528 14 9584 2 9611 3 9656 14 9711 3 9740 2 9783 15 9839 3 9911 15 9967 2 10039 15 10167 15 10295 15 10424 14 10552 14 10680 14 10809 13 10937 13 11065 12 11192 13 11289 2 11321 12 11418 3 11449 11 11491 2 11547 2 11560 3 11579 7 11601 4 11617 4 11687 4 11708 5 11730 4 11744 4 11837 4 11965 4 12093 4 12221 3 12350 2,11440 6 11467 2 11567 9 11589 9 11694 13 11715 12 11820 16 11842 15 11945 19 11969 18 11991 5 12068 25 12098 27 12198 23 12226 27 12328 20 12354 25 12458 18 12483 21 12589 13 12613 16 12747 3
gap_780ef6910430c38ee4,,,,,,,4159 2 4164 1 4287 2 4292 2 4414 1 4421 1 6850 5 6976 9 7104 10 7228 16 7353 21 7479 25 7606 29 7729 7 7739 26 7854 7 7868 26 7982 5 7996 11 8008 16 8123 5 8129 6 8137 11 8149 3 8251 25 8379 25 8501 3 8505 28 8626 35 8753 25 8781 8 8879 14 8895 10 8909 4 8917 1 9005 14 9025 7 9133 6 9143 3 9154 5 9260 5 9283 3 9388 2 9412 1,8069 1 8197 3 8326 3 8455 2 8583 2 8710 2 8837 1 9149 1 9161 4 9275 4 9288 7 9298 1 9401 7 9416 11 9522 15 9543 11 9650 15 9671 10 9782 12 9799 10 9910 12 9927 7 10038 6 10046 4 10170 3 10175 2
gap_afd86adfb87c3bc343,,5946 3 5952 4 6073 5 6079 7 6200 15 6328 15 6346 2 6456 16 6474 2 6584 6 6591 9 6713 4 6720 8 6848 8 6972 11 7100 10 7227 13 7355 14 7484 16 7619 8 7752 3 7881 1,,,3377 5 3504 6 3523 8 3533 5 3631 7 3645 22 3668 3 3760 5 3772 15 3789 13 3888 5 3900 14 3917 4 3923 10 4001 3 4017 2 4027 12 4051 11 4128 5 4156 3 4162 5 4180 10 4256 5 4291 4 4309 2 4313 6 4379 10 4419 4 4435 4 4442 10 4506 10 4547 5 4563 4 4573 9 4632 11 4675 4 4690 5 4703 8 4759 11 4791 3 4804 2 4818 6 4831 8 4885 12 4919 3 4946 6 4960 8 5013 12 5046 4 5074 7 5089 7 5141 12 5175 2 5203 6 5218 7 5268 12 5332 5 5347 7 5397 11 5462 1 5476 7 5525 12 5605 6 5653 13 5734 5 5781 14 5862 6 5910 14 5980 7 5990 6 6038 14 6064 1 6107 17 6166 17 6191 2 6235 16 6294 27 6362 17 6423 25 6490 16 6553 4 6559 17 6618 15 6689 14 6745 14 6819 11 6867 17 6950 8 6994 18 7066 6 7079 7 7123 17 7193 8 7207 6 7252 19 7321 8 7335 6 7383 16 7449 8 7463 5 7511 13 7577 9 7592 2 7639 12 7706 8 7768 10 7835 6 7897 8 7964 5 8027 4 8094 3,,7866 10 7991 15 8118 17 8246 18 8374 18 8502 19 8630 19 8758 19 8885 21 9013 21 9140 24 9268 26 9396 8 9405 18 9524 8 9534 5 9540 12 9651 10 9662 18 9779 29 9810 1 9899 2 9904 26 9934 2 10028 2 10032 25 10157 2 10161 23 10286 1 10292 5 10298 10 10422 2 10429 6 10558 4 10687 2 10815 2 10943 2 11071 2 11199 2 11327 2,7500 4 7627 6 7655 4 7755 8 7783 4 7827 3 7854 5 7882 10 7910 5 7954 5 7979 9 8010 11 8037 6 8081 6 8106 10 8138 12 8164 7 8209 7 8233 11 8266 12 8291 8 8337 8 8360 12 8395 11 8418 8 8465 9 8487 13 8523 11 8545 8 8593 9 8615 12 8651 11 8672 8 8721 10 8743 12 8780 10 8798 10 8850 10 8871 11 8909 8 8924 12 8978 11 8999 10 9039 5 9050 14 9108 10 9128 7 9169 1 9176 15 9239 8 9258 4 9303 16 9367 10 9430 17 9495 15 9557 17 9623 18 9683 19 9751 19 9811 18 9879 20 9938 18 10008 20 10066 17 10137 20 10193 17 10266 20 10316 3 10321 16 10396 19 10443 20 10525 18 10546 2 10554 1 10564 25 10655 17 10673 6 10681 4 10691 24 10786 27 10819 23 10916 25 10947 20 11046 23 11075 19 11176 21 11203 18 11306 19 11330 18 11435 19 11458 17 11564 18 11586 15 11693 17 11714 14 11825 13 11842 12 11954 11 11971 10 12083 9 12101 5 12213 6
gap_92aa32afff4c9793eb,5701 6 5829 13 5936 3 5958 14 6061 6 6087 16 6187 7 6216 18 6313 7 6345 19 6438 8 6473 20 6565 8 6601 21 6692 8 6729 22 6820 8 6858 22 6948 7 6986 22 7075 8 7115 22 7203 8 7243 22 7331 8 7372 21 7459 8 7500 5 7511 10 7586 10 7628 4 7640 10 7714 11 7757 2 7769 9 7842 11 7884 3 7897 9 7970 12 8011 3 8025 9 8098 13 8130 13 8153 9 8226 14 8258 14 8281 10 8354 15 8386 15 8409 10 8482 16 8516 14 8536 11 8610 18 8634 5 8645 30 8738 29 8774 29 8866 29 8903 28 8994 29 9031 28 9122 29 9160 27 9251 29 9288 27 9379 29 9417 26 9507 28 9545 25 9636 27 9673 25 9764 27 9801 24 9893 26 9929 24 10022 24 10057 23 10150 24 10186 21 10279 23 10314 20 10408 21 10443 18 10537 20 10571 17 10667 17 10700 15 10797 13 10828 13 10926 9 10958 9,6071 14 6195 20 6321 22 6447 25 6573 27 6700 28 6828 28 6955 29 7083 29 7211 28 7339 29 7468 30 7596 31 7725 30 7853 16 7875 7 7982 15 8005 4 8111 14 8240 13 8370 10 8499 8 8513 2 8630 2 8640 5 8767 6 8895 7 9023 6 9152 5,7507 3 7634 5 7761 7 7889 7 8017 8 8144 9 8273 8 8401 8 8530 6,,,,5319 1 5433 5 5447 3 5451 2 5559 6 5579 3 5686 3 5844 3 5973 3 6058 1 6185 2 7329 1 9283 1 9410 4 9536 8 9664 8 9698 1 9792 8 9825 2 9920 8 9953 2 10020 1 10048 8 10081 1 10149 1 10176 7 10208 2 10277 1 10304 7 10433 6 10560 7 10688 7 10816 7 10945 6 11074 3 11203 2 11216 1 11331 2 11459 1,7408 3 7535 5 7663 5 7791 5 7919 5 8045 1 8049 1 8591 3 8718 4 8846 4 8973 5 9102 4 9231 2 11067 6 11079 5 11194 8 11206 7 11321 9 11333 9 11448 10 11461 9 11577 8 11590 7
gap_4b2a83d80c4b0a3ea0,4402 4 4527 11 4653 20 4780 40 4906 45 5032 49 5159 26 5187 23 5285 27 5315 24 5412 27 5444 24 5539 27 5573 24 5666 27 5701 25 5794 26 5830 24 5921 26 5959 24 6048 26 6087 25 6176 25 6216 24 6303 25 6344 25 6431 25 6473 24 6559 24 6601 25 6686 24 6729 25 6814 24 6858 24 6942 23 6986 25 7069 24 7115 24 7197 23 7243 24 7325 23 7371 24 7452 24 7500 24 7580 23 7628 24 7708 23 7756 24 7836 22 7885 23 7964 18 8012 1 8015 21 8092 18 8140 1 8143 21 8220 17 8270 22 8348 17 8397 2 8400 20 8476 17 8525 1 8529 20 8604 17 8653 1 8657 19 8732 17 8781 23 8860 18 8908 24 8988 18 9025 4 9030 4 9036 24 9116 18 9150 1 9152 36 9244 18 9275 41 9373 18 9403 41 9501 19 9531 5 9537 34 9629 20 9665 34 9757 20 9793 34 9886 19 9922 33 10014 19 10051 31 10142 18 10181 29 10271 17 10309 29 10399 16 10438 27 10528 15 10566 27 10656 15 10695 25 10785 14 10824 23 10914 13 10952 23 11043 13 11081 21 11171 13 11209 20 11300 15 11337 20 11429 15 11466 18 11559 13 11595 16 11688 12 11724 14 11817 10 11853 12 11947 5 11982 9 12112 5,6719 7 6846 9 6973 11 7100 12 7228 13 7356 13 7480 17 7606 20 7734 21 7861 22 7989 22 8111 2 8117 8 8127 11 8238 3 8244 9 8262 4 8365 3 8372 10 8391 2 8493 3 8499 11 8519 2 8622 16 8648 1 8655 1 8750 16 8778 1 8879 14 9007 11 9135 11 9263 10 9391 9 9521 5 10161 6 10288 8 10416 9 10543 10 10671 10 10799 10 10928 8 11056 8 11185 6,,,9536 1 9657 8 9785 7 9912 5,,4143 4 4157 10 4270 5 4284 14 4396 5 4411 19 4522 5 4541 17 4649 4 4678 2 4775 5 4901 5 5029 3 5156 3 5211 1 5284 1 5339 2 5468 2 5597 3 5726 2 5855 2 5983 3 6112 3 6241 2 6369 3 6497 3 6626 2 6754 3 6883 2 7011 2 7139 2 7268 1 8037 1 8090 1 8165 1 8218 1 8293 1 8730 1 8858 2 8986 2 9114 2 9242 2 9370 3 9498 3 9627 2 9755 2 9884 1 10012 1 10173 7 10211 1 10300 9 10338 2 10428 9 10466 1 10556 9 10593 2 10684 9 10720 3 10811 10 10848 3 10939 11 10975 3 11067 10 11103 3 11196 9 11231 2 11324 8 11358 3 11452 9 11485 3 11578 12 11613 2 11704 14 11740 2 11831 16 11868 1 11958 5 11967 3 11973 6 12077 6 12085 4 12095 2 12102 6 12110 1 12204 8 12214 2 12223 2 12231 10 12332 6 12351 1 12364 6 12479 1 12494 4,9488 2 9615 3 9711 2 9743 4 9839 3 9871 4 9967 3 10000 4 10094 4 10130 2 10222 4 10259 1 10349 3 10387 2 10477 2 10516 2 10604 2 10644 3 10731 3 10773 2 10859 2 10901 3 10985 3 11031 1 11112 3 11239 3 11366 3 11420 1 11492 3 11548 3 11618 4 11677 3 11745 4 11806 2 12090 4 12098 4 12217 6 12225 6 12343 8 12353 7 12470 9 12481 7 12597 9 12609 7 12725 8 12739 4 12855 5
gap_7609100e7b3d5168b7,,,,,,,,7700 6 7826 9 7953 11 8081 11 8209 11 8297 5 8337 11 8424 8 8465 11 8551 10 8593 11 8679 10 8721 11 8806 12 8850 9 8934 12 8979 6 9062 11 9190 11 9318 11 9447 9 9495 5 9576 8 9612 18 9707 4 9740 20 9867 22 9995 22 10083 8 10123 23 10208 23 10252 22 10335 24 10380 22 10450 3 10458 3 10462 24 10509 21 10538 4 10577 36 10639 21 10665 6 10704 37 10769 30 10831 36 10898 30 10957 36 11028 29 11084 35 11159 27 11211 34 11290 24 11339 33 11421 22 11466 31 11551 20 11594 29 11681 18 11722 25 11812 14 11850 22 11944 9 11979 18 12107 15 12238 4
gap_7edec5148186b6e1ec,4555 11 4680 17 4808 18 4937 19 5067 18 5196 19 5325 20 5455 20 5584 20 5713 20 5794 2 5841 20 5921 3 5970 20 6047 4 6098 21 6174 6 6227 20 6301 7 6355 21 6428 9 6483 22 6556 9 6611 22 6683 10 6739 23 6811 10 6866 24 6939 11 6993 25 7066 12 7121 25 7194 12 7248 27 7321 13 7376 27 7449 14 7503 28 7577 14 7631 28 7704 16 7758 30 7832 16 7885 31 7960 17 8012 32 8088 18 8139 33 8216 19 8267 33 8344 19 8394 34 8472 20 8522 33 8600 21 8649 34 8728 23 8772 8 8782 29 8856 25 8899 10 8911 28 8984 27 9027 40 9112 28 9155 40 9240 27 9283 40 9368 27 9412 39 9496 27 9542 36 9624 27 9671 35 9752 27 9800 34 9881 26 9928 34 10009 27 10057 32 10137 27 10185 32 10265 28 10313 32 10394 28 10441 31 10522 28 10570 30 10650 29 10698 29 10779 28 10827 28 10907 28 10955 27 11036 26 11084 26 11165 25 11212 25 11294 23 11341 23 11423 22 11470 21 11553 19 11599 19 11682 17 11728 16 11811 15 11857 13 11941 11 11989 4,4925 1 5049 13 5175 17 5301 20 5427 22 5554 23 5676 28 5802 28 5929 12 5942 14 5964 5 6057 13 6072 12 6089 9 6184 14 6205 7 6214 12 6312 15 6332 23 6440 43 6567 44 6695 43 6823 43 6951 42 7079 42 7207 41 7335 29 7366 9 7463 28 7494 9 7592 38 7720 31 7754 3 7849 30 7978 30 8107 30 8236 29 8365 10 8379 14 8494 6 8513 7 8623 3 8644 1 8909 2 9015 6 9141 8 9268 10 9395 11 9523 11 9651 11 9779 11 9907 11 10036 9 10165 7 10295 2,,,,,4041 7 4157 20 4274 32 4400 22 4425 1 4428 5 4526 20 4654 10 4698 4 4827 4 4956 4 5085 5 5215 3 5536 1 5663 2 5790 2 5917 3 6044 3 6171 3 6298 3 6426 2 6554 1 6634 1 6762 1 6890 2 7018 3 7146 3 7275 2 7403 2 7447 1 7531 3 7574 2 7659 3 7701 3 7788 2 7829 3 7916 2 7957 3 8044 1 8085 3 8213 3 8341 3 8469 3 8598 2 8726 1 9324 1 9451 2 9494 2 9579 2 9622 2 9706 3 9750 2 9792 6 9834 3 9878 3 9918 9 9962 2 10006 3 10045 10 10089 3 10134 3 10172 12 10217 3 10263 2 10300 12 10345 2 10391 3 10427 12 10472 3 10520 2 10555 12 10600 2 10683 12 10728 2 10811 13 10939 13 11067 13 11195 13 11322 14 11450 14 11577 18 11619 2 11676 3 11704 22 11745 3 11805 3 11830 6 11839 5 11848 8 11871 5 11934 3 11953 4 11959 4 11968 3 11976 3 11982 2 11997 5 12063 4 12080 5 12089 2 12096 3 12124 5 12193 2 12207 4 12224 3 12251 5 12353 2 12379 2 12481 2 12609 1,11973 2 12091 4 12100 7 12213 11 12227 12 12339 13 12355 15 12466 14 12483 16 12593 15 12612 14 12721 14 12740 13 12851 3
gap_909a6d35a5c9e69803,,,,,,,11457 1 11585 1,7141 4 7240 3 7268 8 7324 2 7352 3 7369 3 7395 10 7450 5 7479 3 7498 3 7523 11 7575 9 7606 4 7627 3 7650 13 7701 12 7733 4 7756 3 7778 13 7828 13 7860 4 7885 3 7907 12 7956 13 7987 4 8014 3 8036 11 8084 13 8115 3 8143 3 8164 11 8212 12 8241 3 8272 4 8293 10 8340 11 8368 3 8402 5 8421 9 8468 11 8494 3 8531 8 8550 8 8597 9 8619 5 8660 9 8678 7 8725 9 8743 9 8788 9 8808 1 8853 8 8871 8 8917 9 8982 6 8998 9 9045 9 9127 7 9174 7 9195 5 9255 7 9303 6 9320 9 9366 4 9383 6 9431 5 9446 11 9492 9 9512 5 9560 3 9571 14 9620 11 9640 4 9689 1 9696 16 9748 14 9769 2 9823 16 9877 16 9948 19 10005 19 10073 21 10134 20 10200 22 10263 21 10327 22 10392 20 10453 23 10522 19 10580 23 10651 20 10706 24 10781 20 10833 24 10913 17 10960 23 11043 17 11087 24 11172 17 11214 23 11301 18 11341 22 11430 18 11468 21 11560 17 11595 20 11689 17 11723 17 11819 15 11851 15 11949 13 11979 12 12078 12 12108 9 12208 10 12239 1 12338 7
gap_7c9812e0e85d4be3c1,5554 5 5578 7 5680 9 5706 9 5806 11 5834 11 5933 13 5962 12 6060 14 6090 14 6187 15 6219 14 6314 16 6347 15 6441 17 6475 16 6568 18 6603 16 6696 18 6732 16 6823 19 6860 17 6951 18 6988 18 7078 19 7116 18 7206 19 7243 20 7333 20 7371 20 7460 20 7498 21 7588 20 7620 1 7625 23 7715 21 7747 4 7753 23 7843 20 7874 31 7971 20 8002 31 8098 20 8131 30 8226 20 8260 30 8354 20 8389 29 8482 20 8517 29 8609 20 8644 30 8737 20 8772 30 8865 20 8900 30 8993 20 9029 29 9121 20 9157 29 9249 21 9285 29 9377 21 9414 28 9505 22 9542 28 9633 23 9671 26 9761 25 9799 26 9890 24 9928 24 10018 25 10057 23 10147 23 10185 23 10275 23 10314 21 10404 22 10443 19 10532 21 10572 17 10661 20 10701 15 10789 19 10830 13 10918 17 10959 11 11047 15 11089 8 11177 12 11220 1 11307 8 11438 4,5698 4 5825 6 5953 7 6080 9 6208 9 6336 10 6464 10 6592 10 6720 11 6844 4 6850 6 6857 2 6971 5 6980 2 6985 2 7098 7 7113 2 7226 7 7241 2 7353 8 7481 9 7608 10 7736 9 7863 10 7991 10 8119 10 8246 11 8374 11 8502 11 8630 11 8757 11 8885 11 9013 11 9142 9 9270 9 9399 7 9527 6 9657 2,,,,,4669 6 4794 11 4921 13 5044 3 5049 14 5169 22 5196 4 5295 13 5317 1 5324 5 5423 4 5432 2 5454 4 5550 4 5677 3 5804 1 5931 1 5975 1 6185 1 6312 1 7006 1 7134 2 7263 2 7391 3 7519 3 7586 1 7648 2 7713 2 7776 2 7840 3 7905 1 7968 3 8096 2 8223 3 8352 2 8480 1 9187 1 9314 2 9408 5 9442 2 9535 7 9570 2 9662 8 9697 3 9759 2 9790 9 9825 2 9887 3 9918 9 9953 2 10015 3 10046 9 10081 1 10144 3 10173 11 10272 3 10301 11 10400 3 10429 10 10530 1 10558 9 10686 9 10814 10 10941 12 11068 13 11097 4 11196 12 11223 5 11302 4 11325 9 11351 5 11430 6 11445 1 11451 1 11457 4 11479 3 11559 6 11572 2 11578 1 11586 2 11688 5 11699 1,10217 3 10260 4 10344 5 10388 5 10472 5 10516 5 10599 5 10646 4 10727 2 10776 2 10854 2 10905 2 10981 2 11034 2 11109 2 11162 3 11236 2 11291 3 11335 5 11363 2 11420 3 11452 3 11462 8 11489 3 11549 4 11579 6 11589 10 11616 3 11678 4 11704 9 11717 10 11743 2 11808 4 11830 12 11845 10 11867 4 11937 4 11958 12 11973 8 11994 3 12066 4 12087 10 12102 3 12121 3 12195 4 12219 6 12325 2 12349 2
gap_ddbeb31901c8a028fe,,,,,,,,6567 2 6695 2 7074 3 7079 1 7203 1 7206 3 7334 2 7386 1 7462 2 7514 2 7868 1 7995 2 8002 1 8122 3 8129 2 8153 2 8249 4 8257 3 8281 1 8377 3 8385 4 8478 1 8504 4 8513 5 8604 4 8631 4 8642 4 8729 7 8759 3 8770 4 8855 10 8886 2 8899 4 8926 1 8982 11 9013 2 9027 4 9054 2 9109 13 9140 2 9156 3 9237 13 9267 2 9285 2 9365 14 9394 2 9414 2 9437 2 9493 14 9518 6 9542 3 9565 4 9621 14 9643 9 9671 3 9692 6 9750 12 9770 9 9799 4 9819 9 9879 10 9897 10 9927 5 9946 11 10008 7 10025 10 10055 6 10074 12 10153 9 10183 8 10201 14 10258 3 10282 8 10312 8 10329 14 10385 6 10410 7 10440 8 10458 13 10511 10 10538 7 10568 8 10587 11 10639 12 10667 5 10696 8 10715 11 10767 22 10796 3 10824 8 10844 9 10896 24 10953 6 10974 6 11025 26 11081 6 11154 32 11210 4 11283 32 11362 6 11412 32 11487 9 11542 31 11599 5 11607 17 11672 29 11718 34 11802 27 11845 35 11932 25 11972 35 12062 22 12099 35 12194 17 12227 33 12324 13 12355 32 12456 7 12483 31 12611 30 12740 27 12869 23 12999 14
gap_d9bbc1552d55a7eb2a,5673 1 5678 5 5797 15 5923 17 6049 19 6176 20 6301 23 6353 4 6428 24 6480 6 6490 3 6555 25 6593 2 6607 16 6682 26 6719 5 6734 19 6809 26 6847 6 6859 23 6936 26 6974 7 6986 25 7063 27 7102 8 7113 28 7191 26 7230 8 7240 30 7318 27 7359 7 7368 31 7445 28 7487 6 7496 32 7572 29 7615 5 7624 33 7699 29 7741 6 7752 34 7826 30 7867 8 7880 34 7954 30 7995 8 8008 35 8082 29 8123 8 8135 36 8209 30 8251 8 8263 37 8337 30 8379 7 8390 38 8465 30 8508 4 8518 39 8593 30 8645 40 8721 30 8773 41 8849 31 8902 40 8976 32 9031 39 9104 32 9144 4 9160 38 9232 33 9271 5 9289 37 9360 34 9398 6 9417 37 9489 43 9545 37 9617 42 9674 36 9745 41 9802 36 9874 40 9931 34 10003 38 10059 34 10131 38 10187 34 10260 37 10316 33 10388 36 10444 32 10517 35 10573 31 10646 33 10701 30 10774 32 10830 28 10903 30 10959 26 11032 27 11088 24 11161 25 11218 21 11291 22 11347 19 11420 20 11476 17 11549 18 11606 14 11679 14 11735 11 11809 10 11867 3 11940 5,5563 2 5690 3 5951 4 6079 4 6092 3 6207 4 6218 5 6336 3 6346 5 6474 5 6602 5 6731 2 6964 3 7092 4 7220 4 7349 2 7356 1 7484 1 7986 3 8113 4 8241 4 8369 5 8497 5 8625 5 8753 5 8882 3,,,8513 1,,4025 6 4150 20 4277 22 4403 24 4528 3 4532 25 4656 30 4783 32 4910 3 4918 26 5037 5 5052 2 5058 6 5066 6 5164 6 5193 3 5199 1 5291 6 5328 4 5419 6 5456 6 5547 4 5586 5 5715 5 5843 5 5918 3 5971 6 6045 4 6100 4 6171 5 6298 3 6426 2 6497 2 6553 2 6625 4 6753 5 6882 5 7011 5 7141 4 7270 4 7399 3 7529 1 7696 2 7824 2 7951 3 8078 3 8206 3 8335 1 8815 1 8896 3 8942 3 9023 5 9071 4 9102 1 9150 7 9199 4 9229 3 9278 8 9327 4 9357 3 9405 9 9456 2 9485 3 9533 10 9584 1 9613 3 9661 10 9742 2 9788 12 9871 1 9915 13 10043 14 10171 14 10300 12 10428 12 10556 12 10606 1 10641 1 10683 14 10733 3 10770 4 10810 19 10860 4 10898 4 10937 21 10988 4 11027 4 11065 21 11115 4 11155 5 11192 23 11243 3 11284 5 11320 24 11370 3 11413 4 11448 25 11542 4 11575 27 11672 2 11704 11 11718 10 11729 4 11831 7 11840 3 11846 9 11858 6 11958 9 11973 8 11988 7 11998 5 12085 1 12101 7 12118 13 12203 1 12229 4 12234 3 12248 11 12324 7 12356 1 12363 2 12379 6 12451 6 12477 1 12608 3 12736 3 12864 2,8703 1 8830 2 8958 2 9086 2 9213 3 9218 1 9341 3 9346 2 9469 3 9474 3 9596 4 9602 4 9724 4 9730 5 9852 4 9858 5 9980 3 9986 5 10107 3 10115 5 10235 3 10245 3 10362 3 10374 2 10490 3 10502 3 10617 4 10631 3 10744 5 10759 4 10871 8 10887 4 10998 8 11016 3 11125 8 11144 4 11252 11 11273 5 11379 12 11401 5 11507 12 11525 2 11530 5 11634 6 11641 5 11659 4 11760 6 11768 6 11788 5 11887 6 11896 6 11918 4 12014 5 12027 1 12047 4 12086 3 12091 4 12100 1 12140 7 12176 5 12212 11 12228 1 12233 1 12267 7 12305 5 12340 10 12357 6 12365 2 12394 7 12434 5 12467 10 12485 11 12520 7 12563 5 12594 10 12613 14 12648 6 12693 4 12722 9 12742 1 12744 11 12776 4 12822 5 12870 13 12904 3 12951 5 12999 9 13080 4 13128 4 13134 1 13210 2
gap_ef100332e3e0b2dfd8,,6974 3 7101 5 7111 2 7228 7 7238 5 7356 7 7366 6 7484 7 7494 6 7612 7 7622 7 7740 7 7750 7 7869 5 7878 6 7998 3 8006 4,,8277 5 8404 8 8531 11 8610 6 8658 13 8735 10 8786 14 8862 12 8915 14 8989 13 9044 14 9116 14 9178 8 9243 11 9306 9 9370 10 9428 1 9434 9 9498 9 9514 2 9554 4 9563 9 9626 9 9640 4 9681 6 9691 9 9754 8 9767 5 9809 7 9820 8 9882 8 9894 6 9937 19 10010 19 10066 18 10138 18 10194 18 10267 17 10324 16 10395 16 10453 15 10524 14 10583 12 10653 11 10713 9 10784 5,4025 3 4148 14 4274 18 4388 4 4401 20 4513 8 4528 22 4554 8 4575 2 4635 15 4656 23 4680 12 4703 4 4762 17 4784 37 4831 5 4890 17 4912 37 4958 7 5018 17 5041 36 5086 7 5140 2 5143 20 5170 35 5214 8 5267 2 5271 19 5303 29 5343 7 5395 1 5398 20 5435 9 5447 13 5472 6 5526 20 5576 11 5602 4 5654 19 5697 1 5705 9 5731 5 5782 17 5824 11 5858 6 5910 17 5941 6 5951 13 5986 7 6038 17 6067 9 6079 14 6113 8 6160 24 6192 13 6207 15 6241 8 6288 25 6317 2 6320 8 6331 1 6335 16 6364 14 6415 30 6449 7 6463 17 6492 14 6543 28 6576 8 6591 18 6623 12 6671 27 6703 9 6727 12 6752 12 6799 27 6828 12 6858 11 6880 12 6927 26 6955 13 6985 12 7007 13 7055 26 7082 13 7113 13 7135 14 7182 26 7210 12 7243 12 7261 16 7311 25 7338 10 7372 12 7387 18 7439 25 7466 9 7500 33 7568 23 7594 9 7629 32 7701 18 7722 7 7757 1 7759 10 7772 16 7829 17 7850 5 7888 8 7902 13 7957 17 7978 3 8016 7 8030 13 8085 16 8107 1 8146 4 8159 11 8213 14 8288 9 8342 11 8417 7 8471 8 8545 6 8600 5 8675 2,,5390 1 5518 1 5645 2 5773 1 5901 1 7023 1 7151 2 7279 2 7407 2 7535 2 7664 1 7690 2 7792 1 7818 2 7946 2 8074 1 8251 8 8378 11 8505 13 8632 15 8760 15 8888 16 9016 16 9143 18 9271 18 9399 18 9528 16 9581 1 9656 15 9708 2 9745 1 9785 13 9836 2 9873 1 9914 10 9963 2 10043 8 10091 2 10172 7 10219 1 10298 10 10426 11 10554 11 10682 11 10811 8 10941 4 11070 2 11198 2 11326 2 11455 1,8393 3 8520 5 8627 3 8648 6 8755 4 8776 6 8882 5 8905 5 9010 5 9033 5 9138 4 9162 4 9266 4 9291 3 9394 4 9419 3 9522 4 9547 3 9650 4 9674 4 9778 5 9801 5 9905 6 9928 7 10033 6 10055 8 10160 7 10183 8 10288 6 10312 7 10415 7 10440 8 10543 7 10569 7 10672 6 10697 6 10801 2 10804 3 10824 6 10929 9 10948 10 11056 12 11074 14 11182 15 11202 16 11303 22 11329 22 11430 23 11457 24 11557 24 11585 25 11685 24 11713 25 11814 23 11841 25 11942 23 11969 25 12071 21 12098 23 12201 18 12227 20 12331 14 12358 15
gap_30d7f16d9261183192,,6447 3 6485 2 6575 4 6611 5 6703 4 6739 5 6831 5 6866 6 6958 7 6993 7 7087 7 7120 7 7215 7 7248 7 7344 6 7375 7 7473 5 7503 6 7603 3 7632 5,,,5318 2 5437 3 5446 6 5565 3 5575 4 6337 4 6463 10 6590 3 6597 5 6715 5 6727 4 6841 6 6856 4 6969 5 6985 3 7098 3 7114 2 7227 2 7242 2 7371 1 7499 1 7627 1 8650 1 8763 2 8777 1 8891 5 8902 4 9019 14 9146 14 9274 8 9284 3 9402 7 9530 7 9658 7 9787 5 9915 6 10044 5 10053 2 10173 11 10302 10 10432 7 11458 2 11585 5 11712 6 11840 6 11970 3,6593 4 6720 7 6847 9 6974 11 7101 13 7229 13 7356 15 7484 15 7612 15 7739 17 7867 17 7995 17 8123 17 8251 17 8379 16 8507 16 8635 15 8765 12 8896 6,12350 7 12360 4 12473 19 12602 18 12733 11 12867 3,5923 3 6051 6 6179 7 6307 8 6435 9 6494 7 6556 4 6563 9 6619 10 6682 7 6691 10 6746 11 6808 9 6819 11 6873 12 6934 11 6948 10 7000 13 7061 12 7078 9 7127 13 7188 13 7206 9 7255 11 7271 9 7316 12 7333 11 7382 12 7399 11 7444 11 7460 12 7509 14 7526 13 7572 11 7587 13 7637 14 7653 15 7700 12 7714 16 7764 15 7781 16 7828 12 7841 17 7893 14 7908 17 7956 12 7969 17 8020 33 8084 30 8148 32 8212 30 8275 33 8339 31 8403 32 8466 32 8531 31 8593 32 8660 30 8721 32 8788 30 8849 32 8916 30 8977 32 9044 30 9104 32 9172 30 9232 32 9300 30 9361 18 9380 12 9428 30 9489 18 9510 10 9556 31 9617 18 9639 9 9685 9 9696 19 9746 18 9768 8 9813 8 9824 19 9875 18 9898 5 9941 6 9951 19 10003 12 10018 4 10069 4 10079 19 10132 12 10146 5 10206 20 10261 19 10334 21 10390 20 10461 22 10518 22 10588 23 10647 24 10715 23 10777 22 10842 24 10906 22 10970 23 11036 20 11098 23 11166 18 11222 25 11295 17 11347 27 11425 15 11474 26 11555 13 11602 24 11686 11 11729 23 11816 10 11857 20 11946 9 11984 18 12075 9 12112 14 12205 7 12239 12 12335 6 12366 11 12465 5 12494 6 12595 4 12621 5 12725 2 12749 4
gap_c565d972807feca703,5287 13 5412 17 5539 18 5664 21 5710 5 5790 23 5837 14 5917 24 5965 17 6043 25 6093 19 6170 25 6222 19 6297 26 6350 21 6424 26 6478 22 6551 26 6606 24 6678 27 6733 26 6805 27 6859 28 6932 28 6976 4 6985 31 7059 29 7103 6 7112 33 7186 29 7230 7 7240 34 7314 29 7358 7 7367 36 7441 29 7486 8 7495 36 7569 29 7615 7 7623 37 7696 30 7743 6 7751 38 7824 29 7871 6 7879 38 7952 29 7997 7 8007 39 8079 30 8124 6 8135 40 8207 30 8251 7 8263 40 8335 30 8379 7 8391 41 8462 31 8507 6 8518 42 8590 31 8635 5 8646 42 8718 31 8765 1 8774 43 8846 31 8902 43 8974 32 9031 42 9102 32 9160 41 9231 31 9288 41 9359 31 9416 41 9487 31 9544 41 9616 31 9672 41 9744 31 9801 40 9872 32 9929 39 10001 32 10058 38 10129 34 10166 2 10186 38 10258 38 10314 37 10386 38 10443 36 10515 36 10571 35 10644 35 10700 33 10773 33 10828 33 10902 31 10957 31 11031 30 11086 29 11159 29 11215 27 11288 27 11344 25 11417 25 11473 23 11546 23 11602 21 11676 20 11731 19 11806 16 11861 15 11936 13 11990 12 12068 6 12120 8,5437 6 5564 8 5692 8 5820 8 5947 9 6073 9 6201 9 6218 3 6328 9 6345 5 6456 8 6472 6 6583 6 6600 5 6709 7 6729 3 6836 8 6962 10 7089 11 7217 12 7344 13 7471 15 7599 14 7726 15 7854 13 7982 7 7991 3 8110 6 8120 1 8238 7 8246 2 8366 10 8494 10 8622 10 8750 10 8878 10 9006 10 9134 11 9262 11 9391 10 9519 10 9648 8 9776 8 9905 6 10035 3,,,,,3901 3 4025 14 4150 19 4275 25 4399 32 4523 10 4534 27 4649 41 4776 14 4801 19 4902 3 4907 9 4935 14 5029 2 5036 7 5068 4 5074 5 5154 5 5198 10 5280 6 5327 13 5407 5 5455 14 5534 5 5586 13 5661 3 5718 1 5723 5 5788 2 5853 5 5915 1 5982 5 6112 4 6241 4 6371 3 6501 2 6630 1 6929 2 7056 3 7183 3 7311 2 7438 3 7566 2 8176 2 8304 3 8432 4 8560 4 8587 2 8689 3 8714 4 8817 3 8842 4 8970 4 9023 3 9099 2 9151 6 9228 1 9278 8 9406 8 9534 8 9661 10 9789 10 9916 11 9997 3 10044 12 10098 1 10125 4 10172 12 10225 3 10254 3 10300 12 10352 4 10382 4 10428 11 10480 3 10511 3 10556 11 10608 3 10639 3 10685 10 10736 3 10768 3 10814 9 10864 2 10942 8 11068 11 11195 13 11323 14 11451 14 11572 2 11578 15 11625 3 11670 2 11698 4 11703 15 11719 3 11752 4 11799 3 11825 20 11846 5 11878 5 11927 6 11950 16 11967 4 11974 6 12005 6 12057 7 12077 17 12096 3 12103 6 12132 6 12186 10 12203 12 12217 4 12224 2 12231 4 12239 6 12259 5 12316 21 12343 4 12353 1 12360 3 12367 9 12386 3 12445 17 12471 1 12480 1 12498 9 12575 10 12608 2 12629 8 12735 3 12760 6 12864 2 12992 2,9342 2 9470 2 9597 3 9725 3 9852 4 9859 2 9980 4 9986 5 10108 3 10114 6 10235 3 10242 6 10363 3 10371 6 10490 3 10501 4 10617 4 10630 4 10743 6 10758 6 10869 9 10883 1 10885 8 10997 10 11011 4 11016 5 11124 11 11139 1 11141 9 11251 12 11269 10 11378 14 11397 11 11506 13 11525 3 11529 7 11634 12 11653 2 11658 6 11762 11 11787 6 11889 12 11916 5 12015 14 12045 5 12101 2 12143 12 12174 5 12221 1 12228 3 12269 12 12303 5 12347 4 12356 4 12395 7 12404 4 12432 5 12466 3 12472 7 12484 10 12522 6 12561 6 12592 14 12612 11 12649 6 12690 8 12719 15 12740 12 12776 5 12820 7 12846 15 12868 13 12904 4 12950 6 12974 15 12997 2 13001 10 13032 3 13079 5 13103 5 13109 7 13130 9 13209 3 13232 1
gap_df9d50ab9d3ef1f080,6858 8 6958 12 6984 12 7084 15 7111 14 7210 17 7239 15 7337 17 7367 17 7464 17 7495 19 7590 18 7616 3 7621 22 7717 18 7743 29 7844 19 7871 30 7972 18 7999 30 8099 19 8127 30 8227 19 8255 31 8355 18 8382 32 8483 18 8510 32 8611 18 8638 32 8739 18 8766 32 8867 18 8896 30 8996 18 9025 29 9124 19 9154 28 9252 20 9282 28 9381 21 9411 26 9509 23 9540 25 9638 23 9668 24 9766 23 9797 23 9895 21 9925 22 10023 21 10054 21 10152 19 10183 19 10281 18 10311 18 10410 16 10440 16 10539 14 10570 13 10668 11 10700 10 10798 7 10830 5,6719 3 6846 5 6974 6 7102 8 7230 9 7360 7 7482 4 7490 5 7609 5 7736 7 7863 7 7990 8 8118 8 8246 7 8373 7 8501 7 8629 7 8757 8 8885 9 9014 8 9143 7 9272 5 9402 1,,,,,6341 2 6457 3 6468 4 6585 3 6596 3 6722 1 8098 1 8225 2 8353 1 8481 1 8927 1 9054 2 9279 2 9379 1 9406 4 9508 1 9534 5 9636 1 9662 5 9790 6 9820 2 9917 7 9947 2 10045 7 10075 2 10173 8 10301 8 10429 8 10555 1 10558 8 10681 3 10686 10 10807 6 10816 2 10822 3 10837 2 10925 2 10930 6 10963 3 11054 8 11090 2,6761 3 6889 4 7016 6 7144 6 7272 5 7400 5 7522 1 7573 4 7649 2 7700 6 7828 6 7956 6 8084 5 8213 4 9059 2 9187 2 9314 3 9374 2 9443 1 9502 3 9631 2 10843 1 10939 5 10947 4 11066 14 11193 15 11322 4
gap_16e9d1de558c26914a,5932 12 6057 22 6091 9 6184 24 6213 18 6310 26 6341 21 6437 26 6470 22 6563 28 6599 22 6691 27 6727 23 6818 28 6856 24 6945 29 6985 24 7072 29 7114 24 7199 29 7243 24 7326 30 7372 24 7454 30 7501 23 7581 30 7629 24 7709 30 7756 26 7836 31 7883 27 7964 30 8009 30 8092 30 8136 31 8220 29 8257 1 8263 32 8347 30 8384 4 8391 33 8475 30 8511 6 8518 34 8603 30 8639 41 8731 30 8768 40 8859 31 8896 40 8987 31 9027 37 9115 32 9155 37 9243 32 9283 37 9371 33 9412 36 9500 33 9540 36 9628 33 9669 35 9756 32 9797 34 9885 31 9925 34 10013 30 10054 32 10142 28 10183 31 10270 27 10311 30 10399 26 10440 29 10528 24 10568 28 10657 22 10697 27 10786 20 10826 25 10915 18 10955 23 11044 16 11084 21 11174 12 11214 17 11304 6 11343 15 11473 11 11604 4,6850 5 6977 7 7104 9 7232 11 7359 13 7486 15 7613 7 7623 6 7740 7 7752 4 7868 6 7880 3 7995 4 8122 5 8250 5 8377 5 8505 5 8634 3,,,8895 1 9023 4 9151 3,,5437 3 5559 15 5686 21 5818 18 5948 11 6307 1 6364 2 6433 3 6492 4 6560 3 6621 5 6687 4 6750 5 6814 4 6880 3 6941 4 7009 2 7069 3 7197 2 7325 1 8296 1 8424 3 8552 3 8680 3 8728 2 8808 3 8856 2 8937 2 8984 2 9065 2 9113 2 9193 2 9241 2 9321 2 9369 2 9449 1 9497 3 9534 5 9577 1 9625 3 9662 6 9753 3 9789 7 9882 3 9917 7 10010 3 10044 8 10138 3 10172 8 10267 3 10300 9 10396 3 10428 10 10525 2 10556 9 10653 3 10684 8 10782 2 10812 9 10939 11 10979 3 11067 11 11106 3 11196 11 11233 3 11314 2 11320 1 11326 4 11333 3 11339 3 11360 3 11439 3 11455 2 11463 1 11468 4 11488 1 11565 2 11583 2 11598 5 11711 2 11728 8 11839 1 11858 7 11988 5,8063 1 8066 2 8190 2 8194 3 8304 2 8318 2 8323 2 8432 3 8446 2 8451 3 8560 3 8575 1 8579 3 8688 4 8694 3 8707 3 8816 9 8834 3 8945 2 8948 2 8962 2 10226 3 10353 4 10387 2 10480 5 10515 3 10608 5 10643 4 10735 5 10771 4 10862 3 10900 4 10989 3 11031 1 11116 3 11161 1 11243 3 11290 1 11370 3 11418 2 11447 6 11459 4 11498 2 11547 3 11573 9 11586 8 11624 3 11676 3 11700 10 11714 10 11750 4 11805 4 11827 11 11841 12 11876 4 11935 4 11955 11 11969 13 12000 6 12065 6 12084 10 12097 13 12128 5 12195 4 12218 3 12226 11 12356 4
gap_611595e24c36588b97,,5719 3 5845 5 5929 2 5971 7 6056 7 6099 6 6185 7 6227 4 6315 5 6355 4 6444 4 6484 1 6573 2,,,8510 2 8636 5 8763 5 8890 6 9017 7 9145 7 9272 8 9399 9 9527 9 9654 11 9782 13 9910 14 9929 4 10038 24 10167 23 10296 21 10425 20 10554 19 10682 17 10810 16 10938 15 11066 10 11195 9 11324 7 11453 5,6081 4 6208 6 6335 8 6462 10 6590 11 6717 12 6844 14 6971 16 7098 17 7225 18 7353 18 7481 18 7609 18 7737 18 7866 16 7994 16 8122 16 8251 14 8381 11 8512 6,11840 4 11851 1 11959 3 11966 8 11977 3 12087 4 12093 15 12220 11 12349 9 12477 3 12483 2,5855 2 5981 5 6049 3 6108 7 6176 6 6235 9 6303 8 6362 11 6431 9 6453 2 6477 1 6490 11 6558 11 6575 1 6579 4 6605 6 6617 12 6686 12 6703 8 6733 8 6746 11 6814 12 6830 8 6861 10 6873 11 6942 11 6956 10 6990 21 7071 22 7118 21 7145 3 7200 21 7247 20 7273 6 7328 20 7375 21 7401 6 7455 21 7504 21 7529 6 7583 20 7633 20 7658 4 7663 4 7710 20 7762 19 7787 9 7838 20 7890 34 7966 19 8019 33 8094 19 8147 33 8213 4 8222 18 8275 32 8340 5 8351 17 8404 16 8422 13 8467 6 8479 16 8533 14 8549 15 8595 6 8609 14 8661 13 8676 17 8722 8 8737 13 8789 12 8808 13 8850 10 8865 13 8918 10 8939 10 8976 13 8994 11 9046 9 9062 14 9103 14 9123 10 9174 8 9191 13 9232 13 9253 8 9303 6 9323 8 9360 13 9382 7 9430 5 9450 9 9489 10 9511 6 9559 2 9575 11 9618 8 9642 2 9701 12 9747 8 9827 13 9876 11 9954 13 10004 14 10080 15 10133 15 10206 16 10262 15 10333 16 10391 16 10458 18 10520 16 10584 19 10649 18 10710 19 10778 18 10837 18 10908 18 10964 17 11038 17 11091 15 11168 16 11218 14 11298 15 11345 13 11427 15 11473 12 11557 14 11600 11 11687 13 11727 11 11817 12 11855 10 11947 10 11982 9 12077 9 12110 8 12207 7 12237 7 12337 5 12365 5
gap_51008d275e701d3939,10055 1 10183 2 10311 3 10350 1 10391 1 10439 4 10476 3 10519 3 10543 4 10567 5 10603 4 10648 4 10668 6 10696 5 10730 5 10776 6 10794 8 10824 8 10856 6 10905 10 10919 10 10952 11 10982 7 11034 22 11081 14 11107 9 11164 19 11210 33 11293 16 11338 32 11423 12 11467 30 11554 7 11596 28 11725 26 11854 23 11983 20 12113 15 12243 10,6463 2 6590 3 6718 3 6846 2 7493 5 7609 4 7620 8 7736 6 7748 8 7863 8 7876 8 7990 9 8005 6 8118 10 8135 2 8246 11 8374 12 8503 8 8513 2 8632 6,6499 9 6551 2 6626 11 6679 3 6753 13 6806 4 6879 15 6934 5 7005 18 7062 5 7131 21 7189 6 7258 22 7318 4 7384 25 7446 4 7510 27 7573 6 7636 29 7700 9 7762 31 7828 11 7889 32 7956 12 8016 33 8084 13 8143 34 8211 15 8271 35 8339 16 8398 36 8468 16 8526 36 8596 22 8653 37 8724 23 8781 37 8852 23 8909 37 8980 24 9037 36 9108 24 9165 36 9236 23 9293 36 9364 23 9421 36 9493 22 9549 36 9621 22 9677 36 9750 20 9805 35 9878 19 9933 35 10007 18 10062 33 10136 16 10190 32 10264 15 10318 32 10393 12 10446 30 10523 9 10575 28 10653 5 10704 25 10834 21 10964 16 11099 2,,2622 3 2734 6 2746 17 2860 9 2872 22 2987 11 2999 24 3113 39 3239 43 3292 3 3366 46 3418 6 3493 47 3545 8 3621 47 3673 9 3749 46 3801 10 3877 47 3929 11 4005 48 4057 11 4133 49 4186 11 4261 50 4315 9 4389 50 4443 9 4516 51 4572 7 4644 51 4772 25 4799 4 4804 19 4899 25 4936 15 5027 24 5065 14 5155 24 5193 14 5283 24 5309 4 5321 15 5345 5 5411 23 5437 5 5449 16 5473 6 5539 22 5564 6 5577 16 5600 8 5666 22 5692 6 5706 15 5728 8 5794 22 5820 5 5834 15 5855 10 5922 21 5951 1 5963 14 5983 10 6049 22 6085 3 6092 13 6111 11 6176 21 6213 4 6221 12 6239 10 6304 21 6341 5 6349 12 6368 8 6432 20 6468 21 6560 20 6596 9 6607 10 6688 20 6724 8 6736 8 6816 19 6852 7 6863 8 6944 18 6981 6 6991 7 7072 18 7109 6 7119 7 7200 18 7239 3 7247 6 7328 18 7377 2 7457 16 7586 15 7715 13 7844 11 7973 10 8101 9 8231 6,,3868 1 4122 1 4249 2 4376 3 4504 3 4632 2 4759 3 4887 2 4974 1 5015 2 5102 2 5142 3 5230 2 5270 2 5359 1 5398 2 5487 2 5525 3 5615 2 5653 2 5743 2 5781 2 5871 2 5909 1 5999 3 6127 3 6256 2 6384 2 6512 2 6640 2 6768 2 6896 2 7024 3 7153 2 8079 1 8207 2 8335 2 8463 2 8591 2 8719 2 8848 1 8888 3 8892 5 8976 1 9015 12 9142 13 9270 14 9398 14 9526 14 9654 15 9782 15 9910 15 10038 15 10167 14 10295 13 10424 12 10552 12 10680 12 10808 13 10862 1 10932 17 10989 2 11059 17 11116 3 11185 3 11191 2 11200 4 11243 3 11319 2 11329 2 11370 3 11421 2 11457 2 11498 2 11550 4 11625 2 11679 5 11709 2 11752 2 11808 5 11836 3 11879 1 11964 2 12369 5 12497 7 12627 3,11442 13 11461 2 11568 17 11587 6 11695 14 11711 11 11821 14 11840 11 11947 16 11968 12 12073 17 12096 12 12200 18 12224 13 12328 17 12353 13 12457 14 12482 12 12586 11 12611 12 12741 10 12872 7 13004 2
gap_1e8b88923cabe91f9c,7617 2 7744 4 7871 6 7999 6 8128 5 8241 2 8256 4 8366 7 8385 3 8493 8 8620 10 8747 12 8875 13 8911 3 9003 13 9038 5 9130 14 9165 7 9258 14 9292 8 9386 14 9419 9 9514 14 9547 9 9643 13 9675 9 9771 12 9803 9 9900 11 9931 8 10028 11 10060 7 10157 9 10188 6 10286 7 10317 4 10415 4,7734 3 7756 1 7862 3 7884 1 8012 2 8140 2 8522 3 8632 3 8649 5 8761 1 8777 5 8906 3,,,8512 3 8641 3,,7855 2 7982 3 8109 4 8237 3 8404 1 8532 1 8635 1 8660 1 8762 2 8788 2 8895 3 8916 2 9021 7 9125 2 9148 9 9253 3 9276 10 9382 1 9384 1 9403 11 9512 1 9531 11 9639 3 9660 10 9767 3 9788 9 9895 3 9916 10 10024 2 10044 11 10171 13 10299 14 10323 3 10427 15 10450 4 10557 6 10566 4 10578 3 10687 3 10706 2,6456 2 6472 1 6583 5 6599 3 6710 6 6726 3 6837 8 6964 9 7026 1 7092 8 7116 3 7153 3 7220 7 7243 5 7281 3 7350 4 7504 10 7629 13 7757 14 7789 2 7885 2 7889 9 7915 6 8014 1 8018 8 8042 8 8147 3 8156 1 8170 8 8276 2 8297 9 8425 10 8552 11 8680 11 8808 10 8935 10 8981 2 9063 9 9107 5 9190 10 9235 6 9318 10 9362 8 9445 10 9490 8 9571 11 9619 8 9698 9 9748 7 9825 9 9878 6 9954 8 10007 6 10087 4 10135 7 10216 3 10263 8 10344 4 10391 9 10472 3 10520 10 10599 4 10648 11 10680 5 10690 6 10727 4 10777 4 10786 1 10806 8 10818 9 10855 3 10905 3 10934 9 10945 10 10982 4 11033 3 11062 9 11073 11 11110 3 11162 2 11190 9 11201 10 11238 3 11290 2 11319 7 11330 8 11366 2 11418 3 11448 5 11459 5 11546 3 11577 3 11675 2
gap_bf223a984c54171908,6593 2 6720 4 6847 6 6975 6 7103 6 7231 5 7360 3 7471 8 7489 1 7501 4 7598 10 7628 6 7725 12 7755 8 7853 12 7882 10 7979 15 8010 10 8105 18 8137 14 8232 20 8264 16 8359 21 8391 18 8487 21 8518 20 8614 22 8646 20 8742 21 8774 20 8870 20 8903 20 8998 19 9032 19 9126 19 9160 19 9254 18 9289 17 9382 18 9417 17 9510 17 9546 16 9639 16 9674 15 9768 14 9803 14 9896 13 9932 12 10025 11 10061 10 10155 8 10190 8 10284 6 10320 5,6856 1 6983 3 7110 4 7482 2 7496 3 7610 3 7620 7 7738 3 7747 7 7866 3 7875 7 8004 6 8132 5 8261 3,,,7616 3 7744 3 7872 2 8000 2 8128 2 8256 2,,5946 2 5958 1 6075 2 6203 2 6331 2 7340 1 7466 4 7508 3 7592 5 7635 5 7719 6 7763 6 7847 6 7892 5 7975 4 8020 4 8766 5 8893 7 9020 9 9052 3 9147 11 9179 4 9250 2 9275 11 9307 4 9378 3 9403 12 9435 3 9506 4 9531 11 9563 3 9635 3 9659 11 9691 1 9764 2 9787 11 9893 1 9915 11 10042 14 10169 16 10296 16 10429 8 10559 4 10687 3 10816 1 10944 1 11072 1,5962 1 6071 1 6090 2 6198 2 6219 2 6325 2 6344 6 6453 3 6473 5 6583 1 6604 1 9108 1 9234 4 9361 6 9449 4 9489 7 9575 7 9617 8 9702 7 9745 9 9830 7 9873 11 9957 7 10002 12 10084 5 10134 10 10211 5 10263 10 10338 5 10392 8 10464 7 10520 9 10550 7 10565 6 10589 10 10648 4 10656 1 10677 9 10691 9 10715 11 10776 4 10786 1 10804 11 10818 10 10842 2 10850 4 10904 3 10932 11 10946 10 10970 1 10979 3 11032 3 11061 10 11074 10 11107 3 11160 3 11189 10 11202 9 11235 3 11288 3 11318 8 11331 8 11363 3 11417 2 11450 2 11460 5 11491 2 11545 2 11619 2 11674 1 11747 1 11803 1 11875 1 11931 1 12003 1
gap_bcd608c411fa92c5bf,10087 1 10213 3 10340 3 10466 5 10592 6 10718 7 10843 8 10956 7 10966 12 11085 20 11213 19 11343 15 11473 4 11483 1,7365 3 7490 8 7618 8 7747 7 7866 4 7876 5 7993 6 8005 3 8120 8 8247 9 8260 2 8375 10 8388 2 8503 10 8631 10 8759 9 8888 7 9017 5,2635 9 2744 31 2870 36 2996 41 3123 44 3251 45 3380 46 3509 46 3637 46 3766 46 3894 47 4023 47 4151 48 4281 47 4409 47 4538 46 4666 47 4794 47 4923 46 5051 47 5179 47 5307 47 5435 48 5563 48 5692 47 5820 47 5948 48 6076 48 6205 48 6335 46 6464 45 6592 45 6720 45 6802 2 6849 44 6929 3 6977 44 7057 4 7105 45 7184 6 7233 45 7312 7 7361 4 7368 38 7440 8 7498 36 7568 8 7626 36 7696 9 7754 35 7824 10 7881 36 7952 11 8008 37 8080 12 8137 36 8208 15 8266 35 8336 15 8394 34 8464 17 8522 34 8592 18 8650 34 8721 21 8745 2 8778 34 8849 28 8906 33 8977 28 9035 32 9105 28 9163 32 9234 26 9292 30 9363 25 9421 29 9491 24 9550 27 9620 21 9679 25 9749 19 9808 24 9877 17 9937 22 10006 15 10066 20 10135 14 10195 18 10263 13 10324 15 10392 11 10453 13 10521 9 10582 10 10651 6 10711 7 10781 2,,3119 4 3243 8 3369 11 3495 14 3622 15 3749 17 3876 18 4004 19 4131 20 4259 20 4386 20 4514 19 4634 3 4642 18 4761 4 4769 19 4889 5 4897 19 5016 6 5025 18 5145 5 5153 18 5273 4 5281 17 5400 5 5409 17 5528 5 5537 17 5656 5 5666 16 5783 7 5794 16 5911 7 5922 16 6039 7 6050 16 6167 7 6179 15 6296 5 6307 15 6426 1 6435 15 6563 16 6691 17 6819 16 6947 15 7075 14 7204 12 7332 11 7461 9 7590 8 7719 6 8098 3 8239 2,,2134 4 2262 5 2339 1 2391 6 2464 4 2520 7 2590 5 2651 6 2716 6 2780 6 2842 7 2909 6 2969 7 3038 5 3095 8 3168 4 3223 7 3298 2 3351 5 3427 2 3480 2 4714 2 4842 2 4879 2 4970 3 5007 2 5098 3 5134 3 5227 3 5262 2 5355 3 5389 3 5483 3 5517 3 5611 4 5645 2 5740 3 5773 2 5868 3 5901 1 5997 1 7919 2 7949 1 8047 2 8077 2 8174 3 8204 3 8302 3 8332 3 8429 4 8461 2 8557 3 8589 3 8685 3 8717 3 8813 2 8846 2 8941 2 8975 1 9069 1 9103 1 9276 8 9401 12 9528 13 9656 14 9784 14 9912 15 10040 15 10168 15 10296 15 10424 15 10552 15 10681 13 10810 11 10904 1 10939 8 10979 2 11032 3 11069 5 11105 4 11161 3 11194 2 11197 5 11232 4 11289 5 11321 12 11359 4 11418 5 11450 11 11486 4 11548 4 11579 8 11597 3 11612 4 11679 2 11695 1 11709 4 11725 5 11739 3 11819 5 11838 3 11854 4 11946 5 11966 3 12075 2 12095 2 12223 1 12351 1,11571 4 11591 4 11698 9 11715 9 11825 12 11841 12 11952 14 11969 14 11989 2 12077 17 12097 23 12204 17 12226 21 12331 18 12354 21 12460 16 12484 17 12589 13 12617 10 12720 7
gap_c10f77a18a065d6855,4270 9 4395 32 4431 8 4521 49 4647 54 4773 26 4801 30 4900 26 4930 32 5026 27 5059 33 5152 28 5188 33 5279 28 5317 33 5406 29 5446 32 5533 29 5575 32 5661 28 5703 33 5788 29 5832 32 5916 28 5961 32 6044 28 6090 31 6171 28 6219 31 6299 28 6348 30 6427 28 6477 28 6554 29 6606 27 6682 29 6737 24 6810 28 6865 24 6938 28 6993 24 7065 29 7121 24 7193 29 7250 23 7321 22 7346 3 7379 22 7449 21 7493 3 7507 22 7578 20 7615 4 7620 5 7631 2 7636 21 7706 21 7742 13 7757 27 7834 21 7870 42 7962 21 7998 42 8091 20 8126 41 8219 20 8257 38 8348 19 8389 34 8476 20 8518 32 8605 20 8647 31 8734 21 8776 30 8862 21 8904 29 8991 21 9032 29 9119 20 9160 28 9248 19 9289 27 9376 19 9417 27 9505 18 9545 26 9634 18 9673 26 9762 20 9802 24 9891 23 9930 23 10020 23 10058 23 10149 22 10187 21 10278 20 10315 20 10407 18 10444 18 10537 15 10573 16 10666 13 10702 14 10796 8 10831 11 10961 7,5439 5 5565 8 5692 10 5820 11 5947 12 6075 12 6203 12 6217 1 6331 17 6459 18 6587 18 6716 9 6726 8 6845 7 6854 8 6863 2 6982 11 7097 1 7111 2 7114 7 7223 5 7243 5 7350 6 7371 5 7478 7 7498 5 7506 1 7605 8 7627 3 7634 1 7729 12 7856 13 7984 12 8112 12 8239 12 8368 10 8497 7 8626 7 8758 6 8885 7 9012 9 9140 9 9268 9 9396 9 9524 8 9653 6 9783 1,,,8254 3 8382 2,,3767 4 3773 2 3779 3 3888 30 4014 38 4140 13 4155 27 4267 2 4293 3 4300 11 4832 3 4962 2 5277 2 5404 2 5531 2 5659 1 5787 1 5865 2 5993 2 6122 1 6553 1 6680 2 6762 1 6807 3 6889 2 6935 3 7017 3 7063 2 7145 3 7192 1 7274 1 7961 1 8089 2 8217 2 8345 3 8474 2 8551 1 8641 4 8678 2 8768 6 8806 2 8896 7 8933 3 9023 8 9061 2 9151 9 9188 3 9279 9 9316 2 9375 1 9407 9 9444 2 9503 2 9535 9 9632 2 9662 10 9760 2 9790 10 9888 3 9918 10 10017 3 10047 9 10147 1 10175 8 10303 8 10430 10 10558 10 10688 7 10818 2 10947 1,9236 3 9364 4 9493 4 9580 3 9707 4 9835 4 9881 1 9962 3 10009 2 10138 2 10217 1 10266 3 10344 2 10395 3 10471 2 10524 4 10597 4 10653 4 10724 4 10783 3 10812 4 10822 3 10851 3 10913 1 10938 7 10949 6 10978 2 11063 11 11076 9 11103 3 11173 2 11190 12 11204 11 11229 3 11302 3 11317 13 11332 11 11445 12 11461 10 11573 11 11589 10 11702 10 11718 8 11832 5 11846 7
gap_f7cb129d60c7cb3d48,,,,,,,,6307 2 6434 3 6491 2 6563 1 6619 2 6685 1 6814 2 6943 1 7006 2 7180 7 7307 10 7434 11 7561 12 7689 12 7785 4 7818 10 7912 9 7946 10 8039 11 8075 8 8167 11 8203 7 8295 12 8333 2 8423 12 8551 11 8680 10 8808 10 8841 12 8936 9 8967 16 9066 6 9094 18 9221 20 9348 23 9476 24 9571 3 9579 9 9605 29 9697 19 9736 26 9818 26 9867 23 9944 28 9998 21 10067 32 10128 24 10193 33 10258 23 10321 31 10388 21 10448 30 10518 20 10575 29 10648 19 10702 27 10777 18 10829 25 10907 16 10956 23 11038 13 11084 20 11170 8 11213 14 11303 1 11342 9 11473 2
gap_09bba3ea528f62ce5b,5293 11 5415 21 5452 8 5541 27 5573 21 5668 56 5794 60 5921 63 6048 35 6085 28 6175 35 6214 28 6302 35 6343 29 6429 34 6472 29 6556 34 6601 29 6684 33 6729 30 6811 33 6858 29 6938 34 6987 29 7066 33 7116 29 7193 33 7244 29 7321 32 7373 29 7449 32 7501 29 7576 32 7630 28 7704 32 7758 29 7832 31 7885 30 7960 31 8013 30 8088 31 8140 31 8216 30 8267 32 8343 24 8368 6 8395 32 8471 24 8497 4 8514 2 8523 32 8599 23 8626 2 8641 4 8651 32 8728 23 8753 3 8768 6 8779 3 8786 25 8856 29 8896 6 8907 3 8915 24 8984 30 9024 6 9035 3 9043 24 9112 30 9153 4 9162 5 9170 25 9240 30 9289 34 9369 28 9416 35 9497 28 9543 35 9625 28 9670 36 9754 27 9797 37 9882 28 9926 36 10010 28 10054 35 10139 29 10182 35 10267 30 10310 34 10396 29 10439 33 10525 28 10567 32 10654 27 10696 31 10783 25 10824 30 10911 24 10953 28 11041 21 11081 27 11170 19 11210 25 11299 17 11339 23 11429 13 11469 20 11559 8 11599 17 11729 13 11860 7,6719 8 6846 10 6973 11 7101 12 7228 16 7356 17 7484 17 7611 18 7739 18 7867 18 7994 18 8120 19 8247 14 8374 6 8502 5 8623 2 8630 5 8649 1 8751 2 8757 6 8775 3 8886 5 8903 4 9015 5 9031 3 9142 7 9158 4 9270 7 9286 3 9397 9 9525 9 9653 10 9781 10 9910 8 10038 7 10168 4,,,9023 1 9151 2 9277 9 9406 7 9534 6 9663 3,,4787 8 4911 21 4935 2 5037 14 5052 20 5164 11 5180 23 5309 17 5438 8 5917 3 5985 3 6044 3 6113 4 6171 4 6242 4 6298 4 6372 3 6426 3 6501 2 6554 2 6630 2 6681 2 6809 2 6937 1 7787 2 7915 3 8043 3 8171 3 8299 3 8427 3 8555 3 8597 2 8684 2 8725 2 8812 1 8854 1 8982 2 9110 2 9238 2 9366 3 9494 3 9622 3 9751 3 9791 4 9879 3 9918 7 10008 2 10045 8 10136 2 10173 8 10265 2 10301 8 10345 2 10393 2 10428 9 10473 2 10522 1 10556 9 10600 2 10683 10 10727 2 10812 9 10854 3 10941 8 10981 3 11068 9 11108 4 11195 11 11235 4 11319 15 11362 5 11446 18 11490 4 11553 1 11570 3 11575 4 11582 13 11617 4 11682 2 11694 6 11703 3 11711 3 11718 5 11744 4 11811 1 11815 10 11840 2 11847 4 11872 3 11943 8 11968 1 11976 2 11984 4 12000 1 12073 3 12114 7 12124 3 12248 2 12251 2,9081 2 9211 2 9340 3 9470 1 11120 3 11158 1 11247 5 11285 4 11374 6 11413 5 11501 6 11541 6 11629 5 11670 5 11756 3 11798 6 11829 10 11843 4 11883 2 11928 5 11955 13 11970 6 12010 2 12060 2 12081 27 12136 3 12191 2 12209 29 12259 6 12320 4 12338 29 12387 5 12449 4 12467 13 12482 11 12515 3 12602 4
gap_2e9e8e90f9f7f79c6a,,7369 1 7496 3 7617 10 7743 11 7871 12 7998 14 8127 5 8134 7 8255 5 8263 6 8384 3 8392 5 8513 1 8521 4,5571 4 5697 16 5824 20 5951 22 6080 23 6209 23 6337 24 6466 25 6594 25 6723 25 6852 24 6983 22 7112 22 7241 22 7370 22 7499 21 7627 22 7756 21 7884 22 8012 22 8141 21 8227 3 8269 21 8354 4 8397 22 8482 5 8525 22 8610 5 8655 20 8738 6 8785 18 8866 7 8914 17 8994 10 9043 16 9123 10 9171 15 9251 11 9299 15 9379 13 9427 15 9508 12 9556 13 9636 12 9685 12 9765 11 9813 11 9893 11 9941 10 10023 8 10070 8 10153 6 10198 7 10282 4 10329 3,9011 7 9036 3 9138 9 9163 6 9264 12 9291 8 9392 6 9400 4 9419 4 9424 3 9520 4 9529 3 9547 3 9554 2 9648 4 9657 3 9675 4 9682 3 9776 4 9785 3 9803 4 9810 3 9904 4 9913 1 9932 9 10032 4 10060 10 10161 6 10189 9 10289 5 10319 6 10418 4,5815 6 5942 9 6069 11 6186 2 6196 13 6313 5 6323 14 6440 7 6451 15 6567 9 6578 16 6695 28 6823 29 6951 30 7080 28 7208 26 7336 24 7464 23 7591 23 7616 1 7719 23 7846 23 7974 23 8101 23 8230 21 8358 21 8489 16 8618 14 8747 11 8875 11,,6491 1 6619 1 7006 2 8642 3 8769 6 8896 8 9024 9 9151 10 9279 10 9407 10 9535 10 9569 2 9664 8 9697 1 9792 8 9914 1 9921 6 10040 2 10049 5 10167 2 10176 7 10294 2 10304 8 10433 6 10546 2 10562 3 10691 2 10819 1 10947 1 11075 1,7410 3 7537 5 7664 6 7792 5 7920 4 8049 2 8717 2 8844 4 8971 6 9099 6 9228 5 9358 3 10426 4 10442 3 10551 9 10568 7 10678 11 10694 11 10805 13 10821 13 10933 13 10949 13 11061 12 11077 13 11190 11 11206 12 11321 6 11335 9
gap_cb7f8001c70b2e24ad,5932 7 6058 12 6185 16 6311 19 6350 9 6438 20 6477 12 6565 21 6605 14 6692 22 6732 16 6819 23 6860 17 6946 24 6988 18 7073 25 7105 3 7115 20 7201 25 7232 5 7243 20 7328 26 7360 5 7370 22 7456 27 7488 6 7497 24 7583 28 7617 32 7711 28 7746 32 7838 29 7875 31 7966 28 8004 31 8094 28 8131 32 8221 29 8259 32 8349 29 8386 33 8477 30 8513 35 8605 32 8641 34 8733 32 8769 34 8861 32 8897 34 8990 32 9026 33 9118 32 9155 32 9246 31 9284 30 9375 30 9412 30 9503 29 9541 29 9632 27 9670 27 9760 26 9799 25 9889 25 9928 24 10017 24 10056 23 10146 22 10185 22 10275 21 10314 20 10404 19 10442 20 10533 17 10571 18 10662 16 10700 16 10791 13 10829 14 10921 10 10958 11 11052 5 11087 9,6339 4 6463 2 6467 5 6591 2 6595 9 6715 2 6719 1 6723 9 6842 5 6852 8 6970 6 6981 6 7098 6 7110 5 7227 4 7238 4 7366 4 7871 2 7999 3 8127 3 8255 2,,,,,5311 3 5431 17 5558 21 5681 22 5704 6 5810 29 5941 27 6088 9 6219 5 6563 1 6690 1 6817 2 6877 2 6944 2 7006 2 7072 1 7135 1 7199 2 7264 1 7327 1 8603 1 8731 2 8804 1 8859 2 8931 2 8987 3 9059 2 9115 3 9150 4 9187 2 9244 2 9278 5 9314 3 9372 2 9406 6 9442 2 9501 1 9533 7 9661 8 9788 9 9915 11 10044 10 10172 9 10300 9 10429 8 10556 10 10658 2 10683 12 10787 3 10811 12 10845 1 10916 4 10941 9 10971 3 11045 6 11070 7 11097 4 11174 9 11184 3 11189 1 11199 5 11212 6 11223 5 11304 13 11327 4 11341 13 11434 7 11456 2 11471 9 11584 1 11712 1,9748 4 9832 5 9875 5 9960 5 10003 6 10088 1 10134 3 10263 2 10392 2 10471 1 10520 2 10598 2 10649 2 10726 2 10777 2 10852 3 10906 2 10979 3 11034 3 11067 1 11106 3 11164 2 11193 5 11204 5 11233 3 11293 3 11319 8 11331 7 11360 2 11422 3 11446 9 11459 8 11487 2 11551 3 11572 11 11587 9 11613 3 11680 4 11700 11 11715 9 11739 5 11808 8 11828 10 11843 10 11863 9 11935 10 11958 7 11972 8 11990 10 12063 11 12117 3 12125 4 12190 5 12200 3 12244 2 12254 3 12319 2 12330 1
gap_349cf4a60c981b1c2c,,6199 2 6325 5 6453 6 6581 7 6709 8 6837 8 6965 8 7093 8 7221 7 7233 4 7349 7 7360 5 7478 5 7488 5 7607 3 7616 5 7744 5 7755 1 7874 3,4502 2 4629 3 4756 4 4840 3 4884 3 4968 4 5013 1 5095 6 5223 6 5350 8 5478 8 5605 9 5732 11 5859 12 5986 13 6114 13 6242 14 6371 13 6499 13 6627 13 6755 13 6882 14 7010 13 7138 13 7266 13 7394 13 7523 12 7651 12 7780 11 7908 10 8037 9 8165 9 8294 8 8423 7 8552 5 8680 5 8809 3 8938 1,7509 1 7635 6 7763 9 7891 10 7969 3 8019 11 8096 6 8148 11 8224 9 8279 9 8352 10 8408 8 8481 8 8536 9 8610 4 8664 9 8785 3 8792 10 8874 2 8912 6 8919 11 9001 4 9038 20 9115 8 9129 4 9166 20 9242 9 9256 5 9294 20 9370 10 9383 6 9422 20 9498 10 9510 7 9551 18 9626 19 9680 16 9755 17 9809 14 9883 17 9939 10 10013 14 10142 12 10272 7,2874 9 2994 20 3119 33 3245 36 3364 6 3372 37 3491 47 3618 49 3741 3 3745 50 3868 54 3996 53 4062 1 4123 52 4188 5 4251 11 4264 17 4283 18 4315 7 4376 14 4395 6 4415 13 4442 9 4504 14 4547 1 4554 2 4570 9 4632 15 4697 9 4760 15 4825 9 4887 16 4951 11 5012 1 5014 16 5050 3 5078 12 5139 19 5171 3 5176 6 5205 13 5266 20 5299 11 5332 15 5394 19 5427 8 5436 3 5460 15 5522 17 5554 8 5563 4 5587 16 5650 12 5680 6 5691 6 5715 16 5778 11 5806 8 5819 11 5842 5 5849 10 5906 12 5933 8 5947 13 5970 5 5977 9 6035 20 6061 7 6075 14 6098 5 6106 8 6163 32 6204 13 6226 6 6233 9 6292 31 6333 14 6354 17 6423 27 6462 15 6482 17 6552 3 6557 20 6591 16 6611 16 6678 5 6686 18 6720 15 6740 15 6804 7 6814 8 6824 8 6849 16 6868 14 6932 8 6942 8 6952 7 6979 14 6997 13 7059 9 7071 6 7081 6 7108 14 7126 12 7187 9 7200 4 7210 5 7237 13 7256 10 7315 9 7339 2 7370 8 7386 8 7443 9 7498 6 7516 5 7571 8 7627 4 7700 6 7756 3 7829 4 7884 2 8087 9 8214 10 8341 11 8469 10 8597 10 8725 9 8854 8 8983 6 9113 2,,3558 1 3687 1 6385 1 6513 1 6641 2 6769 2 6897 1 8250 5 8377 8 8503 12 8630 13 8757 15 8885 15 9013 16 9104 1 9140 17 9232 2 9268 17 9360 3 9396 17 9489 2 9525 16 9617 2 9653 16 9708 1 9746 2 9782 15 9835 2 9874 2 9910 15 9962 2 10003 1 10038 17 10089 3 10131 2 10166 19 10216 3 10260 1 10294 22 10344 1 10421 24 10547 19 10673 11 10686 1 10689 4 10799 5 10807 4 11582 1 11709 3 11838 2,8881 2 8904 1 9008 4 9032 2 9135 5 9159 4 9263 5 9287 4 9391 5 9415 4 9519 5 9543 5 9647 5 9671 5 9775 4 9800 4 9903 5 9929 3 10032 4 10160 3 10289 1 10823 10 10941 3 10950 14 11055 8 11067 26 11178 45 11305 46 11431 22 11456 24 11559 22 11584 24 11686 23 11713 23 11813 23 11841 22 11942 22 11970 20 12071 21 12099 18 12200 19 12228 16 12330 16 12361 8 12460 9 12591 3
gap_36c7e13f7a8cd18e3e,4010 2 4134 17 4259 21 4385 23 4511 25 4543 14 4561 8 4637 27 4671 29 4763 28 4799 30 4890 28 4928 31 5017 29 5056 33 5144 29 5185 33 5271 30 5315 33 5397 31 5444 33 5524 32 5573 33 5651 32 5701 34 5778 32 5830 34 5905 33 5958 35 6032 33 6087 35 6159 34 6215 36 6287 33 6344 36 6414 34 6473 36 6541 34 6602 36 6669 34 6730 37 6796 34 6859 36 6924 34 6987 37 7051 34 7115 38 7179 34 7243 38 7307 33 7371 39 7434 28 7464 3 7499 40 7562 27 7626 41 7690 25 7754 42 7818 24 7882 42 7946 24 8012 41 8074 24 8142 39 8202 24 8271 38 8329 26 8376 5 8385 3 8399 38 8458 25 8503 7 8512 6 8526 40 8586 25 8630 7 8640 8 8653 4 8658 36 8714 27 8757 8 8768 10 8780 5 8788 34 8842 30 8884 9 8897 17 8917 33 8970 30 9011 10 9027 16 9044 34 9098 29 9139 2 9145 4 9156 50 9227 28 9274 3 9284 50 9355 27 9412 49 9484 26 9541 48 9612 25 9669 48 9740 25 9798 47 9869 24 9927 45 9997 24 10055 45 10126 25 10183 44 10255 25 10283 2 10312 43 10383 31 10441 41 10512 30 10569 41 10640 31 10697 40 10769 31 10826 39 10897 33 10954 39 11026 36 11082 38 11155 36 11210 38 11283 35 11338 37 11412 34 11467 35 11541 32 11595 34 11670 30 11724 32 11800 27 11853 29 11930 23 11982 27 12060 20 12111 25 12190 16 12240 23 12320 12 12370 20 12452 4 12501 15 12632 5 12638 3,5309 2 5434 7 5560 11 5687 13 5814 14 5942 14 6069 15 6197 15 6325 15 6453 16 6581 20 6709 21 6835 23 6960 7 6969 18 7087 8 7099 16 7215 8 7228 4 7234 9 7343 8 7363 8 7470 9 7492 6 7597 11 7621 4 7717 1 7723 12 7750 3 7844 4 7850 13 7879 1 7971 6 7978 13 8099 4 8105 14 8227 2 8233 14 8263 5 8356 18 8390 7 8484 2 8487 15 8519 6 8616 13 8649 4 8745 11 8874 8 9003 6 9129 7 9256 7 9383 7 9511 6 9522 1 9524 2 9638 6 9649 7 9766 6 9776 8 9894 6 9904 8 10022 5 10031 10 10152 3 10159 10 10287 10 10415 9 10543 8 10672 7 10801 5 10930 2,,,9023 4 9151 5 9395 2 9402 1 9523 1,,3637 7 3763 16 3891 20 4021 19 4151 18 4281 16 4381 3 4412 6 4508 2 4634 2 4760 3 4887 3 5014 3 5141 3 5269 1 5349 1 5478 2 5607 2 5736 2 5865 2 5994 2 6123 2 6252 1 6411 2 6539 2 6666 3 6793 3 6921 3 7049 2 7816 1 7925 2 7943 2 8053 3 8070 4 8181 3 8198 3 8309 4 8326 3 8438 3 8454 3 8566 3 9462 2 9480 3 9589 3 9608 4 9663 4 9717 4 9736 4 9790 7 9845 4 9864 4 9917 9 9973 3 9993 4 10044 10 10101 3 10122 3 10171 12 10230 1 10251 1 10299 12 10427 12 10555 12 10683 12 10809 15 10937 16 10994 3 11065 15 11121 4 11151 1 11193 13 11248 4 11279 3 11323 10 11376 4 11408 3 11450 12 11503 4 11537 3 11578 13 11631 4 11666 3 11706 13 11721 1 11759 2 11795 4 11834 13 11849 2 11923 5 11957 18 11978 1 12052 6 12083 21 12105 3 12181 6 12210 9 12220 7 12230 7 12310 6 12338 10 12349 5 12358 8 12439 6 12466 9 12478 4 12487 8 12569 6 12595 7 12607 2 12616 7 12647 1 12698 7 12724 3 12735 2 12746 12 12769 4 12774 2 12828 3 12834 2 12863 2 12874 2 12878 22 12991 1 13011 17 13141 14 13274 7,10621 2 10747 5 10874 6 11001 7 11014 4 11129 6 11141 6 11256 6 11269 7 11383 6 11397 8 11510 5 11525 8 11638 3 11655 7 11765 3 11784 7 11892 5 11913 7 12019 7 12042 1 12046 3 12147 7 12166 2 12169 2 12173 5 12274 6 12295 4 12301 6 12401 6 12424 3 12430 6 12475 2 12483 3 12528 5 12558 6 12602 3 12611 4 12655 5 12685 2 12688 5 12727 6 12738 7 12783 4 12818 5 12849 12 12866 8 12910 4 12947 5 12975 14 12994 11 13036 5 13075 6 13104 13 13121 15 13162 5 13204 6 13231 13 13249 15 13290 3 13334 4 13358 14 13378 13 13464 2 13489 2 13495 3 13509 10 13640 7
gap_1949bafc95251b5b00,,,,,,,7872 6 7999 9 8125 11 8144 3 8240 4 8253 11 8273 3 8368 3 8381 11 8509 11 8637 10 8765 10 8887 2 8892 15 8908 8 9009 3 9015 2 9020 25 9136 5 9143 2 9148 24 9263 5 9275 20 9297 1 9392 4 9403 19 9531 12 9663 7 9793 4 9921 3 10050 2 10178 2,6450 3 6576 5 6703 5 6734 4 6831 5 6863 4 6958 5 6991 6 7061 1 7065 2 7086 4 7120 5 7189 7 7215 1 7249 4 7317 7 7378 3 7445 7 7532 6 7572 8 7659 8 7699 9 7787 9 7827 9 7914 11 7954 10 8042 11 8082 10 8169 13 8210 10 8296 14 8338 11 8424 14 8467 11 8551 15 8596 10 8678 15 8724 11 8806 15 8853 10 8932 16 8981 12 9058 3 9063 12 9109 13 9185 3 9191 10 9239 11 9251 2 9311 4 9318 9 9369 13 9440 2 9444 8 9499 8 9628 7 9672 3 9756 6 9781 2 9786 4 9798 7 9884 7 9909 11 9926 8 10012 6 10039 9 10053 8 10086 3 10140 5 10168 8 10181 8 10214 3 10268 5 10297 7 10309 7 10341 4 10397 4 10426 6 10437 7 10468 4 10526 3 10555 5 10566 6 10596 3 10654 3 10685 1 10694 4 10723 3 10783 2 10851 2 10912 2 10977 3 11040 3 11105 2 11169 3 11298 2
gap_142b643de5311c1640,,,,,,,6694 2 6822 2 7514 1 7642 1,7460 1 8411 1 8539 1 8602 4 8728 7 8855 8 8982 9 9109 10 9237 10 9365 9 9494 8 9523 1 9567 3 9622 7 9649 3 9694 6 9751 4 9776 4 9822 7 9904 3 9949 9 10032 2 10077 9 10205 10 10262 11 10334 9 10388 14 10462 9 10515 17 10591 7 10642 19 10720 5 10770 20 10899 21 11027 22 11156 22 11285 21 11352 12 11414 21 11479 15 11544 22 11607 15 11674 21 11734 16 11803 21 11861 17 11932 20 11986 20 12062 18 12113 20 12193 15 12240 20 12322 14 12367 20 12453 10 12493 21 12583 5 12619 20 12746 17 12874 14 13003 11 13135 3
gap_f8df4904c6710520ba,5171 4 5191 9 5296 10 5319 11 5422 13 5447 13 5549 14 5576 14 5676 15 5704 15 5803 17 5833 15 5930 18 5961 16 6057 18 6090 16 6185 18 6218 17 6312 19 6347 17 6439 20 6475 18 6567 20 6603 19 6694 20 6732 18 6821 21 6860 19 6948 21 6988 20 7076 21 7116 20 7203 22 7244 21 7331 21 7372 21 7458 22 7499 23 7586 22 7626 24 7713 22 7753 26 7841 22 7875 3 7881 26 7969 22 8002 5 8008 27 8096 23 8130 34 8224 22 8258 34 8352 22 8386 34 8479 23 8515 2 8519 29 8607 23 8647 29 8735 22 8775 29 8863 22 8902 30 8991 22 9030 30 9119 21 9157 31 9247 21 9284 32 9376 20 9412 31 9504 20 9541 30 9632 21 9670 29 9760 21 9799 28 9888 22 9927 27 10017 22 10056 26 10145 23 10185 25 10274 24 10314 23 10402 24 10442 23 10530 24 10571 21 10659 23 10699 20 10787 23 10828 18 10916 21 10957 16 11045 19 11086 13 11174 17 11216 10 11303 15 11346 7 11433 12 11477 2 11562 10 11692 5,5828 2 5954 6 6081 7 6209 8 6337 8 6464 10 6590 12 6716 15 6843 17 6971 10 6983 5 7098 10 7111 5 7225 11 7239 5 7353 11 7368 3 7480 11 7496 2 7608 11 7736 10 7863 10 7991 9 8119 9 8247 9 8375 9 8502 10 8630 10 8758 10 8886 9 9013 10 9141 10 9269 10 9397 10 9525 10 9653 10 9781 9 9910 8 10039 5,,,,,4540 8 4666 12 4793 14 4920 16 5048 2 5051 3 5058 3 5720 2 5849 2 5978 2 6106 3 6182 2 6235 3 6310 1 6364 3 6437 2 6493 3 6565 1 6622 2 6691 3 6751 1 6818 3 6879 1 6946 2 7073 3 7201 2 7329 2 7457 1 7584 1 8164 1 8292 1 8420 2 8548 2 8676 2 8804 2 8932 2 8989 2 9060 2 9117 2 9188 1 9245 2 9373 3 9501 3 9629 3 9758 2 9792 6 9886 2 9919 8 10046 9 10174 10 10301 12 10428 13 10556 13 10592 2 10685 11 10719 3 10813 10 10846 4 10913 3 10942 9 10973 4 11041 4 11070 10 11101 3 11169 5 11197 13 11229 2 11298 4 11325 17 11427 3 11452 10 11464 12 11557 1 11576 2 11579 3 11585 3 11594 12 11699 1 11701 2 11704 5 11714 2 11728 7 11821 9 11948 8 12076 6 12355 1,10515 4 10601 4 10643 5 10728 5 10772 5 10856 5 10903 2 10983 3 11032 2 11110 2 11161 2 11237 2 11290 2 11364 3 11418 3 11491 3 11547 3 11590 3 11618 4 11676 4 11709 3 11717 6 11745 3 11805 4 11835 7 11844 10 11871 4 11934 4 11960 10 11972 10 11997 5 12063 4 12087 11 12100 10 12124 4 12193 3 12215 11 12229 8 12323 1 12344 9 12358 4 12475 5
gap_5b823ee0ff3b356bca,,,10918 1,,,,,6169 4 6296 6 6424 7 6551 9 6679 9 6806 10 6886 2 6934 10 7013 5 7062 10 7140 7 7190 9 7267 8 7319 8 7394 10 7447 7 7522 10 7576 5 7650 10 7705 2 7777 11 7905 11 8033 11 8161 11 8290 9 8420 7 8550 4 8601 1 8727 4 8855 5 8983 6 9113 4 9316 8 9441 12 9569 12 9697 13 9825 13 9952 14 10079 15 10205 16 10331 18 10457 20 10584 21 10711 21 10791 7 10837 23 10887 1 10893 3 10919 8 10963 24 11021 3 11046 10 11090 24 11157 1 11175 9 11217 24 11284 4 11304 8 11345 23 11413 3 11433 7 11472 23 11563 5 11600 21 11677 1 11727 20 11805 2 11855 18 11934 2 11984 14 12114 9
gap_89d3f686deabd4f4f4,6977 3 7105 4 7217 5 7232 5 7246 4 7344 7 7360 5 7373 6 7471 9 7488 5 7501 7 7598 10 7617 4 7629 8 7726 11 7756 10 7853 12 7883 12 7980 15 8008 16 8107 18 8135 18 8235 18 8262 20 8362 20 8390 20 8490 20 8518 20 8618 20 8647 19 8745 20 8776 18 8873 20 8905 17 9001 19 9033 17 9129 18 9162 16 9258 17 9290 15 9386 16 9419 14 9514 16 9548 12 9642 15 9677 10 9771 13 9806 8 9899 12 9935 5 10028 11 10158 8 10288 4,6822 2 6845 1 6949 2 6964 3 6971 3 6982 3 7093 2 7099 3 7110 4 7238 7 7352 2 7367 6 7481 3 7495 6 7609 4 7623 6 7737 5 7752 4 7865 4 7880 3,,,7745 3 7872 5 8000 5 8128 5 8256 5 8384 4,,5563 3 5690 4 5818 4 5830 2 5947 3 5957 3 6076 2 6084 2 6204 1 6212 2 6340 2 6960 1 7087 2 7122 2 7214 3 7250 4 7341 3 7379 4 7467 4 7508 3 7595 3 7637 2 7711 2 7724 1 8282 3 8410 4 8487 2 8539 3 8614 4 8642 1 8667 2 8742 3 8767 7 8870 3 8894 10 9021 12 9149 12 9277 12 9405 12 9533 11 9561 3 9661 10 9687 5 9790 9 9815 4 9896 2 9918 10 9943 3 10023 4 10045 12 10152 4 10173 12 10281 3 10301 12 10430 9 10441 1 10555 1 10559 7 10569 2 10676 4 10688 5 10698 1 10804 4 10817 3 10945 3,5687 3 5814 4 5941 6 5960 2 6068 7 6087 2 6090 1 6196 7 6215 2 6324 7 6453 5 6472 2 6476 1 6601 3 8939 3 9066 4 9193 5 9320 6 9370 1 9447 7 9494 6 9574 7 9622 7 9702 5 9751 6 9830 3 9882 3 9957 3 10011 2 10085 2 10140 2 10212 3 10268 2 10340 2 10397 2 10467 2 10525 3 10556 3 10567 2 10593 3 10654 3 10683 5 10694 4 10720 3 10783 3 10810 7 10821 7 10841 9 10913 2 10937 8 10949 8 10967 10 11042 3 11065 8 11077 9 11089 15 11171 8 11192 9 11205 9 11216 15 11300 13 11320 9 11333 9 11345 14 11428 14 11449 7 11463 5 11474 12 11557 13 11608 6 11685 12 11737 5 11813 10 11866 4 11942 5 16053 1
gap_87175c6af3ff608fa2,,6599 3 6726 5 6854 5 6968 4 6976 11 7095 5 7103 13 7222 6 7232 13 7350 5 7366 7 7478 4 7496 5 7625 4 7754 3,,,4800 4 4922 13 5048 17 5175 19 5208 3 5303 20 5329 11 5417 1 5432 22 5455 15 5543 6 5560 41 5670 7 5689 41 5791 5 5797 8 5818 4 5826 33 5918 14 5946 3 5956 20 5977 10 6045 15 6073 4 6089 13 6105 11 6171 17 6200 3 6219 11 6232 16 6298 18 6325 6 6348 4 6353 4 6360 18 6426 18 6453 6 6482 2 6488 19 6554 20 6580 7 6610 2 6617 19 6685 19 6708 7 6738 2 6744 20 6814 20 6835 6 6866 2 6871 21 6942 22 6994 1 7000 21 7071 13 7088 1 7131 17 7199 11 7260 16 7327 9 7388 16 7455 8 7516 15 7585 5 7645 12 7773 11 7902 9 8031 6 8159 5,,7487 5 7613 9 7740 11 7866 14 7993 16 8121 17 8248 18 8376 19 8503 20 8632 19 8761 19 8892 13 9005 3 9025 5 9133 6 9152 4 9261 7 9271 4 9278 7 9296 1 9390 6 9398 6 9405 8 9414 4 9424 4 9520 4 9525 15 9541 6 9552 3 9653 8 9662 14 9781 8 9791 4 9796 7 9910 2 9919 3 9923 8 10047 2 10175 2 10303 2 10430 3 10558 3 10687 1 10815 1,6285 2 6412 4 6539 5 6667 6 6795 6 6923 7 7051 8 7084 4 7180 7 7210 8 7309 7 7338 9 7377 5 7438 7 7465 10 7504 7 7538 2 7566 9 7593 10 7631 9 7665 3 7695 9 7721 10 7759 9 7791 5 7823 10 7848 11 7886 11 7918 5 7951 13 7976 11 8014 11 8045 5 8079 15 8105 10 8142 11 8171 6 8208 18 8233 9 8270 11 8297 7 8337 20 8363 6 8398 11 8424 7 8465 21 8493 1 8527 10 8550 8 8594 21 8657 7 8675 11 8723 22 8787 2 8799 15 8852 22 8925 17 8982 21 9052 17 9111 20 9178 18 9241 18 9304 19 9370 17 9432 18 9500 16 9559 17 9630 14 9687 15 9759 13 9814 13 9889 12 9904 3 9942 11 10019 11 10031 5 10061 4 10069 10 10148 24 10182 13 10197 8 10279 22 10307 16 10324 7 10408 21 10434 24 10537 20 10562 24 10666 19 10690 23 10795 19 10818 21 10926 16 10946 18 11055 15 11074 17 11185 12 11203 15 11316 8 11332 11 11463 1
gap_a505050595a3b064cd,4520 10 4646 19 4772 25 4801 24 4898 29 4928 27 5023 62 5150 35 5187 28 5276 36 5316 30 5404 34 5445 31 5531 32 5575 30 5658 31 5704 30 5786 29 5834 30 5913 28 5963 30 6040 28 6092 29 6167 28 6221 29 6295 27 6350 29 6423 27 6478 29 6551 26 6607 29 6678 27 6736 28 6806 26 6864 29 6934 26 6992 29 7061 27 7119 31 7189 27 7247 31 7317 27 7375 31 7444 28 7502 32 7572 29 7630 32 7700 29 7759 31 7828 30 7888 30 7956 31 8019 27 8084 31 8147 27 8212 32 8273 29 8340 33 8400 3 8404 26 8468 33 8526 5 8534 24 8596 33 8653 5 8662 24 8724 32 8777 2 8780 5 8791 23 8853 26 8903 10 8919 23 8981 25 9029 12 9046 24 9109 25 9157 12 9174 24 9237 33 9284 12 9299 27 9365 34 9412 12 9425 29 9494 33 9540 42 9622 33 9669 40 9750 33 9798 39 9879 32 9927 38 10007 33 10055 38 10136 33 10184 37 10264 34 10312 37 10393 34 10440 36 10521 34 10568 36 10650 32 10697 34 10779 31 10825 33 10907 30 10953 33 11036 29 11082 31 11165 27 11210 31 11294 25 11339 29 11423 23 11468 27 11552 20 11597 25 11682 17 11726 23 11812 12 11855 21 11943 6 11985 18 12114 15 12244 11 12378 2,5691 4 5817 7 5943 10 5959 3 6069 12 6086 5 6196 15 6214 6 6323 26 6451 27 6579 27 6707 28 6836 27 6965 26 7093 26 7222 24 7350 2 7356 18 7477 3 7485 17 7601 8 7615 14 7730 8 7745 6 7753 4 7859 8 7871 15 7987 29 8116 29 8245 27 8374 25 8503 21 8631 19 8659 2 8757 18 8786 4 8882 18 8914 4 9010 16 9043 3 9139 13 9272 6 9400 7 9527 8 9655 8 9783 8 9911 7 10040 6 10169 3,,,9152 2,,4016 2 4022 7 4042 1 4139 21 4165 11 4266 43 4388 3 4402 38 4514 5 4537 33 4641 5 4668 4 4676 6 4698 3 4767 5 4827 5 4894 4 4956 5 5021 2 5086 4 5216 3 5994 1 6122 3 6165 2 6250 3 6292 3 6379 3 6420 3 6507 3 6548 3 6636 2 6676 2 6764 2 6803 3 6893 1 6931 3 7059 2 7187 2 7315 1 8047 1 8175 1 8302 3 8430 3 8466 1 8558 3 8594 2 8686 3 8722 2 8814 2 8849 3 8942 2 8978 3 9070 2 9106 3 9198 2 9234 3 9363 2 9491 2 9620 1 9748 1 9793 2 9920 6 10047 8 10174 9 10302 9 10349 1 10429 10 10477 1 10519 1 10557 10 10604 2 10648 1 10685 10 10731 3 10776 2 10813 10 10859 2 10905 2 10940 11 10986 3 11033 3 11069 10 11114 2 11162 3 11197 10 11241 3 11290 4 11325 9 11368 3 11419 4 11452 10 11496 3 11548 3 11576 15 11623 3 11677 3 11703 17 11750 3 11807 2 11830 7 11840 9 11877 3 11936 2 11959 3 11968 3 11975 4 12004 3 12066 4 12097 2 12104 3 12131 2 12195 10 12225 2 12258 2 12384 3 12511 2 12635 3,11962 5 11973 1 12087 9 12100 4 12211 14 12227 8 12337 16 12355 12 12465 16 12483 13 12593 32 12723 13 12739 14 12856 5 12868 11 12999 5
gap_5d8ea6f34568222ae0,3919 10 4045 17 4172 20 4301 21 4431 21 4560 22 4688 4 4697 14 4828 12 4962 7 5093 4 5223 3 5353 1 10036 1 10163 3 10184 1 10291 3 10312 1 10418 3 10440 2 10545 4 10568 2 10672 5 10697 2 10799 5 10825 3 10926 6 10954 3 11052 7 11083 3 11178 8 11211 4 11304 9 11341 4 11430 10 11470 4 11553 13 11600 2 11681 11 11811 5,8120 1 8133 4 8247 5 8259 8 8374 7 8387 8 8501 8 8516 7 8628 9 8646 5 8756 9 8776 3 8884 9 8905 2 9013 7 9034 1 9142 6,4533 13 4658 19 4781 28 4908 34 4949 13 5034 37 5074 19 5162 61 5290 62 5419 62 5548 62 5676 63 5805 63 5934 63 6062 64 6190 64 6319 63 6447 64 6575 64 6704 63 6832 63 6961 63 7090 62 7221 59 7354 55 7484 53 7616 50 7745 49 7873 49 7950 2 8001 48 8077 4 8130 3 8137 40 8204 6 8258 1 8267 38 8331 8 8395 38 8459 9 8523 38 8587 10 8651 38 8716 9 8779 37 8844 10 8907 37 8972 12 9035 37 9101 13 9162 38 9229 14 9258 2 9291 37 9358 17 9377 3 9385 6 9419 37 9486 33 9548 36 9614 33 9677 35 9743 32 9806 34 9871 32 9936 31 10000 31 10065 30 10129 30 10194 28 10257 30 10322 27 10386 29 10451 26 10515 28 10580 24 10643 27 10708 24 10772 26 10837 22 10901 24 10965 22 11031 21 11093 21 11160 18 11222 19 11290 14 11350 17 11423 7 11479 15 11607 14 11736 12 11866 8,,5157 5 5282 8 5410 9 5538 10 5666 10 5794 11 5915 19 6043 19 6172 18 6300 19 6429 18 6557 18 6685 19 6812 20 6938 23 7065 9 7076 14 7193 9 7203 18 7313 1 7321 22 7346 2 7439 5 7449 27 7567 5 7577 29 7695 5 7706 29 7824 1 7833 31 7961 31 8089 30 8219 25 8348 22 8477 19 8606 17 8733 17 8861 3 8865 12 8994 10 9124 7,,3275 4 3402 8 3411 3 3514 3 3532 12 3627 6 3640 4 3664 9 3746 15 3797 2 3872 15 4003 4 4196 1 4325 2 4453 4 4582 4 4627 3 4711 4 4753 4 4840 3 4880 4 4969 3 5007 4 5098 2 5135 3 5263 2 6027 1 6154 2 6255 1 6282 2 6383 2 6409 3 6511 3 6537 3 6639 3 6665 2 6767 3 6896 2 7025 1 8201 2 8306 1 8329 2 8433 2 8458 1 8561 2 8586 1 8689 2 8816 3 8945 1 9150 2 9275 8 9402 11 9529 12 9656 13 9783 14 9911 14 10039 15 10127 2 10167 15 10255 2 10295 15 10383 3 10423 15 10512 3 10551 15 10604 2 10642 1 10680 13 10732 2 10808 13 10859 3 10936 13 10987 2 11064 14 11114 2 11191 15 11319 15 11447 15 11576 11 11708 6 11836 6 11937 5 11965 4 12065 5 12093 3 12118 6 12221 3 12247 5 12349 3 12477 3,11717 7 11823 11 11842 13 11949 15 11969 17 12075 18 12097 19 12201 20 12225 20 12328 21 12353 20 12457 19 12482 20 12587 16 12611 18 12719 9 12743 11
gap_c6833984478f48af68,,7239 8 7366 11 7494 11 7622 12 7744 5 7750 12 7872 5 7880 11 8000 5 8012 6 8128 5 8142 4 8256 5 8385 2,3645 3 3772 10 3900 16 3925 3 4028 21 4051 9 4156 35 4285 37 4414 38 4542 39 4671 40 4800 40 4929 41 5057 42 5186 41 5315 41 5445 40 5576 37 5705 37 5834 8 5843 28 5964 6 5972 28 6101 27 6230 27 6359 26 6495 19 6622 20 6742 1 6749 21 6869 5 6877 22 6997 30 7124 31 7252 32 7380 32 7508 32 7636 32 7764 32 7893 31 8021 31 8150 30 8279 29 8408 28 8538 26 8668 23 8797 22 8925 22 9054 20 9183 19 9312 17 9440 17 9569 15 9697 14 9825 13 9953 12 10082 8 10210 6 10339 4 10467 4 10595 2,8610 6 8736 9 8863 11 8918 7 8990 11 9005 4 9045 9 9117 12 9132 6 9173 10 9245 11 9259 7 9299 13 9372 13 9386 8 9427 13 9500 21 9555 14 9628 20 9683 14 9756 21 9812 13 9885 20 9941 12 10014 19 10070 12 10143 18 10198 12 10272 17 10327 12 10401 16 10456 11 10531 12 10585 10 10662 5 10714 9 10844 5,4023 2 4146 10 4272 13 4399 15 4527 15 4655 16 4778 1 4788 12 4906 2 4916 13 5044 13 5174 12 5305 10 5434 11 5553 6 5563 13 5678 11 5691 14 5805 29 5930 17 5949 15 6057 18 6078 21 6184 19 6206 22 6311 20 6333 23 6439 20 6460 24 6566 21 6589 13 6604 9 6694 21 6718 11 6733 9 6822 22 6846 2 6850 6 6863 4 6950 23 6974 1 6979 5 7074 29 7110 1 7198 33 7319 40 7446 41 7574 40 7702 39 7831 36 7960 30 8090 9 8100 13 8220 5 8230 6 8854 4 8981 6 9109 8 9238 7 9367 5 9499 1,,8645 3 8770 8 8896 11 9023 12 9151 13 9279 13 9407 13 9535 14 9663 13 9791 13 9919 13 10047 12 10175 12 10301 14 10427 16 10554 17 10685 16 10816 1 10820 1 10823 8 10952 8 11087 1,8635 1 8761 4 8782 2 8888 5 8909 4 9016 5 9038 4 9143 6 9166 5 9270 7 9294 5 9398 7 9422 5 9525 8 9550 5 9653 8 9678 5 9781 8 9806 6 9909 8 9934 5 10037 8 10062 5 10165 7 10190 5 10318 5 10447 3 10935 6 11058 21 11093 1 11184 40 11310 43 11437 45 11565 45 11692 46 11820 46 11948 46 12077 44 12207 19 12228 20 12337 15 12358 16
gap_b8d0fe24a608ffa3b4,,6724 2 6852 6 6980 7 7109 7 7240 4 7624 2 7751 5 7878 7 7999 1 8006 7 8125 5 8134 7 8253 7 8262 7 8380 9 8391 5 8508 8 8521 2 8636 7 8645 2 8764 7 8773 3 8892 5 8902 3 9032 1,5974 6 6101 8 6229 8 6357 9 6368 1 6485 15 6614 16 6743 17 6871 18 6999 19 7127 20 7254 21 7382 22 7509 23 7576 1 7634 26 7702 4 7761 28 7830 5 7888 29 7958 5 8016 29 8086 6 8144 30 8214 7 8273 29 8342 8 8401 29 8470 9 8530 28 8598 10 8659 27 8727 9 8788 25 8855 9 8917 24 8983 10 9047 21 9112 9 9177 18 9240 10 9307 10 9369 9 9438 3 9498 9 9626 9 9755 8 9883 9 10012 9 10141 9 10270 9 10399 8 10529 6 10660 3,9428 3 9555 7 9683 9 9811 10 9939 10 10067 11 10196 9 10326 7 10456 4,3001 4 3126 9 3149 4 3250 14 3276 8 3375 18 3403 11 3502 20 3531 12 3628 22 3660 11 3754 24 3789 11 3880 26 3917 11 4007 27 4046 10 4134 28 4175 16 4261 30 4304 17 4388 33 4436 14 4515 35 4567 12 4642 37 4697 11 4770 38 4825 12 4898 15 4916 20 4954 13 5026 15 5045 20 5083 13 5154 13 5174 19 5211 15 5281 13 5307 15 5341 13 5410 10 5436 14 5471 12 5539 9 5565 14 5593 3 5601 10 5669 6 5694 13 5720 5 5730 9 5797 6 5824 11 5847 6 5859 9 5926 5 5953 11 5980 1 5988 8 6053 7 6082 9 6117 8 6181 7 6212 6 6245 8 6308 9 6341 3 6374 8 6436 16 6503 7 6564 16 6595 3 6632 7 6692 17 6723 1 6726 2 6760 7 6820 17 6851 1 6889 6 6949 16 7018 5 7078 13 7147 4 7207 11 7238 2 7276 3 7336 10 7404 2 7465 9 7593 8 7721 8 7849 6 7977 4 8105 2 8229 3 8355 3 8483 2 8611 1 8868 2 8996 3 9124 3 9252 3,,7538 1 7666 1 7794 1 9153 3 9278 8 9405 11 9532 13 9660 13 9788 13 9917 12 10045 12 10174 10 10302 10 10343 1 10430 10 10470 2 10557 11 10597 2 10684 12 10724 2 10783 2 10810 15 10912 2 10938 17 11068 15 11196 1 11201 3 11208 1 11219 3 11310 2 11330 1 11348 2 11458 1 11714 1 11841 2 11968 4 12096 4,11189 4 11211 5 11315 13 11333 12 11442 14 11460 15 11567 17 11588 19 11692 20 11716 20 11819 21 11844 20 11947 20 11973 18 12076 19 12101 16 12206 16 12230 13 12335 14 12360 4 12467 2 12472 3
gap_f6ed9ece9065150bbb,,5849 3 5976 4 6056 2,,,8126 2 8251 1 8253 3 8637 7 8764 9 8892 10 9021 9 9155 3 9409 2 9535 4 9662 5 9789 6 9917 6 10044 6 10171 7 10298 7 10426 6 10554 6 10682 6 10811 4 10939 4 11068 2,,11838 7 11965 8 12093 8,6078 7 6113 5 6205 9 6239 8 6302 1 6305 2 6332 12 6366 8 6429 7 6460 12 6494 8 6557 8 6587 14 6621 9 6685 8 6714 16 6749 10 6813 9 6841 18 6877 10 6941 9 6969 5 6982 5 7005 10 7068 10 7096 4 7112 3 7133 8 7196 10 7224 2 7264 4 7328 2 7331 5 7390 9 7454 11 7514 18 7578 16 7642 19 7703 20 7769 22 7830 21 7897 23 7956 23 8024 24 8083 25 8110 1 8148 29 8211 29 8276 29 8338 30 8404 9 8415 18 8466 29 8533 8 8547 14 8594 29 8661 8 8673 3 8677 11 8721 13 8736 4 8742 9 8789 8 8805 11 8849 13 8864 3 8870 9 8917 8 8934 9 8977 13 8999 8 9045 8 9062 8 9105 13 9127 7 9174 7 9191 5 9234 11 9255 7 9302 7 9326 4 9363 9 9384 6 9430 6 9452 6 9492 7 9512 6 9558 5 9576 10 9620 8 9641 5 9686 4 9700 13 9748 11 9770 4 9814 1 9825 16 9876 13 9951 18 10005 14 10077 19 10133 17 10203 21 10262 18 10329 22 10391 20 10455 23 10520 21 10581 24 10650 21 10707 25 10779 21 10834 24 10911 19 10961 22 11040 19 11088 20 11170 18 11215 20 11299 19 11343 18 11429 18 11470 17 11559 17 11597 17 11689 15 11724 16 11819 14 11852 13 11950 12 11980 11 12079 11 12107 11 12209 9 12235 8 12339 7 12365 2 12469 4
gap_ca1b69ddef301f9c83,,7234 10 7355 3 7362 11 7482 6 7491 11 7609 8 7620 11 7736 9 7749 10 7864 10 7878 9 7992 10 8006 9 8120 10 8135 7 8248 8 8265 4,4056 6 4183 9 4310 11 4438 12 4565 15 4693 16 4821 17 4949 17 5077 17 5206 17 5336 16 5465 16 5594 16 5723 15 5851 16 5979 17 6107 17 6235 17 6362 19 6490 19 6618 19 6745 20 6872 22 7000 22 7127 23 7255 22 7382 23 7510 23 7638 24 7766 16 7783 8 7894 26 8023 25 8152 24 8282 23 8413 20 8543 18 8672 17 8801 16 8929 16 9058 14 9186 14 9315 13 9443 12 9572 10 9700 10 9828 9 9956 9 10085 7 10213 6 10341 5 10470 3,8660 6 8787 9 8865 5 8912 13 8990 10 9037 18 9116 21 9165 18 9243 23 9292 20 9371 23 9420 21 9499 12 9514 8 9549 5 9557 12 9627 10 9643 7 9677 5 9686 12 9755 9 9771 7 9805 5 9815 11 9883 9 9898 7 9933 7 9944 10 10011 10 10025 8 10062 7 10072 10 10139 11 10152 8 10190 20 10268 19 10319 19 10397 17 10448 18 10525 17 10577 17 10654 14 10707 14 10783 12 10837 12 10912 7 10968 7,3666 3 3799 1 3893 22 3926 4 4017 34 4053 3 4127 3 4141 42 4248 12 4265 45 4374 64 4501 64 4628 65 4756 65 4884 32 4920 27 5012 32 5049 26 5141 31 5180 4 5186 20 5271 28 5316 20 5400 27 5446 19 5529 7 5537 17 5576 18 5657 6 5665 16 5695 5 5707 14 5783 6 5793 16 5822 12 5835 14 5910 8 5921 19 5949 27 6038 8 6049 21 6077 27 6165 9 6178 20 6205 27 6293 10 6307 4 6314 12 6334 14 6349 10 6418 13 6442 12 6462 14 6477 10 6544 15 6569 13 6591 12 6606 8 6671 18 6697 12 6721 9 6734 7 6798 22 6825 12 6862 6 6926 37 6990 6 7053 37 7106 9 7119 5 7181 9 7192 26 7247 5 7309 8 7320 25 7373 1 7378 1 7438 6 7447 26 7502 1 7566 5 7575 26 7694 4 7703 25 7822 4 7831 24 7951 3 7959 23 8079 2 8087 22 8216 20 8349 12 8479 7,,3292 3 3421 4 3549 4 3678 4 4325 1 4453 3 4581 4 4709 4 4838 3 4878 1 4967 2 5005 2 5133 1 5869 2 5997 2 6125 3 6253 3 6382 2 6538 1 6665 2 6793 2 6921 2 7049 1 8305 2 8433 2 8456 2 8510 5 8561 2 8584 3 8635 9 8689 2 8713 2 8761 12 8817 2 8841 2 8888 14 8969 1 9016 14 9144 14 9272 14 9400 15 9527 16 9655 16 9783 16 9911 15 10040 13 10169 11 10298 9 10426 9 10554 11 10643 3 10682 11 10728 2 10772 3 10810 11 10855 3 10901 3 10937 11 10983 2 11030 2 11066 10 11111 1 11194 9 11295 3 11325 4 11424 4 11454 3 11482 5 11554 1 11582 3 11610 3 11711 2 11839 1 11967 1 12095 1,9929 1 10057 2 10184 3 10312 3 10439 5 10568 5 10698 2 11080 1 11184 8 11206 3 11311 11 11331 11 11437 15 11458 14 11562 19 11586 15 11686 23 11713 22 11813 24 11841 24 11940 25 11970 24 12069 24 12098 24 12198 23 12226 23 12328 20 12356 20 12458 16 12487 15
gap_dcdad6e90af5efd398,4687 1 4814 7 4943 18 5072 18 5201 18 5332 15 5470 6 5600 5 5730 4 5791 1 5859 3 5918 2 5988 3 6045 4 6117 3 6172 5 6245 4 6299 6 6373 5 6427 6 6502 4 6555 6 6630 5 6682 7 6758 6 6809 6 6886 6 6937 7 7014 6 7064 9 7142 7 7192 10 7270 7 7320 12 7398 7 7448 13 7525 8 7576 14 7653 8 7703 17 7781 9 7831 21 7908 10 7959 22 8036 10 8087 24 8163 11 8215 25 8290 12 8343 27 8400 3 8417 13 8471 29 8525 8 8543 15 8599 32 8647 16 8668 18 8727 32 8774 40 8855 32 8902 40 8983 31 9030 40 9111 30 9159 39 9239 30 9288 38 9367 30 9417 37 9496 29 9545 37 9624 29 9674 36 9752 29 9803 34 9881 28 9931 34 10009 29 10060 32 10137 29 10188 32 10266 28 10316 31 10395 28 10444 30 10523 28 10572 30 10652 28 10701 28 10781 27 10829 28 10909 27 10957 27 11038 26 11085 26 11167 24 11213 25 11296 23 11342 23 11425 21 11470 22 11554 20 11599 19 11684 17 11728 17 11813 14 11858 13 11944 9 11988 9 12075 4,5297 10 5423 15 5550 17 5673 23 5699 5 5800 33 5927 35 6055 35 6182 37 6310 37 6438 37 6566 37 6694 38 6823 38 6951 38 7080 19 7101 16 7209 17 7229 16 7337 17 7357 17 7466 16 7485 17 7594 16 7612 18 7723 14 7740 18 7852 12 7868 18 7981 10 7995 18 8112 5 8123 5 8129 12 8251 3 8258 11 8387 9 8517 4 9015 6 9142 8 9269 9 9397 9 9525 9 9653 9 9781 9 9909 8 10038 6 10166 5,5722 7 5848 11 5974 14 6100 16 6227 18 6354 19 6482 20 6609 21 6737 21 6865 21 6993 21 7117 1 7121 21 7245 1 7249 21 7377 21 7505 20 7634 19 7762 19 7890 18 8018 18 8147 16 8276 14 8404 13 8534 9 8665 2,,8894 2 9022 3,,4179 9 4305 12 4392 12 4434 3 4439 6 4519 13 4570 2 4646 5 5606 2 5734 3 5863 2 5991 3 6042 2 6120 2 6169 3 6297 2 6425 1 6553 1 7702 1 7790 2 7829 2 7918 2 7957 2 8046 2 8085 2 8174 2 8213 2 8302 2 8341 2 8430 2 8470 1 8559 1 9540 3 9666 6 9792 9 9919 10 10046 11 10136 1 10173 12 10220 1 10264 2 10301 13 10347 2 10392 3 10429 12 10474 3 10521 2 10557 12 10602 2 10650 2 10685 11 10729 3 10778 2 10814 9 10857 2 10907 2 10943 8 10984 2 11036 1 11071 7 11111 3 11198 9 11239 2 11326 9 11366 2 11453 11 11579 2 11585 3 11592 2 11707 2 11714 1 11720 2 11829 1 11842 1 11954 4 11970 1 11983 4 12081 4 12097 2 12112 5 12225 3 12242 4 12353 3 12482 1,11710 1 11718 1 11835 6 11844 7 11960 9 11972 9 12087 10 12100 10 12214 11 12228 11 12340 12 12356 13 12467 13 12484 15 12595 11 12613 14 12724 3 12730 1 12742 10
gap_252a182eb501524214,,6975 3 7102 6 7230 7 7238 2 7358 11 7486 13 7615 4 7620 7 7749 7 7878 5 8007 4 8137 1,,8281 3 8407 5 8533 8 8661 8 8743 2 8788 10 8864 1 8868 6 8916 11 8993 10 9044 12 9121 11 9172 12 9248 12 9300 13 9375 13 9429 12 9503 12 9557 12 9631 12 9686 11 9758 13 9814 11 9886 12 9943 10 10015 11 10072 8 10143 10 10202 5 10272 8 10402 4,4405 1 4409 5 4415 4 4426 9 4529 20 4551 15 4655 42 4781 46 4906 51 5033 54 5160 20 5190 27 5286 18 5320 4 5327 20 5412 17 5457 19 5540 15 5587 19 5653 4 5668 14 5715 20 5780 7 5797 7 5820 6 5844 21 5907 9 5948 6 5972 21 6034 11 6075 10 6087 6 6101 21 6162 12 6203 19 6230 20 6290 15 6309 6 6329 22 6358 20 6419 15 6438 7 6454 27 6487 20 6547 16 6568 6 6580 30 6616 19 6674 17 6699 4 6706 33 6745 18 6802 17 6827 17 6846 6 6855 13 6875 16 6929 19 6954 17 6974 1 6978 2 6983 13 7004 15 7057 8 7067 9 7081 17 7110 15 7133 14 7184 8 7195 10 7209 15 7237 1 7240 14 7262 13 7312 8 7323 27 7369 13 7390 13 7440 8 7451 23 7499 11 7521 10 7568 33 7627 11 7650 9 7696 25 7724 5 7758 8 7771 2 7778 9 7824 24 7853 2 7887 7 7899 3 7905 10 7953 23 8015 6 8026 17 8081 22 8144 4 8154 17 8209 21 8284 14 8339 1 8342 14 8413 12 8471 12 8543 9 8599 11 8672 5 8728 9 8801 3 8856 8 8985 6 9115 2,,7999 2 8124 8 8251 10 8378 12 8506 13 8633 14 8761 15 8888 16 9016 16 9144 16 9272 16 9401 15 9529 14 9657 14 9785 1 9788 8 9797 2 9914 12 10041 14 10163 3 10169 14 10290 5 10297 15 10313 2 10425 14 10442 2 10557 5 10564 2 10686 3 10814 3 10942 2 11071 1 11582 1 11710 2,8114 5 8138 2 8242 6 8265 4 8369 7 8393 5 8497 6 8521 5 8625 6 8649 6 8753 6 8778 5 8881 6 8906 6 9009 5 9034 6 9136 6 9162 7 9264 6 9290 7 9391 7 9418 7 9519 7 9545 9 9647 7 9673 9 9775 7 9801 9 9905 3 9930 7 10059 5 10671 13 10696 7 10798 15 10819 15 10924 17 10946 18 11050 19 11073 21 11176 21 11201 22 11304 21 11329 23 11431 22 11457 24 11559 22 11585 24 11687 21 11713 24 11816 20 11842 22 11944 19 11970 22 12073 17 12099 20 12202 14 12229 16 12333 4 12365 5
gap_5ab2140b4c7b9fe172,4015 16 4045 6 4140 21 4164 18 4266 24 4292 20 4393 24 4420 22 4519 25 4549 23 4646 25 4677 25 4773 25 4806 25 4900 25 4935 26 5027 22 5065 25 5154 21 5194 25 5281 22 5323 24 5408 22 5452 24 5535 23 5580 25 5662 23 5709 24 5790 23 5837 24 5917 24 5965 25 6045 24 6094 24 6172 25 6221 26 6300 25 6349 26 6427 26 6477 26 6555 26 6605 26 6682 27 6733 27 6810 27 6861 27 6938 28 6989 27 7065 29 7118 26 7193 29 7246 26 7321 29 7375 26 7448 29 7504 25 7576 28 7632 25 7704 26 7761 24 7832 26 7889 24 7960 27 8017 24 8088 25 8114 1 8138 2 8144 25 8216 25 8264 5 8271 26 8344 24 8392 33 8472 24 8503 7 8518 35 8600 24 8631 8 8640 41 8728 23 8760 6 8767 42 8856 23 8896 40 8985 23 9024 40 9113 23 9152 40 9241 24 9268 1 9281 39 9369 24 9394 4 9409 38 9497 28 9538 37 9625 28 9667 36 9754 27 9796 35 9882 27 9925 34 10011 26 10054 33 10139 27 10182 32 10267 29 10311 31 10396 30 10439 30 10525 29 10568 29 10653 29 10696 28 10782 28 10825 26 10911 27 10953 25 11039 26 11082 23 11168 25 11211 21 11297 23 11339 21 11426 21 11468 19 11555 19 11597 17 11684 17 11727 14 11814 14 11856 12 11944 9 11987 5,5177 5 5189 4 5303 8 5315 7 5430 10 5442 9 5558 22 5686 23 5813 24 5941 24 6069 24 6197 24 6325 24 6453 24 6582 23 6710 23 6839 22 6968 21 7097 20 7226 20 7355 19 7487 15 7610 2 7616 16 7733 8 7745 16 7860 9 7874 15 7989 8 8003 13 8118 7 8132 6 8247 5 8261 1 8369 2 8496 5 8624 6 8751 8 8879 8 9008 6 9018 1 9137 3 9144 5 9266 1 9271 7 9398 9 9525 10 9653 10 9781 10 9909 10 10037 9 10166 8 10296 5,,,8892 2 9020 2,,3385 2 3511 8 3637 20 3659 3 3764 27 3895 22 4010 3 4033 7 4055 3 4137 3 4184 3 4313 3 4443 3 4572 3 4702 2 4832 1 6760 2 6808 1 6888 2 6935 3 7016 3 7063 2 7144 3 7191 2 7272 3 7319 2 7401 2 7447 1 7529 2 8598 1 8726 2 8854 2 8937 1 8982 3 9064 3 9110 3 9192 3 9238 3 9320 2 9367 2 9447 3 9496 1 9575 3 9703 3 9792 3 9831 2 9919 6 10046 7 10174 8 10301 9 10429 9 10557 9 10685 9 10813 10 10940 12 11068 12 11196 12 11294 2 11324 12 11361 2 11422 3 11452 12 11489 1 11552 2 11580 11 11616 2 11681 3 11703 2 11708 11 11722 3 11742 3 11810 3 11829 8 11839 5 11850 5 11868 4 11939 5 11955 9 11968 3 11977 9 11992 7 12068 23 12096 2 12109 17 12198 15 12224 2 12239 13 12328 9 12374 3,9746 2 9838 3 9874 2 9965 3 10002 3 10093 3 10131 3 10220 2 10260 2 10348 2 10389 1 10475 2 10603 1 10730 2 10857 2 10984 2 11974 3 12091 4 12099 8 12216 8 12226 10 12342 10 12354 11 12469 11 12483 11 12597 10 12611 10 12729 4 12742 1
gap_3b676990f44a5f7a2f,3502 8 3626 12 3666 1 3752 13 3781 21 3878 12 3909 23 4005 11 4038 24 4132 11 4167 25 4258 12 4297 25 4385 12 4427 24 4512 12 4556 24 4639 12 4686 23 4766 12 4815 22 4894 12 4944 22 5021 12 5073 21 5149 12 5201 22 5277 12 5329 23 5405 11 5457 23 5532 12 5586 22 5660 12 5714 23 5788 12 5842 23 5916 12 5969 24 6044 12 6097 24 6172 12 6225 24 6300 12 6353 24 6428 12 6480 25 6556 13 6608 25 6684 13 6736 25 6812 13 6864 26 6940 14 6992 26 7068 15 7119 27 7196 15 7246 28 7324 16 7374 28 7452 17 7501 29 7580 17 7627 30 7708 18 7753 32 7837 17 7879 34 7965 17 8005 36 8093 19 8133 36 8221 22 8260 37 8350 23 8388 37 8478 24 8516 37 8606 24 8644 37 8734 24 8773 36 8862 24 8902 35 8990 25 9031 33 9118 25 9160 32 9247 25 9289 31 9375 26 9417 30 9504 26 9545 30 9632 27 9673 29 9761 27 9802 28 9889 26 9930 28 10018 25 10058 27 10146 25 10186 27 10275 23 10315 25 10404 22 10443 24 10533 20 10571 24 10662 18 10700 22 10791 16 10829 20 10921 12 10958 17 11051 7 11088 14 11219 9 11350 4,3898 3 4024 8 4150 13 4276 18 4403 20 4530 22 4654 27 4780 29 4907 31 4941 1 5035 37 5162 39 5290 39 5417 40 5545 40 5673 41 5801 40 5929 40 6057 40 6185 40 6313 39 6441 39 6570 20 6591 17 6698 20 6719 16 6826 37 6955 36 7083 25 7110 8 7212 33 7341 32 7470 29 7599 24 7732 17 7861 15 7992 10 8117 1 8377 4 8504 7 8631 8 8758 9 8886 9 9015 8 9143 7 9273 4,,,,,3130 7 3145 2 3252 1 3257 19 3387 17 3408 3 3518 14 3535 2 3538 3 3656 1 4065 1 4193 3 4256 1 4322 3 4382 3 4451 2 4510 2 4637 2 4765 1 5480 2 5530 2 5608 3 5658 2 5737 2 5786 2 5914 1 6633 2 6683 1 6761 3 6810 2 6890 2 6938 2 7018 1 7066 2 7194 1 8169 1 8220 1 8297 1 8348 2 8425 2 8475 3 8553 2 8604 2 8681 1 8732 1 8809 1 9024 6 9150 9 9278 10 9405 12 9533 12 9661 12 9789 12 9917 11 10046 9 10174 9 10302 9 10429 10 10531 1 10557 10 10659 2 10684 12 10722 2 10787 4 10813 11 10849 2 10916 4 10942 8 10975 3 11045 5 11072 5 11102 4 11174 6 11201 3 11229 4 11304 4 11329 2 11355 4 11457 2 11482 4 11609 3 11841 1,11065 5 11078 4 11190 10 11205 7 11315 13 11332 11 11442 14 11460 12 11569 15 11588 13 11698 14 11716 14 11845 12
gap_594e17c4c493235454,3921 2 4046 9 4173 13 4240 4 4299 17 4367 4 4426 20 4494 5 4554 25 4621 5 4682 28 4748 6 4811 30 4875 6 4940 32 5002 7 5068 33 5130 7 5196 34 5257 8 5324 35 5384 9 5452 12 5473 15 5512 9 5581 7 5604 13 5640 9 5709 5 5735 11 5767 10 5864 11 5895 10 5994 9 6023 10 6123 9 6150 12 6253 7 6278 12 6382 7 6406 12 6511 7 6534 12 6640 6 6662 12 6769 5 6790 12 6898 4 6918 12 7027 4 7046 12 7156 3 7174 11 7284 3 7302 10 7413 2 7430 11 7558 11 7686 11 7814 11 7943 9 8071 8 8199 8 8327 7 8455 7 8583 6 8711 5 8740 8 8840 4 8867 10 8968 3 8995 10 9097 1 9123 10 9251 10 9378 11 9506 11 9632 14 9760 14 9887 16 10013 18 10138 22 10265 24 10389 29 10516 31 10643 33 10770 34 10898 34 11026 34 11154 33 11282 33 11412 30 11470 1 11541 28 11670 26 11801 22 11930 2 11934 15 12067 1,3370 3 3498 3 3627 2 4261 2 4389 2 4398 1 4401 3 4513 2 4521 12 4641 3 4650 14 4765 8 4781 7 4893 14 4909 7 5021 15 5037 8 5051 1 5150 24 5177 3 5272 3 5278 6 5285 2 5288 5 5298 2 5303 5 5399 3 5407 5 5417 5 5427 2 5431 5 5527 2 5537 4 5544 7 5555 3 5655 2 5666 4 5672 7 5683 3 5800 7 5812 1 5929 6 5938 1 6058 6 6065 2 6189 7 6317 7 6440 2 6445 7 6565 6 6575 5 6694 5 6705 4 6822 5 6833 8 6951 3 6955 1 6961 3 6965 5 9140 2 9269 2 9392 2 9519 5 9536 4 9647 6 9666 3 9775 7 9796 1 9903 7 10032 6 10161 4 10290 3,5554 1 5559 4 5679 1 5681 2 5686 5 5696 1 5807 1 5809 3 5813 6 5936 2 5939 8 6064 1 6067 11 6196 1 6200 7 6324 2 6330 7 6444 1 6452 7 6460 2 6571 1 6573 2 6580 8 6699 1 6703 2 6709 7 6827 2 6832 1 6841 3 6954 1 6956 1 6964 1 6970 2 7083 1 7088 3 7094 6 7216 1 7226 1 7959 1 8041 3 8089 1 8168 5 8295 6 8423 9 8551 10 8679 10 8808 8 8935 9 9063 10 9190 11 9318 8 9446 8 9573 9 9587 1 9700 17 9828 16 9955 17 10079 18 10205 20 10331 20 10458 23 10585 24 10714 22 10838 4 10843 22 10967 26 11097 24 11225 24 11354 23 11480 25 11608 24 11736 24 11865 20 11994 17 12123 15 12252 14 12381 11 12511 7 12639 6 12767 5,,6107 2 6218 4 6231 2 6234 9 6345 5 6354 18 6473 28 6600 30 6728 31 6855 33 6985 33 7113 34 7241 33 7368 35 7496 37 7623 3 7627 34 7755 34 7883 35 8011 30 8044 2 8138 30 8173 2 8267 28 8301 2 8396 27 8525 26 8653 26 8782 26 8911 24 9040 23 9169 21 9298 19 9426 20 9554 19 9681 19 9810 13 9939 12 10067 11 10194 3 10198 7 10323 2 10326 5 10454 4 10581 4 10709 3,,2986 2 3113 3 3122 3 3241 3 3246 2 3251 4 3266 3 3374 1 3379 4 3392 5 3507 3 3519 5 3642 1 3644 1 3647 3 3768 6 3775 2 3896 3 3983 1 4062 2 4109 2 4190 4 4236 3 4320 2 4363 3 4490 3 4618 2 5103 2 5232 2 5360 3 5382 1 5489 2 5509 2 5618 2 5636 3 5764 3 5891 4 6020 2 6647 2 6775 2 6903 2 6916 2 7031 2 7044 2 7160 2 7171 3 7299 3 7427 3 7556 2 7684 1 7957 2 8084 5 8212 7 8340 8 8440 1 8468 9 8568 1 8597 8 8696 1 8709 2 8726 6 8824 2 8837 2 8965 2 9094 2 9222 2 9350 2 9479 1 9535 1 9660 6 9787 9 9914 11 10041 13 10169 13 10296 14 10358 2 10424 13 10485 3 10552 13 10613 2 10680 14 10741 2 10808 14 10869 1 10936 14 11065 12 11193 11 11320 3 11324 8 11448 3 11452 5 11458 2 11575 14 11664 1 11702 15 11830 16 11958 16 12080 2 12087 15 12207 3 12213 2 12219 11 12332 5 12341 2 12348 10 12361 1 12458 5 12476 11 12489 3 12586 3 12593 1 12604 4 12609 6 12618 3 12733 11 12747 2 12861 2 12864 2 12867 5 12995 2 12998 3 13003 1 13121 11 13243 1 13246 1 13249 11 13281 5 13374 1 13377 8 13407 6 13506 7 13532 8 13634 4 13639 1 13662 4 13763 2,8441 1 8569 1 8697 1 11141 1 11268 3 11396 3 11525 3 11654 3 11663 1 11782 4 11792 2 11920 3 12049 3 12178 3 12307 3 12344 1 12436 4 12470 4 12566 3 12594 1 12596 7 12719 12 12846 13 12866 1 12974 13 12993 2 13102 14 13228 15 13356 1 13359 8 13368 3 13490 4 13513 2 13640 2
gap_254f0a0675db139fcd,3789 12 3906 26 4032 29 4160 30 4254 3 4289 31 4380 4 4418 32 4507 5 4547 32 4633 5 4676 32 4760 5 4805 33 4887 6 4934 33 5014 5 5063 33 5141 6 5192 33 5267 7 5321 32 5394 7 5450 32 5522 6 5579 32 5649 6 5707 33 5776 7 5835 34 5903 7 5963 34 6031 7 6092 11 6114 12 6158 8 6219 10 6245 9 6286 8 6347 8 6375 8 6414 8 6475 7 6504 7 6542 8 6603 7 6633 6 6670 8 6731 6 6762 5 6797 9 6859 5 6891 4 6925 9 6987 5 7019 5 7053 8 7116 3 7148 4 7181 8 7245 1 7276 4 7309 8 7404 4 7437 9 7533 3 7565 9 7661 2 7693 8 7789 2 7821 5 7917 2 7949 4 8045 2 8077 4 8173 2 8205 5 8300 3 8333 5 8428 4 8461 5 8514 6 8522 4 8556 4 8590 4 8608 2 8641 14 8683 5 8718 4 8737 8 8769 14 8811 5 8846 5 8866 8 8898 13 8938 6 8974 5 8994 9 9026 14 9066 6 9103 4 9123 11 9156 13 9193 6 9231 4 9251 13 9285 12 9321 6 9359 5 9379 14 9414 12 9448 7 9488 5 9507 15 9542 13 9576 7 9616 5 9635 16 9670 14 9704 6 9744 6 9763 16 9798 14 9831 7 9873 6 9890 18 9927 14 9958 8 10001 8 10017 19 10055 15 10085 8 10130 9 10143 22 10183 16 10212 9 10258 36 10311 17 10339 9 10387 35 10439 18 10466 10 10515 35 10568 18 10593 10 10644 34 10696 20 10719 12 10773 33 10824 35 10902 31 10953 33 11031 30 11082 31 11161 27 11210 30 11290 26 11339 24 11419 24 11468 23 11549 21 11597 23 11681 15 11726 21 11810 12 11857 18 11987 14 12120 6,4274 2 4394 17 4519 23 4643 30 4768 35 4894 39 5020 42 5147 44 5274 46 5401 47 5528 49 5656 49 5783 51 5911 51 6039 51 6167 51 6295 51 6423 51 6551 50 6680 49 6808 48 6937 46 7066 45 7195 46 7324 46 7453 46 7582 45 7710 31 7743 12 7839 21 7866 1 7872 10 7968 20 8000 10 8097 19 8128 9 8226 17 8257 8 8356 14 8387 4 8487 10 8617 7 8747 3 8758 4 8884 7 9011 8 9138 9 9266 9 9394 9 9522 9 9651 8 9779 7 9908 2,6104 9 6230 14 6356 18 6483 21 6610 23 6738 24 6865 25 6993 26 7065 1 7120 27 7194 1 7247 29 7323 1 7375 29 7451 2 7503 29 7580 2 7630 30 7709 1 7759 29 7838 1 7887 29 7967 1 8015 29 8096 1 8143 29 8213 2 8271 29 8340 5 8399 29 8467 6 8527 28 8595 7 8656 27 8723 8 8784 26 8851 11 8912 26 8979 14 9041 24 9108 14 9169 24 9236 14 9298 22 9365 14 9426 22 9493 14 9555 20 9622 13 9684 19 9751 11 9813 17 9880 10 9941 16 10011 4 10070 14 10199 12 10329 8 10459 4,,8507 3 8634 6 8762 7 8893 2,,3265 5 3272 7 3381 3 3392 18 3499 41 3625 38 3753 26 3882 7 3933 2 4062 3 4191 4 4320 5 4376 3 4450 4 4502 4 4579 4 4629 4 4708 4 4756 4 4838 2 4883 4 4967 2 5011 3 5519 2 5646 2 5741 1 5773 3 5869 2 5901 2 5997 3 6028 3 6126 2 6156 2 6254 2 6383 2 6511 1 7052 1 7179 2 7307 2 7435 2 7563 2 7664 1 7792 1 7920 1 8048 1 8176 1 9101 1 9229 2 9357 2 9406 7 9486 1 9532 9 9614 2 9659 11 9711 1 9786 12 9838 2 9913 13 9966 2 10040 14 10093 3 10168 14 10221 2 10296 14 10349 1 10424 14 10552 14 10680 13 10808 13 10936 13 11064 13 11158 3 11193 13 11287 3 11321 13 11415 4 11448 15 11544 4 11572 2 11576 15 11674 3 11699 2 11702 16 11749 1 11804 2 11826 1 11830 4 11836 7 11875 3 11958 3 11965 4 12001 4 12093 4 12127 5 12222 2 12253 6 12350 2 12380 4 12478 2 12606 2 12734 2,11846 2 11971 8 12081 12 12098 13 12206 15 12225 16 12331 18 12353 18 12459 18 12481 19 12589 16 12609 18 12723 9 12738 14
gap_a9a5dff04f83e68cff,,5848 2 5974 5 6057 3 6101 6 6185 5 6229 4 6313 6 6357 3 6443 4 6571 3 6865 2 6993 2 7122 1,,,5312 7 5439 14 5566 17 5694 18 5822 18 5950 18 6079 17 6208 16 6337 16 6467 1 6469 1 6472 8 6600 8 6728 7 6856 7 6965 1 6984 6 7092 3 7112 6 7220 4 7241 4 7348 5 7367 5 7476 7 7493 7 7604 8 7619 9 7732 8 7745 11 7860 8 7872 12 7988 9 7998 6 8005 7 8115 16 8134 7 8243 7 8252 4 8266 1 8371 5 8379 5 8394 3 8501 2 8507 5 8524 1 8628 4 8635 5 8651 3 8756 4 8762 7 8778 2 8883 5 8890 8 8906 3 9011 5 9018 8 9035 2 9139 5 9146 8 9267 4 9274 9 9286 1 9396 3 9402 17 9525 1 9530 18 9656 21 9783 23 9911 23 10039 23 10167 23 10295 22 10424 18 10553 12 10682 9,,,5726 3 5853 6 5980 8 6051 2 6107 8 6176 7 6234 9 6303 9 6362 9 6431 10 6490 9 6559 10 6622 4 6687 10 6748 4 6815 7 6871 11 6943 3 6952 4 6995 1 6998 14 7077 8 7123 18 7200 13 7251 19 7327 14 7379 20 7454 15 7470 1 7508 20 7581 18 7636 21 7708 19 7764 24 7836 19 7893 23 7963 19 8021 23 8048 3 8091 19 8149 18 8168 3 8175 4 8219 19 8278 17 8296 3 8302 5 8347 19 8406 17 8425 1 8429 6 8473 20 8534 16 8556 7 8601 20 8663 14 8684 6 8730 19 8791 13 8812 6 8851 3 8858 19 8919 12 8939 7 8978 7 8990 14 9048 10 9065 8 9106 7 9119 13 9176 9 9192 9 9234 6 9248 12 9304 8 9319 9 9362 6 9377 8 9386 2 9432 7 9446 9 9491 7 9507 6 9514 2 9559 7 9571 12 9620 9 9636 9 9687 5 9698 13 9749 11 9765 8 9815 4 9825 14 9878 12 9895 6 9943 2 9953 13 10006 13 10025 4 10080 13 10135 13 10156 1 10202 18 10264 14 10329 18 10394 15 10453 2 10457 16 10523 14 10580 20 10653 14 10706 20 10782 14 10832 21 10912 14 10929 2 10959 20 11042 19 11086 18 11172 19 11213 17 11303 17 11340 15 11434 15 11468 12 11565 13 11597 9 11696 9 11726 6 11831 1
gap_07cc47e33d28188ef7,7747 3 7874 4 8002 5 8129 6 8258 5 8372 3 8386 4 8402 3 8499 6 8515 2 8529 5 8627 6 8657 7 8754 7 8784 9 8880 10 8911 10 9007 11 9037 13 9134 14 9163 15 9262 15 9291 15 9389 16 9419 15 9517 16 9548 13 9645 15 9676 13 9773 15 9806 11 9901 14 9934 10 10029 14 10063 8 10158 12 10192 5 10287 10 10416 8 10545 6 10677 2,7756 1 7883 3 7994 2 8011 3 8121 4 8139 2 8252 2 8267 2 8380 2 8395 4 8507 3 8523 5 8635 3 8651 5 8762 5 8779 4 8890 5 8908 2 9019 3,,,8642 4 8770 4 8898 4,,8020 3 8114 2 8148 5 8240 4 8277 5 8367 5 8405 5 8494 5 8534 3 8622 5 8750 4 8878 2 9282 4 9408 7 9535 9 9663 10 9691 3 9768 4 9790 11 9818 4 9896 4 9918 11 9945 4 10025 4 10047 10 10073 4 10154 3 10175 9 10200 3 10283 2 10303 10 10328 1 10431 16 10557 16 10686 11 10815 8 10945 5 11074 3 11203 2 11331 2 11459 2 11587 2 11715 2 11843 2,6732 1 6858 4 6969 4 6986 5 7096 6 7113 7 7223 7 7241 8 7351 7 7369 7 7478 8 7499 3 7607 6 8818 2 8944 6 9070 8 9197 9 9325 9 9360 5 9452 9 9487 8 9580 9 9614 10 9707 9 9742 11 9833 11 9869 13 9959 11 9997 14 10086 10 10126 14 10214 8 10254 19 10341 9 10383 20 10468 4 10476 3 10513 18 10595 3 10604 4 10645 14 10723 2 10732 4 10784 4 10825 3 10860 4 10915 2 10939 5 10951 8 10987 4 11034 2 11066 7 11078 9 11115 3 11161 3 11193 9 11206 9 11243 3 11289 4 11321 9 11334 9 11370 3 11417 4 11449 9 11462 9 11497 3 11546 4 11578 8 11590 8 11625 2 11675 3 11705 9 11718 8 11804 3 11834 7 11848 5 11933 3 11964 2 12062 3
gap_06d9ac66f154842eab,3532 8 3658 14 3785 19 3879 1 3913 21 4005 4 4041 22 4132 5 4170 23 4259 6 4298 24 4386 6 4427 24 4512 8 4555 25 4638 10 4683 26 4765 10 4812 25 4892 11 4940 26 5020 10 5068 27 5147 10 5196 27 5274 11 5324 28 5402 11 5452 28 5529 12 5580 29 5657 12 5708 29 5785 14 5836 30 5912 16 5964 30 6040 17 6092 31 6168 17 6220 31 6295 19 6348 32 6423 20 6476 32 6550 21 6604 22 6627 9 6678 22 6731 22 6757 8 6806 23 6859 22 6887 6 6934 25 6985 24 7016 5 7062 26 7109 27 7145 4 7190 28 7235 28 7274 3 7318 31 7362 29 7446 33 7490 30 7573 34 7618 39 7701 34 7746 42 7830 33 7873 44 7958 32 8001 44 8086 31 8129 44 8214 30 8258 43 8341 30 8386 43 8469 30 8515 42 8597 30 8643 42 8725 30 8772 41 8853 30 8901 39 8981 31 9030 38 9110 30 9158 38 9238 32 9287 36 9366 33 9415 36 9494 34 9544 34 9622 34 9672 34 9751 33 9801 32 9879 33 9929 32 10007 33 10058 30 10136 31 10186 30 10264 31 10315 28 10393 30 10443 27 10522 28 10572 25 10651 27 10700 25 10779 27 10829 22 10908 25 10958 20 11037 23 11087 18 11166 22 11216 15 11295 20 11345 13 11424 18 11476 8 11554 14 11684 10 11816 1,3758 7 3884 18 4011 22 4138 24 4265 27 4393 28 4520 32 4648 35 4776 35 4903 37 5031 37 5159 37 5286 38 5414 38 5541 39 5670 38 5800 36 5928 36 6057 35 6186 34 6314 34 6443 33 6572 32 6701 14 6717 14 6830 12 6846 13 6960 9 6978 6 7089 7 7221 1 7863 5 7990 7 8117 9 8244 10 8371 10 8499 10 8627 10 8755 10 8883 9 9012 8 9140 7 9270 3,6754 2 6881 4 7009 4 7136 5 7263 5 7391 4 7520 2,,7742 2 7871 1,,2766 1 2864 5 2892 5 2991 8 3020 7 3116 3 3120 5 3148 11 3241 5 3278 11 3367 6 3411 7 3494 5 3541 7 3621 4 3674 3 3747 3 3805 1 3874 3 4001 3 4128 3 4255 3 4382 4 4510 2 5481 1 5609 2 5737 3 5866 2 5910 2 5994 3 6037 3 6123 2 6165 3 6252 1 6293 2 6421 2 6549 1 7406 1 7533 2 7661 2 7700 1 7789 2 7828 2 7918 1 7955 3 8083 3 8212 2 8340 1 8468 1 8768 2 8894 6 9021 8 9147 10 9274 12 9402 12 9530 12 9658 12 9706 2 9786 12 9833 2 9914 12 9961 2 10042 12 10088 3 10171 11 10216 2 10263 1 10299 11 10343 3 10391 2 10427 10 10470 3 10520 2 10555 11 10598 2 10648 3 10683 12 10725 2 10777 2 10810 14 10853 1 10905 3 10938 16 11034 2 11065 11 11078 5 11163 2 11192 4 11198 5 11206 8 11292 2 11316 3 11320 3 11327 3 11336 1 11340 4 11421 2 11443 3 11455 3 11469 4 11570 1 11583 3 11711 3 11840 1,11332 4 11450 4 11459 7 11575 8 11587 10 11701 10 11715 12 11827 12 11843 15 11953 14 11971 16 12080 15 12099 15 12207 15 12233 7 12337 12 12468 7
gap_f286f307c60994f599,,5174 2 5299 4 5426 4 5436 3 5553 4 5562 7 5681 2 5688 10 5808 1 5814 13 5936 1 5941 14 6063 3 6067 16 6192 19 6320 19 6448 19 6576 21 6703 23 6830 24 6958 25 7087 24 7215 24 7344 23 7473 10 7490 4 7603 5,,,3121 10 3249 12 3377 12 3408 4 3492 3 3506 12 3528 2 3535 6 3620 3 3634 6 3643 2 3655 4 3663 12 3747 5 3783 5 3791 14 3875 5 3911 5 3919 16 3996 3 4003 4 4040 3 4049 2 4054 11 4123 4 4182 13 4250 5 4309 16 4378 4 4437 18 4505 5 4565 19 4633 4 4670 1 4693 20 4761 4 4796 5 4825 6 4833 9 4889 3 4923 7 4953 5 4963 7 5016 3 5047 11 5082 3 5092 6 5139 7 5173 1 5176 11 5210 2 5222 5 5266 9 5298 1 5303 12 5351 5 5394 9 5425 1 5430 6 5468 1 5480 5 5522 9 5552 1 5557 5 5594 7 5608 6 5649 10 5680 1 5683 5 5721 9 5736 6 5777 9 5807 1 5809 5 5842 16 5864 6 5906 10 5935 1 5937 4 5969 17 5991 7 6034 20 6062 1 6066 1 6098 17 6119 6 6161 22 6190 2 6226 17 6247 6 6289 22 6317 3 6354 17 6374 7 6417 22 6445 3 6483 17 6502 6 6545 22 6573 3 6610 25 6673 22 6702 1 6737 23 6802 21 6865 23 6935 16 6992 24 7063 18 7120 24 7190 19 7248 24 7318 20 7377 23 7446 20 7508 20 7574 10 7586 7 7637 19 7702 10 7715 5 7766 17 7831 9 7844 3 7895 12 7961 6,,7739 7 7865 12 7992 15 8120 16 8247 17 8375 18 8503 18 8631 18 8759 18 8887 18 9016 16 9146 12 9272 13 9399 15 9526 18 9653 19 9781 20 9909 18 10043 10 10173 7 10301 6 10430 4 10559 2 10687 2 10815 2 10943 2 11071 2 11199 2 11327 2,7625 5 7753 7 7881 8 7986 2 8009 9 8110 7 8137 10 8236 9 8266 9 8363 10 8394 10 8490 11 8522 10 8599 1 8617 12 8650 10 8674 2 8726 4 8745 12 8778 11 8800 4 8854 5 8872 13 8906 10 8927 5 8983 6 9000 12 9034 10 9053 6 9112 6 9128 10 9163 8 9180 7 9241 7 9257 8 9291 7 9306 8 9370 8 9387 4 9420 4 9433 8 9499 9 9560 7 9628 9 9687 7 9758 9 9814 7 9887 9 9941 6 10016 9 10069 5 10146 8 10162 2 10183 2 10189 5 10196 5 10276 7 10289 10 10309 19 10406 6 10416 12 10436 19 10535 6 10542 15 10563 19 10664 21 10691 19 10793 20 10818 19 10923 19 10946 19 11051 19 11074 18 11180 17 11202 17 11308 17 11331 15 11437 16 11459 14 11565 16 11587 13 11694 15 11715 10 11825 12 11843 9 11955 10 11973 4 12086 6
gap_47b7cae7160ad0155f,3662 6 3755 14 3783 17 3882 17 3908 22 4008 19 4036 23 4135 18 4164 25 4261 18 4293 25 4388 16 4422 25 4515 16 4551 25 4642 16 4680 25 4769 16 4809 25 4897 16 4938 25 5024 17 5067 25 5151 18 5196 24 5278 19 5324 25 5405 20 5453 25 5533 19 5581 25 5660 20 5709 26 5787 22 5837 26 5914 23 5965 26 6042 23 6094 25 6170 23 6222 26 6297 24 6350 26 6425 24 6478 26 6552 26 6606 26 6680 26 6734 26 6808 26 6862 27 6936 27 6991 26 7064 27 7124 21 7192 28 7252 21 7319 29 7379 22 7447 30 7506 23 7575 30 7634 23 7702 32 7762 24 7830 32 7890 24 7958 32 8019 23 8086 32 8147 23 8214 32 8276 22 8343 30 8397 3 8404 22 8471 28 8517 11 8532 22 8599 27 8643 13 8660 22 8727 27 8769 15 8786 24 8855 27 8896 42 8984 24 9024 42 9112 24 9152 41 9241 26 9280 41 9369 26 9409 40 9497 26 9539 37 9625 26 9668 36 9754 25 9797 35 9882 26 9926 34 10010 27 10054 33 10138 28 10182 33 10267 29 10311 31 10395 30 10439 30 10524 30 10568 29 10652 29 10696 28 10781 28 10825 26 10910 27 10953 26 11038 26 11082 24 11167 25 11211 22 11296 23 11339 22 11425 21 11468 19 11554 19 11598 16 11683 17 11727 14 11813 14 11857 11 11942 10 11988 6,4537 4 4663 8 4790 10 4918 10 5045 11 5173 11 5191 3 5301 11 5314 9 5429 23 5557 23 5685 23 5813 24 5941 24 6069 24 6198 23 6327 22 6461 16 6591 14 6711 6 6720 13 6836 10 6848 6 6857 4 6964 17 6986 4 7092 18 7114 5 7221 19 7241 10 7349 29 7478 27 7607 25 7736 23 7864 23 7991 22 8119 22 8145 1 8247 14 8265 3 8272 4 8375 12 8401 3 8502 12 8529 3 8627 13 8657 2 8755 4 8761 5 8883 3 9014 3 9141 6 9268 8 9395 10 9523 10 9651 10 9779 10 9908 9 10037 7 10166 5,,,,,3132 1 3147 3 3251 20 3273 6 3378 30 3506 29 3636 5 3643 4 3650 9 4448 2 4577 2 4705 3 4834 3 4963 2 5022 1 5092 2 5149 2 5221 1 5276 2 5350 1 5403 2 5531 2 5658 2 6806 1 6889 1 6933 3 7017 2 7061 3 7145 2 7189 3 7273 2 7317 2 7401 2 7445 2 7529 2 7573 2 7657 2 7786 1 8854 1 8982 2 9066 1 9110 2 9193 2 9238 3 9321 2 9366 3 9449 2 9494 3 9576 3 9623 2 9664 2 9704 3 9751 3 9790 6 9832 3 9879 3 9917 8 9960 2 10008 1 10044 9 10087 3 10172 9 10215 2 10300 10 10428 10 10556 10 10684 10 10812 10 10940 10 11068 11 11196 11 11324 12 11452 13 11579 16 11616 1 11702 16 11719 6 11742 2 11828 8 11838 6 11848 7 11869 2 11953 9 11967 4 11980 6 11994 4 12069 3 12077 8 12095 3 12110 15 12198 14 12224 2 12242 9 12331 5 12352 1,11964 1 11972 5 12089 5 12099 9 12214 9 12227 11 12340 11 12355 12 12467 12 12483 12 12595 11 12611 11 12725 8 12741 3
gap_33202a48f041fdbf36,,,,,5295 2,,,6940 3 7065 7 7192 8 7319 10 7446 12 7574 12 7651 5 7702 13 7778 7 7830 14 7905 9 7957 15 8032 11 8085 15 8159 13 8213 15 8287 14 8342 12 8415 14 8470 11 8519 1 8544 14 8598 10 8632 1 8647 2 8673 14 8727 8 8759 2 8775 2 8801 14 8856 5 8887 1 8904 2 8929 14 8986 1 9014 2 9032 2 9058 14 9141 2 9160 3 9186 14 9268 3 9289 3 9315 13 9395 3 9417 4 9443 12 9522 4 9546 4 9571 11 9649 4 9674 5 9700 9 9775 6 9803 5 9829 7 9902 6 9932 6 9959 4 10028 7 10060 8 10090 5 10155 7 10188 10 10216 8 10282 7 10317 10 10341 11 10410 7 10445 11 10466 14 10538 5 10574 10 10591 16 10632 2 10667 3 10703 8 10718 17 10759 8 10796 1 10800 1 10832 6 10845 18 10888 9 10918 14 10961 5 10968 22 11017 9 11045 16 11086 32 11149 5 11157 1 11173 17 11212 33 11283 5 11302 17 11338 33 11412 5 11431 16 11465 33 11541 4 11560 16 11593 31 11671 3 11690 13 11720 29 11820 11 11848 25 11950 8 11976 22 12105 19 12234 15 12363 10
gap_7ad602bac9f56c8412,4429 5 4553 12 4674 21 4802 23 4909 7 4930 24 5034 11 5060 24 5160 14 5191 22 5287 14 5322 20 5413 15 5452 19 5540 15 5581 19 5667 16 5710 19 5794 16 5838 20 5922 16 5966 21 6049 16 6094 21 6176 17 6222 22 6303 18 6350 22 6431 18 6478 23 6558 19 6606 23 6686 19 6734 24 6813 20 6862 24 6941 20 6990 24 7068 21 7118 25 7196 21 7246 25 7324 21 7374 25 7452 20 7502 26 7579 21 7632 24 7707 22 7762 22 7835 22 7890 22 7963 23 8018 22 8091 23 8146 23 8219 24 8274 23 8347 24 8402 23 8475 25 8530 23 8603 27 8651 2 8659 22 8731 28 8779 3 8787 22 8859 28 8905 5 8914 23 8988 27 9028 10 9042 23 9116 26 9154 12 9169 24 9244 24 9281 14 9297 24 9372 23 9409 40 9500 17 9520 2 9538 39 9628 17 9670 34 9756 17 9799 33 9884 21 9928 32 10012 22 10056 32 10140 22 10184 31 10269 22 10312 31 10397 22 10441 29 10525 23 10569 29 10653 25 10697 28 10781 27 10826 27 10910 26 10954 26 11039 25 11083 25 11168 24 11212 23 11297 23 11340 22 11426 21 11470 19 11555 19 11599 16 11684 17 11729 13 11813 15 11858 11 11942 13 11988 6 12072 2 12075 6,5304 5 5429 10 5556 12 5571 8 5684 12 5698 10 5811 26 5939 26 6067 27 6196 26 6325 25 6453 25 6581 25 6710 8 6719 15 6835 1 6839 5 6848 13 6962 3 6969 2 6978 11 7090 4 7108 9 7218 5 7241 4 7346 7 7369 4 7474 8 7497 3 7601 11 7627 5 7730 18 7756 5 7858 19 7883 7 7987 18 8011 7 8116 18 8138 8 8245 5 8252 10 8266 8 8380 9 8395 7 8507 10 8527 3 8635 9 8655 3 8763 8 8783 3 8891 8 8911 3 9018 7 9040 1 9144 8 9270 5 9396 6 9517 1 9523 8 9645 2 9650 10 9778 10 9906 11 10034 11 10163 10 10291 9 10419 8 10549 5,,,,,4035 4 4160 8 4170 6 4281 1 4285 12 4298 7 4409 2 4412 12 4527 7 4537 6 4545 4 4652 8 4779 4 4784 1 4827 1 4955 3 5084 2 5213 3 5342 3 5471 3 5600 3 5664 2 5729 2 5791 2 5858 2 5919 1 5987 1 6046 2 6116 1 6173 2 6300 3 6428 3 6555 3 6683 3 6811 2 6938 2 7400 1 7528 2 7656 2 7784 2 7912 3 8040 3 8169 2 8297 2 8344 2 8425 2 8472 2 8553 2 8599 4 8681 2 8727 4 8809 2 8855 4 8938 1 8984 3 9112 3 9240 3 9369 2 9497 2 9625 2 9795 3 9921 6 10047 8 10088 2 10174 10 10216 2 10300 12 10343 3 10393 2 10428 12 10470 3 10521 3 10556 12 10598 3 10649 4 10684 11 10725 4 10778 3 10811 13 10853 3 10906 3 10939 13 10980 4 11034 4 11067 13 11108 3 11163 3 11195 12 11235 3 11292 2 11325 9 11363 2 11454 8 11580 11 11708 12 11836 12 11965 8 12066 3 12096 4 12118 8 12194 4 12225 2 12245 8 12323 4 12354 1 12374 5 12453 2 12482 1 12609 2 12737 2,11499 1 11540 2 11625 4 11668 2 11752 4 11879 4 11975 3 12006 4 12087 8 12101 11 12134 3 12213 11 12228 13 12340 13 12356 14 12467 14 12484 14 12595 14 12612 13 12723 13 12741 11 12852 12 12869 9 12984 7
gap_2b60a218b548db314f,,5541 1 5595 3 5667 3 5722 4 5793 5 5849 5 5921 2 5976 5 6104 2 6232 1,,,7999 4 8125 8 8251 11 8379 12 8506 13 8634 14 8762 13 8890 13 9018 13 9147 11 9275 10 9404 8 9532 7 9661 5 9789 5 9918 3 10047 1,5689 12 5816 15 5943 17 6071 18 6198 20 6326 20 6454 20 6581 21 6709 22 6837 22 6965 22 7094 20 7222 20 7351 18 7486 1,11198 1 11325 3 11453 3 11582 1,5682 2 5809 4 5935 6 5964 2 5984 6 5991 2 6041 6 6062 7 6091 6 6111 12 6168 7 6189 8 6219 7 6239 12 6294 9 6316 8 6348 7 6367 11 6421 9 6445 7 6476 8 6495 10 6549 7 6574 5 6604 10 6623 10 6678 2 6703 4 6733 4 6740 2 6751 10 6798 1 6869 2 6878 8 6919 11 6938 1 6998 1 7005 9 7045 22 7126 1 7132 12 7172 24 7260 15 7300 24 7387 17 7427 25 7456 1 7510 1 7515 18 7556 25 7584 1 7638 1 7642 25 7684 25 7712 1 7766 1 7770 27 7812 23 7839 2 7894 1 7898 28 7940 21 7968 1 8021 3 8025 30 8069 18 8096 4 8149 34 8197 15 8224 8 8277 34 8326 10 8352 8 8405 34 8454 8 8481 7 8533 12 8547 20 8583 6 8609 7 8662 10 8685 9 8713 3 8737 7 8790 9 8814 8 8865 7 8918 8 8942 8 8992 8 9046 8 9070 7 9095 10 9120 8 9174 8 9197 8 9223 12 9248 8 9302 7 9325 7 9351 15 9376 8 9430 7 9454 4 9480 17 9504 8 9558 7 9577 8 9609 19 9633 7 9686 7 9702 14 9738 20 9761 6 9815 5 9827 16 9868 20 9890 5 9944 3 9952 18 9999 18 10019 3 10073 1 10077 20 10131 14 10205 17 10262 13 10279 7 10331 16 10393 24 10450 21 10523 24 10573 24 10653 23 10699 23 10782 23 10826 22 10913 20 10953 21 11046 15 11080 20 11179 11 11207 17 11310 8 11335 13 11441 5 11463 10 11591 5
gap_cc8a144f31819640a3,4003 12 4126 24 4252 26 4378 28 4412 6 4430 10 4504 30 4540 33 4631 30 4668 35 4757 31 4797 37 4884 31 4927 36 5010 32 5058 35 5137 32 5187 35 5264 32 5317 35 5392 31 5446 35 5519 31 5574 36 5646 32 5703 37 5773 33 5831 38 5901 32 5959 39 6028 33 6087 40 6156 33 6215 40 6283 34 6344 40 6411 34 6472 41 6538 34 6601 41 6666 34 6730 40 6793 35 6858 41 6921 34 6987 40 7048 35 7115 41 7176 34 7244 40 7304 34 7374 39 7432 34 7503 38 7560 33 7633 37 7687 34 7762 36 7815 33 7890 36 7943 29 8019 35 8072 27 8147 36 8200 28 8275 36 8328 29 8403 36 8456 30 8531 36 8584 30 8659 36 8712 30 8787 36 8841 29 8872 1 8915 36 8969 32 9020 2 9043 36 9097 31 9147 3 9161 3 9171 36 9226 30 9276 1 9284 1 9287 6 9299 36 9354 29 9411 10 9427 36 9482 28 9513 3 9539 11 9554 37 9611 26 9640 4 9668 11 9682 37 9739 26 9767 5 9797 11 9809 37 9868 23 9895 5 9926 48 9996 23 10024 4 10054 48 10124 23 10154 1 10183 47 10253 23 10311 46 10381 25 10439 46 10510 24 10568 44 10639 23 10696 44 10767 29 10825 42 10896 30 10953 42 11025 31 11081 41 11154 35 11210 39 11283 34 11338 39 11412 33 11466 38 11541 32 11594 37 11671 29 11723 35 11800 27 11852 33 11929 25 11981 31 12058 23 12110 29 12188 20 12240 26 12318 16 12369 23 12450 9 12499 20 12629 16 12764 6,5181 4 5307 8 5434 10 5560 13 5680 5 5686 16 5807 23 5934 24 6062 24 6190 24 6318 24 6445 25 6573 26 6701 28 6830 28 6959 27 7087 27 7214 28 7342 29 7471 29 7599 31 7722 39 7849 11 7863 27 7973 1 7977 11 7993 25 8101 2 8105 13 8123 23 8230 1 8233 15 8253 21 8361 16 8385 17 8490 15 8513 17 8619 13 8642 16 8748 12 8772 11 8785 1 8882 1 8901 10 8913 1 9030 3 9037 6 9165 6 9294 4 9400 3 9528 4 9648 1 9774 5 9901 9 10029 10 10156 12 10285 11 10412 12 10540 11 10669 9 10798 7 10928 4 11057 2,,,9277 3 9403 5 9532 1,,3374 1 3500 4 3511 4 3638 9 3663 5 3765 16 3788 10 3893 17 3916 12 4022 17 4046 12 4152 15 4177 10 4287 7 4311 6 4443 2 5008 2 5135 2 5261 3 5388 3 5516 3 5644 2 5772 1 6256 1 6385 1 6513 2 6536 1 6642 2 6663 2 6771 2 6790 3 6899 2 6918 3 7028 2 7046 2 7157 1 7174 2 8055 1 8069 2 8183 3 8197 3 8311 3 8324 4 8439 4 8453 3 8567 4 8581 3 8696 2 8710 1 9480 2 9592 1 9608 3 9719 3 9736 3 9791 3 9847 3 9864 4 9917 7 9974 4 9992 4 10044 9 10102 4 10120 4 10171 11 10230 4 10249 3 10299 11 10360 1 10378 2 10427 11 10554 12 10682 12 10810 13 10937 14 11064 16 11192 16 11250 3 11323 13 11377 4 11451 1 11453 8 11504 5 11579 1 11581 8 11632 4 11666 2 11706 2 11709 9 11759 5 11794 3 11829 1 11833 14 11886 5 11923 3 11957 1 11961 14 12014 4 12052 3 12084 2 12089 13 12142 3 12181 4 12211 2 12214 16 12233 3 12269 2 12310 5 12338 18 12357 8 12397 1 12439 6 12464 11 12477 17 12568 7 12591 13 12605 19 12697 10 12710 15 12728 3 12734 4 12739 14 12827 22 12863 2 12869 16 12958 16 12998 3 13005 12 13088 8 13119 2 13135 16 13154 2 13246 3 13266 16 13374 3 13396 13,10629 2 10757 2 10884 3 11011 4 11139 5 11267 5 11386 2 11395 1 11397 1 11513 4 11523 1 11529 2 11640 5 11656 4 11767 6 11784 5 11894 7 11912 6 12021 7 12041 6 12148 7 12169 7 12275 6 12299 6 12402 7 12428 6 12529 7 12557 6 12656 7 12686 6 12731 1 12783 6 12816 6 12854 7 12867 2 12911 5 12945 6 12978 11 12995 3 13038 5 13075 4 13104 13 13123 7 13166 4 13204 5 13231 14 13251 9 13292 5 13333 4 13358 15 13379 13 13419 5 13462 3 13485 15 13506 15 13547 3 13591 2 13614 11 13635 3 13639 10 13676 1 13744 1 13749 2 13767 11 13899 2 13902 3
gap_43865a2fb9ceff7c3e,8640 1 8767 2 8895 1 9023 1 9164 1 9292 2 9420 3 9548 3 9677 3 9806 3 9935 3 10064 3 10193 4 10322 5 10451 8 10580 10 10709 9 10839 3 10958 1,6976 1 7103 2 7231 1 7358 2 7485 2 8754 3 8882 3,3385 12 3508 18 3530 17 3632 45 3759 48 3886 25 3913 23 4014 25 4040 25 4144 51 4273 51 4402 50 4531 50 4660 20 4681 29 4789 19 4811 28 4919 17 4939 29 5048 16 5066 30 5177 13 5191 34 5305 12 5320 34 5435 11 5448 34 5563 48 5694 45 5823 45 5952 44 6081 44 6210 43 6343 38 6472 37 6600 38 6727 39 6855 39 6984 38 7112 38 7242 36 7371 35 7500 34 7628 33 7756 33 7884 33 7959 5 8013 32 8087 6 8141 32 8215 7 8269 32 8343 7 8398 31 8471 10 8526 31 8599 14 8654 30 8727 16 8782 30 8855 19 8911 28 8983 20 9039 28 9111 22 9168 27 9240 22 9296 26 9368 23 9425 25 9496 23 9553 24 9625 22 9682 22 9753 21 9811 21 9882 20 9941 18 10010 20 10070 16 10139 18 10199 14 10268 16 10330 9 10396 15 10525 12 10654 10 10785 5,,4007 7 4134 10 4260 13 4387 15 4515 16 4643 17 4770 19 4899 20 5027 21 5155 22 5283 22 5409 26 5536 27 5662 30 5789 32 5917 32 6045 32 6173 32 6299 33 6426 34 6553 34 6680 35 6808 35 6846 2 6936 34 6973 3 7063 34 7100 3 7191 33 7228 3 7319 33 7356 2 7448 32 7577 31 7707 28 7835 27 7964 10 7975 14 8093 9 8103 12 8223 6 8232 9 8881 1 9009 4 9137 3 9266 1,,3294 2 3423 2 3553 1 3744 2 3870 4 3998 3 4126 1 4840 2 4968 2 5096 2 5273 2 5400 2 5528 2 5655 2 5783 2 6125 1 6253 2 6381 2 6509 2 6638 1 6932 2 7059 3 7187 2 7315 2 7443 1 8891 1 9019 1 9068 1 9147 2 9195 2 9275 3 9322 2 9402 5 9450 2 9529 9 9577 2 9657 10 9673 2 9705 1 9751 1 9784 8 9794 10 9879 2 9912 8 9923 10 10007 2 10039 10 10051 12 10136 2 10167 24 10264 3 10294 26 10393 2 10421 27 10549 25 10678 7 10689 12 10807 6 10824 5 10844 1 10936 6 10951 6 10970 3 11065 19 11099 1 11194 14 11211 1 11307 2 11324 4 11329 3 11333 3 11434 3 11462 2 11589 2,11567 4 11693 7 11820 8 11833 1 11949 7 12079 3
gap_233ec98c7ce84faeee,,7236 3 7361 9 7489 10 7617 10 7749 6 7878 4,7255 1 7380 6 7506 9 7633 11 7760 13 7887 16 8021 10 8154 5 8283 4 8412 4 8542 2 8670 2,8015 6 8143 11 8271 12 8370 3 8400 12 8496 6 8529 13 8617 14 8658 12 8744 15 8786 13 8871 17 8915 12 9000 15 9044 10 9129 13 9173 9 9258 11 9302 7 9388 9 9432 3 9519 4,5309 11 5430 21 5555 26 5582 1 5682 35 5810 38 5937 40 6059 2 6065 41 6185 6 6192 43 6312 52 6439 24 6464 30 6567 22 6593 30 6693 23 6721 32 6820 24 6849 10 6861 21 6948 24 6977 9 6990 21 7075 26 7105 10 7118 25 7203 26 7234 2 7239 16 7256 15 7331 26 7370 10 7386 12 7458 27 7499 7 7515 11 7586 26 7627 6 7644 9 7713 15 7730 9 7755 5 7773 2 7776 5 7842 13 7858 4 7884 3 7903 5 7970 13 7984 5 8031 4 8099 18 8227 11 8240 4 8356 9 8369 1 8484 10 8613 4 8742 2,,7744 3 7872 3 8000 4 8127 8 8254 10 8382 10 8509 12 8637 12 8766 11 8895 9 9023 9 9151 9 9278 12 9405 13 9533 13 9661 12 9772 2 9790 1 9795 2 9902 1 9923 1 10051 2 10179 2 10307 2 10435 2,6509 3 6637 3 6766 2 7026 3 7154 4 7186 2 7282 3 7313 3 7411 1 7441 3 7569 2 7994 2 8120 4 8205 2 8247 5 8267 2 8333 3 8375 5 8395 4 8461 2 8502 6 8523 4 8631 5 8651 4 8759 5 8779 4 8888 3 8908 3 9911 4 9927 7 10037 12 10054 13 10163 15 10182 14 10291 15 10310 14 10419 15 10438 14 10547 15 10565 14 10676 15 10693 14 10805 14 10821 12 10935 11 10950 10 11064 9 11080 6 11195 3
gap_de7cae57e089fc73e7,,7353 6 7479 8 7605 9 7733 8 7862 4 7990 3 8014 1 8118 2 8141 2 8243 1 8394 1 8495 2 8521 3 8623 3 8649 3 8750 4 8775 4 8879 3 8903 1 9035 2 9163 3 9290 4 9418 4,,,3891 1 4016 6 4030 4 4144 6 4155 21 4181 2 4283 22 4308 7 4410 35 4538 36 4644 4 4666 37 4771 4 4794 38 4897 5 4921 14 4938 23 5024 5 5049 8 5068 22 5151 7 5177 7 5201 18 5279 8 5305 7 5331 18 5406 9 5434 4 5460 18 5533 10 5554 3 5563 2 5589 18 5661 9 5682 3 5719 17 5789 9 5811 1 5854 11 5917 3 5921 4 5953 2 5983 10 6045 2 6081 3 6112 10 6209 3 6240 10 6343 6 6368 10 6469 10 6491 16 6597 10 6615 19 6724 38 6852 37 6980 37 7108 36 7236 16 7253 18 7364 7 7374 2 7387 3 7392 2 7487 1 7492 6 7620 6 7750 3 7877 2 8002 5 8130 5 8257 5 8385 4 8513 3 8641 3,,9145 1 9268 1 9273 2 9395 2 9522 2 9538 1 9547 2 9649 3 9666 1 9776 3 9800 2 9806 3 9904 2 9929 2 9932 4 10031 3 10057 6 10159 2 10185 5 10287 6 10307 5 10313 5 10415 7 10423 1 10434 11 10544 8 10561 12 10672 9 10689 11 10801 27 10929 26 11057 25 11186 3 11190 20 11314 24 11443 23 11570 24 11698 25 11830 17 11960 14 12090 4 12218 3,6555 3 6682 7 6808 10 6934 13 7061 15 7188 17 7315 19 7396 2 7442 26 7521 1 7523 2 7569 28 7648 6 7697 29 7774 9 7824 30 7901 11 7952 30 8027 13 8080 31 8146 23 8208 30 8273 26 8335 31 8401 27 8463 32 8528 29 8591 32 8656 29 8719 31 8784 29 8847 29 8878 1 8912 30 8975 29 9040 30 9103 30 9168 30 9231 31 9296 30 9359 32 9424 30 9487 32 9553 29 9616 31 9680 30 9744 32 9809 29 9872 32 9936 12 9949 17 10000 31 10063 31 10128 31 10190 31 10257 30 10318 31 10385 20 10407 8 10445 32 10512 22 10535 9 10573 9 10583 21 10640 17 10659 3 10664 8 10700 9 10710 21 10768 17 10787 2 10793 8 10828 31 10896 22 10922 7 10955 9 10965 21 11024 22 11051 6 11082 8 11091 21 11153 23 11179 6 11210 7 11219 7 11228 12 11282 22 11308 5 11338 6 11347 22 11412 21 11466 5 11475 22 11543 20 11594 4 11603 21 11673 20 11731 21 11803 20 11859 20 11933 23 11983 23 12063 24 12109 24 12193 22 12224 5 12230 30 12324 19 12351 35 12455 15 12479 33 12586 8 12608 29 12738 22 12869 16 13000 8
gap_2dc957cb4eb5c2f028,,7759 3 7886 4 8013 5 8141 5 8269 4 8372 3 8395 6 8501 3 8522 7 8629 4 8650 7 8757 5 8778 6 8886 4 8907 3 9015 3,,,5315 3 5429 7 5437 11 5456 2 5554 24 5582 7 5681 26 5709 11 5809 41 5936 43 6061 46 6188 48 6315 49 6443 50 6571 50 6699 49 6827 49 6955 26 6985 19 7083 19 7104 5 7114 18 7211 18 7233 3 7242 18 7340 16 7361 3 7370 18 7470 14 7489 4 7497 18 7600 13 7618 17 7637 5 7729 14 7747 8 7757 2 7762 1 7858 13 7875 8 7885 1 7986 13 8004 6 8115 5 8121 6 8132 6 8244 3 8251 4 8260 6 8380 4 8388 7 8508 4 8516 6 8636 14 8764 14 8893 12 9022 8 9151 7 9279 8 9409 6,,9166 2 9169 1 9293 5 9397 3 9420 6 9525 5 9548 5 9653 6 9675 6 9781 8 9801 8 9910 27 10038 26 10167 25 10295 25 10423 24 10551 24 10679 24 10806 26 10934 23 10959 1 11067 2 11072 6,5735 3 5863 3 5914 1 5993 1 6041 2 6169 2 6382 3 6504 2 6510 3 6564 3 6624 4 6632 2 6638 3 6692 3 6752 5 6761 3 6820 4 6880 5 6890 2 6948 4 7007 7 7059 3 7077 3 7135 7 7187 3 7201 1 7205 4 7263 7 7315 2 7328 3 7333 5 7389 8 7455 5 7461 6 7516 12 7583 5 7589 8 7643 13 7711 15 7770 14 7838 17 7895 17 7966 18 8022 18 8095 18 8148 20 8223 19 8275 21 8351 20 8403 21 8479 22 8530 22 8607 22 8657 23 8735 20 8756 1 8787 20 8864 19 8915 19 8992 20 9042 20 9121 20 9170 19 9250 19 9298 17 9380 17 9426 16 9508 17 9553 16 9637 16 9681 16 9765 16 9809 15 9894 16 9937 15 10022 16 10064 15 10152 15 10192 13 10281 14 10320 12 10411 12 10447 12 10541 10 10575 10 10670 4 10676 3 10703 8 10805 1 10832 3 10960 1
gap_4242400b2dbb6361b0,,,,,,,,7227 1 7354 2 7367 2 7481 3 7496 2 7575 4 7608 4 7624 3 7700 8 7736 3 7752 3 7825 12 7863 3 7881 3 7952 14 7990 4 8009 4 8079 15 8117 4 8138 4 8207 16 8244 4 8266 4 8295 5 8335 16 8371 5 8395 4 8422 8 8463 17 8498 5 8524 4 8550 10 8591 17 8624 6 8652 5 8677 13 8719 18 8750 7 8781 5 8804 14 8848 17 8876 8 8909 6 8931 16 8977 15 9002 9 9038 6 9058 17 9106 13 9129 10 9167 7 9186 17 9237 7 9256 10 9295 8 9313 18 9353 9 9383 11 9424 8 9442 17 9480 12 9511 10 9553 9 9572 14 9607 16 9639 9 9681 10 9700 13 9735 18 9768 8 9809 10 9830 10 9863 23 9896 7 9938 9 9960 6 9991 25 10025 6 10066 9 10097 8 10119 27 10154 4 10195 7 10221 12 10248 32 10323 6 10341 20 10377 33 10415 5 10452 4 10466 22 10507 43 10570 6 10589 26 10637 42 10697 10 10712 30 10767 41 10824 44 10898 38 10951 44 11028 36 11079 43 11159 33 11207 41 11290 30 11335 39 11421 26 11463 36 11557 18 11591 33 11687 14 11720 28 11818 9 11848 22 11977 10 12107 4
gap_13bca08ab36a96234a,11347 2 11354 2 11482 1,5691 4 5819 4 5829 2 5947 4 5956 5 6073 6 6085 4 6201 2 6330 1 6969 1 7109 3 7236 5 7363 7 7491 8 7608 1 7619 8 7735 6 7747 8 7862 8 7876 7 7990 9 8005 5 8118 9 8135 3 8245 11 8264 2 8373 10 8386 1 8501 10 8514 1 8630 8 8758 6,2510 4 2620 6 2634 10 2746 33 2875 34 3003 35 3132 36 3260 37 3389 37 3517 38 3647 37 3777 36 3906 18 3926 17 4035 17 4054 17 4164 16 4182 18 4292 16 4309 19 4420 36 4548 36 4676 36 4803 38 4931 39 5059 39 5188 11 5200 27 5317 9 5329 26 5446 6 5457 27 5574 5 5586 27 5701 5 5715 27 5828 1 5831 3 5843 27 5961 2 5972 27 6084 1 6089 2 6096 2 6101 26 6212 8 6223 4 6229 26 6340 8 6351 32 6469 41 6597 42 6725 42 6854 41 6982 41 7112 39 7241 38 7370 37 7439 5 7499 37 7567 5 7627 36 7694 7 7755 36 7822 8 7884 35 7951 8 8013 34 8079 9 8141 34 8207 10 8270 33 8335 10 8398 33 8463 11 8527 32 8591 13 8656 30 8720 13 8785 29 8848 14 8914 28 8977 13 9043 26 9105 13 9172 25 9233 13 9301 23 9361 13 9430 22 9490 12 9558 21 9618 12 9687 19 9747 10 9816 17 9875 10 9945 15 10003 10 10073 14 10132 9 10202 13 10261 8 10331 11 10389 8 10460 9 10518 6 10589 8 10718 6 10848 3,8871 4 8997 9 9124 11 9163 5 9251 12 9291 7 9378 13 9418 9 9506 13 9547 9 9633 14 9675 10 9761 14 9804 9 9889 14 9933 8 10017 13 10062 7 10145 12 10193 3 10274 10 10402 9 10531 7,2742 4 2866 9 2993 10 3119 13 3245 15 3372 17 3485 4 3500 17 3612 5 3627 20 3739 7 3755 22 3866 8 3882 24 3993 8 4010 25 4120 9 4137 27 4247 9 4265 27 4375 9 4393 27 4502 10 4521 9 4534 14 4630 10 4648 8 4663 13 4758 10 4776 8 4791 12 4886 10 4904 9 4920 11 5014 9 5033 8 5049 10 5142 9 5161 8 5178 9 5269 10 5289 7 5308 3 5397 10 5418 4 5434 4 5525 10 5546 3 5561 6 5653 10 5668 3 5673 4 5685 6 5781 10 5795 10 5812 7 5909 10 5923 10 5938 9 6037 10 6051 10 6064 7 6072 1 6165 10 6179 19 6293 10 6307 18 6421 9 6436 17 6549 9 6565 15 6677 9 6696 11 6805 9 6824 11 6933 8 6952 10 7062 7 7080 10 7190 7 7207 11 7319 6 7335 11 7448 4 7462 11 7590 10 7714 12 7841 12 7967 12 7984 2 8095 10 8110 4 8222 10 8238 3 8350 8 8478 6 8606 4,,2398 3 2527 4 2655 5 2784 5 2838 3 2913 5 2965 3 3043 3 3091 5 3172 3 3219 4 3301 2 3346 4 3430 2 3474 3 3558 2 3601 3 3687 2 3729 3 3815 3 3857 2 3943 3 3985 1 4071 4 4113 1 4200 4 4240 2 4328 4 4367 3 4456 4 4495 3 4585 3 4622 4 4714 2 4750 3 4842 2 4878 3 5006 2 6384 1 6512 1 6639 3 6767 3 6796 1 6895 3 6924 1 7023 3 7052 2 7151 3 7179 3 7279 3 7308 2 7408 1 7436 2 8894 3 9018 9 9144 12 9271 14 9399 14 9527 15 9655 15 9783 15 9873 2 9910 17 9962 2 10001 2 10038 17 10089 3 10130 2 10167 15 10216 3 10258 3 10295 15 10343 4 10387 2 10424 14 10471 3 10516 2 10552 14 10598 3 10646 1 10680 14 10695 1 10726 1 10806 1 10809 16 10933 20 11060 21 11187 21 11314 8 11324 5 11331 4 11447 3 11454 2 11460 2 11731 6 11810 7 11859 6 11939 7 11988 3 12069 4,11337 3 11463 7 11569 12 11585 14 11695 15 11712 16 11821 36 11947 39 12074 20 12097 18 12201 20 12226 18 12329 19 12356 17 12458 17 12486 14 12587 15 12616 10 12718 9 12750 1
gap_b7d80cf00bd789ff9a,,7349 4 7476 6 7603 10 7732 10 7751 3 7860 10 7878 5 7990 8 8006 6 8118 8 8134 6 8247 6 8262 7 8376 5 8390 7 8519 6 8649 1,,,4803 4 4929 6 5053 10 5078 2 5159 4 5180 11 5204 6 5285 7 5307 11 5332 7 5411 10 5435 11 5459 9 5539 10 5564 9 5587 9 5667 10 5684 4 5695 5 5715 8 5795 10 5812 4 5843 7 5922 12 5938 6 5970 7 5982 5 6048 24 6098 6 6109 7 6174 26 6212 2 6226 5 6236 9 6301 26 6339 4 6354 4 6364 9 6429 26 6467 5 6482 4 6493 9 6557 26 6594 6 6611 2 6623 7 6685 26 6722 6 6739 2 6752 6 6812 27 6850 6 6880 6 6940 7 6950 16 6978 7 7009 6 7068 7 7079 10 7092 2 7107 6 7137 6 7195 8 7210 4 7221 2 7235 7 7265 6 7322 9 7339 2 7348 1 7364 6 7378 2 7386 4 7393 6 7450 9 7494 3 7513 6 7520 7 7579 9 7639 15 7707 8 7768 14 7835 8 7897 13 7964 7 8025 12 8093 5 8154 10 8222 4 8283 8 8413 3,,8510 6 8636 10 8759 16 8885 21 9013 22 9140 23 9268 23 9396 22 9524 23 9651 26 9776 33 9903 37 10030 37 10156 24 10181 14 10284 13 10299 8 10309 13 10414 11 10427 8 10437 11 10543 11 10556 7 10565 11 10673 5 10680 2 10684 6 10693 1 10697 6 10803 2 10810 8 10825 3 10939 4 11069 2 11198 2 11326 2 11455 1,6931 2 7057 5 7185 6 7276 4 7312 7 7403 6 7440 8 7466 8 7504 5 7530 7 7568 8 7593 10 7630 9 7658 7 7696 9 7721 11 7757 11 7785 8 7824 9 7848 12 7885 12 7912 9 7953 9 7976 12 8012 13 8040 8 8081 9 8103 13 8140 14 8167 9 8210 9 8231 13 8269 13 8295 8 8339 9 8360 12 8397 13 8421 10 8467 10 8488 12 8525 13 8547 11 8594 12 8617 10 8653 13 8674 13 8722 13 8746 8 8782 11 8801 14 8850 14 8874 8 8910 10 8929 14 8978 15 9003 6 9039 8 9056 15 9107 15 9131 6 9168 5 9182 17 9235 17 9261 3 9297 3 9306 20 9363 17 9433 20 9492 17 9560 21 9621 17 9687 21 9750 17 9813 23 9879 19 9940 23 10008 19 10067 23 10137 19 10195 22 10267 17 10322 22 10397 16 10450 21 10526 15 10577 21 10655 14 10705 19 10785 13 10833 18 10916 10 10960 17 11046 8 11055 3 11060 6 11077 4 11088 14 11175 20 11204 24 11304 20 11330 24 11433 20 11457 22 11565 16 11585 20 11694 15 11712 20 11823 14 11840 15 11953 12 11969 13 12083 9 12098 10 12215 2
gap_68c3f8cbed4388d93e,4553 14 4680 17 4808 19 4937 19 5066 19 5196 19 5288 3 5326 18 5415 4 5455 18 5542 5 5584 18 5669 6 5713 18 5794 8 5841 19 5921 8 5970 19 6048 9 6098 20 6176 8 6226 20 6302 10 6354 21 6429 11 6482 21 6556 12 6610 22 6684 12 6738 22 6812 12 6866 23 6939 13 6993 24 7067 13 7121 24 7194 15 7248 26 7322 15 7376 26 7450 15 7504 26 7578 15 7631 27 7706 16 7758 29 7833 17 7886 29 7961 18 8013 30 8089 18 8141 30 8217 19 8268 31 8345 20 8396 31 8473 21 8525 30 8601 22 8653 30 8729 24 8782 29 8857 26 8910 29 8985 27 9028 39 9113 27 9155 40 9241 26 9283 40 9369 25 9411 39 9497 25 9543 35 9625 24 9672 34 9754 24 9800 34 9882 24 9928 33 10010 25 10057 32 10138 25 10185 32 10266 26 10313 31 10395 26 10441 31 10523 27 10569 30 10652 27 10698 29 10780 27 10826 28 10909 26 10954 27 11038 25 11083 26 11167 24 11212 24 11296 22 11341 22 11425 21 11470 20 11554 19 11599 18 11683 17 11728 16 11812 14 11858 12 11941 12 11988 5 12070 6,5050 7 5176 10 5303 13 5429 15 5555 16 5682 15 5808 16 5835 6 5935 22 5962 7 6061 25 6090 8 6187 28 6218 8 6314 12 6330 13 6345 9 6442 11 6458 14 6473 9 6569 13 6584 16 6601 9 6697 31 6729 9 6825 30 6857 8 6953 30 6984 9 7081 29 7112 8 7209 28 7240 8 7337 27 7369 6 7466 25 7594 27 7722 30 7851 31 7980 31 8109 30 8239 3 8246 22 8375 21 8504 20 8633 20 8765 16 8896 12 9268 7 9395 9 9522 10 9650 11 9778 11 9906 11 10035 9 10163 9 10292 7 10421 4,,,,,3909 6 4035 9 4045 5 4150 8 4162 19 4278 9 4289 10 4301 9 4403 12 4417 9 4434 5 4523 19 4649 9 4776 7 4902 5 5029 4 5156 4 5216 2 5283 3 5345 2 5411 1 5473 3 5602 3 5731 3 5860 3 5989 2 6118 1 6247 1 6426 2 6553 3 6681 3 6808 4 6936 3 7064 3 7192 2 7320 2 7448 1 7659 1 7787 1 7915 2 8043 2 8171 2 8299 3 8427 3 8470 3 8555 3 8598 3 8683 3 8726 3 8811 3 8854 3 8939 2 8982 3 9067 2 9110 3 9195 2 9239 2 9323 2 9367 2 9496 1 9539 2 9665 6 9792 7 9919 8 10046 10 10173 11 10300 12 10345 1 10392 2 10427 13 10472 2 10520 3 10555 13 10599 3 10648 4 10683 13 10727 3 10777 3 10811 13 10854 3 10905 4 10938 14 10981 4 11034 3 11066 14 11109 3 11162 3 11196 10 11236 4 11291 3 11324 10 11364 3 11420 1 11452 12 11491 3 11579 13 11619 2 11707 13 11835 13 11966 7 12096 3 12225 1 12244 9 12324 5 12373 7 12452 7 12502 4 12582 5 12609 1 12737 1 12865 1,11959 3 11974 8 12084 10 12100 12 12210 13 12228 13 12337 15 12355 15 12465 15 12483 15 12592 16 12611 15 12721 14 12740 13 12850 12 12869 7
gap_05d7efeef9acaefe97,,7506 3 7632 5 7728 1 7760 5 7856 2 7887 4 7984 2 8015 3 8112 3 8142 1 8240 2 8368 2 8496 2,,,4658 4 4785 12 4802 12 4816 7 4912 11 4930 22 5039 11 5059 2 5062 2 5072 9 5166 12 5189 5 5201 8 5295 10 5317 5 5329 8 5428 3 5443 8 5456 6 5567 23 5694 24 5821 25 5948 26 5980 2 6075 17 6095 7 6107 4 6202 4 6213 6 6225 3 6236 3 6330 3 6342 6 6457 3 6470 6 6585 2 6599 5 6713 2 6727 5 6841 1 6855 5 6968 2 6983 4 7096 2 7111 4 7239 3 7367 3 7495 3 7623 2 7737 1 7751 1 7878 1 7994 1 8122 2 8251 3 8258 3 8380 9 8510 7 8640 4 9407 3 9533 5 9660 7 9788 6 9916 6 10043 7 10169 9 10296 10 10423 11 10551 12 10679 15 10807 15 10935 12 11063 12 11191 11 11320 9 11449 7 11580 2,6206 7 6333 9 6460 10 6587 12 6715 12 6842 13 6970 13 7098 13 7225 14 7353 14 7481 14 7609 14 7738 13 7866 12 7995 11 8124 9 8254 4,11825 4 11953 15 12082 19 12214 16 12343 14 12477 2,6432 3 6558 7 6685 9 6814 9 6943 9 7072 9 7133 3 7190 6 7199 13 7261 4 7316 10 7327 14 7387 6 7443 27 7513 10 7570 29 7637 1 7639 13 7697 31 7765 15 7824 32 7891 16 7951 33 8018 15 8079 33 8143 16 8206 34 8270 17 8289 9 8334 34 8398 30 8462 34 8525 32 8590 32 8653 33 8718 31 8781 33 8846 11 8859 18 8909 33 8974 12 8988 16 9038 33 9103 12 9117 15 9167 32 9231 12 9245 15 9296 32 9359 29 9424 32 9488 18 9507 8 9552 32 9616 18 9636 7 9680 18 9699 13 9743 20 9766 4 9808 11 9820 4 9827 13 9871 20 9896 1 9936 10 9948 2 9954 13 9998 21 10064 9 10082 13 10126 9 10142 5 10192 8 10209 13 10254 10 10320 7 10337 12 10382 11 10449 4 10464 12 10509 14 10588 16 10637 17 10714 17 10764 21 10841 18 10892 24 10974 14 11021 26 11103 13 11150 27 11230 14 11281 26 11355 16 11411 25 11476 22 11541 23 11601 25 11672 21 11728 25 11803 19 11854 27 11933 18 11981 27 12063 19 12109 26 12193 18 12236 25 12326 14 12364 23 12456 12 12487 4 12493 18 12587 8 12614 7 12625 10 12719 3 12740 9 12868 9 12997 6
gap_2133d9a191fdaac313,,,,,,,5952 4 6078 8 6205 9 6333 10 6460 12 6587 13 6715 13 6843 14 6970 15 7098 15 7226 16 7354 16 7482 16 7610 16 7738 16 7866 16 7994 15 8123 14 8252 12 8381 10 8511 4,
gap_c8b105688fde86ee93,5040 4 5164 21 5290 25 5416 27 5453 5 5543 27 5577 14 5670 27 5705 17 5796 28 5833 19 5923 27 5961 21 6050 27 6089 22 6178 26 6217 23 6305 26 6345 24 6432 26 6474 24 6559 26 6602 24 6686 26 6730 25 6814 26 6859 25 6941 27 6987 25 7069 27 7114 27 7196 27 7241 28 7324 27 7368 30 7452 27 7491 2 7495 31 7580 27 7618 36 7708 28 7745 37 7835 29 7873 37 7963 29 8001 38 8091 29 8130 37 8219 29 8259 36 8347 28 8387 36 8475 27 8515 36 8603 27 8642 36 8732 26 8770 36 8860 26 8898 36 8988 26 9026 36 9116 25 9154 36 9244 25 9283 34 9372 26 9412 33 9501 25 9541 32 9629 26 9669 32 9757 27 9798 30 9886 28 9926 30 10014 29 10055 28 10143 28 10183 28 10271 27 10312 26 10400 26 10440 25 10529 24 10569 24 10657 24 10698 22 10786 22 10826 21 10915 20 10955 19 11044 18 11084 17 11173 16 11213 15 11303 13 11343 12 11433 9 11473 8 11565 2,5700 1 5825 6 5951 9 6077 11 6204 12 6331 13 6458 11 6470 3 6585 12 6598 4 6713 17 6840 19 6968 19 7096 11 7109 5 7224 11 7237 4 7352 10 7366 1 7480 10 7608 9 7736 8 7864 7 7993 4 8122 1 8376 6 8503 9 8631 9 8758 11 8886 11 9014 11 9141 11 9269 11 9398 10 9526 9 9655 7 9784 5,,,,,4668 5 4790 15 4918 17 5050 14 5186 6 5318 1 6369 2 6498 2 6557 1 6627 2 6684 2 6755 2 6812 1 6884 2 6939 2 7013 1 7067 1 7141 1 7195 1 8473 2 8601 2 8729 3 8807 1 8857 3 8934 2 8985 3 9062 2 9114 2 9190 2 9242 2 9318 1 9445 2 9537 2 9663 5 9791 6 9918 7 10046 7 10173 9 10301 9 10429 9 10557 9 10685 8 10813 9 10913 1 10940 11 11041 2 11067 13 11170 3 11195 17 11229 2 11299 3 11317 25 11356 2 11428 5 11443 8 11455 5 11464 8 11482 4 11557 6 11568 10 11584 3 11593 20 11687 15 11712 3 11725 15 11816 10 11841 2 11856 10 11969 1 12097 1,9835 4 9875 4 9962 5 10003 4 10090 4 10132 4 10217 2 10262 2 10345 1 10391 1 10600 2 10648 1 10728 1 10776 2 10855 2 10904 3 10982 2 11033 3 11109 2 11162 3 11236 2 11291 3 11362 3 11420 3 11490 1 11578 5 11588 4 11704 8 11715 7 11830 10 11843 9 11957 11 11971 10 12085 11 12100 9 12123 1 12217 6 12229 7 12251 1 12325 1
gap_326c3893e44510207e,5816 3 5826 15 5936 12 5953 19 6062 12 6082 21 6188 12 6212 21 6314 11 6342 21 6439 12 6471 22 6566 12 6600 22 6693 12 6728 22 6820 12 6857 22 6948 12 6985 23 7075 12 7114 22 7203 12 7242 23 7331 11 7370 23 7459 11 7498 24 7587 12 7625 25 7715 12 7753 25 7843 12 7881 25 7971 13 8009 25 8099 13 8136 26 8227 14 8263 27 8355 14 8390 28 8483 15 8517 29 8611 16 8645 29 8739 17 8775 27 8867 18 8905 25 8996 19 9021 3 9034 24 9124 29 9162 24 9252 30 9290 23 9380 29 9418 23 9509 28 9546 23 9637 27 9673 24 9765 27 9801 24 9894 25 9929 23 10022 25 10057 23 10151 24 10185 22 10280 23 10313 22 10408 23 10441 21 10537 21 10569 20 10666 20 10698 18 10795 18 10826 17 10925 14 10955 15 11054 11 11085 11 11185 5 11217 4,6200 4 6326 15 6452 18 6579 20 6706 22 6833 24 6960 25 7087 26 7215 27 7343 27 7471 26 7599 26 7727 26 7856 25 7984 24 8113 22 8241 21 8370 17 8499 15 8628 14 8757 12 8773 2 8886 9 8899 5 9027 6 9155 6 9283 6 9411 6 9541 3,,,,,5312 1 5431 13 5446 2 5450 4 5557 26 5685 6 5694 5 5714 2 5843 2 6436 2 6493 2 6564 2 6622 2 6691 2 6750 2 6818 2 6879 1 6946 2 7074 1 7394 1 7522 1 7650 1 7906 1 7970 1 8034 1 8098 1 8162 1 8226 1 9123 1 9251 1 9379 1 9538 3 9665 6 9793 6 9920 8 10048 8 10176 8 10304 8 10432 7 10561 6 10688 7 10816 7 10944 7 11073 6 11096 3 11202 3 11223 3 11311 4 11331 2 11349 4 11441 3,7278 3 7406 4 7534 5 7662 5 7790 5 7919 2 8044 2 8172 2 8301 1 8337 1 8429 1 8464 3 8557 1 8591 4 8719 5 8847 5 8975 4 11196 4 11208 2 11322 7 11334 6 11449 9 11461 8 11577 9 11590 7 11708 5 11718 6
gap_6e1c9cc6c037d549a2,,6590 4 6717 6 6844 8 6972 8 7100 8 7111 2 7229 6 7238 4 7358 4 7366 5 7493 6 7621 6 7749 6 7878 4,,6432 6 6559 8 6686 10 6813 11 6940 12 7068 12 7196 6 7204 3 7324 6 7386 1 7452 6 7461 1 7512 7 7580 10 7640 8 7708 9 7768 9 7836 8 7898 8 7964 8 8028 7 8092 7 8105 1 8156 7 8220 9 8232 3 8284 7 8348 16 8402 1 8411 8 8477 14 8530 4 8539 8 8605 14 8657 7 8667 8 8734 12 8785 18 8863 9 8913 17 8995 3 9042 15 9170 14 9299 12 9429 8 9559 3,2751 4 2877 8 3003 14 3116 5 3130 17 3243 8 3256 25 3370 41 3498 45 3625 53 3751 26 3781 34 3873 28 3916 29 4000 11 4016 12 4045 30 4127 11 4150 5 4178 27 4253 14 4306 12 4320 13 4381 15 4434 11 4449 13 4508 16 4562 11 4577 13 4635 17 4690 10 4713 5 4763 18 4818 10 4843 3 4891 17 4918 3 4947 9 5020 16 5045 4 5076 8 5149 14 5183 1 5193 4 5205 12 5220 7 5281 10 5311 1 5321 5 5334 12 5347 10 5409 11 5438 1 5450 4 5463 24 5538 12 5551 3 5560 2 5564 4 5580 1 5592 24 5666 18 5687 10 5721 23 5781 4 5795 30 5851 6 5859 13 5908 5 5924 22 5949 3 5981 3 5988 11 6036 5 6053 16 6116 10 6164 4 6183 13 6245 6 6258 2 6293 2 6312 12 6385 4 6441 9 6512 5 6571 2 6639 7 6765 9 6878 5 6891 11 7006 24 7134 24 7263 22 7394 19 7523 18 7652 17 7781 16 7909 15 8037 14 8166 12 8295 9,,7738 3 7865 8 7992 11 8119 13 8246 14 8374 15 8502 15 8630 15 8758 15 8886 15 9014 15 9142 14 9270 14 9397 15 9523 19 9649 22 9776 24 9903 26 10030 2 10039 11 10054 4 10168 10 10183 3 10300 2 10312 3 10427 3 10555 3 10683 3 10811 4 10939 4 11067 4,8114 2 8240 5 8367 6 8495 6 8519 2 8622 7 8647 3 8749 8 8774 5 8877 8 8902 5 9005 7 9030 6 9133 7 9158 7 9261 7 9286 7 9389 7 9414 8 9518 5 9543 7 9672 6 9801 5 9930 3 10290 7 10306 4 10416 10 10432 7 10541 13 10559 9 10667 15 10687 10 10794 16 10815 13 10922 16 10943 14 11049 17 11072 14 11177 16 11200 15 11306 14 11329 15 11434 14 11458 14 11563 12 11586 14 11695 8 11714 13 11826 4 11842 12 11971 9
gap_ac4071ac5a058dcd5f,3540 3 3667 7 3797 8 3926 10 4056 9 4184 10 4313 11 4441 12 4570 12 4698 13 4827 13 4957 11 5086 11 5215 10 5345 9 5474 8 5602 9 5731 8 5860 7 5988 7 6116 7 6161 2 6244 7 6289 2 6372 7 6417 2 6500 7 6545 2 6628 7 6673 2 6756 7 6801 2 6883 8 6929 2 7011 8 7057 2 7139 8 7185 2 7266 10 7313 2 7359 3 7394 10 7441 2 7486 10 7521 11 7569 2 7614 14 7649 11 7697 2 7743 17 7776 12 7825 2 7871 18 7903 12 7999 20 8029 14 8127 21 8156 15 8255 44 8384 42 8501 1 8514 40 8595 2 8628 2 8643 39 8723 3 8755 3 8772 38 8851 3 8883 3 8900 38 8979 4 9011 3 9029 36 9108 4 9139 2 9157 36 9237 5 9286 35 9365 6 9414 35 9494 7 9543 33 9622 8 9671 33 9750 10 9799 32 9879 10 9927 32 10007 12 10055 31 10136 12 10165 1 10184 30 10265 11 10293 2 10312 29 10393 12 10420 3 10440 29 10522 12 10548 3 10569 27 10651 12 10675 4 10697 26 10779 13 10802 4 10826 24 10908 14 10929 5 10954 23 11037 16 11055 7 11083 21 11166 23 11212 19 11296 20 11341 16 11426 17 11470 14 11556 12 11599 11,6723 3 6849 8 6976 9 7104 10 7233 9 7362 6 8379 4 8505 8 8632 10 8760 10 8888 10 9016 10 9144 10 9273 8 9401 7 9532 3,3640 9 3652 4 3765 22 3891 25 4019 27 4146 32 4273 35 4400 37 4527 41 4655 42 4782 44 4911 45 5040 45 5168 47 5297 47 5425 49 5553 49 5682 49 5810 49 5939 49 6067 49 6196 48 6325 47 6453 47 6582 2 6589 39 6718 5 6726 30 6847 2 6857 26 6985 26 7114 25 7242 24 7371 23 7501 20 7631 17 7761 14 7890 12 7962 3 8020 8 8089 6 8217 8 8346 9 8474 11 8602 14 8731 16 8859 17 8988 17 9116 17 9245 16 9374 14 9503 13 9633 10 9762 8,,4910 1 5036 4 5162 6 5288 9 5414 11 5541 12 5668 14 5797 13 5925 14 6053 14 6181 15 6308 17 6436 17 6563 12 6579 3 6691 11 6818 12 6946 6 6955 3 7074 5 7084 3 7202 5 7212 4 7330 7 7339 5 7458 15 7474 1 7586 18 7609 3 7715 17 7738 4 7844 16 7866 4 7973 14 7996 1 8103 11 8231 9 8355 12 8485 8 8616 5 8747 2 8876 1,,2476 3 2504 6 2602 6 2632 7 2728 9 2759 10 2851 14 2888 14 2977 15 3017 2 3022 11 3104 9 3116 2 3151 13 3231 10 3281 13 3357 8 3413 10 3484 5 3544 8 3611 2 3674 7 3738 2 3805 5 3936 2 4711 3 4755 2 4840 3 4882 3 4968 3 5010 2 5097 3 5137 3 5225 3 5264 4 5354 3 5392 3 5482 3 5520 3 5611 2 5647 3 5739 2 5775 2 5867 2 5903 2 5996 1 6124 2 7310 2 7438 2 7532 2 7566 2 7660 2 7694 2 7788 2 7822 3 7915 3 7950 3 8043 3 8078 3 8171 3 8207 2 8299 3 8335 3 8426 3 8463 3 8554 3 8592 2 8682 2 8720 2 8810 2 8849 1 8938 1 9662 5 9788 9 9915 11 10042 13 10170 13 10297 14 10425 14 10518 3 10553 14 10597 1 10647 3 10681 14 10723 3 10775 3 10810 12 10850 3 10904 3 10938 12 10977 4 11032 4 11066 12 11104 4 11161 5 11195 10 11232 3 11290 5 11323 10 11359 4 11419 4 11451 10 11486 3 11548 4 11578 12 11613 3 11678 3 11706 15 11740 3 11807 3 11833 11 11845 6 11853 4 11868 2 11937 2 11949 6 11958 4 11966 4 11974 4 11981 6 12075 8 12086 4 12095 2 12103 3 12111 5 12202 7 12215 3 12231 2 12607 2,11971 2 12090 4 12098 5 12107 2 12211 3 12218 5 12225 6 12233 5 12337 6 12345 6 12353 14 12465 7 12473 6 12481 6 12489 6 12593 6 12602 4 12610 4 12722 4
gap_1a2391d59418825643,3488 4 3612 11 3737 16 3863 19 3989 21 4049 4 4115 21 4174 13 4242 19 4300 19 4369 18 4418 33 4496 17 4546 35 4623 17 4675 36 4750 17 4803 38 4876 18 4932 38 5003 18 5062 38 5131 17 5191 38 5258 17 5320 38 5385 17 5449 38 5513 16 5577 39 5640 17 5706 39 5768 16 5834 39 5895 17 5962 40 6023 17 6091 40 6151 16 6219 41 6279 16 6347 41 6406 17 6475 42 6534 17 6603 43 6662 17 6732 42 6790 17 6860 43 6918 17 6988 43 7046 17 7115 44 7174 17 7243 45 7302 17 7371 45 7430 17 7499 45 7558 18 7627 16 7649 23 7686 18 7755 15 7779 21 7814 19 7883 14 7909 19 7943 18 8010 14 8038 18 8071 19 8138 14 8167 17 8199 20 8265 12 8296 16 8327 21 8392 12 8425 15 8456 21 8520 12 8553 15 8584 22 8647 13 8682 14 8713 21 8774 14 8810 14 8841 22 8901 15 8938 14 8969 24 9027 18 9066 14 9097 26 9155 19 9194 13 9225 28 9283 19 9322 13 9353 30 9412 19 9450 12 9482 31 9541 18 9578 12 9610 32 9669 19 9705 13 9739 31 9797 19 9833 13 9867 32 9926 19 9960 13 9996 31 10055 19 10087 14 10124 31 10184 20 10214 15 10253 30 10312 21 10339 17 10381 31 10440 44 10510 30 10568 44 10638 31 10697 42 10767 31 10825 42 10896 36 10954 40 11024 37 11082 40 11153 36 11211 38 11282 34 11340 36 11411 33 11468 35 11540 31 11597 34 11669 29 11726 32 11799 26 11855 31 11929 22 11985 28 12058 20 12115 25 12189 16 12244 23 12328 2 12373 21 12502 19 12632 2 12637 10,4040 4 4144 2 4166 5 4269 8 4395 13 4522 15 4648 18 4775 20 4901 22 5027 24 5153 27 5279 28 5316 1 5404 30 5442 5 5531 31 5569 7 5658 32 5695 9 5785 33 5822 10 5913 33 5950 11 6040 35 6077 13 6168 50 6296 50 6424 51 6552 51 6680 51 6808 51 6936 51 7064 50 7192 50 7320 31 7356 14 7448 30 7486 12 7576 30 7612 13 7705 31 7739 12 7833 45 7962 40 8091 38 8220 36 8348 35 8477 33 8607 31 8736 30 8871 14 8886 8 9001 19 9129 14 9259 3 9264 6 9399 2 9520 4 9526 3 9647 10 9773 9 9900 10 10027 12 10155 12 10283 11 10412 10 10540 10 10669 9 10799 4,8671 3 8798 5 8925 6 9053 6 9182 5 9311 4 9439 4 9567 4 9573 1 9693 8 9822 6,,,,2988 4 3116 6 3244 12 3280 1 3374 12 3401 2 3408 5 3503 2 3507 18 3526 5 3538 4 3631 1 3636 23 3667 4 3674 2 3764 18 3783 3 3796 10 3893 22 3930 6 4032 5 4038 2 4060 5 4113 1 4189 4 4239 2 4366 3 4493 3 4620 3 4747 2 4875 1 5230 1 5358 2 5487 3 5616 3 5638 2 5745 3 5765 3 5874 2 5893 2 6003 1 6020 3 6148 2 6277 1 6775 1 6903 2 7031 3 7044 2 7159 3 7172 2 7288 2 7299 3 7417 1 7427 3 7555 3 7684 2 8441 2 8568 3 8582 2 8696 3 8710 2 8824 4 8838 3 8952 4 8966 3 9080 3 9094 3 9209 2 9222 3 9351 1 9789 7 9916 9 9974 2 10044 9 10101 3 10171 11 10229 3 10298 12 10357 3 10426 12 10485 3 10507 2 10553 13 10613 3 10635 3 10681 13 10741 2 10763 4 10809 13 10869 1 10892 3 10937 13 11020 4 11064 14 11149 3 11192 14 11277 4 11321 14 11406 3 11451 11 11535 3 11580 8 11664 3 11708 6 11793 3 11833 9 11843 2 11923 1 11959 15 12087 15 12215 16 12270 1 12337 1 12343 16 12397 2 12462 4 12469 16 12523 3 12587 21 12612 1 12649 4 12713 4 12721 11 12734 2 12776 4 12848 3 12852 8 12862 1 12877 2 12902 5 12981 8 12990 1 12999 8 13030 4 13110 10 13121 1 13129 1 13156 5 13239 5 13245 3 13282 5 13367 10 13378 1 13409 4 13496 3 13501 3 13506 1 13537 2 13634 1,11129 2 11256 3 11384 4 11511 4 11638 5 11766 4 11787 1 11893 5 11915 1 12022 3 12027 3 12043 1 12149 4 12155 4 12276 4 12285 1 12404 4 12533 3 12661 2 12738 4 12851 1 12865 6 12973 8 12993 6 13099 11 13122 7 13130 3 13227 12 13250 14 13356 11 13379 14 13487 9 13507 14 13617 6 13635 14 13749 1 13763 12 13892 6
gap_402548b58fc38e13b5,,7244 4 7368 9 7495 10 7598 4 7623 10 7725 6 7751 11 7853 8 7882 7 7981 4 7986 4 8010 9 8115 3 8139 8 8269 5 8397 3,,,5048 2 5190 8 5317 11 5401 2 5412 6 5445 16 5465 6 5537 10 5574 26 5661 14 5703 26 5788 16 5834 24 5915 18 5937 1 5964 29 6043 25 6070 4 6094 29 6170 32 6210 3 6222 29 6298 32 6338 3 6351 28 6426 31 6466 3 6482 25 6555 30 6595 2 6611 24 6683 30 6740 23 6816 7 6825 16 6869 21 6945 3 6957 13 6998 19 7088 11 7128 17 7218 9 7263 9 7351 4 7392 7 7480 3 7521 5 7609 1,,3108 1 8125 8 8243 1 8252 11 8378 15 8495 7 8503 19 8618 34 8747 38 8875 43 9003 43 9132 42 9260 41 9388 41 9517 39 9645 38 9774 23 9799 11 9902 23 9927 12 10031 12 10044 8 10054 13 10159 8 10168 16 10185 9 10288 7 10296 15 10313 6 10320 2 10420 2 10424 15 10444 1 10448 1 10553 13 10687 3 10815 2 10944 1,4880 3 5006 6 5134 6 5262 6 5390 6 5518 6 5646 6 5774 6 5899 1 5902 7 6026 11 6130 4 6154 4 6159 6 6257 6 6281 5 6287 6 6385 6 6409 5 6415 7 6512 8 6537 5 6544 6 6640 8 6665 6 6672 7 6767 9 6793 6 6800 8 6895 9 6920 17 6952 4 7022 10 7049 17 7079 5 7126 2 7149 11 7177 18 7207 6 7251 6 7276 11 7305 23 7334 7 7379 6 7404 11 7433 25 7462 7 7506 8 7531 11 7562 26 7589 7 7634 8 7658 10 7690 34 7763 7 7785 13 7818 34 7891 8 7912 15 7946 34 8019 8 8030 6 8038 17 8075 32 8147 35 8204 29 8276 34 8333 27 8405 33 8462 28 8534 31 8591 27 8663 30 8721 26 8792 28 8850 25 8918 29 8980 23 9046 27 9110 22 9174 26 9238 22 9301 25 9364 24 9429 23 9491 26 9557 20 9619 26 9684 19 9748 26 9812 18 9877 25 9939 19 10006 25 10067 19 10135 24 10194 20 10265 23 10322 19 10396 21 10449 20 10526 20 10568 5 10577 18 10656 25 10694 8 10704 18 10786 27 10820 28 10915 27 10947 27 11045 26 11074 26 11175 24 11202 20 11224 2 11311 1 11315 11 11330 12 11343 6 11445 8 11459 10 11472 2
gap_20c8234a3aff917b1e,,8528 3 8628 1 8656 3 8753 1 8756 2 8783 5 8881 5 8911 4 9009 6 9039 3 9137 6 9166 2 9265 6 9393 6 9523 3,,,4155 3 4164 3 4281 21 4405 26 4528 2 4533 28 4656 34 4783 35 4905 18 4928 18 5030 21 5056 3 5064 10 5077 5 5156 23 5184 3 5195 6 5204 8 5284 24 5313 2 5332 8 5412 24 5442 1 5460 8 5540 13 5556 9 5588 8 5667 14 5685 8 5714 10 5794 15 5816 6 5829 2 5840 11 5921 17 5946 5 5957 4 5967 9 6049 3 6056 12 6075 6 6085 5 6095 8 6186 11 6204 6 6214 4 6223 8 6315 11 6332 7 6341 6 6352 7 6443 11 6461 7 6469 6 6481 6 6570 8 6581 2 6589 7 6598 5 6610 4 6698 8 6710 2 6717 7 6726 5 6827 6 6839 2 6845 7 6855 3 6956 5 6973 7 7085 2 7100 8 7228 7 7356 5 7485 3 8647 3 8774 5 8902 5 9029 6 9156 6 9284 5 9411 6 9539 5 9667 5 9794 5 9922 5 10050 5 10178 5 10307 3,,9555 1 9683 1 9810 2 9937 2 10033 2 10064 3 10161 3 10191 3 10289 3 10318 4 10417 4 10446 4 10545 4 10573 4 10673 4 10701 4 10801 5 10828 5 10929 6 10955 6 11058 7 11080 9 11186 8 11204 13 11314 31 11442 26 11470 3 11570 26 11599 1 11701 17 11720 4 11829 6 11837 9 11848 6 11957 6 11964 11 11976 6 12086 17 12105 4 12220 10 12352 2,6112 4 6238 7 6365 8 6430 4 6492 9 6558 6 6619 9 6686 8 6746 10 6812 10 6873 16 6938 13 6999 18 7065 16 7127 19 7147 5 7193 17 7254 27 7321 19 7381 30 7443 3 7449 20 7508 31 7570 6 7578 20 7636 32 7697 8 7706 20 7764 33 7825 8 7834 21 7891 35 7953 30 8019 35 8080 15 8096 16 8147 35 8208 14 8224 16 8275 36 8336 14 8352 16 8403 36 8463 15 8480 16 8531 35 8591 15 8608 15 8659 35 8719 16 8736 14 8788 1 8791 30 8846 17 8865 13 8918 30 8974 29 9046 29 9103 29 9173 29 9231 30 9301 28 9360 29 9428 29 9489 28 9556 28 9618 27 9684 28 9747 18 9766 9 9812 27 9875 29 9939 27 10004 28 10067 26 10133 27 10194 26 10262 27 10322 25 10391 26 10450 24 10520 25 10577 25 10649 24 10705 24 10778 23 10833 23 10907 22 10961 21 11037 21 11089 20 11165 21 11217 19 11294 12 11307 7 11345 17 11424 11 11436 6 11473 5 11479 9 11553 11 11565 5 11602 2 11607 7 11683 10 11694 4 11734 6 11813 8 11862 5 11943 7 11990 2 12073 6 12112 3 12203 3 12210 2 12240 2
gap_dee767bdf0d6d0cbc1,4966 3 5095 4 5224 5 5354 5 5484 4 5613 4 5743 3 5872 3 6001 3 6130 2 9390 1 9517 3 9645 4 9774 3 9903 3 10031 3 10160 3 10287 4 10415 4 10543 4 10671 4 10798 5 10925 6 11052 7 11179 7 11306 7 11433 7 11561 6 11688 6 11817 4,3504 2 3632 2 6935 4 7064 4 7194 4 7323 7 7452 8 7580 9 7710 7 7844 2 8232 1 8336 3 8359 2 8465 3 8488 1 8593 5 8616 3 8722 9 8744 4 8851 10 8868 8 8980 24 9109 23 9240 20 9373 15 9505 10 9641 1,4026 3 4155 2 4664 2 4791 11 4803 7 4918 24 5046 34 5173 36 5301 37 5429 39 5557 41 5685 42 5812 45 5939 47 6065 49 6193 45 6323 39 6372 2 6451 37 6500 2 6503 1 6581 34 6630 5 6709 31 6741 3 6758 8 6838 33 6886 9 6968 30 7015 8 7096 30 7144 7 7224 29 7272 7 7352 29 7400 7 7483 26 7529 5 7616 4 7622 15 7656 7 7717 1 7752 4 7757 7 7781 11 7836 8 7885 6 7908 13 7957 18 8014 6 8036 13 8084 21 8141 8 8163 16 8211 21 8233 1 8265 11 8290 17 8339 20 8361 1 8393 10 8418 17 8468 20 8489 2 8521 2 8524 7 8544 19 8598 18 8649 1 8654 4 8671 21 8731 13 8784 5 8791 3 8799 21 8861 7 8913 10 8927 20 9040 2 9045 30 9165 1 9167 2 9173 30 9296 4 9304 26 9431 27 9560 23 9688 4 9694 16 9815 21 9943 22 10074 20 10202 19 10225 2 10330 21 10352 2 10459 15 10475 4 10590 12 10604 1 10714 19 10842 14 10859 2 10969 15 10986 3 11100 17 11228 16 11355 16 11482 2 11486 15 11613 7 11621 8 11738 1 11742 3 11748 8 11757 1 11865 3 11879 3 11992 5 12008 2 12119 2 12135 2 12247 2 12263 1 12514 2 12642 1,,4907 2 5036 5 5164 6 5171 2 5291 10 5419 9 5548 9 5598 1 5679 6 5808 4 5935 4 5986 1 6064 1 6114 1 6238 4 6244 1 6362 10 6374 3 6488 12 6502 1 6504 2 6615 15 6635 2 6744 14 6871 15 6965 3 6998 17 7092 4 7126 18 7219 5 7253 19 7346 6 7381 19 7478 2 7509 18 7637 19 7764 17 7891 17 8020 16 8149 14 8276 14 8374 2 8403 15 8502 2 8531 13 8658 13 8789 2 8794 2 8798 1 8923 1 9042 3 9169 4,,3397 4 3524 6 3652 5 3780 4 3916 1 4045 1 4323 2 4455 2 4583 3 4714 1 4872 1 5362 1 5490 3 5618 3 5747 3 5876 3 6005 2 6134 1 6276 1 6403 2 6531 1 7416 1 7544 2 7672 2 7800 2 9337 1 9464 2 9592 2 9720 1 9792 1 9914 5 9920 2 10041 11 10168 11 10295 12 10423 13 10551 13 10679 14 10807 15 10935 15 11064 13 11193 12 11326 5 11455 1 11581 3 11703 8 11831 14 11959 14 12087 14 12219 10 12270 2 12348 4 12355 1 12397 2 12476 3 12525 1 12604 2 12612 1 12732 1 13009 3 13116 3 13129 1 13137 6 13244 3 13266 5 13395 5,3225 4 3351 6 3477 4 3603 6 3730 6 3858 6 3986 5 4617 2 4744 2 6930 2 6934 1 7057 7 7184 10 7312 11 7439 13 7567 13 7695 15 7823 13 7939 2 7951 6 8067 2 8080 4 8195 2 8208 3 8324 1 10376 1 10503 3 10632 3 10760 3 10889 3 11017 3 11146 3 11260 1 11275 3 11399 1 11404 2 11527 2 11533 1 11656 3 11784 4 11913 4 12043 4 12174 1 12440 2 12472 2 12523 2 12526 1 12569 8 12598 4 12650 4 12698 9 12726 4 12777 4 12828 5 12850 8 12866 1 12905 2 12977 9 13103 11 13124 1 13233 8 13249 6 13257 2 13364 1 13379 5 13386 1 13508 5 13514 2 13639 2 13643 1
gap_55293f20ef85bf30a0,,7744 7 7871 9 7990 1 7998 11 8126 12 8254 12 8385 10 8513 10 8642 7,,,3009 2 3135 6 3145 2 3262 15 3389 17 3413 4 3516 19 3540 7 3641 12 3656 8 3668 9 3768 9 3785 8 3796 11 3878 3 3895 6 3914 7 3924 7 3933 2 4004 4 4023 6 4042 7 4052 6 4132 2 4152 4 4170 7 4181 4 4297 7 4404 1 4425 6 4529 5 4552 8 4653 8 4680 8 4779 8 4808 9 4906 5 4936 9 5034 5 5066 5 5162 4 5221 4 5291 2 5349 5 5407 2 5413 2 5477 5 5534 11 5606 4 5662 11 5729 2 5735 2 5790 11 5855 4 5917 11 5951 1 5982 5 6044 11 6078 3 6106 8 6166 1 6172 10 6206 3 6232 8 6294 2 6299 10 6334 4 6360 6 6421 4 6428 9 6462 4 6488 5 6550 3 6556 9 6590 5 6615 6 6678 3 6684 8 6718 6 6741 7 6806 3 6813 7 6847 5 6866 10 6935 2 6942 5 6967 6 6976 5 6994 8 7063 2 7071 4 7092 9 7106 3 7122 7 7192 1 7199 3 7209 3 7220 9 7238 4 7250 5 7335 6 7350 6 7366 5 7378 3 7462 8 7495 5 7590 7 7623 5 7717 8 7754 2 7845 7 7862 1 7974 5 8103 2,,8895 6 9022 11 9149 12 9276 14 9403 15 9529 17 9655 20 9783 19 9911 19 10039 19 10167 18 10298 12 10322 3 10429 8 10444 8 10557 22 10670 9 10681 26 10799 33 10928 1 10931 28 11063 20 11191 20 11319 5 11328 2 11336 3 11448 3 11713 1 11841 2 11968 3 12096 3,6255 1 6381 3 6508 5 6634 7 6759 10 6887 10 7015 10 7143 10 7271 9 7399 6 7526 7 7654 7 7782 8 7833 1 7910 8 7960 3 8037 9 8087 5 8111 3 8145 4 8165 9 8214 6 8238 5 8272 6 8293 9 8342 6 8366 6 8399 7 8420 10 8470 7 8493 8 8526 8 8548 10 8597 8 8621 8 8654 8 8675 10 8726 8 8749 8 8782 8 8803 10 8854 9 8877 8 8910 8 8930 10 8982 10 9005 8 9038 7 9057 11 9110 11 9134 6 9167 6 9183 13 9239 11 9263 3 9296 4 9307 17 9367 13 9434 18 9496 14 9561 18 9624 15 9688 19 9752 16 9815 19 9880 18 9943 18 10009 18 10071 17 10138 18 10197 18 10267 17 10325 17 10396 16 10452 16 10525 16 10579 16 10655 15 10707 14 10784 15 10834 13 10914 14 10962 12 11043 13 11090 11 11173 16 11213 14 11304 14 11341 13 11434 12 11452 2 11461 2 11468 13 11563 12 11579 4 11588 5 11595 13 11692 19 11715 20 11821 1 11824 15 11844 15 11860 2 11952 15 11972 15 12081 13 12101 13 12210 11 12229 12 12341 8 12358 10 12472 2 12487 6
gap_6949a812712b424fa8,5399 2 5526 3 5654 3 5781 4 5909 3 6036 4 6164 3 6292 3 6420 3 6548 3 6675 4 6803 4 6931 4 7059 4 7187 4 7315 4 7443 4 7570 4 7698 4 7826 4 7954 4 8082 4 8210 4 8243 1 8338 5 8370 2 8466 5 8497 3 8594 5 8625 3 8722 6 8752 5 8850 6 8879 6 8978 7 9007 6 9106 8 9134 7 9234 9 9260 9 9363 9 9386 10 9413 1 9491 12 9512 12 9541 2 9619 33 9669 4 9748 32 9798 4 9876 32 9926 5 10004 32 10054 6 10094 2 10133 31 10183 6 10221 3 10261 31 10311 7 10348 4 10390 30 10439 9 10475 5 10519 29 10567 10 10602 5 10648 27 10696 11 10729 6 10777 26 10824 13 10855 7 10905 26 10952 16 10979 10 11034 25 11080 37 11163 23 11209 35 11293 21 11337 34 11422 19 11466 32 11552 16 11594 31 11682 12 11723 29 11813 5 11851 28 11980 26 12110 23 12239 20 12369 15 12500 8,6728 1 6854 4 6982 5 7109 6 7236 5 7364 3 7491 4 7619 5 7747 6 7875 6 8003 6 8119 5 8132 4 8246 7 8261 3 8374 8 8501 9 8629 9 8757 9 8885 9 9013 8 9142 6 9545 1 9674 1 9802 2 9931 2,3279 1 3406 4 3534 6 3662 7 3790 7 3918 5 6374 3 6501 6 6628 9 6755 10 6879 15 7004 19 7132 19 7259 20 7374 6 7386 22 7502 7 7513 23 7627 11 7641 23 7708 4 7753 14 7768 24 7835 6 7881 40 7962 9 8009 40 8089 12 8136 42 8216 15 8264 42 8344 16 8390 44 8472 17 8520 42 8600 18 8648 42 8729 17 8776 42 8857 17 8904 42 8986 17 9033 41 9114 17 9161 40 9243 15 9289 40 9373 12 9417 40 9503 8 9546 38 9675 37 9804 35 9933 34 10061 33 10190 31 10319 29 10448 26 10578 22 10708 18 10839 10,,2743 16 2868 22 2995 25 3121 29 3248 31 3374 32 3496 38 3623 39 3751 39 3797 4 3805 4 3879 39 3923 5 3931 7 4006 50 4059 8 4134 50 4187 9 4262 51 4315 9 4390 51 4443 9 4517 52 4571 8 4645 52 4700 6 4773 52 4829 4 4901 52 5029 31 5062 20 5156 26 5191 19 5284 25 5319 20 5344 3 5412 24 5447 20 5471 6 5540 24 5575 20 5598 8 5668 24 5704 18 5726 9 5796 23 5833 17 5854 10 5923 24 5961 16 5982 10 6051 23 6090 15 6110 10 6178 23 6219 14 6239 8 6306 19 6349 12 6367 6 6434 19 6478 11 6496 2 6562 18 6607 9 6689 20 6736 8 6817 21 6866 5 6945 23 6995 3 7073 24 7099 3 7202 23 7227 4 7241 2 7246 2 7330 23 7355 4 7367 4 7458 24 7483 4 7495 4 7587 16 7604 6 7612 2 7624 3 7715 15 7844 13 7972 13 8101 11 8231 8 8360 5,,2976 3 3101 6 3228 5 3356 4 3483 4 3610 5 3687 2 3738 4 3815 4 3865 4 3944 4 3993 3 4073 4 4121 1 4201 5 4248 1 4330 4 4458 5 4587 4 4716 4 4759 1 4845 3 4886 2 4974 2 5014 2 5103 2 5141 2 5231 2 5269 2 5359 2 5397 1 5487 2 5524 2 5615 2 5651 2 5743 2 5779 2 5871 3 5907 1 5999 3 6127 3 6256 1 6641 1 6769 2 6802 1 6897 2 6930 1 7026 1 7057 2 7185 2 7313 2 7441 2 7569 1 7697 1 8690 2 8818 2 8946 2 9074 2 9201 2 9329 2 9457 2 9530 8 9585 2 9656 12 9713 1 9783 13 9841 1 9910 15 9969 1 10038 15 10166 16 10260 1 10295 15 10388 2 10424 14 10517 2 10552 14 10645 3 10681 12 10774 2 10809 12 10903 2 10938 10 11032 2 11066 10 11160 3 11194 10 11290 2 11321 12 11419 2 11445 17 11570 8 11581 4 11586 4 11696 4 11702 3 11710 1 11715 6 11822 5 11844 2 11848 2 11949 2 12094 1 12222 1 12350 1 12510 4 12635 6 12760 7 12886 6,11705 2 11829 8 11840 4 11954 20 12080 14 12095 9 12205 16 12223 11 12330 18 12352 12 12457 18 12481 12 12586 16 12609 13 12716 12 12738 13 12867 12 12997 8
gap_9696f14c53a04a1fef,,,,,,,,6463 1 6468 1 6590 3 6594 4 6718 8 6754 9 6845 10 6881 13 6973 11 7008 15 7068 3 7100 13 7136 16 7192 8 7227 14 7263 18 7317 12 7354 5 7364 6 7391 18 7444 13 7481 5 7493 6 7519 18 7571 15 7608 4 7623 5 7647 18 7698 17 7735 4 7752 4 7776 17 7826 17 7862 4 7881 4 7906 14 7954 16 7990 3 8010 3 8036 11 8081 16 8117 3 8139 3 8165 9 8210 14 8244 2 8268 3 8295 4 8338 13 8371 3 8396 3 8467 11 8498 3 8524 4 8596 8 8625 3 8653 4 8726 4 8752 2 8781 6 8879 2 8910 7 9004 4 9039 11 9129 6 9168 11 9189 2 9255 7 9297 11 9315 5 9369 2 9381 8 9426 10 9442 7 9496 5 9508 9 9555 9 9570 8 9624 6 9636 8 9683 9 9697 9 9753 5 9763 9 9812 7 9825 8 9882 4 9891 9 9941 6 9952 9 10011 3 10020 7 10070 4 10079 8 10140 2 10148 7 10206 7 10276 6 10332 9 10405 4 10459 10 10581 15 10657 2 10707 15 10786 12 10833 16 10915 14 10960 15 11043 16 11087 14 11172 16 11215 13 11301 16 11343 11 11430 15 11472 5 11560 13 11690 9 11822 2
gap_dce84719814d616a6d,,6743 2 6871 2,,,,,,6851 4 6970 3 6975 9 7077 1 7094 18 7134 1 7222 18 7261 4 7351 17 7388 6 7479 16 7515 8 7581 3 7607 16 7643 9 7707 6 7734 18 7770 10 7834 7 7862 18 7899 10 7961 8 7990 18 8029 8 8089 8 8117 19 8154 2 8158 7 8216 9 8245 8 8257 7 8281 4 8288 4 8339 2 8344 9 8374 5 8389 1 8409 7 8466 3 8472 9 8503 2 8536 10 8594 2 8603 4 8664 18 8791 21 8858 6 8921 22 8978 15 9050 22 9104 17 9172 2 9179 21 9231 18 9300 3 9308 21 9357 20 9427 5 9437 21 9484 21 9551 9 9566 20 9612 20 9678 9 9695 19 9739 20 9773 1 9806 9 9826 16 9867 19 9899 4 9934 9 9956 14 9995 17 10025 6 10062 9 10085 12 10123 16 10152 8 10190 9 10213 12 10252 14 10279 9 10318 9 10342 10 10380 13 10407 9 10446 9 10470 9 10509 11 10535 9 10574 9 10599 6 10637 11 10662 10 10702 9 10767 8 10790 10 10831 8 10852 2 10897 5 10918 9 10959 7 10975 12 11047 8 11087 6 11100 15 11156 6 11175 8 11215 4 11225 19 11281 11 11304 7 11344 2 11350 21 11409 15 11433 6 11477 22 11538 16 11563 4 11603 22 11666 22 11726 1 11728 24 11795 22 11851 27 11925 22 11952 2 11977 25 12055 28 12105 24 12185 30 12233 21 12316 27 12362 17 12447 24 12492 8 12580 4 12586 13 12717 6
gap_a41f28968092944dbd,4159 4 4166 11 4271 1 4276 6 4283 26 4394 46 4520 50 4643 56 4769 60 4895 25 4922 36 5021 26 5052 36 5148 26 5182 35 5274 27 5312 34 5400 28 5443 32 5527 28 5572 32 5654 28 5701 32 5781 29 5830 32 5908 29 5958 33 6036 29 6087 32 6163 29 6215 33 6291 29 6343 34 6418 29 6472 34 6546 29 6600 34 6673 30 6729 34 6801 30 6859 32 6928 30 6988 32 7056 30 7117 31 7183 30 7245 31 7311 30 7373 32 7439 30 7502 31 7567 30 7630 31 7696 29 7760 29 7824 29 7889 28 7952 29 8018 28 8080 28 8145 29 8208 28 8273 29 8336 29 8400 30 8465 29 8520 2 8528 30 8593 29 8647 39 8721 30 8772 41 8850 31 8898 43 8978 33 9026 43 9107 32 9154 43 9235 22 9262 5 9282 42 9364 21 9390 5 9410 42 9492 21 9518 5 9540 40 9621 20 9645 2 9650 1 9669 38 9749 21 9771 4 9798 37 9878 29 9926 37 10006 30 10055 36 10135 30 10183 35 10264 30 10311 35 10392 33 10440 33 10521 33 10568 33 10650 32 10696 32 10779 31 10825 31 10908 29 10953 30 11036 29 11081 29 11165 28 11209 28 11294 26 11338 27 11423 24 11467 25 11552 22 11595 24 11681 20 11724 21 11811 17 11854 17 11941 13 11983 14 12072 8 12114 9,5566 5 5693 7 5820 9 5939 4 5948 10 6066 7 6075 11 6193 22 6320 23 6448 23 6576 23 6704 25 6832 26 6960 14 6975 12 7089 13 7106 10 7217 14 7234 10 7347 13 7362 10 7476 25 7604 25 7733 23 7855 28 7887 1 7982 9 7994 17 8014 3 8109 10 8124 21 8237 11 8254 17 8366 11 8383 8 8394 4 8494 11 8515 2 8623 10 8753 6 9141 5 9268 7 9385 3 9396 8 9513 3 9524 8 9641 3 9651 10 9770 1 9775 2 9779 10 9907 10 10036 8 10165 6 10294 4,,,8892 1 9019 6 9148 5 9277 4 9406 3,,3641 7 3766 12 3889 22 4013 21 4137 6 4145 3 4151 1 4154 2 4262 5 4389 4 4517 2 5088 2 5145 2 5217 2 5271 2 5346 3 5398 2 5475 3 5525 1 5604 3 5652 1 5733 2 5862 2 5991 2 6120 2 6249 1 6378 1 6416 1 6543 3 6671 2 6798 3 6926 2 7662 1 7694 2 7790 2 7821 3 7917 3 7949 3 8046 2 8078 2 8174 2 8206 2 8302 2 8430 2 9070 1 9105 2 9197 2 9233 2 9324 3 9362 2 9452 3 9490 2 9580 2 9618 3 9664 3 9708 2 9747 2 9790 7 9836 1 9875 2 9917 8 10004 1 10045 9 10172 10 10300 10 10428 11 10556 11 10684 11 10729 1 10812 10 10856 2 10939 11 10983 3 11067 1 11069 9 11110 3 11195 11 11238 2 11323 12 11365 3 11452 11 11492 3 11549 2 11576 2 11580 11 11620 2 11678 2 11703 2 11707 12 11747 2 11807 3 11830 3 11835 12 11936 4 11956 4 11962 11 11974 2 12065 6 12080 10 12094 5 12108 3 12194 22 12223 3 12238 3 12325 15 12351 2 12367 5 12457 8 12479 2 12608 1,9996 3 10124 4 10227 2 10253 4 10354 3 10382 3 10482 3 10511 3 10609 4 10640 2 10737 3 10768 3 10864 3 10897 4 10991 3 11026 4 11119 2 11155 3 11246 1 11285 1 11373 1 11499 2 11626 3 11753 3 11881 1 12090 3 12100 4 12217 6 12226 8 12343 8 12354 10 12470 9 12482 11 12596 11 12610 12 12724 10 12738 11 12856 5 12867 8
gap_afa48b36cf9bb16c57,,6868 1 6995 3 7085 2 7123 3 7213 4 7252 2 7341 5 7381 1 7469 5 7593 1 7599 3 7721 2 7728 1 7760 2 7849 3 7887 3 7892 2 7977 3 8015 8 8107 4 8143 8 8235 4 8242 2 8271 7 8364 3 8371 1 8400 4 8527 4 8655 2,,,5028 3 5155 5 5172 2 5282 6 5293 4 5300 3 5312 4 5318 5 5330 9 5407 9 5419 15 5439 15 5456 13 5476 3 5534 10 5546 17 5567 33 5662 6 5673 18 5695 35 5790 6 5801 17 5824 35 5918 6 5929 16 5953 8 5966 21 6047 4 6057 13 6083 4 6095 20 6185 10 6211 4 6224 19 6314 8 6338 5 6352 19 6442 8 6466 5 6481 18 6571 7 6593 6 6612 14 6699 7 6719 8 6741 2 6745 8 6828 7 6845 10 6875 4 6956 7 6972 11 7087 4 7099 14 7217 4 7227 15 7346 4 7356 14 7474 4 7485 5 7493 5 7602 4 7621 6 7729 4 7750 5 7857 4 7879 4 7987 1 8007 4 8115 2 8136 3 8244 2 8264 3 8372 6 8393 2 8499 11 8521 2 8628 13 8649 2 8757 14 8776 4 8886 22 9016 1 9022 14 9152 11 9283 7 9412 6 9540 5 9669 2,,8915 2 9042 2 9133 1 9169 3 9261 1 9296 4 9422 5 9550 5 9678 5 9774 4 9805 5 9902 5 9932 6 10030 7 10056 1 10059 7 10158 10 10182 3 10187 7 10285 37 10413 37 10544 8 10553 25 10673 20 10694 12 10799 1 10802 30 10929 31 11058 30 11187 28 11316 24 11450 11 11463 4 11580 7 11710 3,4883 2 5012 3 5102 3 5136 1 5140 4 5229 5 5261 6 5268 5 5357 5 5388 13 5484 6 5515 15 5612 8 5642 17 5740 9 5769 19 5867 11 5897 20 5995 12 6024 21 6122 14 6152 22 6250 14 6279 24 6377 16 6407 25 6503 18 6535 32 6630 19 6662 34 6743 2 6757 20 6790 35 6869 6 6883 22 6918 35 6998 5 7010 23 7046 15 7062 19 7126 6 7135 27 7174 35 7254 36 7302 35 7382 36 7430 35 7510 36 7558 35 7639 35 7686 35 7767 35 7814 32 7848 1 7894 36 7943 31 8023 35 8071 32 8151 35 8200 31 8281 32 8329 31 8408 33 8458 31 8535 33 8585 33 8663 32 8713 33 8790 32 8841 34 8917 31 8970 34 9044 29 9099 34 9172 29 9227 21 9250 11 9300 29 9356 21 9379 11 9427 31 9486 19 9508 10 9555 31 9615 18 9637 9 9683 30 9745 17 9766 8 9810 31 9876 15 9895 7 9938 10 9949 19 10006 14 10024 6 10066 9 10077 18 10137 13 10154 4 10194 8 10204 17 10267 13 10283 2 10322 7 10331 14 10397 12 10412 1 10450 5 10458 12 10527 12 10578 4 10585 10 10657 11 10706 2 10711 10 10787 12 10838 10 10916 13 10964 10 11046 12 11089 11 11176 9 11215 11 11306 8 11343 8 11435 7 11470 7 11565 6 11574 2 11597 6 11695 3 11701 4 11717 3 11725 3 11829 4 11845 2
gap_695033062cb0d03fd1,5057 3 5183 6 5311 7 5438 8 5566 8 5694 8 5822 3 5828 1 6208 4 6336 5 6463 6 6591 6 6720 4 7342 3 7469 6 7595 9 7722 11 7762 1 7848 14 7888 7 7975 15 8016 8 8101 18 8144 10 8228 19 8273 10 8356 19 8401 11 8483 20 8530 10 8611 20 8658 10 8739 20 8786 10 8867 20 8915 9 8995 20 9044 4 9123 19 9172 3 9251 19 9379 18 9508 16 9637 14 9765 12 9895 9 10025 5,6977 1,,,,,6978 3 7104 5 7211 2 7233 4 7337 4 7361 4 7464 5 7489 5 7592 3 7615 9 7640 2 7742 11 7768 3 7868 14 7897 3 7996 14 8026 2 8124 14 8253 13 8381 13 8480 1 8509 13 8607 3 8638 12 8734 4 8767 9 8861 5 8894 9 8989 4 9021 3 9025 6 9032 3 9054 1 9117 3 9149 3 9153 5 9159 4 9182 2 9276 15 9399 20 9526 21 9548 2 9552 3 9653 21 9675 9 9781 8 9791 9 9803 11 9908 9 9921 5 9931 13 10039 5 10049 4 10059 6 10067 6 10144 2 10169 2 10178 3 10187 3 10191 2 10196 6 10273 1 10277 5 10307 1 10316 1 10326 2 10406 4 10435 1 10444 1 10535 1,6935 2 7056 6 7063 1 7183 8 7284 2 7287 5 7310 9 7411 10 7438 8 7538 11 7567 7 7666 11 7686 2 7695 6 7795 9 7814 4 7823 4 7924 7 7941 6 7951 3 8053 6 8069 7 8182 6 8196 8 8323 10 8450 11 8578 11 8706 12 8834 12 8966 8 9082 1 9095 6 9185 3 9219 10 9312 5 9348 7 9441 4 9477 6 9569 3 9606 4 9731 1 9733 5 9860 6 9989 5 10004 1 10056 1 10118 4 10132 2 10141 1 10173 3 10183 4 10261 6 10269 4 10300 5 10311 4 10331 1 10342 2 10370 1 10390 12 10427 6 10438 5 10459 1 10470 2 10498 2 10519 11 10551 10 10566 8 10626 2 10647 9 10678 12 10694 9 10754 3 10776 7 10809 9 10822 9 10882 3 10904 7 10938 7 10950 9 11010 4 11033 7 11080 1 11138 5 11161 7 11266 5 11291 5 11395 4 11420 4 11526 1 11549 2 11678 1
gap_4baa5bf5f34d797630,,5043 7 5170 9 5297 14 5428 13 5556 14 5684 15 5812 16 5939 19 6067 20 6195 20 6323 19 6450 20 6578 19 6705 20 6833 22 6961 23 7088 24 7216 24 7344 23 7471 13 7490 5 7600 10 7620 1 7729 7 7859 3,,7505 6 7632 8 7759 10 7887 11 8014 13 8143 13 8271 13 8400 13 8484 4 8529 12 8610 7 8657 12 8737 9 8786 10 8865 9 8915 9 8993 9 9044 7 9121 8 9173 5 9249 8 9378 5,3278 2 3404 11 3488 6 3530 14 3615 7 3641 4 3657 17 3743 7 3769 6 3785 20 3872 6 3897 8 3911 24 3993 4 4001 4 4027 36 4120 6 4163 30 4247 7 4293 30 4374 8 4422 4 4427 25 4501 8 4556 24 4629 7 4646 1 4684 25 4756 6 4812 25 4884 5 4940 4 4946 19 5011 6 5068 3 5075 18 5138 6 5169 1 5195 3 5204 17 5265 7 5296 1 5323 3 5333 16 5391 9 5423 5 5462 14 5518 11 5550 6 5592 7 5646 12 5677 7 5721 5 5733 4 5774 13 5804 8 5860 7 5902 13 5931 8 5987 8 6030 13 6058 9 6114 10 6159 12 6186 9 6242 10 6293 8 6302 5 6314 9 6369 11 6422 14 6442 8 6496 12 6548 17 6571 7 6623 13 6674 20 6699 6 6750 14 6802 20 6827 6 6878 14 6929 22 6955 6 7006 13 7057 22 7084 4 7134 13 7185 13 7200 11 7212 4 7262 14 7313 13 7330 14 7390 14 7442 12 7462 6 7470 1 7518 14 7570 12 7590 6 7646 15 7699 10 7718 6 7775 14 7827 10 7846 6 7905 12 7956 8 7975 4 8034 10 8086 4 8164 8 8294 5,,7867 7 7993 11 8120 13 8247 14 8374 16 8502 16 8629 17 8757 17 8885 17 9013 17 9142 15 9270 15 9398 14 9526 14 9542 1 9654 19 9780 23 9907 25 10034 17 10054 5 10159 18 10286 4 10294 4 10301 3 10430 2 10558 2 10686 1 11326 2,8136 3 8264 5 8369 1 8392 6 8495 4 8520 6 8622 5 8648 7 8750 5 8776 7 8877 6 8904 8 9005 6 9032 8 9132 7 9161 7 9260 8 9289 7 9388 8 9417 7 9516 8 9546 6 9644 7 9676 3 9772 7 9901 4 10180 2 10306 7 10318 1 10433 19 10547 10 10561 20 10665 2 10668 17 10689 21 10792 21 10817 21 10920 21 10945 21 11048 21 11073 22 11176 21 11201 23 11304 21 11329 22 11432 21 11457 22 11561 20 11585 20 11691 18 11714 16 11821 15 11843 7 11951 12 11974 1
gap_dee4027320039b7c29,4926 1,,,,,,1724 7 1851 9 1978 11 2105 12 2232 6 2242 4 2359 5 2371 4 2486 5 2500 4 2614 4 2629 4 2742 2 2758 3 2887 1 5176 1 5445 2 5448 2 5558 2 5572 6 5686 2 5701 1 5815 2 5943 1 5948 4 6074 8 6199 14 6327 14 6456 12 6585 11 6709 16 6837 17 6966 17 7095 17 7224 17 7242 5 7353 16 7370 5 7482 10 7495 7 7611 7 7625 1 7741 3 9023 2 9151 2,6261 8 6388 9 6514 10 6642 8 6758 2 6771 7 6886 1 6898 9 6915 4 7024 11 7043 6 7150 13 7170 8 7275 15 7298 9 7402 14 7426 9 7517 1 7529 15 7555 9 7644 3 7657 15 7683 9 7733 4 7748 3 7772 3 7785 15 7812 8 7860 6 7875 5 7900 4 7913 15 7942 6 7988 7 8002 8 8028 5 8041 15 8071 5 8116 8 8129 9 8156 7 8170 14 8201 2 8244 10 8257 9 8285 8 8299 13 8373 9 8385 8 8413 8 8427 12 8502 7 8513 7 8542 7 8555 12 8632 5 8642 6 8671 5 8684 10 8718 4 8771 4 8800 4 8813 8 8845 9 8929 2 8941 6 8972 10 9058 1 9071 1 9100 11 9233 6 9327 1 9363 2 9453 5 9577 10 9704 10 9832 8 9960 5
gap_f1b57a1cc77ba2a931,,6721 3 6847 6 6858 4 6975 6 6985 6 7103 6 7113 7 7231 6 7241 7 7360 5 7370 6 7489 2 7499 4 7615 3 7740 7 7857 1 7867 8 7985 1 7995 7 8009 3 8113 1 8123 6 8137 3 8240 1 8248 1 8265 3 8368 1 8379 1 8393 3 8521 2,,,3645 5 3763 19 3787 3 3889 39 4016 43 4139 52 4267 54 4395 37 4434 16 4523 28 4553 6 4563 17 4652 10 4669 9 4694 15 4776 13 4798 7 4822 16 4903 13 4926 7 4950 7 4960 7 5031 13 5054 6 5077 7 5089 8 5159 13 5182 3 5205 6 5216 9 5287 13 5332 5 5344 10 5404 4 5415 15 5460 5 5472 11 5531 6 5544 15 5588 5 5600 11 5658 7 5672 16 5716 5 5728 13 5786 6 5801 15 5831 6 5845 3 5856 13 5916 3 5930 14 5958 8 5984 14 6059 13 6085 9 6112 14 6191 9 6213 9 6240 14 6321 6 6342 7 6368 14 6450 3 6471 4 6497 14 6625 14 6736 2 6754 13 6862 2 6865 2 6882 13 6991 1 7009 14 7120 1 7127 24 7248 1 7259 19 7388 18 7517 16 7649 2 7655 5 7783 5 7912 4,,8506 9 8633 11 8760 13 8886 15 9013 17 9141 18 9261 1 9268 19 9388 28 9516 29 9647 26 9775 27 9804 2 9902 34 10030 35 10159 35 10287 33 10416 31 10544 31 10672 30 10801 16 10818 11 10929 27 11058 25 11190 19 11322 5 11328 8 11451 2 11461 1 11579 2 11707 2 11835 1,6934 5 7061 6 7188 8 7316 8 7444 9 7571 11 7595 4 7699 12 7721 8 7827 13 7849 8 7955 14 7977 8 8082 16 8105 8 8210 17 8232 8 8273 2 8293 3 8337 31 8399 6 8420 6 8465 31 8526 7 8547 8 8593 30 8653 8 8674 9 8721 30 8781 8 8801 10 8849 28 8909 8 8921 1 8929 10 8977 28 9037 16 9056 11 9105 27 9165 17 9183 12 9233 28 9294 28 9362 26 9424 26 9490 26 9553 26 9618 27 9682 25 9747 27 9810 25 9876 26 9939 24 10006 24 10067 24 10138 21 10194 25 10267 20 10321 25 10391 7 10399 17 10447 27 10518 26 10575 26 10645 27 10702 27 10773 20 10794 7 10829 27 10901 19 10922 7 10956 27 11030 18 11051 7 11083 25 11158 19 11179 8 11209 19 11287 19 11307 13 11336 7 11345 10 11417 32 11456 2 11462 8 11473 16 11546 32 11582 16 11600 18 11676 30 11710 15 11728 19 11805 28 11838 14 11855 19 11935 16 11956 5 11966 14 11982 19 12065 14 12094 13 12109 19 12196 10 12223 4 12230 3 12236 19 12326 8 12362 20 12489 20 12617 18 12745 15 12873 12 13003 7
gap_15b35e59de5942b440,4683 12 4809 17 4937 19 5065 21 5194 21 5322 23 5450 25 5579 25 5665 4 5707 26 5792 6 5835 27 5918 8 5964 27 6045 9 6092 27 6173 9 6221 27 6300 9 6350 26 6428 9 6478 27 6555 11 6607 26 6683 11 6735 26 6811 11 6863 27 6938 12 6991 27 7066 12 7119 27 7194 13 7248 27 7322 13 7376 27 7449 14 7504 27 7577 15 7632 27 7705 15 7760 27 7833 16 7888 27 7961 17 8015 28 8089 18 8142 30 8217 19 8270 30 8345 20 8397 31 8473 21 8525 31 8601 23 8653 31 8729 24 8780 32 8857 26 8908 32 8985 27 9036 33 9113 27 9163 33 9242 27 9290 34 9370 26 9417 35 9498 26 9545 35 9627 25 9674 34 9755 24 9802 33 9883 24 9931 32 10012 23 10059 32 10140 23 10187 31 10268 24 10315 31 10397 24 10444 30 10525 25 10572 29 10654 26 10700 29 10782 26 10829 27 10911 26 10957 26 11040 25 11085 26 11168 24 11213 25 11297 23 11342 23 11426 21 11471 21 11555 19 11599 20 11685 16 11728 18 11814 14 11857 15 11944 10 11987 11 12075 5 12118 6,5172 10 5298 13 5425 15 5444 4 5551 17 5571 6 5678 28 5804 31 5931 32 6058 34 6185 36 6312 37 6439 39 6566 41 6694 41 6822 41 6950 41 7079 40 7207 40 7335 40 7463 41 7592 40 7721 38 7850 37 7979 34 8108 31 8237 29 8366 5 8373 21 8501 21 8629 22 8757 21 8885 21 9014 18 9146 12 9276 8 9400 1 9407 2 9525 7 9652 8 9779 10 9907 10 10035 10 10163 10 10292 8 10421 7 10550 5,,,,,4169 2 4279 6 4295 12 4401 12 4420 1 4424 13 4528 12 4557 7 4655 8 4829 3 4957 4 5086 3 5215 4 5281 3 5346 1 5408 4 5535 3 5662 3 5790 1 7147 1 7191 2 7275 2 7319 3 7403 2 7447 2 7531 2 7575 2 7659 2 7703 2 7787 2 7831 2 7915 2 8043 2 8172 1 8300 1 9112 1 9240 1 9368 2 9496 2 9581 1 9624 3 9708 2 9752 3 9794 5 9835 3 9881 2 9921 8 9963 3 10010 1 10047 11 10091 2 10175 11 10218 3 10302 12 10346 2 10430 12 10474 2 10558 11 10601 2 10686 10 10729 2 10814 10 10857 1 10943 8 11071 8 11199 8 11326 10 11453 13 11581 14 11707 2 11714 2 11720 5 11835 1 11843 1 11851 1 11854 2 11971 1 11983 3 12070 3 12080 3 12098 2 12113 4 12200 10 12226 2 12242 8 12330 7 12354 2 12371 8 12482 2,11837 3 11846 3 11961 8 11973 7 12087 11 12100 10 12213 13 12228 11 12340 14 12356 13 12467 14 12484 14 12595 14 12613 14 12724 12 12741 13 12854 8 12870 8 13000 4
gap_3187e1755ba39cc448,,6355 4 6482 5 6574 1 6610 5 6701 4 6738 4 6829 5 6865 5 6957 5 6993 4 7085 5 7121 4 7214 5 7249 3 7342 5 7377 2 7471 4 7599 4 7728 3 7856 3 7985 1,,,4814 3 4913 3 4942 2 5042 1 5059 4 5185 7 5312 8 5440 8 5568 8 5684 7 5696 8 5812 9 5824 7 5940 9 5953 6 6068 10 6081 6 6171 2 6196 10 6210 5 6220 3 6298 4 6323 12 6339 6 6348 4 6428 2 6451 13 6467 12 6579 13 6595 12 6708 8 6717 3 6723 12 6839 4 6846 1 6852 10 6969 2 6980 9 7097 6 7108 3 7113 2 7225 6 7352 7 7480 7 7607 7 7735 7 7863 6 7991 6 8119 6 8247 5 8375 5 8500 8 8524 2 8627 8 8651 4 8755 4 8779 5 8883 3 8907 5 9035 5 9163 4 9292 3 9674 3 9801 4 9929 4 10057 3 10184 4 10311 6 10438 7 10565 8 10689 12 10816 12 10943 6 10953 1 11071 5 11085 1 11200 3,,11701 2 11713 2 11722 5 11829 4 11838 7 11849 6 11957 5 11965 9 11976 6 12085 6 12093 9 12103 7 12213 6 12221 9 12232 5 12342 5 12349 9 12477 8,5981 6 6107 9 6233 11 6304 7 6360 11 6432 10 6487 11 6561 10 6615 11 6689 11 6742 11 6758 5 6818 10 6870 9 6885 7 6936 4 6947 10 6997 8 7012 8 7059 11 7076 9 7125 9 7140 8 7187 12 7205 9 7253 11 7268 12 7319 10 7333 9 7381 12 7396 14 7448 10 7459 10 7509 12 7524 15 7578 20 7636 14 7651 17 7707 5 7713 13 7764 14 7779 18 7842 13 7892 34 7952 3 7970 12 8021 33 8079 7 8098 12 8149 33 8208 6 8223 1 8226 12 8277 33 8337 4 8349 4 8354 12 8406 32 8467 2 8477 17 8534 32 8595 2 8606 15 8662 16 8679 14 8723 3 8734 15 8791 14 8806 15 8849 11 8862 15 8919 9 8929 3 8933 16 8976 14 8991 14 9047 8 9057 20 9103 15 9120 12 9176 6 9185 19 9231 16 9248 3 9252 8 9304 5 9313 18 9359 20 9381 7 9433 3 9440 18 9488 19 9510 5 9567 18 9616 20 9639 4 9694 19 9746 18 9821 19 9875 18 9948 20 10004 18 10076 2 10081 15 10133 18 10203 2 10208 15 10262 19 10331 2 10335 14 10390 21 10459 16 10519 20 10587 14 10648 19 10713 14 10777 18 10840 14 10907 15 10967 13 11037 14 11094 13 11166 14 11221 12 11295 14 11348 11 11425 14 11475 10 11554 14 11602 9 11685 12 11729 8 11815 10 11856 7 11945 9 11984 6 12077 6 12112 5 12207 4 12240 3
gap_ac7b4a740412cc55e5,4533 2 4659 6 4786 7 4806 4 4905 2 4912 9 4933 6 5030 19 5061 7 5154 22 5189 7 5279 25 5317 7 5327 4 5336 3 5406 25 5446 24 5532 26 5575 25 5659 26 5704 25 5785 27 5833 26 5912 27 5962 26 6039 27 6091 26 6165 29 6220 26 6293 28 6348 27 6420 29 6476 28 6547 29 6604 29 6674 30 6732 30 6802 30 6859 31 6929 30 6987 32 7056 31 7114 34 7184 31 7233 1 7241 36 7311 32 7359 5 7368 38 7439 32 7487 5 7496 39 7566 33 7614 7 7623 40 7694 33 7742 7 7751 41 7821 33 7870 7 7879 42 7949 33 7998 7 8007 42 8077 33 8126 7 8136 42 8204 34 8253 8 8264 42 8332 34 8376 12 8393 41 8460 34 8504 8 8521 7 8529 34 8588 34 8632 6 8649 7 8657 34 8716 34 8760 5 8777 42 8845 33 8903 44 8973 33 9031 44 9101 33 9158 46 9229 33 9286 46 9357 33 9414 45 9485 33 9543 44 9614 32 9671 44 9742 32 9800 43 9871 31 9928 43 9999 31 10056 42 10128 31 10185 41 10256 32 10313 40 10385 32 10441 39 10513 33 10570 38 10642 37 10698 37 10771 36 10826 37 10900 35 10955 35 11029 34 11083 34 11157 33 11212 32 11286 31 11340 31 11416 28 11469 29 11545 26 11598 27 11674 24 11727 25 11804 20 11856 23 11933 18 11986 20 12063 15 12116 16 12194 10 12246 11,5689 8 5815 11 5942 12 5956 3 6069 13 6084 4 6196 14 6212 5 6323 15 6339 8 6451 15 6468 8 6578 15 6597 7 6706 15 6726 6 6833 16 6854 5 6961 16 6983 3 7088 16 7216 15 7344 13 7472 11 7600 10 7728 7 7856 7 7985 5 8752 1 8755 2 8879 6 9007 8 9135 9 9263 10 9391 11 9518 12 9646 12 9774 12 9902 11 10031 9 10159 9 10288 7 10417 5 10547 2,,,8640 3 8767 5 8886 6 8897 3 9015 6 9144 3 9273 1,,3887 20 4012 28 4138 4 4144 25 4265 2 4268 1 4272 26 4390 3 4402 4 4412 7 4422 3 4427 2 4434 2 4516 10 4554 3 4562 6 4643 11 4683 3 4694 4 4770 12 4811 5 4822 5 4897 6 4940 17 5024 5 5068 18 5202 12 5332 2 5342 1 6036 1 6163 2 6290 2 6417 2 6544 3 6672 2 6799 2 6927 1 7278 2 7406 3 7535 3 7664 3 7691 1 7792 3 7818 3 7921 3 7945 4 8050 2 8073 3 8178 2 8201 3 8329 2 8458 1 9226 2 9332 2 9354 3 9407 4 9460 3 9482 3 9534 7 9587 4 9610 3 9661 9 9716 3 9738 4 9789 9 9844 3 9867 3 9916 11 9972 2 10044 11 10100 2 10172 11 10299 12 10426 13 10554 14 10681 14 10767 1 10809 14 10864 3 10896 2 10940 10 10991 4 11024 4 11068 11 11118 4 11153 3 11195 12 11245 4 11281 4 11322 14 11373 4 11410 4 11449 15 11501 3 11538 5 11576 17 11629 2 11667 5 11703 20 11796 5 11831 23 11925 4 11959 5 11967 4 11974 9 12056 1 12088 4 12095 4 12101 10 12215 3 12224 3 12230 9 12241 2 12342 2 12352 3 12358 8 12370 4 12387 2 12480 2 12487 6 12502 16 12604 3 12608 2 12631 15 12731 4 12736 2 12760 13 12860 6 12891 7 12988 6 13119 3,9854 2 9980 4 10108 4 10235 5 10363 5 10371 4 10490 5 10498 6 10618 3 10626 7 10745 4 10755 7 10872 4 10884 6 10998 9 11015 4 11125 11 11144 3 11252 12 11273 3 11380 11 11398 2 11402 3 11507 12 11526 2 11530 5 11635 12 11651 12 11763 12 11779 13 11890 13 11907 13 12017 14 12036 3 12044 5 12092 1 12145 5 12152 2 12155 2 12166 1 12171 7 12218 5 12229 1 12272 5 12280 1 12299 8 12341 1 12344 7 12357 1 12399 6 12428 1 12431 5 12467 12 12484 3 12526 5 12560 6 12594 10 12612 9 12653 5 12660 1 12690 5 12722 9 12740 12 12777 9 12819 5 12850 7 12868 13 12905 8 12948 5 12979 6 12996 14 13033 3 13078 5 13108 4 13125 15 13207 4 13253 2 13257 10 13386 6
gap_94514097c6ae618fb3,7619 1 7747 2 7875 2,,,,,,8769 5 8896 8 9024 9 9152 9 9280 9 9408 9 9536 9 9654 21 9781 23 9807 1 9910 23 9934 2 10040 20 10062 2 10170 14 10305 5 10434 4 10563 2 10692 1 11332 1,7767 1 7894 3 8022 4 8111 2 8151 4 8238 3 8280 4 8306 4 8365 3 8409 3 8432 7 8492 3 8537 4 8559 9 8619 4 8666 4 8687 10 8746 4 8795 3 8814 11 8874 3 8923 4 8941 13 9001 3 9052 4 9069 14 9102 5 9128 4 9181 4 9197 14 9229 7 9255 4 9309 5 9325 14 9357 9 9382 5 9438 5 9453 14 9484 11 9509 5 9566 6 9581 13 9612 12 9636 6 9695 5 9710 12 9739 14 9763 6 9824 5 9838 11 9867 14 9890 6 9953 5 9967 10 9995 14 10016 7 10082 5 10096 7 10123 14 10142 8 10212 3 10225 4 10251 14 10270 7 10313 5 10342 1 10353 3 10379 14 10398 3 10402 2 10426 6 10439 8 10480 5 10508 12 10526 2 10552 9 10567 8 10607 6 10637 10 10653 3 10680 10 10694 9 10734 8 10766 9 10808 10 10822 9 10862 7 10895 9 10936 10 10950 8 10990 6 11026 7 11065 9 11078 8 11154 8 11194 8 11207 6 11282 9 11326 2 11411 8 11541 5
gap_b8768036f47f1f992c,,,,,,,4030 4 4156 8 4283 10 4410 4 4417 5 4538 3 4547 3 4666 3 4675 4 4794 2 4804 3 4922 1 4932 3 5050 1 5060 4 5178 1 5188 4 5305 2 5316 4 5433 1 5445 2 5813 3 5834 1 5940 4 5961 3 6068 4 6089 3 6195 4 6217 3 6323 3 6346 3 6451 2 6475 2 6578 3 6603 2 6706 3 6731 2 6840 1 6847 3 6968 1 6971 15 7098 16 7226 14 7354 4 7362 5 7482 3 7491 3 7611 2 7620 1 7869 2 7998 4,
gap_813b9ffe5bb2fd4007,,7615 2 7733 2 7742 5 7748 4 7861 2 7869 12 7996 14 8124 14 8253 12 8383 2 8388 5,,8500 2 8628 2,3141 3 3250 5 3259 4 3267 6 3376 17 3395 7 3410 3 3503 28 3538 4 3546 3 3630 30 3666 4 3674 4 3757 22 3781 7 3794 3 3801 5 3884 23 3909 7 3930 5 4011 14 4030 4 4038 5 4059 8 4139 13 4165 5 4188 8 4266 14 4293 5 4318 8 4395 13 4420 6 4451 4 4523 12 4549 5 4580 4 4651 11 4677 4 4709 3 4778 11 4838 3 4905 10 4967 2 5032 9 5159 9 5214 3 5225 1 5287 9 5342 4 5351 5 5405 2 5414 9 5470 15 5531 4 5542 9 5588 5 5598 16 5658 6 5667 12 5715 8 5726 16 5786 6 5793 7 5803 4 5842 29 5913 15 5931 5 5970 29 6041 15 6059 5 6098 29 6169 6 6177 7 6187 6 6228 3 6234 2 6237 1 6239 17 6297 6 6306 6 6316 5 6367 17 6425 6 6435 5 6444 4 6470 2 6496 16 6555 4 6564 3 6573 2 6584 1 6598 2 6624 16 6683 5 6752 16 6810 7 6880 15 6937 9 7008 15 7065 9 7137 13 7193 10 7267 10 7321 10 7396 9 7449 9 7525 7 7577 10 7654 6 7706 12 7783 3 7835 12 7964 4 7969 6 8098 5 8227 3,,8639 3 8764 10 8891 13 9018 14 9146 14 9274 15 9401 16 9529 17 9657 16 9786 15 9915 12 10045 7 10174 9 10300 13 10426 16 10554 16 10682 16 10810 16 10938 10 10949 4 11071 4 11078 3 11200 2 11328 2 11456 1 11584 1 11712 2 11840 2 11968 2,8495 5 8527 5 8623 5 8630 1 8653 8 8750 9 8779 10 8878 10 8907 10 9006 10 9035 10 9134 10 9163 10 9263 9 9291 9 9391 9 9420 7 9519 8 9548 6 9648 7 9677 3 9777 5 9827 1 9953 3 10079 4 10206 3 10332 4 10459 4 10586 2 10675 1 10701 6 10800 7 10828 10 10926 10 10956 11 11053 13 11083 12 11180 17 11210 13 11308 18 11331 3 11337 14 11436 19 11459 20 11565 18 11587 19 11694 16 11715 19 11823 15 11844 17 11952 14 11972 15 12082 12 12100 13 12213 9 12228 6 12343 5 12357 5 12486 4
gap_10564b0cd8ab0adf62,3410 3 3530 14 3626 3 3655 19 3752 6 3783 20 3878 7 3911 22 4005 8 4039 23 4132 8 4168 23 4258 10 4297 23 4385 10 4426 23 4512 11 4555 23 4639 11 4684 23 4767 11 4813 23 4894 12 4941 23 5021 12 5069 24 5148 13 5198 24 5275 14 5326 24 5403 14 5454 25 5530 15 5583 24 5658 15 5711 25 5785 15 5838 26 5912 16 5966 27 6040 17 6094 27 6168 17 6222 27 6295 19 6349 28 6423 20 6477 29 6551 20 6605 29 6679 21 6732 30 6807 22 6860 31 6935 23 6988 31 7062 25 7116 31 7190 25 7244 31 7318 26 7372 31 7446 27 7501 30 7574 28 7629 30 7702 29 7758 29 7830 30 7886 29 7958 32 8015 29 8086 32 8143 29 8214 33 8272 27 8342 33 8389 8 8399 28 8470 33 8515 40 8598 32 8642 41 8726 30 8770 41 8855 27 8898 41 8983 26 9026 40 9111 26 9155 39 9239 26 9284 38 9367 27 9413 37 9496 26 9542 35 9624 27 9670 35 9753 27 9799 33 9881 28 9927 33 10010 29 10056 32 10138 30 10184 31 10266 30 10312 31 10395 29 10441 29 10523 29 10569 28 10652 28 10698 27 10780 27 10826 26 10909 26 10955 24 11038 24 11084 22 11166 24 11213 21 11295 22 11342 19 11424 20 11471 16 11553 18 11600 14 11683 14 11730 10 11813 11 11944 5,3770 4 3897 6 4023 9 4149 13 4270 21 4396 25 4523 30 4651 32 4778 34 4906 35 5034 35 5161 37 5289 37 5417 37 5545 38 5673 38 5801 37 5929 37 6057 37 6185 37 6314 35 6443 34 6572 25 6598 6 6701 25 6727 4 6829 28 6959 27 7088 27 7219 24 7348 24 7476 25 7604 25 7733 25 7862 24 7991 23 8120 22 8250 14 8267 3 8379 9 8509 4 8756 6 8883 8 9009 10 9138 10 9266 10 9394 10 9522 10 9651 9 9780 7 9909 4,,,8766 1,,2993 13 3012 4 3018 9 3119 16 3140 4 3146 10 3245 11 3261 2 3264 3 3269 2 3273 11 3377 6 3402 6 3506 4 4837 1 4965 2 5093 3 5222 2 5273 2 5350 3 5400 3 5479 2 5528 2 5607 2 5655 3 5736 1 5783 2 5911 1 7276 1 7317 1 7403 3 7444 2 7531 3 7572 2 7659 3 7700 2 7787 3 7828 2 7915 3 7956 2 8044 1 8084 2 9195 1 9279 3 9322 2 9405 7 9450 2 9533 7 9577 3 9622 2 9660 9 9705 2 9751 2 9788 9 9832 3 9879 2 9915 11 9960 2 10007 3 10043 11 10088 2 10135 3 10171 11 10216 1 10264 2 10299 11 10344 1 10393 2 10427 11 10521 2 10555 11 10650 1 10683 11 10811 11 10939 11 11067 12 11195 15 11322 17 11446 16 11464 5 11573 5 11582 5 11594 5 11699 7 11711 4 11725 4 11825 5 11839 3 11854 6 11951 5 11968 2 11988 2 12077 5 12096 2 12203 4,11707 2 11716 6 11833 5 11844 8 11958 9 11971 11 12084 11 12099 13 12211 12 12227 14 12338 13 12355 14 12466 12 12485 10 12595 10
gap_ecb2e8c902bd4a391a,3870 15 3994 21 4119 25 4157 2 4244 27 4285 6 4301 15 4371 26 4413 35 4497 25 4542 37 4624 23 4671 38 4751 22 4801 38 4878 22 4931 38 5005 22 5060 38 5132 22 5189 38 5259 22 5319 38 5387 21 5448 38 5514 22 5576 39 5641 22 5705 39 5769 21 5834 39 5896 22 5962 39 6024 21 6090 40 6151 22 6218 41 6279 21 6346 41 6407 21 6475 41 6535 20 6603 42 6663 20 6731 42 6790 21 6859 43 6918 21 6987 43 7046 21 7115 44 7174 21 7243 44 7302 21 7371 45 7430 21 7499 45 7558 21 7626 46 7687 20 7754 46 7815 21 7881 47 7943 21 8008 49 8071 22 8136 49 8199 23 8264 49 8327 24 8392 48 8456 24 8521 47 8584 25 8649 47 8712 25 8778 46 8841 26 8906 46 8969 27 9035 45 9098 27 9163 45 9226 28 9292 43 9354 30 9421 42 9482 31 9550 41 9611 31 9679 40 9739 31 9798 5 9807 40 9867 31 9926 6 9935 39 9996 30 10054 7 10063 39 10124 30 10183 46 10253 29 10311 46 10381 30 10440 44 10510 29 10568 44 10639 29 10697 42 10767 30 10825 42 10896 31 10953 41 11025 35 11082 40 11154 35 11210 40 11283 34 11338 39 11412 32 11467 37 11541 31 11595 36 11669 30 11724 34 11799 27 11853 32 11928 24 11983 29 12057 21 12112 27 12186 18 12240 26 12318 7 12327 2 12369 24 12499 21 12629 18 12759 3 12763 10,4527 5 4581 2 4653 10 4780 12 4906 15 5033 17 5055 3 5160 18 5183 4 5287 18 5310 6 5415 18 5438 8 5542 18 5565 10 5669 19 5693 11 5796 22 5821 12 5920 27 5949 12 6048 42 6175 43 6302 44 6429 45 6557 46 6684 47 6812 47 6940 47 7068 47 7196 47 7324 33 7359 11 7452 32 7487 9 7580 37 7619 4 7708 37 7837 37 7965 38 8094 37 8223 36 8357 31 8486 30 8614 31 8741 32 8869 28 8898 3 8904 1 8998 26 9026 6 9128 20 9154 6 9262 14 9284 5 9392 11 9413 6 9521 9 9544 4 9647 11 9773 8 9782 3 9899 10 10027 10 10155 11 10283 11 10412 10 10540 10 10669 9 10798 6 10928 3,,,,,3237 4 3249 3 3360 9 3378 8 3489 4 3506 11 3518 6 3534 4 3610 4 3635 18 3662 5 3668 4 3736 6 3763 19 3791 3 3796 8 3863 5 3891 19 3926 8 3990 4 4029 9 4058 6 4162 4 4189 4 4319 1 4452 1 4711 1 4748 2 4875 2 5002 3 5129 3 5256 3 5384 2 5512 1 6002 1 6130 2 6149 1 6259 2 6277 2 6387 3 6404 2 6516 3 6532 3 6645 2 6660 2 6788 2 7544 3 7556 2 7672 3 7684 2 7800 4 7812 3 7929 3 7940 3 8057 3 8068 3 8186 1 8196 3 9080 2 9096 1 9208 3 9223 3 9335 4 9351 3 9463 4 9479 3 9591 4 9607 4 9719 4 9736 3 9790 5 9848 2 9864 3 9917 7 9993 1 10044 9 10171 11 10299 11 10426 12 10554 12 10613 1 10682 12 10740 2 10810 12 10867 3 10937 13 10994 4 11065 13 11122 4 11193 13 11250 4 11279 1 11321 13 11377 4 11407 2 11449 13 11505 3 11536 2 11577 12 11633 2 11665 3 11705 3 11709 8 11761 1 11794 3 11831 14 11922 4 11957 17 12051 4 12084 20 12180 4 12210 24 12309 4 12338 9 12349 14 12438 4 12465 10 12477 5 12483 9 12567 5 12593 11 12605 4 12611 10 12696 6 12722 8 12733 3 12738 13 12826 6 12845 1 12850 7 12861 3 12868 13 12957 2 12961 2 12964 3 12970 2 12989 3 12997 14 13118 2 13121 1 13126 1 13129 13 13157 2 13246 2 13259 3 13266 8 13278 8 13377 1 13396 16 13526 13 13658 6,10501 1 10629 2 10757 2 10885 4 11014 4 11142 4 11270 4 11399 5 11512 2 11527 5 11640 2 11651 1 11656 4 11767 7 11780 2 11786 2 11894 8 11908 3 11915 1 12021 9 12036 3 12149 8 12166 1 12276 8 12403 8 12530 8 12658 2 12662 2 12730 2 12785 3 12857 3 12866 2 12912 4 12976 12 12993 4 13039 5 13103 13 13122 4 13167 5 13230 14 13249 10 13294 5 13358 14 13378 13 13423 2 13487 13 13506 15 13618 9 13634 15 13749 3 13764 12 13895 5
gap_b22ecf23e0422e6f32,6610 4 6737 7 6864 9 6960 1 6992 10 7085 8 7119 13 7212 11 7247 14 7339 14 7375 15 7466 16 7503 15 7593 17 7631 16 7720 19 7758 18 7847 20 7885 19 7975 20 8012 21 8102 22 8131 4 8140 21 8230 22 8258 6 8267 22 8357 23 8386 6 8394 24 8485 24 8515 5 8521 25 8612 25 8643 31 8740 26 8773 29 8868 27 8902 28 8995 29 9030 28 9123 29 9158 28 9251 30 9285 29 9379 30 9413 29 9507 30 9541 29 9636 29 9670 27 9764 28 9799 26 9892 27 9928 25 10021 26 10057 23 10149 25 10186 22 10278 23 10314 21 10407 22 10443 19 10536 20 10572 17 10664 19 10700 16 10793 18 10829 14 10922 16 10958 12 11052 13 11087 9 11182 10 11216 6 11315 3,7231 4 7357 6 7372 1 7483 8 7495 7 7611 8 7622 8 7739 8 7750 8 7868 7 7878 7 8007 4 8136 3 8253 4 8381 4 8509 4 8638 3,,,8898 3 9026 4 9154 4 9282 3,,6206 10 6328 23 6455 26 6487 3 6581 28 6615 5 6701 3 6708 28 6744 5 6827 4 6836 27 6873 4 6954 4 6964 13 6985 5 7003 3 7081 4 7093 3 7132 2 7209 3 7261 2 7336 3 7390 1 7464 2 7591 2 7719 1 9249 1 9377 2 9505 2 9633 2 9761 3 9794 3 9889 3 9921 5 10018 3 10048 7 10081 2 10146 3 10176 7 10208 3 10275 3 10303 9 10335 3 10404 2 10431 10 10462 4 10533 1 10559 9 10590 3 10687 9 10717 3 10816 7 10845 1 10943 9 11071 10 11199 10 11211 1 11328 15 11457 5 11465 9 11573 5 11587 2 11594 9 11715 1 11843 1 11971 1 12099 2 12227 2,9709 2 9836 6 9964 6 10092 3 10220 2 10347 2 10391 4 10474 3 10518 6 10602 2 10646 6 10729 3 10777 4 10855 4 10907 2 10983 3 11036 2 11109 4 11164 3 11237 4 11293 3 11364 5 11422 4 11492 5 11552 4 11580 5 11590 4 11611 2 11621 4 11681 4 11706 8 11717 7 11749 4 11809 7 11833 9 11845 9 11877 4 11937 8 11947 3 11960 10 11973 9 12006 3 12065 6 12088 10 12101 9 12193 5 12216 9 12231 6 12321 5 12346 6 12360 1 12449 4
gap_b19118260511a48aeb,6445 3 6572 5 6699 6 6738 3 6826 8 6865 5 6953 10 6992 7 7080 12 7119 9 7207 14 7246 11 7334 16 7374 11 7461 18 7502 12 7588 19 7630 12 7716 20 7758 13 7843 21 7886 13 7971 20 8014 13 8098 21 8142 14 8226 21 8258 1 8269 15 8354 21 8385 3 8397 15 8481 21 8512 5 8525 15 8609 20 8641 4 8652 17 8737 20 8769 4 8780 17 8865 19 8899 1 8907 18 8993 19 9028 25 9121 19 9156 25 9249 19 9284 25 9378 19 9411 26 9506 20 9540 25 9634 22 9668 25 9763 21 9797 23 9891 21 9926 22 10019 21 10054 21 10148 19 10183 20 10277 18 10312 18 10405 17 10440 18 10534 16 10569 16 10663 14 10697 15 10793 12 10826 13 10922 9 10955 11 11052 6 11083 9 11182 2 11213 5,6710 3 6837 3 6860 1 7223 4 7352 4 7363 4 7480 4 7487 2 7490 6 7615 9 7627 2 7746 7 7754 3 7875 11 8003 10 8123 1 8136 5 8249 4 8264 4 8377 5 8392 4 8505 4 8520 4 8648 4 8776 3 9014 2 9142 1,,,8896 2 9025 1,,5824 3 5949 9 6060 4 6076 11 6187 4 6206 7 6219 1 6314 4 6322 4 6334 7 6347 5 6441 4 6449 5 6462 7 6475 6 6569 3 6577 6 6591 5 6603 6 6697 2 6706 4 6726 2 6732 5 6742 3 6824 2 6836 1 6861 2 6871 3 6952 1 7000 2 7129 2 7257 3 7386 2 7514 3 7643 2 7771 2 7899 3 8028 2 8156 2 8285 1 9278 2 9405 5 9504 1 9532 7 9631 3 9659 8 9760 2 9787 9 9888 3 9915 9 10016 3 10043 9 10145 2 10170 10 10274 1 10299 9 10427 9 10554 10 10682 10 10713 3 10810 11 10841 3 10938 10 10968 3 11069 5 11075 1 11094 5 11192 1 11197 4 11204 1 11222 3 11317 3 11326 3 11337 1 11350 1 11454 2 11463 4 11582 2 11711 1 11839 1 11967 1,9323 1 9450 5 9491 4 9578 6 9618 5 9705 6 9746 5 9834 3 9876 3 9962 2 10006 1 10089 2 10134 1 10217 2 10263 1 10344 2 10391 2 10472 2 10519 2 10599 2 10648 2 10726 2 10776 3 10853 2 10906 2 10980 2 11106 3 11193 3 11203 1 11232 4 11320 5 11329 5 11358 6 11446 7 11457 6 11484 8 11551 2 11574 7 11585 7 11611 10 11679 4 11701 9 11713 8 11736 2 11742 7 11806 10 11829 8 11841 9 11873 2 11933 13 11957 8 11969 9 12063 2 12070 4 12086 7 12098 7 12216 4 12227 4
gap_13f349d74ac7137b66,3914 9 4026 28 4136 13 4151 34 4261 54 4386 59 4511 22 4535 39 4638 22 4667 37 4764 22 4796 37 4891 21 4926 36 5017 21 5055 36 5144 21 5185 35 5271 21 5314 35 5398 21 5443 35 5525 21 5572 35 5652 21 5701 35 5779 22 5830 35 5906 22 5959 34 6034 21 6088 34 6161 22 6216 34 6289 21 6345 34 6416 22 6473 35 6544 21 6602 34 6671 22 6730 35 6799 22 6858 35 6927 22 6986 35 7055 21 7114 35 7183 21 7242 35 7311 21 7371 8 7380 26 7439 21 7500 34 7567 21 7630 32 7695 21 7759 31 7824 20 7887 31 7952 20 8014 32 8080 21 8140 34 8208 22 8266 36 8336 23 8394 36 8464 24 8522 36 8593 24 8650 36 8721 26 8778 36 8850 26 8907 35 8978 27 9035 35 9107 26 9157 1 9162 35 9235 25 9285 40 9364 23 9413 40 9492 21 9542 39 9621 19 9671 38 9749 19 9799 37 9878 19 9900 4 9928 36 10006 27 10056 35 10135 27 10184 35 10263 28 10312 34 10391 30 10440 34 10520 32 10568 34 10649 32 10696 33 10777 32 10825 32 10906 31 10953 31 11035 30 11081 30 11164 28 11210 28 11293 26 11338 28 11422 25 11467 26 11551 23 11595 25 11680 21 11724 23 11809 18 11854 19 11940 12 11984 16 12071 6 12114 11,5039 10 5166 13 5181 1 5292 21 5419 23 5546 26 5674 16 5693 8 5801 17 5820 10 5928 31 6056 31 6183 33 6311 33 6438 35 6566 35 6694 36 6822 36 6949 13 6964 22 7077 10 7093 21 7205 9 7221 21 7333 10 7349 11 7362 8 7461 10 7477 12 7490 8 7589 37 7717 36 7845 37 7884 2 7974 39 8103 35 8232 33 8361 30 8491 27 8620 25 8750 22 8775 2 8881 19 8903 3 9009 18 9031 3 9135 19 9261 13 9277 1 9387 14 9514 16 9642 17 9770 4 9777 10 9906 9 10034 9 10162 9 10291 7 10421 4,,,,,3510 13 3630 35 3753 44 3876 23 3904 2 3909 1 3925 2 4002 6 4022 2 4129 5 4255 6 4382 3 5268 2 5395 3 5522 3 5608 1 5650 2 5736 2 5777 2 5865 2 5905 1 5993 3 6122 2 6250 3 6379 3 6414 1 6508 2 6541 3 6636 2 6669 2 6765 1 6797 2 6925 2 7534 1 7662 2 7694 1 7790 2 7822 2 7918 2 7950 2 8046 2 8078 2 8175 1 8206 2 8334 2 8463 1 8815 1 8942 2 9070 2 9197 3 9325 3 9453 3 9491 1 9581 2 9619 2 9663 4 9668 1 9709 1 9747 2 9789 10 9875 3 9917 10 10004 2 10044 11 10132 3 10172 11 10261 2 10300 11 10389 2 10427 12 10518 1 10555 12 10683 12 10811 12 10939 11 10984 2 11066 13 11111 2 11194 14 11238 3 11322 13 11366 2 11451 11 11493 3 11579 11 11620 3 11706 13 11747 3 11834 15 11874 3 11935 2 11956 3 11964 13 11979 2 12002 2 12064 5 12081 8 12094 5 12108 3 12129 2 12193 22 12222 4 12237 4 12323 15 12351 3 12366 5 12455 6 12479 2 12498 2 12607 2 12736 1,10864 1 10991 3 11119 2 11247 1 12216 6 12227 8 12343 8 12354 10 12469 10 12482 11 12595 12 12610 12 12724 10 12738 11 12856 5 12867 8
gap_b13a3fc5ca3147bcd1,4381 3 4508 4 4578 1 4635 5 4762 6 4890 6 5017 7 5144 8 5272 8 5399 9 5526 11 5654 11 5782 12 5910 13 6037 15 6165 16 6292 18 6420 19 6548 21 6676 22 6804 23 6931 25 7059 25 7187 26 7315 27 7442 29 7570 30 7698 31 7827 31 7955 32 8083 33 8128 3 8211 33 8255 5 8339 33 8383 6 8467 33 8511 7 8595 33 8639 8 8724 31 8767 8 8852 31 8895 9 8980 30 9024 8 9108 30 9152 9 9237 28 9281 8 9365 28 9410 8 9494 27 9539 8 9622 27 9669 7 9750 27 9798 6 9879 26 9926 7 10007 26 10055 8 10093 2 10136 25 10183 9 10220 3 10264 26 10311 10 10347 4 10393 25 10439 12 10474 5 10521 26 10567 14 10601 5 10650 26 10696 15 10727 7 10778 26 10824 19 10852 9 10907 26 10952 36 11036 25 11080 36 11165 23 11208 35 11293 23 11337 33 11423 20 11465 32 11552 19 11593 31 11682 16 11722 29 11812 13 11850 28 11942 9 11979 26 12107 25 12237 21 12366 19 12495 16 12625 11,4269 3 4396 5 4524 5 4652 6 4780 8 4908 9 5037 8 5168 5 5681 3 5810 1 6189 4 6316 8 6444 9 6572 11 6700 11 6828 11 6957 10 7086 9 7112 4 7215 8 7237 8 7344 7 7363 11 7473 6 7491 10 7602 4 7618 12 7732 1 7747 12 7875 13 8004 11 8133 9 8262 8 8391 7 8519 7 8648 6 8757 5 8776 6 8884 7 8905 6 9011 9 9033 6 9138 10 9162 5 9266 10 9290 5 9394 10 9419 4 9521 11 9547 5 9649 10 9676 4 9777 9 9805 4 9906 7 9934 3 10035 5 10064 2 10165 1 10193 1 10589 4 10718 2,3514 7 3641 10 3768 12 3902 6 4032 3 4283 2 4427 6 4551 12 4672 20 4799 22 4926 23 5053 25 5181 25 5308 26 5436 26 5564 27 5692 31 5820 32 5948 34 6076 36 6204 37 6332 41 6461 41 6590 42 6719 42 6847 44 6976 44 7105 7 7116 32 7235 2 7245 32 7374 32 7501 33 7630 33 7759 32 7888 31 8015 32 8142 34 8270 34 8398 34 8526 34 8654 34 8782 34 8911 33 9039 33 9167 33 9295 33 9423 33 9552 31 9680 31 9809 29 9937 29 10066 27 10194 26 10323 24 10453 20 10583 6 10593 6 10715 3 10720 3,,3386 6 3512 2 3521 2 3639 2 3651 1 3767 1 3895 7 3930 4 4022 10 4035 1 4057 6 4151 6 4158 5 4185 7 4280 3 4313 8 4441 10 4569 9 4698 9 4826 9 4955 7 5084 6 5213 5 5342 3 5472 2 5600 3 5728 4 5856 5 5985 3 6115 2 8122 2 8249 4 8377 4 8506 3,,2728 8 2853 12 2979 14 3106 14 3232 15 3295 2 3359 11 3423 5 3486 10 3551 7 3614 4 3680 8 3741 3 3809 8 3868 4 3939 7 3995 4 4070 5 4123 4 4199 4 4250 4 4328 4 4377 4 4456 4 4505 3 4585 3 4632 3 4713 4 4760 2 4842 3 4887 3 4970 4 5015 2 5099 3 5227 3 5356 3 5484 3 5613 2 5741 3 5869 3 5998 2 6419 1 6546 2 6674 2 6801 3 6929 2 7057 2 7185 2 7313 1 7922 1 8050 1 8177 2 8305 2 8433 3 8561 3 8689 3 8817 2 8945 2 8978 2 9073 2 9106 2 9201 2 9235 2 9329 1 9363 2 9491 3 9620 2 9748 2 9790 4 9795 1 9877 2 9916 10 10005 2 10042 12 10134 1 10168 14 10263 1 10296 14 10391 1 10424 14 10552 14 10681 13 10809 13 10937 13 11066 11 11195 10 11323 10 11451 9 11498 1 11579 9 11625 2 11705 11 11751 3 11832 13 11878 3 11958 4 11965 9 12005 4 12072 4 12078 1 12086 3 12099 5 12132 4 12197 10 12214 2 12228 5 12259 4 12325 9 12350 1 12357 4 12362 2 12386 4 12455 5 12477 3 12491 4 12512 4 12605 3 12620 4 12639 4 12733 2 12749 4 12767 1,12090 2 12210 4 12216 5 12225 2 12337 12 12352 5 12464 13 12480 8 12591 13 12609 9 12719 12 12737 10 12848 10 12866 10 12980 3 12995 9 13125 7
gap_314ec160c918757099,11237 2 11344 1 11362 4 11473 20 11603 17 11734 12 11868 3,5558 1 5685 2 5813 3 5940 4 6069 3 6081 1 6197 2 6208 2 6335 3 6464 1 6707 2 6834 3 6843 2 6961 4 6969 5 7089 4 7098 5 7217 4 7227 4 7237 6 7346 3 7354 6 7365 8 7474 3 7479 1 7481 8 7493 8 7603 1 7609 8 7622 6 7737 7 7751 3 7866 6 7994 5,5910 4 6037 5 6164 7 6291 8 6419 8 6547 8 6674 9 6802 9 6930 9 7058 9 7144 7 7186 10 7269 11 7314 10 7395 13 7442 10 7522 15 7570 11 7649 16 7698 11 7777 16 7826 13 7904 17 7954 13 8031 18 8083 13 8158 19 8211 13 8286 19 8339 13 8413 20 8467 14 8540 21 8595 15 8667 22 8723 15 8794 23 8851 15 8922 23 8979 15 9049 23 9107 15 9176 24 9235 15 9304 24 9363 14 9431 24 9492 13 9559 24 9620 12 9686 24 9748 12 9814 24 9877 10 9942 23 10006 9 10070 22 10135 7 10198 21 10264 5 10327 19 10394 2 10455 18 10584 16 10713 14 10842 12 10971 10 11102 6,8232 1 8359 3 8400 3 8486 4 8526 7 8614 3 8653 8 8742 2 8781 9 8909 9 9037 9 9165 9 9293 9 9421 8 9550 6 9678 5 9808 2,2363 10 2374 2 2485 21 2610 25 2735 29 2858 41 2985 44 3112 48 3240 25 3272 18 3368 22 3405 15 3497 19 3534 16 3628 5 3637 3 3663 16 3791 17 3872 5 3920 1 3922 15 3999 6 4052 15 4126 7 4181 16 4255 6 4312 14 4383 6 4442 12 4510 6 4575 8 4638 6 4704 7 4766 5 4787 5 4832 7 4894 5 4912 8 4961 6 5022 4 5039 9 5090 4 5150 3 5166 9 5219 2 5279 1 5293 7 5318 4 5421 6 5446 5 5454 3 5549 5 5562 7 5573 6 5582 3 5675 7 5691 7 5701 6 5733 3 5802 8 5829 5 5857 9 5929 8 5957 5 5984 13 6056 9 6082 1 6086 4 6111 15 6183 8 6214 5 6239 16 6311 7 6342 7 6358 4 6367 17 6439 7 6470 11 6485 7 6494 18 6560 2 6567 7 6598 42 6688 2 6695 6 6728 40 6816 2 6823 5 6858 37 6945 9 6987 28 7019 4 7074 7 7115 6 7124 9 7136 6 7202 7 7243 2 7254 5 7266 2 7330 6 7457 7 7586 4,,5777 1 5904 2 6032 2 6160 2 6288 1 6416 1 6544 1 6672 1 6800 1 6900 1 7028 1 7156 2 7284 1 7412 2 7540 1 7668 1 8250 4 8307 2 8375 10 8435 2 8502 12 8562 3 8630 13 8690 2 8758 13 8818 2 8886 14 8946 2 9014 14 9074 2 9142 14 9202 2 9269 16 9330 2 9397 16 9457 2 9526 14 9585 2 9654 14 9713 1 9783 12 9875 1 9911 12 10003 2 10040 10 10132 1 10168 11 10261 1 10296 12 10424 13 10552 14 10676 3 10680 2 10684 11 10815 2 10819 4 11169 2 11195 2 11323 2 11451 2 11579 2 11597 2 11726 2 11872 2 11998 4 12125 3,9651 1 9670 1 9778 3 9798 1 9906 3 9925 2 10034 3 10053 2 10163 1 11054 14 11179 16 11198 11 11304 18 11327 11 11431 19 11455 12 11558 20 11583 12 11685 21 11712 12 11814 19 11840 12 11942 19 11968 13 12071 17 12096 20 12200 15 12225 20 12330 10 12354 19 12483 17 12614 11
gap_86830845f0ef763b00,5200 9 5294 7 5326 13 5420 13 5452 17 5546 19 5578 20 5673 21 5700 27 5800 22 5827 29 5927 23 5956 29 6053 24 6085 29 6180 24 6214 29 6307 25 6344 28 6435 24 6473 27 6562 24 6603 26 6689 25 6732 25 6817 24 6860 26 6944 24 6989 25 7072 24 7118 24 7199 24 7246 24 7327 24 7375 24 7454 25 7504 23 7582 24 7633 22 7710 23 7761 22 7838 22 7888 23 7966 21 8016 24 8093 22 8144 24 8221 22 8271 25 8349 22 8399 3 8403 21 8477 22 8528 1 8532 20 8605 22 8660 20 8734 21 8775 1 8783 2 8787 21 8862 21 8901 5 8910 26 8990 21 9024 40 9118 21 9152 40 9247 20 9280 3 9287 33 9375 20 9416 32 9503 20 9544 31 9631 21 9672 31 9760 25 9800 31 9888 25 9929 30 10016 25 10058 28 10145 24 10187 27 10273 24 10315 26 10402 23 10444 25 10530 24 10572 24 10659 25 10700 23 10788 25 10828 23 10917 24 10956 22 11046 23 11085 20 11175 22 11213 19 11304 20 11341 18 11433 18 11470 16 11562 16 11598 15 11692 12 11728 12 11822 7 11857 10 11988 5,6467 4 6594 6 6721 8 6848 10 6970 3 6976 10 7097 17 7224 18 7352 22 7480 23 7608 23 7736 16 7753 7 7864 8 7874 4 7881 6 7992 7 8010 4 8120 7 8140 1 8244 1 8248 8 8268 1 8372 2 8376 8 8395 3 8499 12 8520 7 8530 1 8628 11 8649 6 8756 12 8779 3 8884 12 9012 11 9140 10 9267 10 9395 8 9524 7 9532 3 9653 2 9658 6 9786 7 9913 9 10041 8 10169 8 10297 8 10425 7 10554 6 10684 2,,,9279 1 9283 4 9407 9 9535 9 9664 7 9793 1,,4942 4 5043 7 5051 23 5171 29 5302 24 5433 19 5574 2 6051 2 6178 2 6305 2 6372 1 6432 3 6501 1 6559 3 6629 2 6687 2 6757 2 6815 2 6886 2 6942 2 7014 2 7070 1 7142 2 7198 1 7270 3 7399 2 7527 2 7655 2 7783 2 7911 3 8040 2 8168 2 8296 2 8424 2 8552 2 8732 1 8860 1 8988 2 9116 2 9244 3 9372 3 9501 2 9629 2 9758 2 9886 1 10054 3 10180 6 10307 8 10434 9 10561 11 10597 1 10689 11 10724 2 10816 11 10851 3 10945 10 10978 3 11073 9 11106 3 11201 9 11233 3 11329 9 11361 2 11430 1 11456 10 11489 1 11558 3 11583 11 11687 5 11710 12 11816 6 11833 22 11946 7 11957 10 11971 4 11978 9 12075 9 12091 2 12100 2 12107 12 12228 1 12237 12 12356 1 12372 2 12484 2 12612 1,9712 3 9840 3 9967 4 10095 3 10222 3 10349 3 10390 2 10476 3 10517 4 10603 3 10645 5 10730 3 10774 5 10858 2 10903 5 10985 2 11033 5 11112 2 11163 4 11239 1 11292 4 11421 3 11551 3 11681 3 11810 3 11967 2 12093 6 12104 3 12217 10 12231 6 12343 13 12358 8 12471 13 12486 9 12600 11 12615 8 12735 3 12744 5 12873 2
gap_fe74509c2f76a92c44,,6337 3 6345 4 6464 5 6472 6 6592 6 6599 8 6720 15 6848 5 6855 8 6977 3 6984 6 7113 5,4569 5 4696 7 4824 9 4951 11 5078 13 5206 14 5333 16 5461 16 5589 17 5717 17 5845 17 5973 18 6101 18 6230 17 6358 18 6487 17 6616 16 6744 16 6873 15 7001 15 7128 16 7256 16 7385 15 7514 13 7643 11 7772 9 7901 8,7123 1 7980 4 7988 3 8020 4 8031 5 8107 5 8115 5 8147 6 8159 5 8234 6 8242 6 8275 7 8287 5 8361 7 8370 7 8403 7 8414 6 8489 8 8498 7 8531 8 8540 8 8617 16 8659 17 8744 17 8788 16 8871 17 8916 16 8999 17 9045 14 9127 15 9173 14 9255 14 9302 11 9383 2 9387 9 9431 9 9522 1 9560 6 9689 4 9818 1,3519 2 3643 14 3766 27 3892 32 4018 37 4143 41 4270 43 4396 45 4518 33 4553 15 4645 33 4681 15 4772 32 4810 14 4899 25 4927 5 4938 13 5027 22 5050 2 5056 3 5066 12 5154 25 5185 3 5190 14 5282 23 5312 21 5408 25 5437 24 5535 54 5662 55 5790 55 5918 21 5940 11 5954 19 6045 21 6068 10 6083 18 6173 21 6196 9 6214 16 6301 22 6324 9 6344 1 6349 9 6429 31 6478 7 6557 30 6609 3 6685 30 6814 28 6943 27 7072 26 7201 25 7328 26 7455 26 7583 18 7605 3 7710 18 7838 9 7965 10 8093 10 8222 9 8350 8 8478 8 8607 7 8735 8 8863 8 8991 8 9119 8 9248 7 9377 6 9506 5 9635 3,,7235 4 7360 10 7487 12 7614 14 7742 15 7870 15 7998 15 8126 15 8254 15 8382 15 8511 13 8639 13 8767 13 8895 13 9023 14 9150 18 9277 21 9406 17 9533 17 9661 16 9789 14 9917 3 9922 6 10052 3 10181 2 10309 2 10436 3 10564 3 10692 3 10820 3 10949 1,7759 2 7886 3 8014 3 8122 2 8142 4 8249 3 8270 4 8377 3 8398 4 8505 3 8526 5 8633 3 8654 5 8761 3 8782 4 8888 4 8911 3 9017 2 9931 1 9935 3 10041 1 10057 10 10167 4 10175 3 10185 12 10293 14 10313 14 10419 16 10441 15 10545 17 10569 16 10672 18 10697 17 10800 18 10825 17 10928 18 10952 18 11056 18 11080 17 11185 16 11208 16 11313 15 11337 12 11443 13 11466 9 11575 8 11596 6 11705 4
gap_17d8261a7af74c8c61,4402 6 4526 15 4651 23 4685 5 4777 26 4806 18 4904 27 4934 20 5031 27 5062 22 5158 28 5191 22 5285 28 5319 24 5412 28 5448 24 5539 28 5577 24 5666 28 5706 24 5794 27 5834 25 5921 27 5963 24 6048 28 6091 25 6176 27 6219 26 6303 27 6347 26 6431 27 6475 26 6558 27 6603 27 6686 27 6731 27 6813 28 6859 28 6940 29 6987 28 7068 29 7115 28 7195 30 7242 30 7323 30 7370 30 7450 25 7477 4 7497 31 7578 24 7625 31 7706 24 7754 30 7834 23 7873 4 7883 1 7885 27 7962 23 8001 5 8011 1 8014 26 8089 24 8128 6 8138 2 8143 25 8217 27 8256 6 8265 4 8271 25 8345 28 8384 4 8392 5 8399 25 8473 29 8513 2 8519 33 8601 31 8643 37 8730 31 8770 38 8858 31 8898 38 8986 30 9026 38 9114 30 9154 37 9242 29 9282 37 9371 27 9411 36 9499 27 9539 35 9627 27 9669 33 9755 27 9797 33 9884 26 9926 32 10012 27 10054 31 10141 27 10183 30 10269 29 10311 29 10398 29 10440 27 10526 29 10568 27 10655 27 10697 25 10784 26 10825 25 10912 25 10954 23 11041 24 11082 22 11170 22 11211 20 11299 20 11340 18 11428 18 11469 16 11558 14 11599 13 11687 12 11729 9 11818 6 11860 2,5441 6 5568 9 5695 11 5822 12 5949 14 6077 14 6205 14 6333 14 6461 13 6589 13 6717 13 6846 12 6976 11 7110 5 7239 3 7367 2 7611 2 7730 3 7738 4 7857 6 7864 6 7879 2 7985 12 8007 2 8116 8 8135 2 8247 2 9018 3 9144 7 9271 8 9398 9 9526 9 9654 9 9782 9 9910 9 10039 7 10168 6,,,8639 1 8766 3 8896 1,,4028 2 4154 11 4269 3 4282 12 4396 3 4411 16 4523 2 4542 14 4676 2 6429 1 6556 2 6630 1 6683 3 6758 2 6811 2 6887 2 6938 2 7015 2 7066 2 7143 2 7194 1 7272 1 7400 1 8728 1 8856 2 8936 2 8984 2 9064 2 9112 2 9191 3 9240 2 9319 3 9368 2 9447 2 9497 1 9574 3 9665 2 9702 3 9791 5 9831 1 9919 6 10046 8 10174 8 10301 9 10429 9 10557 10 10685 10 10812 11 10910 2 10940 11 11039 2 11068 11 11167 3 11196 12 11232 2 11296 3 11324 15 11359 2 11425 3 11452 12 11465 3 11486 3 11553 4 11574 17 11593 5 11612 6 11682 5 11700 9 11711 5 11720 8 11738 7 11811 6 11826 10 11840 3 11849 11 11863 7 11941 21 11969 2 11981 15 12071 11 12097 2 12112 11,9711 2 9837 5 9874 4 9964 5 10002 4 10091 3 10130 4 10219 2 10261 2 10346 2 10390 1 10474 1 10601 1 10729 1 10775 1 10856 2 10904 1 10984 1 11033 1 11845 4 11962 6 11971 8 12088 9 12099 9 12214 11 12227 10 12342 10 12355 10 12473 1 12475 4 12484 9
gap_8a969495d760787b53,4948 3 5073 9 5163 7 5198 14 5288 12 5325 17 5414 18 5451 20 5541 20 5578 22 5668 21 5707 22 5795 22 5835 24 5922 23 5964 25 6049 23 6092 27 6176 24 6220 27 6303 25 6348 28 6431 25 6475 29 6558 25 6602 30 6685 26 6723 2 6728 33 6813 26 6850 39 6940 26 6978 39 7068 26 7106 39 7196 26 7234 39 7324 26 7362 39 7452 26 7490 38 7580 25 7618 38 7708 25 7746 38 7836 25 7874 37 7964 24 8003 36 8092 24 8132 35 8221 22 8261 33 8349 22 8390 32 8477 22 8519 31 8606 21 8647 30 8734 21 8776 29 8863 20 8904 28 8992 19 9032 28 9120 20 9161 26 9249 20 9289 26 9378 21 9417 25 9507 23 9546 23 9636 22 9674 22 9764 21 9803 21 9893 20 9931 20 10023 17 10060 18 10152 15 10189 16 10282 11 10318 13 10412 8 10448 10 10578 6,5311 5 5438 7 5566 8 5694 8 5822 7 5831 3 5949 6 5957 6 6077 2 6085 7 6203 5 6213 7 6329 7 6341 7 6457 8 6470 5 6585 8 6712 9 6840 9 6967 10 7095 10 7223 9 7351 9 7479 8 7606 8 7734 7 7862 6 7989 7 8116 8 8244 8 8372 9 8499 10 8627 10 8755 9 8884 8 9012 7 9141 5 9271 2,,,,,4406 1 4415 3 4531 5 4554 1 4656 8 4681 3 4685 3 4782 20 4809 9 4909 15 4928 18 5037 12 5065 5 5083 3 5171 3 5196 1 5212 3 5284 3 5342 2 5411 3 5471 2 5538 3 5665 3 5792 3 5920 2 6048 1 6119 2 6248 2 6376 2 6505 1 6633 1 6761 2 6811 1 6889 2 6939 1 7017 2 7066 2 7145 2 7194 1 7273 2 7322 1 8167 1 8294 2 8347 2 8384 4 8422 2 8475 2 8511 7 8550 2 8603 3 8639 8 8677 2 8732 2 8766 9 8805 2 8861 1 8894 9 8933 1 9021 10 9060 2 9149 10 9276 10 9376 1 9404 10 9504 3 9531 1 9534 9 9633 3 9659 1 9662 9 9761 3 9789 11 9890 3 9917 12 10019 3 10042 16 10170 16 10298 2 10304 4 10312 2 10433 3,8978 5 9106 6 9235 5 9323 4 9367 2 9450 5 9496 1 9578 4 9624 2 9752 2 9881 2 10009 3 10087 2 10138 3 10214 2 10267 3 10341 3 10397 2 10428 4 10437 4 10468 3 10527 3 10554 7 10564 6 10594 4 10679 10 10692 8 10721 4 10806 12 10819 10 10847 3 10933 13 10947 11 10973 3 11045 3 11061 12 11076 10 11100 2 11173 5 11190 10 11205 9 11226 1 11302 6 11319 8 11333 4 11352 2 11431 6 11448 4 11463 1 11478 4 11563 2
gap_c10e639d83e6cbcd95,9031 4 9159 5 9287 4 9416 2,7377 1 7503 3 7631 3 7732 2 7759 3 7860 3 7887 3 7988 3 8015 3 8116 3 8143 2 8245 2 8379 1,,,5567 7 5582 4 5689 29 5813 34 5936 40 6063 41 6191 41 6319 21 6344 16 6447 18 6467 2 6471 17 6576 16 6595 21 6705 16 6722 21 6835 34 6965 6 6972 24 7095 2 7101 22 7230 20 7359 18 7492 9 7502 1 7611 5 7621 8 7630 1 7738 6 7750 7 7758 1 7866 6 7877 8 7886 1 7995 6 8004 11 8125 3 8131 12 8259 13 8387 12 8515 11 8643 11 8772 1 8776 6 8906 4 9035 2,,8373 1 8507 2 8632 1 8635 2 8758 7 8886 7 9013 8 9141 8 9270 7 9400 5 9528 8 9661 3 9789 3 9918 2 10305 1 10308 3 10428 1 10433 6 10555 3 10560 8 10570 2 10682 5 10688 8 10697 3 10811 3 10816 7 10825 5 10938 4 10944 7 10953 5 11066 20 11194 14 11328 7 11457 5,5477 2 5533 2 5605 3 5660 3 5734 1 5788 2 6124 2 6252 3 6366 1 6381 2 6423 2 6493 2 6550 3 6619 4 6625 2 6679 1 6692 2 6700 1 6746 10 6818 5 6825 7 6871 14 6945 6 6953 9 6998 16 7072 19 7124 19 7199 21 7250 21 7327 21 7378 22 7454 22 7506 22 7582 23 7634 23 7710 22 7762 23 7837 23 7890 23 7965 23 8018 23 8093 20 8114 2 8148 21 8221 21 8276 21 8349 21 8403 22 8477 22 8531 22 8605 22 8659 22 8733 22 8787 21 8861 22 8915 21 8990 21 9043 20 9118 16 9135 4 9171 4 9176 15 9247 15 9264 3 9298 4 9304 14 9376 14 9426 4 9431 15 9504 15 9554 3 9559 14 9633 14 9683 1 9686 13 9763 12 9814 11 9893 12 9910 4 9941 10 10024 10 10037 6 10069 8 10154 9 10165 7 10196 7 10284 8 10294 6 10324 5 10414 6 10422 6 10451 4 10544 11 10578 3 10675 3
gap_630fc1bdda4e012a83,,7491 2 7618 5 7625 5 7746 14 7874 6 7881 8 8002 5 8010 5 8131 3 8139 3,4052 9 4172 2 4180 12 4307 15 4435 17 4564 18 4693 18 4821 20 4950 20 5079 20 5209 19 5337 20 5466 20 5598 16 5733 10 5862 10 5991 10 6119 10 6245 13 6371 15 6499 16 6627 17 6755 17 6883 18 7010 19 7138 19 7265 20 7393 21 7521 21 7650 20 7778 20 7907 19 8036 17 8164 17 8293 16 8422 15 8552 13 8681 12 8810 10 8939 9 9068 8 9196 7 9325 6 9454 3,8155 7 8282 10 8409 12 8486 8 8537 13 8611 12 8665 14 8737 14 8794 15 8864 15 8924 13 8991 16 9052 14 9118 18 9179 16 9246 18 9306 17 9373 21 9433 18 9501 21 9560 19 9630 18 9688 19 9758 17 9816 19 9887 15 9945 17 10016 13 10074 15 10145 11 10203 13 10275 7 10332 11 10462 7,4015 7 4035 6 4141 12 4162 9 4265 17 4289 14 4387 23 4417 18 4513 26 4545 19 4640 26 4673 20 4764 30 4801 20 4892 29 4929 21 5019 30 5057 22 5146 31 5185 24 5274 31 5313 24 5401 33 5442 24 5529 34 5572 23 5656 36 5704 19 5784 36 5834 18 5911 37 5962 18 6038 38 6083 2 6091 18 6165 38 6210 6 6220 18 6292 38 6337 10 6353 16 6419 28 6450 7 6464 12 6481 17 6547 26 6580 3 6591 14 6610 16 6675 24 6719 15 6738 17 6804 21 6833 2 6848 15 6867 16 6932 20 6960 12 6975 17 6996 14 7059 20 7086 35 7124 14 7187 20 7211 25 7240 9 7253 12 7315 21 7337 26 7369 9 7382 11 7443 46 7498 9 7510 11 7571 45 7630 5 7640 8 7703 40 7760 4 7769 3 7833 27 7889 2 7962 24 8091 22 8213 3 8220 13 8339 5 8349 15 8467 6 8479 7 8595 6 8610 1 8723 7 8852 6 8980 6 9109 4,,8514 8 8640 11 8768 12 8895 13 9023 14 9151 14 9279 14 9407 14 9535 14 9663 14 9791 13 9919 13 10047 12 10174 13 10300 16 10429 16 10558 5 10564 9 10689 1 10694 6 10825 2 11203 1 11331 2 11458 3 11586 3 11714 3 11843 1,8377 3 8504 5 8527 1 8630 7 8655 3 8756 9 8783 6 8883 10 8911 7 9011 10 9038 8 9139 10 9166 8 9266 11 9294 8 9394 11 9422 8 9522 11 9550 9 9650 11 9678 9 9779 10 9806 9 9907 9 9934 9 10036 4 10062 8 10192 3 10678 6 10804 11 10830 2 10930 15 10954 12 11057 16 11078 18 11184 18 11206 19 11311 19 11333 21 11438 20 11461 21 11566 20 11589 21 11695 19 11717 21 11823 19 11845 20 11952 17 11973 19 12081 16 12101 18 12210 14 12230 16 12346 5 12359 5 12365 6
gap_c5b9100bcd0dd7827a,,,,,,,4418 1 4546 1 4916 2 4941 2 5043 4 5068 3 5172 3 5196 3 5301 3 5323 2 5430 3 5450 3 5558 4 5577 4 5686 8 5704 5 5813 3 5819 3 5836 2 5940 2 5948 2 5957 1 5965 2 6067 3 6076 2 6084 1 6094 2 6195 2 6222 2 6323 1 6351 2 6450 2 6479 2 6578 1 6607 3 6705 2 6736 2 6833 2 6864 2 6961 1 6993 2 7089 1 7121 2 7216 2 7249 2 7344 2 7377 2 7472 2 7505 2 7599 3 7633 2 7727 3 7761 2 7855 3 7889 2 7984 2 8017 2 8112 2 8145 2 8240 3 8272 2 8368 3 8400 2 8497 2 8527 3 8625 3 8654 3 8754 2 8782 3 8882 3 8909 3 9011 2 9037 3 9139 3 9164 3 9268 3 9291 3 9397 3 9418 3 9526 3 9545 3 9655 3 9665 2 9671 4 9784 18 9913 15 10044 9,
gap_8bc97414bdeccc108e,,,,,,,4284 4 4290 5 4409 7 4419 7 4535 4 4543 12 4662 5 4679 6 4789 5 4809 5 4917 4 4938 5 5045 3 5067 4 5172 3 5196 3 5300 2 5325 3 5427 3 5454 2 5555 2 5582 3 5683 2 5711 2 5811 2 5839 2 5939 2 5968 2 6066 3 6096 2 6194 2 6224 2 6322 2 6352 2 6449 3 6480 2 6577 3 6608 3 6705 3 6736 3 6833 2 6865 2 6960 3 6993 2 7088 3 7121 2 7216 3 7249 2 7344 2 7377 2 7472 2 7505 2 7600 2 7633 2 7728 2 7761 2 7856 2 7889 2 7984 2 8017 2 8112 3 8145 2 8241 2 8272 2 8369 2 8400 2 8497 3 8527 3 8626 2 8655 2 8754 3 8782 3 8883 3 8910 2 9011 4 9037 3 9140 3 9164 3 9268 4 9290 4 9397 6 9417 4 9527 6 9537 1 9542 6 9656 19 9786 15 9917 9,
gap_581a4d28395da83fd2,,5410 4 5537 5 5546 1 5594 2 5665 6 5673 2 5721 4 5794 7 5848 5 5925 4 5976 5 6055 3 6101 7 6227 7 6354 7 6481 7 6609 5 6737 4 6865 3 6993 2 7121 2,,,5561 7 5688 9 5701 7 5815 11 5828 13 5943 26 6071 26 6199 26 6327 19 6349 1 6455 17 6583 4 6590 10 6712 3 6719 9 6840 4 6846 11 6969 16 7098 15 7226 16 7249 1 7354 8 7364 7 7376 2 7481 9 7493 7 7504 2 7600 2 7608 12 7621 10 7632 1 7727 33 7855 32 7983 16 8006 10 8112 13 8135 9 8240 11 8255 2 8264 9 8367 20 8393 8 8493 22 8522 7 8621 24 8651 6 8750 29 8880 28 9008 28 9137 28 9266 27 9393 28 9521 28 9650 29 9780 27 9912 3 10429 4 10556 9 10683 11 10811 11 10939 11 11068 9 11197 7,6587 3 6715 4 6844 2,11580 6 11707 8 11835 8 11963 2 11969 2,5273 6 5401 6 5473 6 5528 8 5599 9 5655 10 5727 10 5782 12 5854 11 5910 15 5981 11 6039 16 6108 13 6167 17 6235 14 6301 10 6363 12 6429 11 6492 7 6516 1 6553 16 6617 10 6643 4 6679 18 6744 12 6770 6 6806 19 6871 13 6894 2 6898 7 6933 20 6999 14 7022 2 7026 7 7060 21 7127 15 7154 8 7188 21 7255 16 7282 8 7316 20 7383 17 7410 9 7433 2 7444 20 7511 19 7539 8 7560 3 7572 20 7640 22 7667 8 7687 5 7700 19 7768 22 7796 7 7815 4 7828 19 7896 22 7924 7 7942 5 7957 18 8024 22 8052 7 8069 6 8085 18 8152 22 8180 7 8196 7 8214 17 8280 21 8308 7 8324 7 8343 16 8408 15 8424 3 8434 8 8452 9 8474 13 8536 14 8561 9 8580 12 8603 12 8664 13 8687 11 8708 14 8731 12 8792 12 8814 12 8837 15 8860 11 8920 11 8941 13 8966 16 8990 9 9048 10 9069 12 9095 18 9120 8 9176 8 9195 14 9223 21 9251 5 9303 8 9319 18 9352 21 9381 3 9431 4 9445 19 9481 22 9511 1 9571 20 9611 21 9696 21 9741 21 9820 24 9873 20 9945 26 10004 19 10072 25 10135 19 10198 23 10266 18 10324 20 10396 17 10451 18 10526 15 10578 16 10656 14 10705 14 10785 15 10831 14 10915 14 10959 12 11046 12 11085 12 11176 12 11211 12 11306 11 11338 12 11436 9 11464 12 11566 8 11591 11 11697 6 11718 10 11828 4 11846 7 11958 1 11974 2
gap_56be907e2b759e0f8c,,5828 1 5830 1 5954 8 6081 13 6208 14 6336 14 6465 13 6593 3 6598 8 6721 2 6727 6 6845 1 6856 5 6970 4 6978 2 6985 3 7098 2 7104 6 7114 2 7225 3 7231 7 7241 4 7352 4 7359 8 7369 5 7479 4 7487 8 7496 7 7607 1 7615 8 7624 7 7744 6 7752 7 7873 3 7880 7 8009 6 8139 4 8268 2,4706 4 4829 10 4955 13 5082 14 5210 14 5338 15 5466 15 5594 16 5722 16 5851 15 5979 16 6107 16 6234 18 6362 18 6489 19 6616 20 6740 25 6867 26 6995 26 7122 27 7249 28 7377 29 7505 29 7578 4 7632 30 7705 7 7759 31 7833 8 7887 31 7961 9 8015 30 8089 11 8143 30 8217 12 8270 31 8345 12 8399 30 8474 11 8527 30 8602 12 8616 1 8655 30 8731 13 8783 29 8859 13 8911 29 8988 12 9040 27 9116 12 9168 27 9245 11 9296 26 9373 11 9424 26 9502 10 9553 24 9631 9 9681 23 9760 8 9809 23 9890 4 9938 21 10067 19 10196 17 10325 13 10455 10,8239 3 8365 5 8491 7 8617 9 8629 2 8744 15 8872 15 9000 15 9128 15 9256 14 9384 13 9512 13 9640 12 9769 10 9898 8 10027 5,3764 5 3889 9 3923 2 4016 13 4048 8 4142 18 4175 10 4267 25 4303 10 4393 30 4431 10 4520 33 4559 10 4647 34 4687 10 4774 36 4815 10 4902 15 4919 20 4944 8 5029 39 5072 8 5156 40 5201 7 5283 41 5329 7 5410 26 5445 6 5458 6 5537 12 5553 11 5585 7 5663 14 5681 11 5712 8 5790 15 5809 11 5825 3 5829 1 5840 8 5917 13 5931 2 5936 13 5951 3 5968 8 6044 12 6064 17 6097 7 6172 7 6192 16 6222 1 6225 7 6300 7 6321 15 6353 6 6429 6 6449 14 6479 7 6557 8 6577 14 6607 6 6685 9 6705 11 6717 1 6737 3 6813 10 6833 10 6865 2 6942 9 6960 10 6993 2 7070 10 7088 9 7121 1 7200 7 7215 10 7332 2 7343 9 7471 8 7600 7 7729 5 7846 2 7974 3 8102 2,,3626 2 3678 1 3753 3 3806 3 3879 2 3935 4 4005 3 4064 5 4131 3 4193 5 4258 3 4323 3 4386 2 4453 1 5226 1 5275 2 5353 3 5402 3 5481 3 5530 2 5610 3 5659 1 5739 1 6425 2 6509 1 6552 3 6637 2 6681 1 6765 2 6893 2 8001 1 8087 2 8126 9 8174 1 8215 2 8253 11 8301 2 8344 1 8380 13 8429 2 8507 14 8557 2 8635 15 8685 1 8762 16 8890 16 9018 16 9147 14 9275 14 9403 13 9532 12 9660 1 9662 9 9788 1 9790 7 9798 1 9915 12 10044 11 10172 12 10301 10 10338 2 10432 4 10465 2 10560 2 10592 2 10689 1 10709 2 10817 1 10838 1 11329 1,9144 1 9271 2 9399 2 9419 1 9527 2 9546 2 9655 2 9674 3 9803 1 10416 12 10542 16 10565 12 10666 21 10692 14 10793 22 10819 16 10921 23 10947 18 11050 21 11075 21 11179 20 11203 21 11309 18 11331 21 11439 15 11460 19 11570 10 11589 16 11718 13 11849 3
gap_f8cc6a1d4b6620b5e0,,,,,,,5692 5 5819 8 5946 10 6074 10 6201 12 6329 12 6457 13 6585 13 6713 9 6723 4 6839 2 6844 6 6852 4 6966 5 6972 6 6980 5 7088 3 7093 6 7101 5 7107 7 7214 13 7229 4 7234 12 7344 12 7357 4 7362 12 7475 22 7607 16 7736 13 7865 11 7995 8 8124 6 8253 5 8381 4 8510 3 8638 3 8767 2,7073 2 7160 1 7200 4 7285 6 7300 5 7327 5 7411 8 7427 7 7455 5 7535 1 7537 11 7555 7 7582 6 7661 4 7669 7 7682 8 7703 1 7710 5 7788 3 7797 7 7810 8 7823 2 7831 3 7835 1 7838 5 7916 3 7924 8 7938 9 7951 3 7959 12 8043 3 8052 8 8066 10 8079 3 8088 11 8119 1 8133 3 8158 2 8171 5 8180 8 8194 11 8207 3 8216 10 8246 5 8260 5 8285 5 8299 6 8308 8 8322 2 8325 8 8335 3 8344 9 8373 6 8387 6 8412 7 8427 17 8453 8 8463 3 8472 8 8501 7 8515 6 8540 9 8556 15 8581 8 8590 4 8598 9 8629 7 8643 6 8668 10 8684 15 8710 24 8758 6 8771 6 8797 11 8812 5 8818 9 8834 2 8838 23 8887 5 8900 5 8925 12 8941 4 8948 6 8962 3 8968 16 8985 3 9016 4 9028 4 9054 11 9069 13 9090 5 9099 10 9183 10 9198 11 9219 6 9226 9 9311 9 9327 8 9349 9 9440 7 9456 5 9479 6 9569 5 9585 1 9699 2 9712 1 9839 3 9963 2 9966 5 9996 1 10090 10 10121 7 10218 10 10248 10 10346 10 10376 11 10474 10 10505 11 10602 8 10635 9 10731 6 10766 6
gap_e78a866d1d6f3699ac,,7751 3 7859 1 7872 4 7878 5 7999 13 8127 13 8255 13 8384 11 8513 2 8519 3,,7596 1 7634 7 7721 6 7761 9 7847 8 7888 12 7975 8 8016 13 8103 6 8144 14 8231 5 8242 1 8272 15 8359 5 8370 1 8400 5 8407 9 8487 5 8528 4 8536 9 8614 7 8657 2 8664 9 8743 6 8793 9 8871 6 8921 9 8999 6 9045 13 9128 4 9172 14 9257 2 9300 14 9428 14 9556 13 9685 11 9814 9 9944 4,3004 11 3131 13 3258 15 3386 15 3514 15 3643 13 3669 5 3772 12 3797 6 3902 9 3925 7 4033 3 4053 7 4062 3 4182 6 4190 4 4310 6 4317 5 4414 5 4439 4 4446 4 4541 15 4574 4 4662 24 4703 3 4789 25 4832 3 4918 25 4960 6 5033 6 5046 9 5057 14 5087 8 5160 9 5174 8 5192 2 5198 2 5214 10 5288 10 5303 6 5342 11 5416 11 5431 5 5469 13 5545 10 5560 3 5596 15 5674 8 5712 4 5721 19 5839 29 5941 5 5966 29 6069 6 6081 4 6094 28 6197 7 6208 6 6223 25 6325 7 6336 6 6352 4 6360 15 6424 5 6453 7 6466 4 6490 13 6551 7 6569 5 6581 7 6596 7 6621 6 6629 1 6678 9 6694 9 6710 8 6725 7 6805 10 6820 10 6838 10 6853 12 6933 11 6948 9 6967 12 6981 13 7016 4 7061 11 7075 9 7095 27 7143 7 7189 11 7203 7 7224 14 7242 7 7271 8 7317 10 7331 5 7360 4 7372 4 7399 8 7447 6 7460 2 7527 9 7655 10 7783 10 7911 10 8039 9 8090 1 8168 8 8217 4 8297 6 8344 6 8426 4 8472 7 8555 2 8600 8 8728 8 8856 9 8984 8 9112 8 9241 6 9371 3,,8642 1 8765 8 8891 12 9018 15 9146 15 9274 16 9402 16 9529 17 9657 17 9786 15 9915 14 10044 13 10173 11 10301 10 10430 9 10557 11 10685 11 10813 12 10941 12 11069 12 11200 5 11206 3 11329 2 11457 2 11585 2 11712 3 11840 3 11968 3 12096 2,8758 2 8885 4 9012 5 9140 5 9163 3 9267 5 9291 4 9395 5 9419 5 9522 6 9547 6 9650 6 9675 6 9778 6 9803 6 9907 5 9931 6 10036 4 10059 6 10165 4 10187 5 10295 3 10315 5 10424 2 10443 4 10571 4 10580 1 10699 5 10706 5 10797 2 10805 4 10827 13 10923 14 10955 15 11050 16 11082 16 11177 21 11210 16 11305 22 11336 18 11433 23 11461 21 11561 23 11589 21 11689 22 11717 20 11818 21 11845 19 11947 19 11973 18 12076 18 12101 16 12206 7 12214 6 12232 5
gap_5c3c5f53afe7e1bd61,,6335 5 6462 7 6589 9 6716 11 6844 11 6971 12 7099 12 7227 12 7356 11 7485 9 7495 3 7615 5 7623 3 7750 4 7879 3,,6306 6 6432 10 6558 13 6685 14 6813 15 6940 16 7068 9 7080 5 7196 8 7208 5 7255 7 7324 8 7336 5 7382 10 7452 17 7510 11 7580 17 7637 13 7709 16 7765 13 7837 15 7893 13 7965 15 8021 13 8094 13 8149 13 8223 11 8277 13 8353 8 8405 12 8534 10 8662 9 8792 5,2756 4 2882 8 3007 11 3132 14 3152 3 3256 18 3279 6 3369 8 3383 18 3406 7 3496 9 3510 14 3534 9 3548 2 3623 10 3638 11 3663 17 3750 11 3766 10 3791 19 3877 13 3894 9 3920 22 4001 17 4023 6 4048 23 4127 13 4144 3 4152 4 4176 15 4192 8 4255 11 4272 3 4303 15 4320 9 4382 8 4401 3 4432 14 4449 8 4508 9 4560 15 4577 9 4635 10 4695 8 4705 9 4763 12 4793 3 4804 1 4823 8 4833 10 4891 14 4932 1 4950 9 4962 10 5019 15 5079 8 5090 11 5147 18 5207 8 5221 9 5275 20 5336 6 5351 8 5405 19 5459 2 5465 5 5480 8 5537 16 5587 11 5608 9 5653 5 5666 16 5716 2 5721 3 5736 10 5781 5 5795 16 5865 10 5909 5 5927 12 5943 2 5996 7 6037 4 6057 15 6125 6 6187 9 6198 1 6223 5 6255 4 6317 6 6350 7 6364 4 6384 3 6448 1 6478 7 6491 6 6513 2 6607 5 6619 6 6642 1 6747 7 6770 2 6877 7 6898 2 7009 5 7026 2 7138 6 7153 3 7267 6 7281 3 7395 7 7410 2 7524 6 7538 2 7652 6 7665 3 7781 4 7790 6 7917 7 8044 8 8172 8 8300 8 8429 6 8558 4,,7613 2 7738 8 7864 12 7991 13 8119 14 8246 15 8374 16 8502 16 8630 16 8758 16 8887 15 9015 15 9143 14 9269 16 9397 16 9526 15 9654 15 9783 13 9911 12 10042 8 10171 4 10299 4 10326 4 10427 4 10450 7 10555 4 10577 6 10683 4 10811 4 10939 3 11068 2,7857 2 7984 5 8110 7 8237 8 8364 9 8393 2 8492 9 8521 3 8619 10 8648 5 8747 10 8776 7 8875 9 8904 8 9003 9 9032 8 9132 7 9159 10 9261 4 9288 9 9377 3 9416 9 9506 4 9545 7 9636 3 9675 4 9765 3 9899 8 10026 12 10154 15 10180 2 10184 2 10283 14 10305 11 10412 14 10432 13 10540 14 10560 14 10668 14 10688 14 10796 14 10815 15 10924 14 10943 14 11053 13 11071 14 11182 12 11199 14 11310 12 11327 13 11439 11 11454 14 11569 8 11583 12 11699 5 11711 11 11840 7
gap_fb33f485d41a1bd5d4,,6567 2 6695 2 6739 2 6823 3 6867 2 6952 2 6997 2 7080 2 7125 3 7208 1 7253 3 7381 3 7468 2 7509 3 7595 3 7637 2 7722 4 7850 3,,,5031 2 5156 7 5283 9 5332 6 5411 10 5445 8 5458 9 5539 14 5566 29 5668 14 5691 33 5797 14 5817 35 5927 13 5943 37 6058 34 6097 11 6188 24 6215 3 6227 6 6317 22 6354 3 6447 20 6481 4 6576 20 6608 5 6704 23 6736 3 6832 25 6863 4 6962 23 6991 5 7090 24 7119 4 7218 24 7248 1 7347 24 7476 23 7604 22 7732 21 7860 20 7988 21 8116 22 8244 22 8373 22 8501 28 8630 27 8758 27 8886 26 9014 12 9030 10 9143 9 9158 10 9272 6 9286 9 9414 9 9522 2 9542 8 9649 4 9670 8 9777 4 9789 3 9796 7 9904 6 9915 16 10032 27 10160 27 10289 26 10417 28 10545 29 10674 28 10804 26 10933 6 10943 6 10955 1,,11442 6 11449 19 11570 26 11698 26 11828 2 11833 18 11962 4 11968 4 12098 1,5015 3 5143 5 5272 5 5394 2 5401 5 5479 2 5516 9 5529 6 5605 4 5642 11 5657 7 5731 6 5769 13 5784 9 5858 6 5871 2 5896 14 5912 11 5984 9 5996 7 6023 29 6111 10 6123 10 6151 31 6237 12 6251 11 6278 32 6364 14 6379 12 6405 34 6490 30 6533 34 6617 32 6661 34 6745 32 6788 35 6872 34 6916 11 6929 23 7000 34 7044 10 7058 22 7128 34 7172 10 7186 19 7207 1 7256 34 7300 11 7315 18 7384 34 7427 12 7443 18 7513 15 7529 17 7555 12 7572 17 7643 13 7657 17 7683 12 7700 17 7771 18 7791 12 7811 34 7898 18 7918 13 7939 34 8026 17 8045 14 8068 33 8154 34 8196 33 8282 34 8325 21 8347 10 8410 10 8421 22 8453 21 8476 9 8538 9 8549 22 8582 21 8606 6 8666 8 8677 21 8711 20 8735 5 8794 7 8805 20 8840 19 8865 2 8923 5 8932 20 8968 20 9052 3 9060 19 9097 20 9187 19 9226 20 9314 20 9355 20 9442 20 9484 21 9509 2 9569 21 9614 26 9695 22 9745 25 9821 23 9876 23 9947 24 10007 20 10073 23 10137 19 10200 19 10268 17 10327 16 10398 15 10454 14 10528 14 10580 13 10658 12 10707 12 10788 10 10834 11 10917 9 10961 10 11047 8 11088 10 11176 8 11216 8 11305 7 11343 8 11435 5 11470 7 11564 4 11598 4 11694 2 11726 3 11853 2
gap_cccfc72c6e6a7b3c45,,6481 3 6575 4 6609 3 6703 4 6737 2 6832 3,,,8894 7 9021 9 9149 9 9278 8 9407 7 9535 7 9664 6 9792 5 9922 2,6333 10 6460 12 6588 13 6715 14 6843 14 6971 15 7098 16 7226 17 7354 17 7481 18 7609 19 7737 19 7865 19 7994 17 8122 16 8251 14 8382 9 8513 3,10563 1,5027 3 5090 1 5153 4 5216 5 5280 2 5344 6 5408 2 5474 5 5536 1 6616 5 6712 2 6729 4 6742 8 6823 3 6838 4 6858 5 6869 10 6950 7 6965 5 6986 7 6997 10 7077 8 7092 6 7115 20 7206 8 7219 6 7244 18 7334 9 7347 5 7374 15 7463 14 7503 15 7592 13 7631 15 7719 14 7759 17 7845 16 7887 21 7969 20 8015 21 8096 21 8144 21 8223 22 8272 21 8351 22 8400 22 8478 23 8528 22 8606 23 8656 22 8734 14 8749 8 8785 8 8799 8 8863 8 8872 3 8878 7 8913 6 8927 9 8991 8 9001 3 9006 7 9041 6 9055 9 9119 8 9129 3 9135 6 9169 5 9176 16 9248 13 9263 5 9297 4 9303 16 9375 15 9392 5 9425 3 9430 17 9504 15 9521 3 9557 17 9633 15 9684 16 9762 16 9810 15 9892 15 9936 14 10023 15 10062 13 10155 13 10189 12 10286 12 10316 11 10418 9 10443 10 10549 6 10571 8 10700 4
gap_5436fb8ca494441737,5930 4 6057 7 6093 4 6184 9 6203 4 6213 13 6309 13 6331 5 6339 17 6436 15 6458 6 6466 20 6562 17 6586 30 6688 20 6715 31 6814 23 6843 32 6941 26 6972 4 6977 28 7068 28 7104 30 7195 30 7232 31 7322 32 7360 32 7449 34 7487 34 7576 35 7615 34 7704 36 7743 35 7831 37 7871 35 7959 37 7999 36 8087 37 8128 35 8214 38 8258 33 8343 37 8387 32 8471 36 8516 31 8599 36 8645 30 8727 35 8774 29 8856 34 8902 29 8984 33 9030 29 9113 32 9158 29 9241 32 9287 28 9370 31 9415 27 9498 31 9544 26 9627 29 9672 25 9755 29 9801 23 9884 28 9929 23 10013 26 10058 21 10142 25 10186 21 10271 23 10315 19 10401 20 10444 17 10530 18 10574 14 10660 15 10703 11 10790 12 10834 6 10920 7,5680 5 5702 1 5807 6 5830 3 5936 5 5954 7 6064 4 6082 1 6086 2 6194 2 6326 2 6452 4 6580 3 6708 3 6837 1,,,,,5800 2 5926 4 6053 4 6097 4 6180 4 6226 5 6356 4 6486 2 6810 3 6937 4 7065 3 7193 2 7264 3 7321 1 7392 3 7521 3 7649 3 7778 1 8212 2 8340 2 8381 5 8468 2 8508 8 8596 3 8635 10 8725 1 8763 10 8890 11 9018 11 9146 12 9188 1 9274 12 9315 2 9402 12 9443 2 9530 12 9571 1 9623 3 9659 10 9752 3 9787 10 9880 4 9916 9 10009 3 10044 9 10139 2 10171 11 10268 1 10298 13 10426 13 10554 12 10590 2 10683 10 10716 4 10814 6 10843 4 10932 1 10943 4 10958 2 10970 4 11056 5 11072 2 11087 1 11178 10 11200 2 11302 11 11328 2 11431 1 11456 2 11584 2 11712 2,4781 6 4808 1 4908 8 4935 5 5036 3 5040 4 5062 7 5163 9 5190 8 5292 6 5319 7 5449 3 9227 5 9326 6 9354 7 9453 7 9483 6 9581 7 9615 2 9708 7 9744 1 9836 3 9873 1 9964 2 10001 1 10092 1 10129 2 10219 2 10258 2 10346 2 10386 2 10474 2 10515 3 10601 2 10644 3 10694 2 10728 2 10773 3 10809 4 10820 5 10854 3 10902 3 10936 6 10947 8 10981 3 11031 4 11063 8 11075 8 11109 2 11160 4 11190 9 11203 9 11235 3 11292 1 11317 10 11331 9 11362 3 11421 2 11444 11 11459 10 11489 3 11550 3 11572 10 11588 9 11615 5 11678 9 11700 9 11716 8 11735 1 11741 6 11806 8 11830 5 11845 5 11869 6 11934 6 11997 7 12063 3 12126 6 12255 4
gap_1c8ec4dcb227d59df0,,6059 2 6186 7 6313 8 6353 5 6442 8 6481 10 6573 4 6610 9 6703 2 6738 9 6866 7 6995 5,,,9405 1 9529 5 9657 9 9784 13 9912 17 10040 17 10168 18 10297 17 10425 17 10554 11 10681 11 10809 10 10938 9 11066 9 11195 8 11323 7 11452 5 11582 2,6079 4 6205 10 6331 14 6458 16 6586 16 6713 17 6841 18 6969 18 7096 19 7224 19 7352 19 7480 19 7608 19 7735 21 7863 21 7991 21 8119 21 8248 20 8376 20 8504 20 8633 19 8761 18 8890 17 9019 16 9148 14 9278 11 9412 3,12352 1 12478 5 12606 6 12735 3,6307 4 6433 7 6494 5 6560 9 6621 7 6688 9 6748 9 6816 10 6875 10 6944 10 6966 1 7002 12 7072 9 7090 5 7128 14 7200 9 7215 8 7244 3 7256 13 7328 10 7340 11 7372 7 7385 2 7389 7 7455 24 7500 13 7582 24 7628 21 7709 25 7757 21 7792 3 7836 25 7885 23 7918 5 7963 25 8014 22 8046 5 8091 24 8143 22 8174 4 8218 25 8271 23 8301 5 8346 24 8400 22 8429 4 8474 24 8528 23 8555 6 8603 22 8657 22 8681 8 8732 21 8785 31 8862 19 8914 30 8991 17 9042 31 9120 15 9170 31 9252 10 9298 32 9381 9 9391 1 9426 33 9509 11 9554 33 9637 11 9682 33 9766 10 9810 13 9827 1 9831 12 9895 9 9938 13 9959 12 10024 8 10065 12 10087 12 10154 6 10193 10 10214 13 10284 4 10321 8 10341 14 10373 1 10400 5 10414 2 10449 5 10469 13 10501 5 10526 9 10543 2 10577 3 10596 14 10629 6 10654 11 10705 1 10721 17 10757 7 10783 11 10842 24 10886 7 10912 12 10969 24 11014 7 11041 12 11094 26 11143 6 11170 13 11220 27 11272 5 11299 14 11345 28 11400 6 11409 1 11429 14 11471 29 11530 4 11536 3 11558 15 11598 27 11664 4 11688 15 11724 27 11793 4 11818 14 11850 26 11947 13 11977 24 12077 11 12105 22 12207 9 12232 20 12337 8 12359 19 12467 6 12487 15 12598 2 12614 13 12742 8 12870 5
gap_6ac7ea5701e04f75cf,,7248 1 7372 6 7499 6 7598 2 7628 5 7724 4 7756 3 7853 3 7884 4 7981 3 8011 6 8109 4 8139 6 8237 5 8267 7 8365 5 8396 6 8493 5 8528 2 8621 4 8778 2 8906 2 9035 1 9265 2 9393 1,,,4810 5 4937 7 5033 6 5065 11 5159 9 5192 14 5285 12 5317 19 5411 14 5436 3 5444 21 5538 15 5563 5 5572 7 5583 11 5665 15 5690 7 5698 2 5711 13 5725 3 5793 15 5818 10 5838 19 5921 13 5945 12 5966 18 6048 13 6072 13 6094 18 6173 14 6199 14 6222 18 6301 13 6327 13 6350 4 6361 4 6432 8 6454 14 6474 3 6490 2 6560 7 6581 14 6601 4 6618 2 6688 6 6708 13 6728 4 6744 5 6816 5 6835 14 6856 4 6870 8 6945 4 6963 14 6983 4 6997 10 7074 1 7091 15 7110 5 7125 10 7220 15 7237 5 7249 14 7351 19 7378 12 7479 18 7509 8 7607 18 7638 6 7735 17 7863 17 7991 16 8119 8 8130 4 8246 9 8374 9 8502 9 8630 9 8759 8 8886 9 9015 8 9143 8 9271 9 9400 9 9528 10 9657 10 9786 8 9915 7 10044 5 10172 5 10301 3 10429 3,,9551 2 9678 3 9804 5 9931 5 10059 5 10188 4 10316 4 10443 5 10570 6 10672 1 10696 6 10703 1 10800 1 10803 2 10823 9 10928 1 10932 1 10951 9 11056 1 11078 10 11184 5 11202 4 11208 8 11312 5 11323 11 11336 8 11441 5 11450 19 11470 2 11569 6 11578 12 11591 6 11599 1 11697 20 11719 6 11727 2 11824 22 11848 8 11952 3 11956 27 12080 30 12211 25 12340 6 12348 10 12469 1 12476 8 12608 2,6116 4 6243 6 6371 6 6499 6 6549 3 6626 7 6676 5 6753 10 6804 8 6881 11 6932 8 7009 12 7060 9 7137 12 7186 12 7264 14 7312 14 7392 14 7440 15 7505 4 7520 15 7567 17 7591 5 7633 5 7647 16 7695 18 7718 6 7760 6 7772 20 7822 20 7845 8 7888 7 7898 22 7950 31 8017 31 8078 31 8145 31 8206 31 8274 31 8334 31 8402 31 8462 31 8530 31 8590 31 8657 32 8717 32 8786 31 8845 32 8917 28 8973 31 9044 29 9101 28 9171 30 9229 29 9299 30 9357 31 9426 31 9485 32 9553 32 9613 32 9681 31 9741 33 9809 30 9869 33 9936 30 9998 33 10064 29 10126 33 10192 30 10255 32 10320 32 10384 32 10448 32 10511 33 10576 32 10639 33 10704 8 10714 22 10767 33 10832 8 10842 22 10895 33 10960 7 10970 22 11023 23 11047 9 11088 7 11098 21 11151 23 11176 8 11216 6 11225 22 11280 22 11305 7 11344 6 11352 21 11410 21 11434 7 11472 5 11479 21 11540 20 11563 6 11600 4 11606 20 11670 19 11692 5 11729 2 11733 19 11800 18 11821 3 11859 17 11930 17 11950 2 11986 16 12061 15 12113 14 12192 14 12240 13 12323 12 12366 12 12454 11 12493 10 12586 9 12621 4 12717 6
gap_ee5279ffcb29fa5a9c,,6957 2 6997 1 7085 4 7124 2 7213 5 7342 4 7470 4 7599 2,,,5043 1 5053 8 5070 3 5168 7 5178 12 5194 9 5295 38 5422 40 5549 42 5676 44 5803 46 5931 26 5959 18 6059 25 6088 16 6187 25 6216 16 6315 25 6344 16 6444 25 6473 14 6573 25 6603 12 6701 25 6732 11 6829 5 6836 18 6860 10 6959 3 6969 13 6989 8 7089 1 7097 13 7117 7 7224 5 7231 20 7346 1 7351 5 7359 19 7474 1 7478 5 7487 18 7601 1 7605 6 7615 18 7733 6 7742 20 7862 5 7870 20 7990 5 7997 21 8120 27 8250 6 8258 17 8378 5 8387 16 8507 2 8515 16 8643 16 8772 15 8900 15 9029 13 9148 4 9157 12 9275 6 9286 10 9402 7 9415 8 9528 9 9544 6 9655 9 9673 4 9783 9 9911 8 10039 12 10168 13 10297 14 10425 14 10554 14 10683 13 10813 11 10945 7 11077 2,,11714 4 11842 5 11971 2,5729 3 5856 4 5922 2 5983 4 6049 4 6110 4 6121 5 6177 5 6236 7 6248 8 6305 6 6363 9 6375 11 6434 6 6490 10 6503 11 6552 5 6562 7 6617 12 6631 12 6678 7 6689 9 6745 12 6759 12 6806 8 6817 10 6873 12 6887 12 6933 9 6945 10 7004 9 7015 12 7060 10 7072 12 7130 11 7142 13 7188 10 7200 13 7258 11 7270 13 7316 10 7328 14 7385 12 7398 13 7443 23 7468 2 7512 27 7571 24 7640 27 7699 25 7768 27 7827 25 7896 18 7915 7 7955 25 8025 17 8043 7 8083 26 8153 16 8171 7 8211 26 8281 15 8300 6 8339 26 8409 15 8429 5 8466 27 8537 15 8555 7 8594 27 8665 25 8722 27 8794 9 8804 14 8850 27 8922 8 8932 14 8979 25 9050 7 9060 4 9066 8 9107 25 9178 6 9189 1 9194 8 9236 24 9306 5 9321 9 9364 14 9380 8 9435 3 9448 9 9493 7 9510 6 9574 11 9621 8 9640 3 9701 12 9749 9 9824 2 9828 12 9877 10 9955 12 10006 10 10083 12 10134 11 10210 12 10263 12 10337 12 10392 13 10462 14 10521 14 10588 14 10650 15 10714 14 10780 14 10840 14 10909 15 10926 3 10967 12 11039 19 11094 11 11169 18 11218 12 11299 19 11344 12 11430 17 11471 11 11561 15 11597 11 11691 13 11725 9 11822 10 11852 8 11980 5
gap_9d722264a6b1079418,,6485 3 6611 6 6692 7 6738 7 6820 8 6865 7 6948 8 6993 6 7076 8 7122 5 7205 7 7337 1,,,9531 4 9659 5 9788 3 9912 2 10040 3 10167 4 10176 2 10295 5 10302 6 10423 15 10551 14 10680 13 10808 12 10937 11 11066 9 11196 6 11325 4,6716 7 6842 11 6969 13 7096 15 7224 15 7351 16 7479 17 7607 17 7734 18 7862 18 7990 18 8118 18 8246 18 8374 18 8502 18 8630 17 8758 17 8886 17 9014 17 9142 16 9271 14 9400 12,,6621 3 6748 6 6875 8 6942 1 7003 8 7068 5 7130 9 7193 9 7218 4 7241 3 7257 10 7320 11 7345 5 7368 7 7386 10 7448 11 7470 8 7496 14 7516 8 7577 11 7596 10 7624 16 7648 4 7705 11 7721 13 7753 21 7779 1 7832 12 7848 13 7881 23 7960 5 7967 6 7974 15 8010 23 8088 4 8094 21 8142 20 8216 2 8220 22 8271 20 8347 21 8399 21 8475 19 8528 21 8602 20 8655 23 8728 22 8783 25 8855 23 8911 30 8980 26 9039 31 9104 31 9167 31 9232 31 9295 31 9359 31 9423 31 9486 32 9551 10 9562 20 9614 32 9680 10 9692 6 9701 9 9741 33 9808 12 9831 7 9870 19 9891 11 9936 12 9959 7 9998 8 10019 11 10063 12 10087 7 10126 8 10147 11 10191 11 10215 7 10254 8 10275 11 10320 8 10343 6 10383 7 10404 10 10447 7 10471 5 10478 4 10511 8 10534 8 10575 6 10603 8 10640 7 10663 8 10703 5 10720 19 10769 6 10792 7 10832 2 10846 21 10899 3 10921 6 10971 22 11030 6 11049 5 11097 22 11151 15 11224 22 11280 16 11349 23 11409 18 11474 25 11537 24 11599 26 11667 23 11725 26 11796 30 11853 24 11926 30 11979 24 12056 30 12106 21 12187 27 12233 18 12318 25 12361 15 12450 22 12489 10 12581 8 12591 9 12619 4 12723 4
gap_19e636ceb22fafc802,5969 3 6061 5 6079 3 6096 8 6188 9 6206 5 6223 12 6316 11 6334 6 6349 16 6443 12 6462 6 6475 20 6568 16 6591 7 6601 24 6694 19 6720 34 6821 21 6849 34 6948 23 6977 34 7075 25 7105 35 7202 26 7232 37 7330 27 7361 36 7457 28 7490 35 7585 28 7620 33 7713 28 7749 31 7841 28 7878 30 7970 26 8006 30 8098 25 8135 29 8226 25 8263 28 8354 25 8392 27 8482 24 8520 27 8610 24 8648 26 8739 22 8777 24 8868 21 8905 24 8997 19 9033 23 9126 18 9162 21 9255 17 9291 20 9384 15 9420 18 9514 12 9549 16 9643 9 9678 13 9773 4 9808 10 9938 6,5698 3 5704 5 5813 2 5826 4 5832 6 5940 3 5955 2 5960 7 6075 2 6088 6 6202 2 6216 6 6328 3 6344 3 6456 3 6584 3,,,,,3620 1 3674 2 3801 3 3807 2 3935 2 5680 1 5714 7 5843 7 5974 3 6059 1 6184 4 6310 6 6371 2 6438 5 6498 3 6566 2 6943 2 7071 3 7198 4 7270 1 7326 4 7398 1 7455 2 7526 1 7583 2 7615 4 7742 6 7870 7 7998 7 8037 1 8125 9 8164 2 8253 9 8291 3 8381 9 8419 3 8480 1 8509 9 8547 2 8608 2 8637 9 8674 2 8766 7 8802 1 8895 5 9023 8 9148 12 9275 14 9402 16 9527 20 9654 6 9664 4 9670 6 9767 3 9781 7 9793 2 9799 6 9895 6 9907 8 9928 4 10023 8 10040 1 10058 1 10152 6,4793 1 4916 2 4921 1 5043 7 5170 7 5297 7 5425 5 5553 3 6373 3 6501 3 6630 2 7820 3 7947 5 8075 5 8204 5 8211 1 8332 9 8463 7 8591 8 8719 9 8847 9 8938 5 8975 10 9065 6 9105 9 9193 5 9238 5 9321 2 9367 6 9449 1 9495 7 9576 1 9623 9 9703 2 9751 10 9788 3 9830 2 9879 8 9915 5 9923 5 9957 3 10008 6 10042 7 10051 7 10084 3 10137 4 10167 21 10212 1 10266 3 10294 11 10307 10 10395 3 10421 12 10435 10 10523 3 10549 11 10565 8 10589 2 10652 3 10679 7 10695 5 10713 5 10780 4 10798 1 10809 4 10837 9 10908 5 10927 1 10964 10 11038 3 11091 11 11218 2 11225 4
gap_7c3b4d2940f21022af,6682 2 6809 4 6936 5 7064 5 7191 5 7319 4 7447 4 7575 3 7703 2 7831 2 7959 1 8342 2 8470 2 8598 2 9290 2 9418 3 9547 2 9675 2 10009 1 10137 2 10166 1 10265 2 10294 2 10393 3 10422 2 10522 3 10549 3 10650 4 10677 3 10779 3 10804 4 10908 3 10932 4 11037 3 11059 4 11166 4 11186 5 11296 4 11314 4 11425 4 11441 4 11555 4 11568 4 11603 2 11685 3 11731 4,8007 1 8134 4 8262 6 8391 6 8521 4 8651 2 8761 6 8889 7 9016 8 9144 8 9272 8 9400 7 9529 5 9658 2,3906 5 4030 12 4151 22 4275 28 4401 31 4527 35 4654 37 4781 39 4909 39 5037 40 5165 41 5212 3 5293 41 5338 7 5421 41 5465 10 5550 39 5593 11 5679 38 5720 13 5807 38 5848 15 5936 36 5975 18 6065 35 6102 20 6194 34 6229 21 6322 57 6451 32 6484 23 6580 31 6612 23 6709 54 6837 54 6967 52 7096 52 7226 50 7356 48 7490 43 7618 43 7747 42 7876 42 8004 3 8008 38 8132 2 8138 36 8261 1 8268 34 8397 33 8525 33 8653 33 8780 34 8909 33 9037 33 9166 32 9294 32 9423 30 9552 29 9681 28 9761 3 9810 26 9890 3 9939 25 10018 4 10067 24 10147 4 10196 22 10275 4 10325 18 10405 1 10455 14 10585 10 10716 4,,5805 2 5933 2 6056 7 6184 6 6312 6 6439 8 6567 8 6684 1 6694 10 6813 2 6821 12 6941 5 6948 13 7069 20 7196 20 7323 8 7332 11 7451 1 7460 10 7578 1 7587 11 7705 1 7715 12 7737 3 7842 14 7863 7 7970 15 7990 8 8097 18 8117 9 8225 29 8353 20 8375 6 8481 19 8610 18 8738 18 8867 18 8996 17 9124 17 9253 16 9381 16 9509 16 9635 17 9764 15 9893 14 10022 3 10151 2 10279 2 10406 2,,4314 4 4393 1 4444 3 4572 5 4644 1 4703 2 4770 3 4896 4 5023 4 5150 3 5277 3 5404 4 5532 2 5660 1 6122 2 6250 3 6379 2 6507 3 6551 2 6636 2 6679 2 6765 1 6806 2 6934 2 7062 1 8432 1 8559 2 8596 1 8687 2 8724 2 8815 2 8852 2 8943 1 8980 2 9412 5 9537 8 9663 11 9790 12 9917 13 10044 14 10172 14 10301 12 10429 12 10557 11 10685 11 10814 9 10942 9 11070 9 11197 11 11319 3 11323 13 11338 2 11365 2 11422 3 11446 3 11452 1 11457 3 11463 1 11467 2 11491 4 11551 3 11573 3 11585 2 11596 2 11617 5 11680 4 11744 4 11810 3 11872 2 11940 3 11969 1 12096 3 12224 3 12352 3,11579 4 11589 3 11704 8 11716 8 11831 10 11843 12 11956 12 11971 15 12079 17 12100 16 12206 18 12228 17 12335 16 12357 17 12464 13 12487 15 12593 7 12617 12 12747 2
gap_53d1dc72e7792140b5,5052 3 5179 5 5307 5 5435 5 5563 5 5691 5 5819 4 5947 4 6076 1 6575 3 6595 9 6700 11 6722 12 6827 14 6850 14 6954 15 6978 15 7081 16 7107 15 7208 17 7236 15 7334 18 7365 15 7461 19 7494 15 7588 20 7622 16 7716 19 7750 17 7843 20 7878 18 7970 21 8007 18 8098 21 8135 18 8226 20 8263 19 8354 20 8392 18 8482 20 8520 17 8610 20 8648 17 8738 19 8777 16 8867 18 8906 14 8995 16 9035 13 9123 15 9163 12 9252 14 9292 11 9380 13 9421 10 9509 11 9550 8 9639 7 9680 6,6325 1 6452 2 7737 1,,,6204 2 6332 3 6460 2 6588 3 6717 3,,6822 4 6949 5 6994 3 7077 4 7101 4 7123 3 7206 1 7227 7 7252 2 7354 9 7482 9 7610 10 7738 10 7865 11 7966 3 7993 11 8094 3 8121 12 8222 3 8250 11 8351 2 8378 11 8411 2 8506 11 8539 2 8633 12 8666 3 8761 12 8794 1 8888 13 9015 15 9143 15 9267 1 9270 17 9398 18 9504 3 9526 17 9632 4 9654 13 9761 4 9789 5 9815 2 9893 2 9918 3 9944 1 10047 2 10175 2 10303 2 10431 2 10560 1 10687 2 10815 2 10943 2 11072 1,5544 2 5670 5 5797 5 5841 3 5925 5 5969 5 6052 5 6098 5 6180 3 6226 6 6355 5 6484 5 6613 3 7283 3 7409 7 7535 9 7662 11 7790 11 7816 2 7917 12 7943 4 8045 13 8070 6 8173 13 8198 6 8301 13 8326 9 8428 13 8454 10 8556 13 8583 10 8683 13 8713 9 8810 13 8841 9 8930 1 8937 12 8969 10 9058 1 9063 14 9097 11 9185 19 9226 11 9313 18 9356 10 9442 16 9488 6 9571 12 9617 6 9699 2 9706 3 9745 7 9795 6 9835 2 9873 7 9909 8 9922 8 9963 2 10001 7 10015 1 10036 10 10050 8 10090 3 10130 6 10144 1 10164 10 10178 9 10218 4 10258 6 10292 10 10306 9 10346 4 10387 4 10419 11 10434 10 10473 4 10516 3 10533 3 10547 11 10563 9 10601 3 10645 2 10661 4 10675 11 10691 9 10729 3 10789 4 10804 10 10819 8 10856 3 10933 8 10948 5 10984 2 11064 3 11112 2 11159 1 11239 2 11286 3 11366 3 11414 4 11494 3 11543 4 11621 3 11672 3 11749 2
gap_08c870a8acfbc11326,6465 2 6593 2 6720 4 6848 4 6976 4 7104 4 7233 3 7362 1 7758 2 7858 5 7884 5 7985 8 8011 8 8112 10 8138 10 8240 11 8265 12 8367 12 8393 13 8494 13 8522 12 8622 13 8650 12 8750 13 8779 11 8878 12 8908 10 9006 12 9036 10 9134 11 9165 8 9263 9 9294 7 9391 9 9423 5 9520 7 9553 1 9648 6,6844 1 6855 2 6971 3 6982 4 7099 3 7110 4 7239 3 7369 2 7481 1 7497 5 7606 4 7625 5 7735 4 7753 4 7864 2 7880 4,,,7490 1 7616 4 7744 4,,7727 2 7762 3 7854 3 7890 4 7981 4 8019 3 8109 3 8130 1 8148 2 8237 2 8255 6 8382 9 8509 10 8637 11 8664 2 8765 11 8791 4 8893 11 8919 4 9001 4 9021 11 9048 1 9129 4 9149 11 9258 3 9277 11 9404 12 9532 13 9659 14 9676 1 9785 17 9804 8 9911 16 9929 2 9932 9 10034 11 10046 8 10057 8 10159 14 10175 6 10287 5 10294 5 10304 5 10433 3 10561 3 10690 1,5814 3 5940 6 6067 7 6194 8 6219 3 6322 7 6346 5 6449 6 6474 6 6577 5 6603 6 6706 2 6732 6 6862 3 7318 1 7445 4 7573 4 7701 2 7917 4 8044 6 8090 3 8171 8 8219 3 8299 8 8345 2 8426 9 8471 4 8552 11 8598 5 8680 10 8725 7 8808 9 8853 7 8935 9 8981 8 9062 10 9109 9 9189 11 9238 8 9316 11 9366 9 9444 9 9496 7 9571 6 9626 5 9699 6 9755 5 9826 6 9884 4 9954 6 10012 5 10081 7 10141 4 10183 5 10207 8 10269 6 10299 4 10310 7 10334 9 10398 9 10425 7 10437 9 10463 7 10527 8 10537 2 10552 9 10565 10 10592 5 10656 12 10679 10 10693 10 10721 3 10785 12 10807 10 10821 10 10848 3 10913 5 10936 9 10949 10 10976 3 11042 4 11064 9 11078 7 11103 3 11170 3 11193 6 11209 1 11230 4 11299 3 11357 5 11427 3 11485 4 11555 4 11613 2 11684 3
gap_132c9c684e6c2bedee,,6464 4 6591 6 6719 7 6847 7 6855 2 6974 7 6984 1 7103 6 7232 4,,7379 7 7507 9 7635 11 7763 12 7890 14 8019 14 8147 15 8275 15 8361 2 8403 16 8488 2 8532 16 8660 16 8789 15 8918 14 9047 13 9175 12 9305 10 9435 6,4663 5 4786 12 4814 6 4911 15 4941 11 5037 18 5061 2 5069 14 5165 18 5189 2 5197 14 5292 19 5317 2 5326 14 5420 19 5454 14 5548 18 5582 14 5676 17 5711 13 5805 14 5839 15 5856 5 5924 2 5933 6 5940 6 5955 7 5969 6 5976 15 6048 10 6070 3 6081 14 6104 16 6172 15 6199 3 6209 1 6212 12 6232 17 6298 17 6327 5 6340 12 6360 17 6425 19 6455 5 6469 13 6488 18 6552 21 6582 7 6598 15 6615 19 6680 36 6727 35 6807 37 6857 33 6935 37 6987 31 7063 31 7119 9 7130 16 7192 30 7249 7 7260 14 7320 29 7378 1 7386 1 7389 13 7448 27 7518 11 7576 25 7646 11 7705 23 7775 9 7834 20 7906 5 7963 16 8037 1 8093 13 8222 12 8351 8 8360 1 8481 2,,7483 10 7610 14 7737 16 7865 16 7993 16 8120 18 8249 17 8377 17 8505 16 8634 15 8762 14 8891 12 9020 11 9149 8 9278 7 9402 14 9529 16 9657 16 9784 18 9913 17 10047 10 10176 3 10183 1 10304 1 10431 2 10559 2 10686 3 10814 3 10942 3 11070 3,7605 1 7628 2 7730 5 7756 3 7857 6 7884 4 7984 7 8012 5 8111 9 8140 5 8238 10 8268 6 8365 11 8395 8 8493 11 8523 8 8621 11 8651 8 8750 10 8778 10 8879 9 8906 9 9009 7 9034 9 9139 4 9163 7 9291 6 9901 9 9933 7 10027 12 10060 9 10154 19 10187 13 10282 20 10309 20 10410 20 10435 22 10539 19 10563 21 10667 19 10690 22 10796 18 10818 21 10926 16 10946 20 11056 13 11074 19 11188 9 11203 11 11216 2 11318 5 11332 8 11463 2
gap_357419da31f1989bfe,6191 2 6208 3 6317 5 6335 5 6438 14 6462 7 6563 17 6590 7 6688 21 6718 8 6815 22 6846 8 6864 8 6941 24 6974 8 6989 14 7068 25 7102 7 7115 18 7195 25 7231 5 7242 21 7322 26 7359 5 7370 23 7449 27 7486 6 7497 25 7577 27 7613 7 7625 26 7704 29 7740 9 7753 27 7831 30 7868 8 7881 28 7958 32 7996 8 8009 29 8086 33 8125 6 8136 31 8213 34 8255 1 8263 33 8340 36 8391 33 8468 37 8518 35 8596 39 8647 35 8724 40 8775 35 8852 40 8904 35 8980 40 9033 34 9108 40 9162 33 9236 40 9291 32 9364 39 9419 32 9492 39 9547 32 9620 38 9675 32 9749 36 9804 30 9877 36 9932 30 10005 35 10061 28 10134 34 10190 26 10262 33 10319 25 10391 31 10447 24 10520 30 10576 23 10649 28 10705 21 10777 27 10834 20 10906 25 10963 18 11035 23 11091 17 11165 20 11221 14 11294 18 11350 11 11424 14 11480 6 11554 10,6478 3 6600 4 6605 4 6728 8 6857 3 7355 2 7482 3 7610 2 7737 3 7865 2 7993 2 8121 3 8249 3 8378 2,,,,,4409 7 4531 2 4536 12 4658 3 4663 14 4678 1 4683 4 4787 2 4791 16 4812 7 4916 10 4931 3 4940 3 4945 3 5045 4 5067 4 5074 3 5173 5 5192 6 5205 2 5303 2 5319 6 5334 2 5463 2 5584 12 5677 1 5713 11 5844 8 5931 1 5980 1 6058 3 6186 3 6486 4 6557 2 6614 4 6683 4 6744 3 6810 5 6937 4 7064 4 7192 3 7320 2 7395 2 7448 1 7522 5 7651 5 7780 5 7909 5 8039 4 8168 3 8296 3 8425 2 8465 2 8554 1 8592 3 8639 6 8720 3 8767 7 8848 3 8894 8 8976 3 9022 9 9105 1 9149 11 9277 12 9405 12 9453 1 9532 13 9580 3 9660 13 9707 4 9789 12 9835 4 9873 2 9917 12 9963 4 10001 3 10045 11 10091 3 10129 3 10173 11 10219 2 10257 4 10302 10 10386 3 10430 10 10515 2 10557 12 10644 1 10684 14 10812 13 10940 13 11061 2 11070 10 11187 8 11199 8 11238 3 11313 12 11327 13 11364 5 11440 13 11456 13 11472 3 11490 7 11548 3 11567 10 11578 2 11585 4 11591 14 11618 6 11676 6 11693 7 11713 3 11720 7 11729 5 11749 2 11804 20 11841 3 11849 2 11853 2 11860 3 11934 16 11969 3 12064 10 12097 2 12194 4 12225 2 12353 2 12481 2 12610 1,4785 2 4912 4 5039 6 5166 4 5171 2 5291 1 5294 1 5296 3 5420 8 5548 5 6278 1 6532 1 6654 1 6781 3 6908 3 8446 2 8573 3 8700 4 8706 2 8827 5 8834 2 8955 5 8962 3 9083 5 9091 3 9211 5 9219 3 9339 5 9346 5 9467 5 9474 5 9594 6 9602 6 9722 6 9730 6 9850 6 9859 5 9978 6 9987 5 10106 6 10116 4 10233 6 10245 4 10250 2 10361 5 10374 4 10379 1 10488 5 10502 4 10507 3 10616 4 10630 9 10743 4 10759 8 10870 4 10888 7 10998 3 11015 1 11017 5 11125 3 11142 8 11252 3 11269 10 11379 4 11396 5 11403 4 11453 2 11506 4 11515 4 11524 4 11532 3 11580 3 11590 1 11633 4 11642 4 11651 6 11661 4 11706 6 11717 3 11760 4 11769 4 11779 8 11790 6 11829 11 11845 4 11851 1 11886 4 11896 5 11910 4 11920 4 11956 12 11973 12 12013 4 12023 6 12039 2 12049 6 12083 13 12101 12 12139 5 12150 6 12179 5 12210 14 12229 13 12265 6 12276 7 12308 6 12338 13 12357 13 12391 8 12404 5 12437 6 12467 12 12485 12 12519 8 12565 6 12604 2 12614 7 12647 6 12693 6 12777 1 12821 7 12952 5 13081 4 13211 1
gap_032e5bc031930a6f27,3629 11 3754 16 3776 6 3786 5 3881 18 3903 26 4007 19 4031 29 4134 12 4160 29 4261 11 4289 29 4388 11 4418 29 4515 11 4546 30 4642 12 4675 30 4769 12 4805 28 4897 11 4934 28 5024 11 5063 27 5151 12 5191 18 5213 6 5279 11 5320 15 5344 3 5406 12 5449 12 5474 1 5533 12 5577 11 5661 12 5706 9 5788 13 5834 8 5916 12 5963 6 6043 13 6091 4 6171 13 6220 2 6298 14 6426 14 6554 14 6682 14 6809 15 6937 15 7065 15 7117 1 7193 16 7244 3 7321 16 7372 3 7449 16 7500 3 7576 18 7628 3 7704 18 7756 3 7832 19 7884 3 7960 20 8012 3 8088 21 8140 3 8216 21 8269 2 8344 22 8472 23 8600 24 8728 24 8782 2 8807 2 8857 23 8908 5 8935 2 8985 23 9034 8 9062 4 9113 23 9161 10 9189 5 9241 22 9288 12 9316 6 9369 22 9416 13 9443 7 9498 17 9516 3 9540 19 9569 9 9626 21 9667 11 9680 11 9695 11 9754 21 9794 6 9802 4 9808 26 9882 28 9922 7 9930 4 9936 25 10011 27 10052 9 10064 25 10139 27 10182 7 10192 25 10268 25 10311 6 10320 24 10396 20 10439 7 10447 25 10525 18 10567 32 10653 18 10695 32 10782 17 10823 31 10910 17 10952 30 11039 16 11080 29 11167 16 11208 29 11296 16 11336 28 11425 16 11464 28 11554 16 11593 26 11682 18 11721 25 11812 16 11850 24 11941 15 11978 23 12070 13 12107 21 12200 9 12236 19 12332 1 12365 16 12494 14 12623 11 12754 6,5044 7 5169 12 5296 14 5423 16 5549 19 5676 20 5803 21 5930 22 6057 22 6185 20 6214 3 6313 20 6342 4 6440 23 6469 6 6568 26 6597 6 6696 14 6713 10 6726 6 6734 1 6824 14 6841 12 6854 6 6952 14 6968 20 7081 12 7095 20 7209 34 7337 34 7466 11 7478 21 7594 11 7607 20 7723 11 7736 19 7852 11 7865 17 7981 22 8005 5 8110 2 8116 8 8133 4 8244 12 8261 3 8372 14 8390 2 8394 2 8500 15 8518 7 8627 27 8756 24 8885 21 9014 18 9142 15 9268 15 9395 15 9521 15 9649 14 9781 8 10418 4 10545 6 10672 8 10800 9 10928 9 11056 9 11184 9 11312 8 11441 6,7126 8 7252 12 7379 14 7507 15 7634 16 7762 17 7890 17 8018 17 8146 18 8274 18 8402 18 8530 18 8659 17 8787 17 8915 17 9044 16 9172 15 9301 13 9430 11 9560 8,,,,2999 9 3029 2 3119 19 3142 5 3148 12 3245 44 3371 46 3498 6 3511 23 3542 3 3625 4 3645 16 3752 2 3879 1 5149 1 5276 2 5403 3 5531 2 5658 3 5785 3 5863 1 5913 3 5991 2 6041 2 6119 2 6169 2 6247 3 6297 1 6376 2 6504 2 6632 2 6760 2 6888 3 7016 3 7145 2 7273 2 7401 2 8214 2 8342 2 8470 2 8598 2 8726 2 8854 3 8982 3 9110 3 9239 2 9367 2 9496 1 10177 3 10304 5 10345 1 10431 6 10472 2 10558 8 10600 2 10685 9 10727 3 10812 10 10855 2 10940 10 10982 3 11068 10 11109 3 11165 1 11196 9 11237 3 11294 1 11324 9 11364 4 11422 1 11452 9 11492 3 11551 1 11581 8 11619 3 11680 1 11710 6 11747 2 11809 1 11835 7 11843 1 11874 3 11938 2 11962 10 12002 2 12067 2 12089 12 12129 2 12195 4 12216 3 12221 9 12256 2 12325 4 12343 3 12351 2 12356 4 12384 1 12454 11 12485 6 12583 9 12614 7 12714 3 12743 1 12747 5 12876 7 13006 10 13136 7,10002 1 10097 2 10130 2 10225 2 10259 2 10352 2 10388 1 10479 2 10605 4 10733 3 10860 3 10988 1 12346 3 12471 7 12482 3 12596 10 12609 5 12723 20 12851 22 12980 9 12993 9 13110 6 13121 9 13250 5
gap_cb846053b7748d7de9,,7362 3 7370 6 7490 6 7497 8 7618 15 7747 14 7875 13 8003 6 8010 5 8133 2,5868 3 5996 4 6040 4 6124 5 6168 11 6252 6 6296 14 6381 5 6424 16 6509 6 6552 16 6637 6 6680 16 6765 7 6808 17 6893 7 6936 17 7021 7 7065 16 7149 7 7193 16 7277 8 7321 16 7405 8 7449 17 7533 8 7576 19 7660 9 7704 19 7788 9 7832 20 7916 9 7961 19 8044 9 8089 18 8172 9 8217 18 8301 7 8346 15 8429 7 8475 4 8481 7 8557 7 8611 4 8686 5 8814 5 8943 3,7641 7 7768 10 7896 11 8025 11 8153 12 8281 13 8408 15 8536 16 8623 3 8663 18 8750 4 8791 19 8878 4 8919 19 9006 4 9047 19 9134 4 9175 19 9263 3 9303 19 9392 2 9431 19 9559 18 9687 3 9693 12 9815 2 9823 8 9897 2 9952 6 10030 3,3776 4 3903 7 4031 9 4150 3 4159 11 4171 7 4275 7 4287 26 4400 11 4415 28 4527 13 4542 30 4655 13 4670 31 4782 14 4798 37 4894 4 4901 23 4926 39 5020 32 5056 38 5146 34 5185 38 5273 35 5313 41 5400 35 5441 42 5528 34 5569 16 5589 23 5655 34 5697 14 5721 19 5783 31 5826 12 5849 19 5911 30 5955 11 5977 19 6038 2 6044 12 6058 11 6084 11 6104 20 6166 2 6179 5 6186 11 6212 2 6221 2 6231 21 6294 2 6310 2 6314 10 6329 4 6349 2 6357 24 6423 1 6442 10 6457 5 6477 3 6484 25 6551 1 6570 9 6583 7 6596 1 6611 26 6679 1 6696 11 6709 9 6721 11 6739 26 6806 2 6825 9 6837 24 6867 5 6874 19 6933 3 6954 7 6965 26 6996 2 7003 18 7061 4 7083 4 7093 27 7131 18 7187 6 7222 16 7240 8 7261 16 7314 7 7351 11 7376 1 7394 11 7442 7 7524 9 7569 7 7654 6 7698 6 7723 1 7783 5 7826 6 7852 1 7912 4 7954 7 7980 2 8041 3 8088 1 8107 3 8171 1 8235 4 8345 1 8361 5 8474 1 8488 5 8615 2,,8385 10 8511 13 8639 14 8766 15 8894 15 9022 15 9150 15 9278 15 9407 14 9535 13 9663 13 9791 12 9917 14 10045 15 10173 16 10301 16 10430 15 10561 11 10691 5 10819 3 10948 2 11076 2 11203 3 11331 3 11459 3 11587 2 11715 2,8244 3 8371 8 8402 2 8497 11 8528 6 8626 10 8656 6 8754 10 8783 8 8882 10 8911 8 9010 10 9039 8 9138 10 9166 9 9266 10 9294 9 9394 10 9422 9 9522 10 9550 9 9650 9 9678 9 9778 7 9806 9 9905 5 9934 9 10033 3 10063 7 10162 1 10549 6 10676 10 10702 9 10802 15 10825 15 10929 17 10952 16 11056 18 11079 18 11184 18 11207 18 11311 19 11334 19 11440 18 11462 19 11568 18 11590 19 11697 17 11718 18 11826 16 11846 17 11955 14 11974 16 12086 9 12103 13 12217 5 12232 9
gap_d34b5de2dd7db15056,,7996 3 8001 2 8123 8 8252 7 8264 1 8380 4 8392 2 8508 3 8520 2 8636 1,7763 4 7892 4 8022 3 8150 3 8279 2 8407 2 8535 3 8663 2 8790 2,,5307 14 5426 28 5553 33 5680 36 5807 42 5930 49 6057 51 6184 52 6311 54 6438 58 6566 60 6693 62 6821 34 6858 25 6948 19 6969 6 6978 4 6986 25 7075 18 7098 3 7106 5 7113 26 7203 18 7234 33 7331 19 7359 1 7361 34 7459 20 7487 36 7587 20 7616 14 7631 20 7717 19 7744 10 7767 12 7847 14 7872 7 7896 10 7979 6 8000 1 8003 2 8025 9 8107 4 8131 1 8153 7 8235 3 8281 2 8409 1,,8384 3 8511 9 8637 11 8765 11 8894 10 9022 10 9150 10 9277 12 9403 18 9528 23 9652 1 9655 25 9780 28 9912 21 10042 2 10047 12 10176 7 10305 4 10434 3 10563 2 10691 2 10819 2,5994 2 6122 3 6250 4 6380 1 6549 3 6641 1 6677 3 6769 3 6804 3 6897 3 6932 2 7026 1 7568 2 7585 1 7695 3 7712 3 7760 3 7823 3 7840 4 7861 4 7885 7 7952 1 7968 4 7985 9 8012 10 8096 5 8111 11 8140 10 8225 5 8238 12 8268 11 8291 2 8354 6 8364 14 8397 10 8418 3 8483 6 8492 13 8525 10 8544 5 8610 8 8620 9 8659 4 8671 5 8738 18 8788 2 8792 1 8797 7 8866 18 8918 1 8923 8 8994 18 9049 10 9122 17 9176 11 9251 14 9303 12 9379 15 9430 13 9508 15 9557 13 9637 15 9684 13 9766 14 9811 13 9896 13 9939 11 10026 11 10062 3 10066 9 10155 11 10168 4 10188 12 10288 15 10312 15 10418 14 10439 14 10546 15 10566 14 10675 15 10693 12 10805 13 10821 11 10936 10 10949 11 11066 8 11078 8 11196 5 11208 3
gap_74a515cb8a2c591a5c,,7619 3 7747 4 7875 4 8004 2,5699 7 5823 2 5827 9 5838 5 5951 3 5957 15 6085 17 6215 16 6344 16 6473 16 6602 16 6730 16 6858 17 6987 17 7115 17 7244 17 7375 14 7504 14 7632 15 7758 17 7885 19 8013 19 8141 19 8270 19 8398 19 8527 18 8654 19 8783 18 8912 17 9041 15 9169 15 9300 12 9429 10 9557 9 9686 7 9816 3 9944 2,8782 1 8877 6 8910 2 9004 11 9038 3 9131 11 9167 2 9259 5 9267 2 9387 5 9515 4 9550 3 9643 5 9653 3 9678 4 9685 1 9771 6 9780 4 9806 5 9813 3 9899 13 9935 9 10028 11 10065 8 10157 8 10196 3,5681 8 5806 11 5933 13 6060 15 6078 6 6188 27 6315 29 6443 30 6570 32 6696 34 6824 34 6952 6 6959 28 7080 6 7087 28 7208 36 7336 35 7464 25 7490 5 7592 25 7622 1 7719 26 7847 26 7881 3 7974 26 8008 5 8101 27 8137 2 8228 27 8356 23 8483 23 8611 23 8739 5 8745 9 8756 5 8867 4 8874 3 8885 3 8995 4 9002 2 9124 3 9253 2 9382 1,,8515 2 8642 6 8767 10 8894 11 9022 11 9151 9 9279 9 9408 7 9536 7 9664 7 9792 7 9920 7 10049 6 10178 4 10307 2 10435 1 10563 1 10691 2 10819 2 10947 2,7026 3 7153 5 7280 4 7408 5 7536 6 7664 6 7791 7 7918 8 8046 9 8174 8 8303 3 8332 1 8431 2 8458 5 8585 6 8713 7 8841 7 8970 8 9098 9 9227 8 9355 8 9403 2 9484 7 9531 2 9612 7 9659 2 10170 5 10184 6 10296 9 10311 10 10421 13 10438 13 10547 15 10565 16 10675 15 10693 16 10803 15 10822 14 10932 14 10950 13 11061 12 11079 11 11191 9
gap_5df57ac0568c3bee18,,7891 3 7982 2 8019 3 8110 3 8146 4 8238 3 8267 4 8273 5 8366 4 8394 6 8401 4 8494 4 8522 6 8529 4 8622 4 8629 3 8650 6 8659 1 8750 3 8756 4 8778 5 8884 5 8906 6 9011 7 9034 6 9140 7 9162 6 9269 6 9291 5 9397 6 9421 2 9526 4,,,3518 8 3645 10 3657 5 3760 4 3772 19 3793 2 3887 5 3899 21 3921 7 4015 3 4027 10 4040 8 4051 8 4155 9 4169 8 4183 5 4279 11 4297 9 4403 10 4426 8 4528 13 4555 8 4655 14 4683 8 4703 2 4782 15 4810 9 4832 1 4909 16 4938 9 5023 4 5037 15 5066 10 5151 5 5166 7 5194 12 5278 11 5295 3 5322 13 5343 3 5406 13 5450 13 5470 5 5534 13 5579 1 5583 8 5593 3 5597 6 5661 14 5714 4 5721 4 5726 4 5790 13 5849 3 5918 13 6049 10 6178 9 6307 8 6436 7 6488 1 6565 5 6586 3 6615 3 6694 2 6714 3 6743 3 6841 5 6871 3 6968 7 6999 2 7096 7 7224 7 7353 6 7481 5 7754 2 7881 4 8009 4 8138 4 8266 1,,9411 5 9538 7 9665 9 9789 15 9809 3 9903 1 9907 7 9915 26 10029 40 10157 40 10287 37 10416 36 10544 36 10672 35 10801 31 10930 30 11059 28 11187 28 11315 27 11443 1 11445 4 11450 20 11574 1 11578 14 11594 2 11706 3 11710 5 11717 1,5861 3 5987 5 6114 6 6242 6 6369 7 6426 3 6496 9 6554 3 6624 10 6682 4 6751 11 6809 6 6879 13 6936 8 7007 15 7064 9 7134 16 7191 11 7262 17 7317 13 7390 18 7444 15 7518 19 7571 16 7646 19 7698 17 7773 21 7826 17 7901 22 7953 19 8022 1 8028 23 8081 21 8150 1 8154 25 8210 21 8237 1 8278 1 8281 26 8338 22 8364 2 8405 30 8466 23 8492 2 8533 30 8594 28 8661 29 8722 28 8789 28 8850 27 8917 28 8978 28 9044 28 9106 28 9171 29 9234 28 9299 28 9362 29 9428 26 9491 27 9559 22 9620 26 9686 21 9749 24 9814 20 9878 23 9941 20 10007 22 10069 19 10137 20 10197 18 10266 20 10324 19 10396 18 10452 19 10525 18 10580 18 10654 18 10707 19 10782 19 10835 18 10911 18 10962 18 11040 18 11088 19 11168 18 11216 18 11297 18 11344 17 11426 17 11471 17 11555 16 11599 16 11685 19 11723 18 11814 21 11846 18 11944 2 11947 19 11971 20 12076 35 12112 7 12206 33 12240 5 12336 3 12340 12 12356 10 12471 6
gap_04666075328e55a6b9,10338 2 10463 4 10589 5 10716 5 10845 2,6345 1 6348 1 6470 10 6597 11 6725 10 6853 8 6981 7 7104 1 7110 7 7231 4 7238 7 7358 6 7366 7 7485 8 7495 6 7610 1 7613 8 7623 6 7736 3 7741 8 7751 6 7863 4 7870 7 7880 5 7991 4 7998 6 8010 3 8118 5 8129 1 8139 1 8247 4 8376 2,3412 4 3538 7 3662 12 3767 7 3788 14 3893 38 4019 44 4145 48 4272 51 4400 52 4528 53 4656 54 4784 54 4913 54 5042 53 5172 52 5301 52 5430 52 5559 51 5688 51 5816 51 5945 50 6077 13 6092 31 6208 9 6221 30 6340 5 6349 31 6469 1 6480 29 6608 29 6735 30 6861 32 6988 33 7117 32 7245 33 7373 33 7501 32 7579 4 7629 33 7706 7 7757 33 7834 9 7885 32 7962 13 8013 32 8090 15 8140 33 8218 18 8268 33 8347 19 8396 33 8475 22 8524 33 8603 23 8652 32 8732 22 8780 31 8860 23 8908 31 8988 23 9036 31 9117 23 9164 30 9245 23 9292 29 9374 21 9420 29 9502 20 9549 27 9631 18 9677 26 9760 16 9805 25 9889 14 9933 24 10018 12 10062 22 10147 10 10191 20 10277 6 10321 16 10451 12 10583 5,,4395 1 4521 4 4647 6 4773 8 4900 10 4912 1 5027 11 5041 1 5155 12 5169 3 5282 13 5298 3 5409 14 5426 4 5537 14 5554 5 5664 16 5682 6 5791 17 5810 6 5919 17 5938 7 6047 17 6066 7 6174 18 6194 7 6302 17 6322 8 6430 16 6450 9 6557 15 6578 9 6685 14 6705 11 6813 14 6833 11 6941 14 6961 11 7070 13 7088 11 7200 11 7215 12 7333 5 7343 12 7464 1 7470 13 7598 12 7726 10 7854 9 7982 9 8110 8 8239 8 8369 7,,2219 2 2347 2 2658 1 2786 2 3251 6 3377 8 3411 1 3504 7 3630 6 3758 2 4511 3 4582 3 4638 3 4710 4 4765 4 4838 4 4893 3 4967 3 5740 1 5785 2 5867 3 5912 3 5995 3 6040 3 6124 2 6169 1 7063 2 7191 2 7278 2 7319 2 7406 2 7447 2 7533 3 7662 2 7790 1 8256 5 8382 9 8509 10 8636 12 8764 13 8891 14 8985 2 9019 14 9113 2 9147 14 9242 2 9275 14 9323 1 9371 1 9403 15 9450 2 9532 13 9578 1 9660 13 9790 10 9919 7 10047 6 10174 7 10301 10 10420 2 10429 10 10532 4 10558 8 10572 2 10661 4 10688 3 10791 2 10816 3 10945 1 10971 2 11073 1 11098 3 11201 1 11329 1 11456 3 11585 1,10552 3 10675 11 10696 4 10797 18 10821 10 10924 20 10947 15 11051 21 11075 18 11179 21 11203 20 11307 20 11331 21 11436 19 11459 21 11566 16 11588 19 11697 12 11717 16 11829 4 11846 12
gap_a3e3b1d28e503cf096,,7635 4 7729 1 7763 5 7856 4 7891 5 7984 5 8019 5 8112 6 8147 3 8240 6 8369 5 8497 4 8627 1,,,4670 9 4792 19 4818 4 4913 39 5040 41 5166 44 5293 47 5418 53 5544 32 5586 14 5671 32 5716 13 5798 33 5847 10 5926 33 5973 12 6054 33 6100 13 6181 34 6218 3 6226 15 6310 28 6341 2 6345 24 6438 28 6473 23 6566 28 6602 21 6695 27 6731 19 6823 27 6859 17 6952 26 6988 13 7081 25 7116 12 7212 23 7244 10 7342 5 7349 15 7371 9 7478 15 7499 9 7606 7 7614 8 7627 8 7735 5 7743 7 7755 8 7865 3 7871 8 7881 10 7994 2 8000 7 8008 11 8122 3 8129 18 8249 5 8258 17 8377 6 8386 17 8505 6 8514 17 8633 8 8642 18 8760 28 8888 29 9015 30 9143 30 9272 29 9400 29 9528 29 9656 28 9784 27 9913 25 10041 25 10171 22 10301 18 10429 17 10557 16 10685 15 10813 14 10941 14 11070 13 11199 12 11328 10 11460 4,,11721 2 11842 15 11963 4 11969 16 12090 19 12218 18 12351 13 12480 11 12609 9 12739 5 12869 1,5991 1 5995 2 6118 2 6122 4 6245 3 6249 7 6372 13 6433 2 6500 13 6560 3 6627 14 6681 4 6688 4 6755 15 6808 6 6815 6 6881 17 6935 7 6943 6 7006 20 7063 7 7071 10 7129 25 7190 8 7199 10 7256 27 7318 8 7327 13 7384 27 7445 9 7455 15 7512 27 7573 26 7639 28 7701 27 7768 26 7829 27 7896 26 7957 27 8024 25 8086 26 8153 24 8214 26 8284 20 8342 25 8411 21 8471 21 8539 21 8599 22 8666 22 8727 23 8794 21 8855 24 8921 22 8983 25 9049 22 9110 26 9177 22 9238 27 9305 22 9367 27 9433 22 9495 27 9561 22 9623 28 9689 6 9696 15 9751 28 9817 6 9824 15 9880 17 9898 10 9945 6 9952 15 10008 17 10027 9 10072 6 10080 15 10136 11 10148 5 10155 10 10200 6 10209 14 10265 11 10284 9 10329 4 10338 13 10393 13 10412 8 10457 3 10466 12 10522 13 10541 7 10593 12 10651 13 10671 4 10718 14 10780 13 10801 1 10845 13 10909 14 10972 12 11038 14 11100 9 11167 14 11227 8 11297 13 11355 7 11427 12 11557 12 11687 11 11817 10 11946 10 12075 9 12205 4 12494 1
gap_edbc19e60caa49519b,4680 14 4808 17 4937 20 5067 21 5196 21 5325 21 5454 21 5583 22 5712 22 5793 2 5841 22 5920 4 5969 23 6047 5 6098 22 6174 6 6226 23 6301 7 6354 23 6428 8 6482 24 6555 9 6610 24 6682 10 6738 25 6809 11 6865 26 6937 11 6993 26 7064 13 7120 27 7192 13 7248 27 7320 14 7376 27 7448 14 7503 28 7576 15 7631 28 7704 15 7758 29 7832 16 7885 31 7960 17 8011 33 8088 18 8137 35 8216 19 8263 37 8343 21 8389 39 8471 22 8516 40 8599 24 8643 41 8727 26 8771 41 8855 28 8899 41 8983 29 9027 41 9111 29 9155 41 9239 29 9284 40 9367 29 9413 38 9495 29 9542 37 9623 29 9672 35 9751 30 9801 34 9880 29 9929 34 10008 29 10058 32 10136 30 10186 32 10264 30 10314 32 10393 29 10442 31 10521 29 10570 31 10649 29 10699 30 10778 28 10827 29 10906 28 10955 28 11035 27 11084 26 11164 25 11213 24 11293 23 11342 22 11422 21 11471 20 11552 18 11600 17 11685 12 11729 14 11815 9 11858 11 11945 5 11989 4,5050 10 5176 14 5300 19 5420 28 5546 30 5672 31 5799 32 5926 33 5964 4 6054 34 6089 8 6182 44 6310 44 6437 18 6456 26 6566 44 6693 44 6822 43 6950 43 7078 23 7103 17 7206 23 7232 16 7334 23 7360 15 7463 23 7487 16 7591 39 7720 37 7849 22 7873 11 7978 17 8007 4 8107 14 8236 10 8365 7 8495 4 8760 6 8887 8 9014 9 9141 10 9268 11 9396 11 9524 10 9653 9 9781 8 9910 5,,,,,4040 3 4155 3 4166 9 4276 14 4294 15 4401 17 4424 4 4431 10 4524 13 4561 11 4650 9 4661 1 4696 6 4777 8 4826 4 4902 9 5028 5 5154 5 5281 4 5409 3 5536 2 5663 1 5735 1 5863 2 5992 2 6120 3 6249 2 6377 3 6506 2 6552 2 6634 2 6679 3 6763 1 6806 3 6891 1 6934 3 7061 3 7189 3 7317 3 7445 2 7573 2 7701 2 8300 2 8428 2 8556 2 8597 1 8684 2 8724 3 8812 2 8852 3 8940 2 8980 3 9068 2 9108 3 9196 2 9236 3 9324 2 9364 3 9452 1 9493 2 9580 1 9621 2 9664 6 9708 1 9789 11 9915 13 10042 15 10170 15 10298 15 10426 15 10554 14 10682 14 10729 1 10811 12 10856 2 10904 2 10940 11 10983 3 11032 3 11068 9 11110 3 11161 3 11197 7 11238 3 11289 3 11326 8 11365 3 11418 3 11451 12 11492 3 11547 2 11579 12 11619 3 11707 12 11747 1 11837 7 11967 4 12096 2 12113 5 12202 5 12242 5 12328 6 12456 5 12609 1 12737 2,11957 1 11962 4 11972 5 12083 12 12100 11 12210 14 12227 13 12337 15 12355 14 12464 16 12483 15 12592 16 12612 14 12720 15 12740 14 12850 4 12871 3
gap_dc6d21fe4251dc7c5d,3503 7 3628 20 3753 46 3879 21 3902 28 4005 22 4031 31 4132 21 4160 32 4258 20 4290 32 4385 20 4420 31 4512 20 4551 29 4639 20 4681 27 4767 19 4812 25 4894 19 4941 25 5021 19 5069 25 5149 19 5198 25 5276 19 5327 25 5404 19 5455 25 5531 19 5584 24 5659 19 5712 24 5786 20 5840 24 5914 20 5968 25 6042 20 6096 25 6170 19 6224 25 6298 19 6352 25 6426 20 6480 25 6554 20 6607 27 6683 19 6735 27 6810 20 6863 26 6938 20 6991 26 7067 20 7118 27 7195 20 7245 28 7324 20 7372 29 7452 21 7500 29 7580 21 7628 28 7709 21 7756 28 7837 22 7885 27 7965 23 8013 28 8093 23 8142 27 8221 22 8273 5 8279 17 8349 21 8402 22 8477 20 8530 3 8534 18 8605 20 8645 5 8658 3 8662 18 8734 19 8773 8 8787 1 8790 17 8862 21 8902 12 8916 19 8991 21 9031 11 9044 19 9119 22 9160 10 9171 20 9248 21 9289 29 9376 21 9417 29 9505 22 9545 29 9633 24 9673 28 9762 25 9802 27 9891 24 9930 26 10019 24 10058 25 10148 23 10186 25 10276 23 10314 24 10405 21 10443 23 10534 20 10571 22 10663 18 10699 21 10792 16 10828 19 10921 14 10957 17 11051 9 11086 15 11216 11 11347 6,4534 6 4661 9 4788 11 4805 5 4915 12 4933 6 5043 12 5061 7 5170 12 5189 8 5298 11 5316 10 5426 10 5444 11 5554 14 5572 11 5682 17 5700 11 5810 30 5938 30 6067 29 6196 2 6200 13 6214 9 6328 13 6342 9 6455 14 6470 9 6583 13 6598 9 6712 12 6726 8 6840 21 6968 16 7093 20 7220 22 7347 24 7475 24 7603 24 7731 24 7860 24 7989 24 8118 24 8248 23 8370 3 8379 21 8497 4 8510 5 8522 7 8626 3 8631 5 8652 5 8758 7 8782 1 8886 8 9013 9 9141 9 9269 9 9398 7 9527 5,,,,,3134 2 3261 12 3389 12 3518 11 3652 3 4129 1 4966 2 5094 3 5223 2 5352 1 5402 1 5529 2 5657 2 5785 1 6249 2 6377 2 6425 1 6505 2 6552 2 6634 1 6680 3 6808 2 6936 2 7529 1 7656 3 7784 3 7835 2 7912 3 7963 2 8041 1 8091 2 8169 1 8219 2 8347 2 8476 1 9026 3 9152 6 9279 8 9406 10 9534 10 9662 10 9789 11 9829 1 9889 1 9917 12 9956 2 10017 2 10045 12 10083 2 10145 3 10175 10 10211 2 10274 2 10304 6 10338 2 10402 3 10432 6 10466 2 10531 3 10558 8 10593 2 10660 2 10685 11 10721 1 10788 3 10813 12 10848 1 10917 2 10941 12 10975 2 11072 6 11102 2 11201 3 11330 1,9238 1 9365 3 9494 3 9622 4 9751 4 9880 3 10009 3 10138 3 10218 2 10268 3 10345 2 10398 2 11067 4 11193 7 11205 6 11319 10 11332 8 11446 11 11460 9 11574 11 11588 11 11703 10 11716 11 11834 4 11845 9
gap_5291e53be54abab4f4,5291 1 5321 11 5414 13 5447 15 5540 17 5574 18 5667 18 5702 19 5794 19 5831 20 5921 20 5959 20 6047 22 6088 20 6173 24 6216 21 6300 24 6344 23 6426 26 6471 25 6552 28 6595 30 6679 30 6723 32 6806 31 6850 34 6933 32 6978 35 7060 33 7102 2 7106 36 7188 32 7229 42 7315 33 7357 43 7443 32 7484 44 7571 32 7613 44 7699 31 7741 44 7826 32 7870 43 7954 32 7998 43 8082 32 8128 41 8210 31 8256 41 8338 31 8384 41 8466 31 8513 40 8595 31 8642 39 8723 31 8771 38 8852 30 8899 38 8980 31 9028 37 9108 32 9157 36 9237 32 9285 36 9365 34 9414 35 9494 37 9542 34 9623 36 9671 33 9751 36 9799 32 9880 35 9927 32 10009 33 10056 30 10137 33 10184 29 10266 31 10312 29 10395 30 10441 27 10524 29 10569 27 10653 27 10698 25 10782 26 10826 24 10911 24 10955 22 11040 22 11084 20 11170 19 11214 16 11299 17 11343 14 11429 13 11473 10 11560 7 11604 4,5436 4 5562 8 5690 9 5818 10 5946 13 6074 13 6201 15 6329 6 6339 4 6456 7 6583 8 6711 7 6838 4 6966 4 7094 4 7223 2 7349 3 7476 5 7603 7 7731 8 7858 9 7986 9 8114 9 8242 9 8370 9 8498 10 8626 9 8754 9 8883 8 9011 8 9140 7 9269 4,,,,,4278 13 4404 8 4414 8 4528 7 4545 7 4652 9 4674 7 4779 35 4906 15 4926 18 5033 13 5057 16 5160 12 5191 2 5196 3 5664 2 5722 1 5791 2 5851 2 5918 2 5980 2 6045 2 6108 3 6238 2 6367 2 6496 1 6677 1 6803 2 6931 2 7058 2 7186 1 7314 1 7529 1 7657 2 7785 2 7825 1 7913 2 7952 2 8041 2 8080 2 8169 2 8208 2 8298 1 8336 2 8464 2 8593 1 9022 5 9150 5 9235 1 9277 7 9363 2 9405 8 9491 3 9532 10 9577 2 9620 2 9660 10 9704 3 9748 3 9788 10 9831 3 9877 2 9915 12 9959 3 10006 1 10043 12 10087 2 10171 12 10299 11 10428 9 10557 7 10686 6 10724 2 10811 12 10850 4 10939 12 10977 4 11037 2 11067 12 11104 4 11166 2 11191 2 11195 12 11232 3 11294 4 11318 4 11325 7 11359 3 11423 5 11444 6 11455 4 11464 1 11468 2 11553 6 11569 5 11583 3 11593 1 11597 5 11682 19 11712 2 11726 7 11812 15 11840 1 11856 9 11946 5,9611 4 9739 5 9840 4 9867 5 9967 5 9997 4 10094 6 10128 2 10222 2 10257 2 10349 1 10386 1 10477 1 10514 2 10604 1 10643 2 10731 2 10771 2 10859 2 10900 2 10986 3 11028 3 11113 3 11157 3 11240 3 11286 3 11367 3 11415 3 11451 3 11460 3 11494 3 11545 2 11577 5 11587 6 11621 3 11704 7 11715 7 11747 4 11805 3 11831 8 11842 9 11874 3 11934 3 11957 10 11970 10 12000 2 12084 11 12098 11 12126 3 12212 11 12227 9 12252 4 12342 7 12356 6 12381 3
gap_4e37cd734d42d687c3,,7730 1 7858 2 7986 2 8114 3 8242 5 8370 6 8397 1 8498 8 8524 4 8627 8 8651 8 8757 5 8779 8 8907 8 9039 3,,,5185 4 5301 1 5309 14 5325 11 5420 47 5548 48 5676 48 5804 49 5932 49 6061 48 6191 46 6326 39 6455 38 6584 36 6712 35 6840 34 6968 33 7097 31 7226 28 7356 24 7486 20 7617 16 7746 14 7875 12 8005 9 8135 6 8266 3 8395 2 8523 1 10307 3 10432 8 10559 9 10686 9 10814 8 10942 7 11070 6 11199 5 11327 4,,11343 1 11470 2 11598 2 11702 1 11724 5 11829 6 11839 2 11850 7 11958 26 12086 25 12214 25 12342 24 12471 22 12605 10 12740 2,5925 1 6052 3 6180 5 6308 7 6436 8 6499 1 6564 9 6625 4 6686 3 6693 9 6752 6 6813 4 6821 9 6878 9 6937 8 6948 11 7005 10 7063 10 7075 12 7132 11 7146 1 7190 26 7258 13 7273 5 7318 26 7385 14 7400 8 7445 28 7512 25 7573 29 7639 27 7701 29 7764 30 7829 29 7891 32 7957 29 8019 32 8085 29 8146 33 8212 30 8274 33 8340 30 8403 32 8468 30 8531 31 8596 27 8659 31 8723 28 8787 30 8850 30 8915 30 8978 31 9044 29 9106 31 9175 26 9235 30 9302 27 9363 30 9429 28 9491 31 9556 29 9620 30 9684 29 9747 22 9770 8 9812 29 9876 21 9899 7 9939 30 10004 22 10028 6 10067 31 10132 22 10157 5 10195 31 10260 23 10285 5 10322 31 10389 22 10414 3 10450 31 10517 22 10542 3 10578 30 10646 21 10671 1 10706 30 10775 19 10833 8 10842 21 10904 17 10961 8 10970 21 11034 16 11088 8 11098 20 11163 17 11216 7 11226 19 11293 17 11344 6 11354 17 11423 16 11472 5 11481 17 11553 16 11600 5 11608 16 11684 14 11729 3 11734 17 11814 13 11858 19 11944 12 11986 17 12074 10 12111 17 12204 9 12239 14 12334 8 12366 13 12463 7 12494 10 12593 7 12622 8 12723 8 12750 5 12856 3
gap_875e76c67368017dd0,,6320 1 6442 2 6448 1 6569 4 6575 2 6696 9 6825 8 6865 1 6953 4 6959 2 6993 2 7122 2 7125 4 7250 8 7378 8 7509 5 7639 1,,,5825 2 5952 3 5960 2 6077 7 6087 3 6211 7 6341 5 6471 3 6600 2 6729 1 9914 6 10042 7 10169 9 10297 9 10424 10 10552 10 10680 9 10808 9 10936 9 11064 9 11192 9 11320 9 11449 8 11577 7 11706 5,6203 8 6330 11 6457 14 6584 16 6712 17 6840 17 6967 18 7095 18 7223 18 7351 18 7478 19 7606 19 7734 19 7862 19 7990 18 8118 18 8246 18 8374 18 8502 17 8630 17 8758 17 8886 17 9015 16 9143 15 9272 13 9401 11 9531 8,10926 1 11054 1 12215 7 12344 7 12474 5,6562 1 6688 5 6815 7 6943 9 7070 11 7198 12 7327 21 7456 6 7463 14 7589 16 7643 4 7716 16 7755 3 7767 9 7826 6 7843 17 7882 23 7953 8 7970 17 8011 22 8080 10 8097 17 8139 22 8208 10 8225 16 8267 13 8281 8 8336 9 8352 17 8395 14 8411 4 8464 6 8472 1 8480 17 8524 14 8541 1 8592 4 8608 16 8652 15 8720 4 8736 16 8780 15 8806 7 8849 2 8855 2 8864 16 8908 16 8932 10 8978 1 8982 4 8992 16 9036 16 9059 11 9110 5 9120 15 9164 16 9187 11 9237 6 9248 15 9292 17 9316 11 9365 7 9377 14 9420 17 9444 11 9493 8 9506 13 9548 17 9575 8 9621 8 9635 12 9676 17 9704 7 9749 8 9764 11 9804 16 9832 7 9870 2 9878 8 9893 10 9932 15 9954 3 9960 6 9997 4 10006 8 10022 9 10060 14 10081 4 10088 5 10124 6 10135 7 10151 8 10188 13 10209 5 10216 4 10252 9 10265 3 10282 5 10316 12 10336 7 10380 11 10412 2 10444 11 10464 7 10507 14 10571 10 10591 8 10635 17 10699 8 10718 9 10764 20 10827 4 10845 9 10892 24 10973 8 11021 28 11101 7 11110 6 11150 30 11230 5 11236 8 11280 29 11361 11 11411 27 11483 16 11541 26 11597 29 11671 25 11723 30 11801 24 11850 30 11932 22 11977 29 12064 18 12104 29 12194 16 12230 30 12324 14 12356 31 12454 11 12484 28 12611 21 12739 18 12867 15 12997 5
gap_45728b0dfed4ad5c39,11606 9 11735 7,7487 1 7614 4 7742 6 7752 4 7869 8 7881 3 7997 8 8010 2 8125 9 8139 1 8253 9 8267 1 8380 10 8395 1 8508 9 8523 2 8636 8 8651 1 8767 4 8779 1,3641 13 3767 25 3895 30 4022 34 4150 36 4279 37 4407 37 4535 38 4664 39 4792 40 4920 41 5048 42 5176 42 5304 43 5432 44 5560 44 5688 45 5817 44 5945 45 6073 45 6202 45 6331 44 6460 44 6589 44 6721 40 6851 39 6979 39 7108 38 7237 38 7318 5 7366 37 7445 7 7495 37 7573 7 7623 38 7701 7 7756 33 7828 8 7884 33 7956 8 8012 34 8084 9 8140 34 8211 10 8268 34 8339 10 8396 34 8467 10 8525 33 8595 10 8652 34 8723 11 8780 34 8851 14 8908 34 8979 14 9037 33 9108 13 9165 33 9236 14 9293 33 9364 16 9422 32 9492 23 9550 32 9620 23 9679 31 9749 22 9807 30 9877 22 9936 29 10005 22 10064 28 10134 21 10193 27 10262 21 10321 26 10391 17 10450 24 10520 15 10579 22 10648 15 10707 22 10777 13 10837 18 10906 12 10966 16 11035 10 11095 14 11165 6 11225 11 11354 8 11484 2,9263 5 9388 9 9516 9 9644 9 9772 9 9901 7 10029 7 10157 6 10285 5,3888 3 4013 8 4138 12 4265 14 4392 15 4519 16 4646 18 4773 19 4900 20 5027 21 5154 22 5282 22 5410 22 5538 22 5666 22 5794 23 5922 23 6051 22 6179 22 6307 22 6435 22 6563 22 6690 23 6818 23 6945 24 7073 23 7201 22 7328 22 7456 22 7584 21 7712 21 7841 20 7970 19 8099 18 8227 19 8356 18 8485 17 8612 13 8740 3 8869 2 9387 1 9515 1 9643 1 9771 1 9899 2 10027 2 10155 2,,4318 3 4383 3 4447 4 4509 3 4577 2 4636 3 4706 2 4763 3 4835 2 4891 2 4963 2 5019 1 5092 2 5146 2 5220 2 5274 1 5349 1 5477 2 5606 2 5734 2 5862 3 5991 2 6119 2 6248 1 6294 2 6422 2 7662 1 7789 2 7917 3 8046 2 8174 2 8209 2 8302 2 8337 2 8430 2 8465 2 8558 2 8593 2 8687 1 8721 2 8849 2 8898 2 8978 1 9023 8 9149 11 9276 13 9404 13 9531 15 9659 15 9787 15 9916 13 10044 13 10172 13 10300 12 10428 12 10555 13 10683 14 10810 16 10937 19 11065 20 11194 2 11201 2 11204 5 11292 1 11333 4 11364 2 11420 3 11440 2 11490 3 11549 4 11566 4 11617 4 11678 4 11694 3 11731 1 11744 4 11809 1 11871 2,11445 12 11466 5 11572 17 11592 7 11698 30 11825 32 11943 5 11950 36 12070 25 12099 17 12198 24 12227 24 12325 25 12356 24 12454 23 12485 22 12584 19 12614 21 12714 15 12744 17 12845 9 12873 14 13005 7
gap_c9f10e4b082c0db22a,,,,,,,,8806 2 8932 7 8981 2 9059 9 9106 7 9186 11 9233 9 9314 11 9360 11 9442 12 9488 11 9569 13 9615 12 9698 11 9743 12 9826 11 9872 11 9955 9 10000 10 10086 5 10128 10 10257 7 10387 3 10593 4 10719 11 10845 14 10903 6 10972 15 11029 10 11099 16 11156 12 11227 16 11283 14 11355 14 11410 15 11483 14 11538 15 11610 14 11667 15 11736 16 11796 15 11863 16 11926 14 11990 16 12055 14 12118 14 12185 13 12247 11 12315 12 12375 7 12446 10
gap_bcfb0e649badcb51be,3745 8 3870 15 3995 24 4121 28 4248 30 4283 6 4303 12 4375 30 4411 10 4424 22 4501 31 4539 37 4628 31 4669 37 4755 30 4798 38 4882 30 4927 38 5009 28 5057 38 5136 27 5186 39 5263 27 5316 38 5390 27 5445 38 5517 28 5574 38 5644 29 5702 39 5772 29 5831 39 5899 30 5959 40 6026 30 6087 41 6154 30 6215 42 6281 31 6344 41 6409 31 6472 42 6536 32 6600 43 6664 32 6729 42 6792 32 6857 42 6919 33 6986 42 7047 33 7114 43 7175 33 7243 42 7303 32 7373 41 7431 33 7504 38 7559 33 7633 37 7687 33 7762 37 7815 33 7891 36 7943 34 8020 35 8071 34 8148 36 8199 35 8276 36 8327 36 8404 36 8456 35 8531 37 8584 36 8659 37 8712 36 8787 37 8841 35 8915 37 8969 34 9043 37 9097 33 9155 4 9164 1 9172 36 9225 32 9282 7 9290 4 9300 36 9354 31 9410 13 9429 35 9482 30 9538 13 9557 34 9610 29 9667 12 9685 34 9738 29 9797 10 9813 34 9867 28 9926 9 9941 34 9995 28 10054 10 10069 33 10124 28 10183 9 10195 35 10252 29 10311 10 10323 34 10381 28 10439 10 10451 34 10510 28 10568 44 10638 25 10664 3 10696 44 10767 23 10792 4 10824 43 10896 23 10920 5 10953 42 11025 30 11081 41 11154 34 11209 41 11283 34 11338 39 11412 33 11466 38 11541 31 11594 37 11670 30 11723 35 11799 28 11852 34 11928 25 11981 32 12058 22 12111 29 12188 18 12241 26 12320 12 12371 23 12454 3 12500 20 12631 1 12633 13 12770 1,4245 2 5168 6 5175 2 5291 17 5355 2 5418 25 5546 26 5674 27 5802 28 5929 29 6058 28 6186 28 6314 28 6443 27 6572 27 6701 27 6825 31 6953 11 6968 17 7081 10 7097 16 7208 12 7225 16 7336 20 7361 8 7464 20 7490 12 7592 20 7619 12 7721 20 7747 13 7849 20 7875 12 7977 21 8003 12 8106 21 8131 11 8235 20 8260 9 8364 19 8391 4 8493 17 8622 16 8751 15 8879 15 9007 15 9134 15 9261 12 9386 15 9513 17 9640 18 9768 13 9784 2 9896 14 10024 15 10154 14 10283 13 10411 13 10540 11 10668 11 10797 9 10926 7 11056 4,,,,,2985 3 3375 4 3503 12 3631 20 3761 20 3891 20 4021 18 4157 10 4372 2 4499 1 4625 2 4751 3 4879 2 5006 2 5484 2 5613 2 5742 2 5871 2 5897 1 6000 2 6024 2 6128 2 6151 3 6257 2 6278 3 6406 3 6534 2 7286 1 7414 2 7428 2 7542 3 7556 3 7670 4 7684 3 7799 3 7812 3 7928 2 7940 3 8069 1 8710 1 8838 2 8952 3 8966 3 9080 4 9094 3 9208 4 9222 3 9336 4 9350 3 9464 4 9478 3 9593 2 9607 2 9790 4 9917 7 10045 7 10172 9 10299 11 10358 2 10427 11 10485 3 10554 12 10612 4 10636 1 10682 12 10740 4 10764 2 10810 12 10868 3 10892 3 10937 13 10995 4 11021 3 11065 14 11123 4 11149 4 11193 14 11251 3 11277 5 11321 13 11380 1 11406 4 11450 12 11535 4 11578 11 11664 4 11707 10 11793 4 11834 11 11922 3 11961 12 12050 4 12088 14 12179 4 12215 15 12269 1 12309 3 12343 17 12395 3 12438 3 12470 4 12477 5 12484 5 12521 4 12568 1 12595 2 12599 5 12606 3 12611 6 12619 1 12648 4 12719 12 12732 1 12734 3 12740 8 12774 5 12846 13 12860 1 12862 3 12866 1 12870 5 12901 5 12976 3 12983 3 12989 4 12994 1 13005 2 13026 7 13116 7 13153 7 13246 3 13250 1 13281 5 13374 2 13378 1 13410 2 13503 1 13506 2 13635 2,10755 1 10883 3 11011 4 11134 1 11139 5 11259 1 11261 2 11267 7 11386 5 11394 9 11513 5 11522 10 11640 5 11651 10 11767 6 11779 11 11894 7 11908 11 12021 7 12038 9 12149 7 12167 9 12276 7 12295 10 12403 7 12424 10 12530 7 12553 10 12658 6 12684 7 12731 1 12739 1 12785 6 12814 6 12859 1 12867 3 12912 6 12944 5 12979 4 12986 3 12995 6 13039 6 13073 5 13105 11 13123 8 13165 5 13203 4 13232 13 13251 9 13292 5 13332 5 13359 13 13379 13 13419 5 13461 5 13488 12 13508 12 13547 4 13590 4 13617 10 13637 10 13675 3 13750 2 13766 8 13896 5
gap_272470562221780932,,7364 7 7491 9 7619 10 7745 12 7873 12 8001 12 8135 5,5021 4 5148 6 5276 6 5404 8 5531 12 5659 13 5787 12 5915 12 6043 10 6172 6 6179 1 6300 7 6429 5 6557 5 6686 4 6815 3,,4021 3 4032 3 4148 5 4158 7 4168 3 4175 3 4277 5 4285 24 4404 35 4531 36 4569 5 4658 47 4785 26 4814 20 4912 27 4943 20 5039 28 5073 18 5092 3 5167 28 5203 16 5220 4 5295 27 5331 7 5342 12 5403 1 5423 26 5461 3 5471 13 5550 26 5599 14 5658 1 5672 1 5676 8 5687 3 5697 7 5728 13 5785 2 5799 13 5827 5 5857 13 5912 3 5927 14 5956 4 5986 13 6039 4 6053 16 6115 12 6166 6 6178 1 6180 12 6243 13 6293 7 6307 13 6371 13 6421 8 6434 15 6457 6 6499 14 6548 9 6562 15 6585 9 6627 14 6676 10 6690 15 6712 11 6755 15 6804 11 6818 16 6840 12 6863 4 6883 15 6932 6 6942 21 6965 15 6989 7 7012 15 7061 4 7071 36 7117 8 7140 15 7190 2 7200 34 7245 8 7257 2 7268 15 7330 23 7354 6 7374 7 7384 4 7396 15 7448 3 7459 21 7503 5 7512 4 7522 17 7577 2 7588 19 7633 2 7640 5 7649 18 7717 12 7769 4 7775 2 7779 16 7846 5 7903 2 7907 16 7976 2 8031 2 8035 15 8159 3 8163 12 8287 14 8415 13 8544 10 8672 9 8800 8 8929 6 9058 2,,8386 8 8512 12 8639 14 8766 15 8894 16 9021 17 9150 16 9278 16 9407 14 9536 12 9664 11 9793 9 9917 3 9921 8 10045 12 10172 17 10300 18 10430 16 10561 12 10691 5 10820 3 10948 3 11076 3 11204 2 11332 2 11460 1,7839 2 7966 4 8020 2 8093 6 8111 12 8144 8 8221 7 8239 13 8271 10 8350 7 8366 14 8398 12 8478 8 8494 14 8526 12 8607 7 8622 14 8654 13 8735 8 8750 14 8782 13 8864 8 8878 14 8910 14 8992 9 9007 13 9038 14 9121 9 9136 12 9166 14 9248 11 9265 11 9294 14 9376 12 9394 10 9423 12 9504 13 9523 8 9551 12 9632 14 9657 1 9679 11 9761 14 9807 10 9830 2 9891 12 9936 8 9956 3 10020 12 10082 4 10149 12 10209 4 10280 9 10335 4 10411 6 10462 4 10540 5 10589 4 10671 2 10676 12 10704 7 10716 4 10803 14 10825 15 10844 2 10930 16 10952 18 11058 17 11080 18 11185 18 11207 19 11314 17 11335 18 11442 17 11462 18 11571 16 11590 18 11700 15 11717 18 11829 33 11958 13 11973 15 12088 10 12102 13 12218 7 12231 9 12348 3 12360 3
gap_3a9f95c49838c8cad7,4640 4 4766 6 4893 6 5020 7 5146 9 5222 1 5273 10 5349 5 5400 11 5476 7 5527 12 5603 9 5655 12 5731 10 5782 14 5859 11 5909 15 5988 11 6037 16 6116 11 6164 16 6246 9 6292 9 6374 10 6419 7 6502 10 6547 5 6630 10 6675 4 6759 10 6803 3 6887 10 6931 2 7015 11 7126 3 7143 11 7252 6 7272 10 7379 7 7400 10 7492 4 7505 9 7529 10 7608 3 7620 7 7628 15 7657 10 7734 6 7748 23 7785 10 7861 8 7876 24 7913 10 7989 8 8004 24 8041 10 8117 8 8132 25 8169 10 8245 7 8260 25 8298 9 8373 7 8388 25 8425 10 8501 6 8517 25 8554 9 8629 6 8645 26 8680 11 8758 5 8774 26 8807 12 8887 5 8903 26 8933 14 9015 5 9032 43 9106 2 9144 4 9161 42 9234 2 9272 4 9290 41 9363 1 9401 3 9418 41 9491 2 9529 3 9547 40 9619 2 9658 2 9675 39 9747 3 9786 2 9803 39 9876 2 9914 2 9931 38 10004 3 10042 2 10059 38 10133 3 10169 3 10188 36 10262 2 10297 3 10316 36 10391 2 10424 3 10444 35 10520 2 10552 2 10572 35 10649 2 10679 3 10700 34 10777 4 10805 4 10829 32 10906 5 10931 6 10957 31 11035 6 11057 7 11085 30 11165 6 11182 9 11214 27 11295 22 11343 25 11425 18 11472 22 11555 14 11602 19 11685 8 11732 15 11862 11 11995 2,6708 4 6729 4 6835 7 6856 8 6963 8 6983 10 7092 6 7111 11 7223 1 7239 11 7367 10 7496 7 8380 6 8508 7 8635 8 8764 8 8892 7 9020 7 9149 5,4154 14 4281 21 4408 26 4536 35 4664 37 4792 38 4919 39 5042 45 5169 45 5296 45 5424 44 5551 43 5679 43 5806 43 5934 43 6062 43 6191 42 6319 41 6448 40 6577 39 6705 3 6712 10 6728 1 6733 10 6834 1 6842 3 6864 6 6993 3 7832 2 7958 6 8085 7 8160 3 8164 3 8213 8 8288 7 8340 10 8416 7 8468 11 8545 6 8596 11 8673 5 8724 11 8803 1 8852 12 8980 12 9108 13 9237 13 9365 17 9493 18 9517 6 9622 29 9750 29 9879 28 10008 27 10136 26 10265 25 10394 24 10523 22 10652 21 10782 18 10912 16 11041 13 11172 8,,6180 1 6301 9 6426 12 6552 1 6555 12 6683 12 6811 4 6817 6 6939 3 7068 1 7596 4 7616 1 7723 8 7744 2 7850 10 7978 10 8106 10 8234 10 8362 10 8490 10 8618 10 8746 10 8874 10 9003 8 9131 2,,3750 4 3875 9 3933 3 4001 11 4062 4 4127 11 4191 5 4254 10 4319 6 4380 8 4448 6 4507 6 4577 6 4634 5 4707 5 4761 4 4837 4 4888 4 4966 3 5015 4 5096 2 5143 3 5270 3 5398 2 6128 1 6256 2 6290 1 6384 2 6417 2 6513 2 6544 3 6641 2 6672 2 6769 2 6800 2 6928 2 7795 1 7923 2 8051 2 8079 2 8179 2 8207 2 8307 2 8335 3 8435 2 8463 3 8592 2 8720 1 9283 4 9409 8 9535 11 9663 11 9790 12 9918 12 9970 1 10046 12 10097 2 10174 12 10224 3 10260 1 10301 13 10352 2 10388 2 10429 13 10480 2 10516 3 10558 12 10607 2 10645 3 10686 11 10735 1 10774 3 10814 10 10903 3 10942 10 11032 2 11070 10 11197 11 11326 11 11451 1 11456 8 11585 3 11714 1 11815 7 11942 8 12071 5 12121 8 12249 7 12379 3,11578 6 11593 5 11702 11 11717 11 11828 13 11844 13 11953 17 11971 16 12079 19 12099 17 12205 20 12227 18 12332 19 12356 18 12461 16 12485 17 12591 10 12615 15 12746 9
gap_0e6865ba962fcf8fdb,,6337 2 6465 2 6593 2 6842 5 6968 8 6980 3 7095 9 7107 5 7222 10 7234 7 7244 2 7350 9 7362 7 7479 7 7491 6 7607 5 7619 6 7749 2,5348 1 5475 3 5603 4 5731 5 5858 7 5986 7 6113 9 6239 11 6365 13 6492 15 6619 16 6747 16 6875 16 7003 17 7130 18 7258 18 7386 18 7514 18 7642 18 7770 18 7898 18 8027 17 8155 17 8284 15 8412 15 8541 14 8669 14 8798 13 8926 12 9055 11 9183 10 9311 9 9439 9 9567 8 9695 7 9824 5 9952 4,7466 5 7591 9 7719 9 7847 9 7974 10 8017 2 8101 11 8144 4 8228 10 8240 3 8272 5 8355 11 8367 4 8400 6 8409 1 8482 17 8528 12 8610 17 8656 13 8737 18 8784 14 8865 18 8911 15 8993 17 9039 16 9122 16 9167 16 9250 15 9296 15 9378 15 9424 15 9507 13 9552 15 9635 12 9681 14 9764 9 9809 13 9895 4 9938 11 10067 9 10200 2,4147 1 4172 4 4268 11 4299 12 4395 13 4427 20 4522 14 4555 22 4649 16 4683 22 4775 24 4811 23 4901 28 4933 4 4938 24 5027 64 5154 65 5281 42 5324 24 5410 65 5539 15 5555 48 5669 12 5684 13 5700 31 5804 20 5830 28 5928 1 5931 20 5958 28 6053 26 6086 27 6177 29 6213 22 6236 3 6303 29 6339 1 6341 22 6364 1 6430 25 6464 1 6467 1 6469 12 6483 9 6557 25 6597 14 6615 4 6685 20 6716 2 6726 14 6813 19 6856 14 6941 19 6986 14 7069 7 7080 7 7094 1 7116 12 7197 6 7216 6 7246 10 7324 6 7341 9 7376 10 7452 6 7463 3 7471 8 7505 9 7580 6 7600 1 7603 1 7606 1 7634 8 7708 6 7763 7 7836 6 7893 3 7965 4 8094 1,,4195 1 4322 4 4451 4 4580 4 4710 2 4839 2 4967 2 5096 1 5660 1 5787 2 5867 1 5915 2 5995 2 6123 2 6251 2 7192 1 7320 1 7405 1 7448 1 7533 2 7661 2 7748 1 7789 2 7870 7 7996 11 8124 12 8251 14 8379 14 8507 15 8635 15 8763 14 8891 14 9019 14 9147 13 9276 12 9403 13 9531 13 9655 17 9675 1 9781 20 9830 1 9909 1 9912 20 10043 19 10175 4 10181 5 10304 2 10310 3 10432 1 11200 1 11328 1,8247 2 8374 3 8501 4 8629 4 8757 4 8780 1 8884 6 8907 4 9012 6 9035 4 9140 6 9162 5 9268 5 9290 4 9396 5 9418 4 9526 1 9546 4 9676 2 10031 4 10156 12 10281 21 10316 7 10409 22 10435 3 10442 12 10537 22 10563 22 10665 22 10690 25 10794 21 10818 25 10923 20 10946 24 11053 18 11074 24 11183 16 11203 22 11313 13 11331 20 11446 6 11460 17 11589 13 11720 2
gap_6654054bdbec84360a,7487 2 7614 4 7741 6 7869 6 7997 6 8126 5 8240 3 8254 4 8367 5 8494 7 8521 8 8621 9 8648 10 8748 11 8776 11 8876 12 8904 12 9004 12 9033 11 9132 12 9161 11 9260 11 9290 10 9388 11 9420 8 9516 10 9550 5 9646 8 9679 2,8246 1,,,8383 2 8511 2,,8108 4 8235 5 8363 4 8403 4 8491 3 8530 5 8659 4 8768 2 8788 3 8894 6 9021 8 9148 10 9275 11 9383 3 9404 10 9511 4 9532 9 9558 3 9639 4 9660 9 9685 5 9768 3 9787 11 9802 2 9812 5 9899 1 9914 14 9930 3 9939 5 10042 19 10067 3 10170 18 10302 5 10311 5 10432 2,6580 1 6609 3 6703 2 6709 1 6736 7 6829 5 6836 2 6864 7 6957 7 6993 7 7037 2 7044 5 7088 2 7163 4 7171 8 7186 4 7289 6 7299 10 7314 5 7416 4 7426 2 7430 17 7534 1 7543 5 7558 17 7661 3 7670 8 7686 18 7788 5 7798 9 7814 19 7916 6 7925 11 7942 19 8043 21 8070 19 8171 21 8198 19 8300 20 8325 21 8429 19 8453 20 8560 16 8581 20 8690 14 8708 21 8819 13 8836 21 8955 5 8964 21 9094 4 9100 14 9234 9 9321 2 9329 2 9362 6 9370 1 9444 1 9448 2 9456 4 9490 6 9498 2 9572 1 9576 1 9583 5 9618 6 9703 1 9710 5 9746 7 9831 1 9837 5 9875 7 9959 1 9964 4 10006 7 10086 6 10137 5 10207 2 10214 5 10267 4 10334 4 10340 6 10398 3 10427 1 10436 3 10461 12 10528 2 10553 5 10563 7 10589 11 10657 3 10680 7 10690 10 10716 12 10786 4 10808 8 10818 10 10844 11 10915 5 10936 8 10946 10 10972 10 11043 6 11065 6 11074 9 11101 6 11172 5 11194 5 11203 7 11231 3 11301 5 11332 4 11430 4 11560 1
gap_0970c67092e89f28db,4436 1 4561 10 4687 15 4813 18 4940 20 5069 21 5198 21 5327 22 5456 22 5584 22 5713 9 5726 9 5842 5 5859 5 5919 1 5988 4 6045 4 6118 2 6171 6 6247 2 6298 7 6425 8 6553 9 6680 10 6808 11 6935 13 7018 1 7063 14 7146 2 7190 15 7274 2 7318 15 7401 4 7446 15 7529 4 7574 16 7657 4 7702 17 7758 4 7785 4 7829 19 7883 8 7913 4 7957 21 8004 15 8042 3 8085 22 8132 16 8171 2 8213 24 8261 15 8299 2 8341 25 8389 15 8428 1 8469 32 8518 15 8556 2 8597 33 8646 15 8683 3 8725 14 8740 19 8774 16 8811 3 8853 12 8869 18 8903 16 8939 3 8980 13 8997 18 9031 16 9066 4 9108 35 9160 16 9193 5 9236 34 9288 17 9321 5 9365 33 9417 18 9448 5 9493 33 9545 19 9575 6 9621 33 9674 20 9702 7 9749 33 9802 22 9829 8 9877 33 9930 34 10006 32 10058 34 10134 31 10186 33 10263 30 10315 32 10391 30 10443 31 10520 29 10571 31 10649 28 10699 30 10777 27 10827 30 10906 26 10956 28 11035 25 11084 27 11164 23 11213 25 11293 21 11341 24 11422 19 11470 22 11554 14 11598 20 11683 4 11689 6 11727 17 11857 13 11986 6,5301 9 5425 16 5550 22 5675 27 5802 28 5929 30 6056 32 6184 33 6312 36 6440 36 6569 36 6697 36 6825 22 6850 11 6954 19 6981 7 7082 16 7109 8 7212 13 7236 9 7342 9 7364 9 7470 8 7492 9 7598 7 7620 9 7726 6 7749 7 7879 3 7997 5 8123 8 8250 10 8377 12 8505 12 8633 12 8760 13 8888 12 9017 11 9145 10 9274 7,5851 7 5977 11 6104 14 6231 16 6359 16 6486 18 6614 19 6741 20 6869 21 6996 22 7124 22 7251 23 7379 22 7507 22 7635 22 7763 22 7891 22 8020 21 8148 22 8276 23 8405 22 8533 22 8661 22 8790 21 8919 20 9048 18 9176 17 9305 15 9435 12 9565 9 9695 5,,,,3922 4 4018 4 4047 10 4144 6 4176 10 4269 8 4306 10 4394 8 4438 4 4443 4 4521 8 4573 4 4648 7 4702 5 4776 6 4831 5 4905 2 4960 4 5090 2 5278 2 5405 3 5532 4 5660 3 5787 4 5913 4 6041 3 6169 1 6507 1 6635 2 6763 2 6891 2 7020 2 7148 2 7188 2 7277 1 7316 2 7405 1 7443 3 7571 3 7699 3 7827 2 7955 2 8687 1 8814 2 8942 2 8978 2 9070 2 9106 2 9198 2 9234 2 9326 2 9362 2 9408 5 9453 2 9490 3 9534 9 9581 2 9618 3 9660 12 9709 2 9747 2 9787 14 9837 1 9875 2 9914 15 10004 1 10042 15 10170 15 10297 15 10425 15 10554 14 10682 13 10811 12 10940 10 11070 7 11198 10 11323 13 11418 4 11451 12 11547 4 11579 11 11619 2 11676 4 11709 7 11744 4 11804 5 11839 3 11854 2 11871 4 11934 3 11952 3 11968 1 11982 3 11997 5 12080 3 12111 2 12124 4 12480 1 12608 2,11720 2 11834 3 11844 8 11957 10 11971 10 12084 11 12098 12 12210 13 12226 13 12337 14 12354 14 12463 16 12483 17 12591 15 12611 17 12719 13 12741 14 12848 7 12878 2
gap_5a27f80f7d4cebf5e1,5292 11 5418 17 5452 7 5545 21 5574 16 5672 22 5701 19 5799 23 5829 20 5926 24 5958 20 6053 24 6086 21 6180 24 6214 22 6307 25 6343 22 6435 24 6471 22 6562 24 6600 22 6690 23 6728 22 6817 24 6857 22 6945 23 6985 23 7072 24 7114 22 7200 23 7242 22 7328 23 7370 23 7455 23 7498 23 7583 22 7627 22 7711 22 7755 22 7839 21 7882 24 7966 22 8010 24 8094 21 8136 26 8222 21 8263 27 8350 21 8390 28 8478 21 8518 28 8606 21 8646 28 8734 21 8767 4 8773 29 8862 20 8895 4 8901 29 8990 20 9023 35 9118 19 9152 34 9247 17 9281 32 9375 17 9410 31 9503 16 9539 30 9631 16 9667 29 9760 15 9795 29 9888 15 9923 29 10016 15 10052 27 10145 14 10181 26 10273 14 10310 24 10402 13 10438 24 10530 14 10567 22 10659 14 10696 21 10788 15 10824 20 10916 17 10953 18 11045 16 11081 17 11175 13 11210 15 11304 12 11338 14 11434 8 11467 12 11564 4 11596 10 11725 6,6974 7 7100 12 7227 14 7354 16 7481 17 7608 19 7735 20 7863 14 7879 3 7991 14 8007 3 8118 14 8246 13 8374 12 8502 11 8630 9 8757 7 8884 7 9011 7 9138 8 9265 9 9392 10 9520 10 9648 10 9776 10 9903 11 10031 11 10159 10 10288 9 10416 8 10545 6 10674 4,,,9278 3 9406 3,,4659 3 4671 2 4784 6 4798 8 4909 8 4926 10 5036 9 5053 13 5163 2 5180 16 5290 1 5308 15 5416 1 5438 8 5543 1 5591 2 5670 1 5720 3 5849 3 5978 2 6108 1 6623 1 6751 2 6880 1 7008 2 7136 2 7265 2 7393 2 7521 2 7650 1 7778 1 8092 1 8163 1 8220 2 8290 2 8348 1 8419 1 8476 1 8547 1 8604 1 8732 1 8860 2 8988 2 9116 2 9244 2 9372 3 9500 3 9628 3 9757 2 9885 2 9917 5 10014 2 10044 7 10142 2 10171 9 10271 1 10299 9 10399 2 10427 10 10527 2 10555 10 10656 1 10683 9 10718 1 10811 9 10845 2 10939 9 10972 3 11066 10 11099 3 11194 11 11226 4 11318 3 11323 10 11353 4 11445 6 11452 10 11463 2 11481 3 11572 7 11582 4 11588 6 11608 3 11699 6 11710 2 11717 7 11736 1 11827 5 11838 2 11846 6 11966 2 11974 6 12094 2 12222 2 12351 1,9581 1 9617 4 9708 4 9745 4 9836 5 9873 4 9964 5 10002 4 10092 3 10132 2 10219 2 10261 1 10346 2 10389 2 10474 2 10517 3 10601 3 10646 2 10729 2 10774 3 10856 2 10903 3 10983 3 11032 3 11109 4 11161 3 11236 3 11290 3 11361 5 11420 3 11489 2 11549 3 11616 1 11679 2 11705 4 11714 3 11743 1 11809 2 11832 6 11841 5 11869 3 11937 3 11958 8 11968 6 11997 3 12066 3 12086 8 12096 7 12211 10 12225 6 12339 9 12354 4 12474 1 12483 1
gap_9450b4d245916d29be,3748 4 3870 14 3995 24 4121 27 4156 4 4180 6 4248 28 4283 9 4304 15 4374 29 4412 13 4428 21 4500 29 4541 38 4626 28 4670 39 4753 26 4800 38 4880 25 4929 39 5007 25 5058 39 5134 25 5188 39 5261 25 5317 39 5388 25 5446 39 5515 26 5575 39 5642 27 5704 39 5770 26 5832 40 5897 27 5961 39 6025 27 6089 40 6152 27 6217 41 6280 27 6345 41 6408 27 6473 42 6535 28 6602 42 6663 28 6730 42 6791 28 6858 43 6919 27 6986 43 7047 27 7114 44 7175 27 7242 44 7303 26 7370 45 7430 27 7498 45 7558 27 7626 45 7686 27 7753 11 7765 35 7815 26 7881 10 7893 35 7943 27 8009 9 8021 35 8071 28 8136 10 8148 36 8199 29 8264 10 8275 37 8328 28 8393 47 8456 29 8522 4 8529 39 8584 30 8657 40 8712 31 8784 41 8840 32 8910 42 8969 31 9038 42 9097 31 9165 43 9225 31 9293 43 9354 31 9424 40 9482 31 9553 38 9611 30 9680 39 9739 30 9798 5 9808 38 9867 29 9926 7 9935 39 9996 28 10054 48 10124 24 10149 4 10183 47 10253 22 10278 4 10311 46 10381 21 10405 6 10440 45 10510 21 10533 7 10568 9 10579 33 10638 30 10696 9 10707 33 10767 30 10824 9 10835 32 10896 30 10953 7 10963 32 11025 31 11081 7 11091 31 11154 35 11209 7 11219 30 11283 34 11338 6 11347 30 11412 33 11466 38 11541 31 11595 36 11670 30 11723 36 11799 28 11852 34 11928 26 11981 32 12058 22 12110 30 12187 19 12239 28 12318 13 12369 25 12499 21 12629 1 12633 12,4581 1 4710 2 4786 3 4840 1 4911 8 4970 1 5036 12 5052 4 5163 14 5180 5 5289 15 5308 7 5417 15 5436 8 5545 17 5563 10 5673 30 5801 30 5929 31 6058 30 6186 31 6314 31 6443 30 6572 30 6703 27 6831 27 6948 3 6959 27 7076 3 7087 27 7204 2 7215 26 7332 2 7343 15 7361 8 7465 21 7489 7 7592 29 7720 27 7847 29 7975 30 8103 31 8231 31 8359 31 8487 22 8512 6 8616 31 8745 35 8873 23 8899 9 9002 22 9029 7 9130 17 9156 7 9259 4 9265 9 9284 7 9386 4 9396 5 9413 7 9515 3 9525 6 9544 4 9642 4 9654 5 9675 3 9770 9 9783 2 9899 9 10027 10 10155 11 10284 11 10412 11 10540 10 10669 9 10797 8 10927 5,,,,,2988 1 3114 7 3240 10 3367 11 3381 4 3498 2 3501 4 3508 7 3530 4 3539 2 3630 1 3636 17 3656 8 3667 2 3738 2 3764 28 3795 3 3864 4 3892 19 3912 7 3990 5 4024 2 4028 18 4116 5 4168 5 4242 4 4370 4 4497 3 4839 1 4969 1 5098 2 5227 2 5259 1 5356 2 5385 2 5486 1 5513 2 5640 2 5767 3 5895 2 6644 2 6661 1 6772 3 6788 2 6901 3 6916 3 7029 3 7043 4 7158 2 7171 4 7287 1 7299 3 7428 1 8069 1 8185 2 8197 2 8313 3 8325 3 8440 4 8452 4 8568 4 8580 4 8697 3 8708 4 8826 2 8837 2 9719 2 9737 1 9791 3 9846 4 9865 2 9916 8 9974 4 9993 3 10043 10 10102 4 10121 3 10171 11 10230 4 10249 4 10299 11 10358 3 10378 3 10426 12 10486 2 10506 3 10554 12 10634 4 10682 13 10763 3 10809 13 10892 2 10937 13 11021 1 11065 14 11193 14 11251 1 11322 13 11378 2 11451 10 11505 2 11580 7 11632 3 11708 6 11759 4 11833 9 11843 2 11886 4 11961 13 12014 4 12083 2 12089 13 12141 4 12210 2 12218 12 12268 4 12311 1 12336 4 12342 3 12346 12 12395 4 12439 3 12461 6 12470 4 12475 9 12486 1 12523 3 12569 4 12584 10 12597 6 12604 7 12612 4 12651 2 12698 23 12724 8 12733 12 12747 1 12827 21 12855 3 12859 1 12862 2 12866 7 12876 5 12957 16 12988 1 12994 1 12997 4 13005 6 13088 8 13116 1 13119 1 13121 2 13125 3 13134 8 13246 5 13254 1 13264 8 13374 5 13394 9 13502 2 13506 1 13527 5,11259 3 11267 3 11273 1 11387 3 11395 8 11515 2 11523 9 11643 2 11651 10 11767 2 11770 3 11779 10 11894 4 11899 1 11908 7 12021 5 12037 8 12148 5 12166 9 12275 6 12297 7 12402 6 12427 6 12530 6 12555 7 12657 7 12683 9 12784 8 12813 7 12851 4 12858 1 12910 9 12943 7 12977 11 12995 2 13001 1 13038 7 13073 6 13104 12 13123 2 13128 4 13164 8 13202 6 13229 15 13251 3 13255 6 13292 7 13331 6 13356 16 13379 11 13419 7 13461 4 13485 15 13507 12 13547 5 13614 13 13634 13 13741 14 13763 11 13877 1 13897 4
gap_2cca034efa314136f7,,7754 1 7867 2 7882 2 7995 1 8009 4 8127 5 8137 4 8254 6 8265 4 8382 5 8393 4 8511 3 8522 3,,,4273 4 4398 8 4526 7 4557 8 4654 7 4668 11 4684 14 4780 9 4795 13 4812 19 4906 12 4923 13 4940 22 5033 13 5049 15 5069 24 5151 5 5161 30 5198 24 5278 8 5288 32 5333 19 5405 21 5428 21 5463 19 5532 20 5559 18 5591 7 5599 12 5660 19 5689 3 5695 10 5719 7 5730 10 5788 17 5817 3 5827 5 5847 6 5859 9 5916 17 5944 5 5976 5 5988 9 6045 2 6053 8 6064 2 6072 5 6105 4 6116 9 6181 8 6191 6 6199 6 6220 6 6234 3 6245 8 6310 7 6319 7 6327 6 6346 9 6363 3 6373 8 6438 23 6473 9 6490 5 6497 3 6502 8 6566 23 6600 10 6618 10 6631 7 6694 24 6728 9 6745 5 6751 6 6759 7 6823 25 6857 7 6872 6 6879 6 6887 7 6952 27 6985 7 6998 7 7008 14 7081 27 7113 7 7125 7 7136 14 7209 27 7240 7 7253 6 7263 14 7338 14 7354 10 7367 8 7383 21 7466 5 7486 6 7495 6 7513 15 7595 2 7623 6 7641 13 7752 2 7755 2 7770 11 7881 1 7884 1 7899 9 8028 8 8156 7 8284 7 8413 5 8542 3,,8644 2 8769 9 8896 11 9023 13 9151 13 9278 15 9405 16 9533 17 9662 16 9777 1 9781 2 9791 14 9905 8 9920 12 10033 13 10049 9 10162 13 10177 8 10291 13 10305 7 10421 11 10434 5 10443 3 10448 3 10550 10 10563 4 10570 9 10681 7 10691 3 10697 10 10820 2 10825 10 10948 2 10953 5 10961 1 11076 2 11084 1 11204 1 11332 1 11460 1,6559 2 6686 4 6813 6 6941 6 7069 7 7197 8 7323 11 7450 13 7578 14 7706 15 7834 3 7838 12 7857 1 7859 6 7913 4 7962 3 7966 14 7982 12 8017 7 8041 5 8090 33 8143 10 8168 7 8218 33 8271 10 8295 8 8346 34 8398 12 8422 9 8474 34 8526 13 8549 10 8602 34 8654 13 8676 11 8730 34 8782 14 8804 11 8858 33 8911 13 8930 13 8986 32 9039 13 9056 15 9114 29 9167 12 9182 16 9242 26 9296 30 9370 21 9424 29 9499 21 9553 29 9628 21 9682 5 9689 21 9757 20 9811 2 9817 21 9886 19 9945 20 10015 18 10074 19 10144 18 10201 19 10273 18 10328 18 10402 18 10455 18 10531 17 10582 18 10659 18 10710 16 10786 19 10838 15 10914 20 10965 15 11043 29 11088 3 11092 15 11172 30 11207 27 11301 30 11334 27 11430 29 11461 26 11560 55 11690 52 11820 4 11826 42 11956 35 12087 30 12216 26 12346 8 12357 12 12487 4
gap_a1b38212b46c864c06,,7604 2 7615 2 7732 2 7742 5 7749 4 7870 12 7997 14 8125 13 8254 12 8384 1 8389 4,,7764 3 7891 5 8018 8 8146 9 8274 9 8402 10 8530 10 8659 9 8788 8 8917 6 9047 3,3126 6 3253 8 3381 9 3410 4 3509 9 3520 5 3538 4 3637 18 3666 4 3766 18 3795 3 3894 18 4007 7 4023 5 4030 10 4061 6 4133 9 4149 5 4159 8 4189 8 4259 12 4275 7 4287 8 4316 11 4386 12 4402 8 4415 13 4444 13 4513 13 4530 8 4544 7 4552 5 4571 15 4641 13 4657 8 4672 7 4681 4 4697 18 4768 24 4800 6 4809 5 4824 19 4895 23 4929 5 4938 4 4952 20 5022 22 5058 3 5067 2 5079 21 5150 21 5195 1 5207 22 5278 6 5285 15 5335 22 5407 2 5414 18 5449 2 5463 21 5542 19 5577 3 5591 22 5669 20 5704 4 5719 22 5797 21 5832 5 5847 23 5913 4 5926 20 5961 4 5976 22 6040 6 6055 13 6070 4 6090 3 6105 22 6167 8 6176 5 6185 4 6199 3 6235 20 6294 16 6366 17 6422 18 6468 2 6497 14 6549 20 6595 3 6627 12 6677 21 6725 1 6756 11 6805 21 6884 12 6933 21 7012 12 7061 20 7140 12 7191 7 7200 8 7268 13 7322 3 7329 7 7397 12 7450 3 7457 7 7525 12 7578 4 7585 7 7653 12 7705 6 7714 5 7782 10 7832 7 7843 3 7911 9 7960 8 8040 7 8087 9 8169 5 8215 9 8298 4 8343 9 8427 2 8471 9 8599 9 8728 8 8858 4,,8639 7 8763 13 8890 15 9017 16 9142 19 9270 19 9398 19 9526 20 9654 20 9782 20 9911 18 10044 12 10174 9 10301 10 10428 12 10556 12 10683 13 10811 14 10940 12 11071 5 11200 3 11328 3 11456 2 11584 2 11711 3 11839 3 11967 3 12095 2,8754 4 8781 3 8881 4 8907 7 9008 5 9035 8 9136 5 9163 8 9264 6 9291 8 9392 5 9419 8 9520 5 9547 8 9649 3 9675 7 9778 1 9804 6 9933 3 10187 1 10295 3 10314 3 10423 3 10443 2 10550 3 10571 2 10675 6 10699 6 10706 5 10800 9 10827 14 10923 15 10955 15 11050 19 11082 16 11177 21 11209 17 11305 21 11332 21 11433 22 11460 21 11561 21 11588 20 11690 20 11716 19 11820 18 11844 18 11949 16 11972 17 12080 13 12101 11 12215 3 12233 4
gap_443f4c31aa58a3902e,6706 2 6735 3 6831 7 6862 6 6958 9 6990 7 7084 11 7117 9 7212 12 7234 2 7245 11 7339 14 7361 4 7373 12 7466 15 7489 5 7500 14 7593 17 7616 6 7628 15 7721 17 7745 5 7755 16 7848 19 7873 4 7881 19 7976 19 8003 1 8007 21 8104 20 8134 23 8231 22 8261 24 8359 23 8389 24 8486 24 8516 25 8614 24 8644 25 8742 24 8772 25 8870 24 8901 24 8998 23 9030 23 9126 23 9159 22 9254 22 9288 20 9382 22 9417 19 9510 21 9546 18 9639 19 9674 17 9767 19 9803 15 9896 18 9932 14 10024 17 10061 12 10153 16 10190 11 10282 14 10319 9 10410 13 10450 2 10539 10 10668 7 10799 1,6327 4 6455 5 6582 7 6710 8 6725 2 6838 9 6853 3 6859 2 6967 3 6972 3 6980 5 6987 2 7108 9 7237 7 7356 1 7366 6 7482 5 7495 5 7610 5 7623 5 7738 4 7752 2 7867 2,,,8001 2 8128 5 8256 4 8384 4 8512 4 8641 2,,5309 10 5431 5 5437 12 5556 23 5684 25 5813 28 5935 35 6062 36 6190 6 6197 4 6209 3 6214 4 6221 6 6318 6 6342 2 6345 1 6350 5 6446 5 6479 5 6574 4 6609 3 6701 3 6739 1 6828 3 7387 1 7514 3 7643 4 7718 2 7771 4 7845 3 7900 3 7973 3 8028 3 8100 4 8157 1 8228 3 8356 3 8926 1 9024 4 9053 2 9150 8 9181 2 9278 8 9309 2 9380 1 9405 10 9437 2 9507 3 9533 11 9635 3 9660 12 9764 2 9788 12 9892 2 9917 11 10045 10 10174 9 10301 10 10429 11 10556 12 10578 8 10684 11 10705 8 10804 1 10816 5 10835 4 10922 11 10945 2 11051 8 11074 1 11179 4 11202 1,9704 5 9750 5 9831 6 9878 5 9959 5 10006 6 10086 4 10136 4 10214 2 10266 2 10342 1 10395 1 10469 2 10523 2 10596 2 10652 1 10723 3 10780 3 10812 1 10823 4 10850 3 10909 3 10937 7 10949 8 10977 3 11038 4 11064 9 11076 10 11103 4 11167 4 11191 10 11204 10 11229 4 11297 3 11319 10 11332 10 11355 4 11427 3 11447 10 11460 9 11480 5 11557 3 11576 9 11589 7 11604 8 11686 4 11706 2 11710 1 11720 2 11732 8 11815 6 11862 5 11943 7 11991 3 12072 6 12200 4 16053 1
gap_fea2704990f54318e3,,6336 7 6464 10 6592 10 6722 8 7108 2 7235 6 7351 3 7362 8 7478 5 7490 8 7605 7 7618 8 7733 8 7747 7 7860 9 7876 5 7988 9 8117 8 8245 8 8373 7 8502 5,2758 12 2885 16 2906 4 3013 17 3033 7 3141 18 3160 9 3269 29 3397 30 3526 30 3655 30 3785 28 3916 26 4050 20 4178 21 4306 22 4433 23 4561 24 4689 24 4817 25 4946 24 5074 25 5202 25 5330 27 5458 27 5586 28 5713 29 5841 29 5969 30 6097 30 6225 30 6353 30 6483 28 6613 26 6742 26 6869 27 6994 30 7119 33 7246 34 7374 34 7502 34 7631 33 7760 32 7889 31 8018 30 8082 1 8149 27 8209 4 8279 25 8336 6 8408 23 8464 7 8537 22 8592 7 8667 19 8719 9 8796 18 8847 9 8925 16 8976 8 9053 16 9104 8 9182 15 9232 8 9310 14 9361 7 9439 13 9489 7 9568 12 9618 6 9696 12 9747 4 9825 10 9954 8 10083 6 10211 4,8352 10 8394 7 8479 13 8520 15 8606 15 8648 17 8734 16 8776 18 8861 18 8904 19 8989 18 9032 6 9040 12 9117 11 9130 6 9160 6 9169 12 9245 10 9259 5 9289 6 9298 11 9373 10 9386 6 9417 8 9426 11 9501 9 9514 6 9546 19 9629 8 9641 6 9674 19 9757 7 9767 8 9803 18 9885 18 9932 17 10014 16 10061 15 10142 15 10190 13 10271 13 10321 8 10399 11 10529 6,2749 9 2876 9 2999 14 3105 3 3124 17 3231 7 3252 17 3358 9 3379 18 3484 11 3508 13 3523 3 3610 13 3636 13 3654 1 3737 14 3764 13 3864 14 3893 12 3992 13 4022 13 4120 13 4151 18 4249 11 4280 20 4378 9 4409 20 4509 5 4538 21 4654 3 4668 20 4779 8 4798 18 4905 11 4931 13 5014 4 5029 16 5060 12 5141 6 5156 17 5188 11 5269 5 5283 19 5317 9 5397 4 5411 19 5439 2 5445 9 5525 3 5539 19 5566 4 5573 8 5654 1 5667 19 5694 5 5701 8 5782 2 5795 19 5816 11 5829 7 5909 7 5923 33 5959 4 6037 9 6052 34 6164 11 6179 35 6291 12 6307 21 6334 2 6419 12 6435 14 6452 2 6463 1 6547 13 6563 13 6591 1 6675 13 6691 13 6721 1 6803 12 6820 12 6851 4 6931 12 6949 10 7059 12 7078 9 7187 12 7206 8 7316 10 7333 8 7444 10 7459 9 7573 8 7586 9 7702 5 7713 9 7840 9 7968 7,,2915 3 3044 3 3092 1 3172 4 3218 3 3301 3 3346 2 3429 4 3473 3 3558 3 3601 2 3687 1 3728 3 3856 3 3983 4 4112 2 4973 1 5101 2 5229 3 5357 3 5485 3 5518 2 5614 2 5646 2 5742 2 5773 3 5870 3 5901 3 5999 2 6029 2 6127 2 6157 2 6255 2 6285 2 6412 3 6541 1 8687 2 8765 3 8815 2 8846 1 8889 9 8942 3 8974 2 9016 11 9069 3 9102 2 9143 13 9197 3 9230 2 9270 15 9325 3 9359 2 9398 15 9452 3 9487 2 9526 16 9580 2 9616 2 9654 16 9708 1 9745 1 9782 16 9910 15 10038 15 10167 14 10295 14 10423 13 10552 12 10681 11 10808 13 10936 13 11064 13 11192 13 11213 4 11291 2 11320 9 11341 6 11419 4 11435 4 11449 1 11453 3 11484 3 11549 4 11561 5 11582 2 11610 3 11679 3 11710 2 11838 2 11965 4 12093 4 12222 2,10055 2 10183 2 10311 3 11334 5 11442 7 11458 11 11568 12 11585 14 11695 13 11713 20 11817 3 11821 16 11841 22 11943 21 11969 23 12070 22 12098 22 12198 22 12226 22 12327 20 12355 19 12457 18 12484 16 12587 15 12615 10 12719 8
gap_afd25155703f222357,,5558 4 5686 6 5811 1 5813 7 5821 1 5939 1 5941 7 6065 3 6069 10 6193 14 6321 12 6448 13 6576 13 6704 13 6722 2 6832 14 6850 3 6960 15 6977 6 7089 14 7104 7 7217 23 7346 13 7360 6 7367 1 7476 7 7489 4 7619 1,,7504 8 7631 10 7758 13 7885 16 8012 17 8100 3 8140 7 8150 8 8225 10 8268 6 8279 8 8351 13 8396 7 8408 8 8478 15 8525 7 8536 8 8605 17 8654 7 8663 9 8733 17 8782 19 8860 18 8911 18 8988 18 9040 17 9116 17 9168 17 9244 17 9297 15 9372 17 9426 13 9501 15 9555 11 9630 13 9685 6 9759 11 9889 8,3123 18 3142 7 3250 33 3377 38 3491 4 3504 41 3618 5 3630 44 3739 5 3746 6 3757 47 3867 5 3874 6 3886 48 3994 6 4003 4 4029 34 4122 6 4132 2 4159 34 4250 5 4288 34 4379 2 4419 32 4503 2 4551 28 4629 5 4681 26 4756 7 4815 8 4825 11 4883 8 4924 1 4945 3 4954 11 5011 8 5052 2 5082 12 5139 7 5180 2 5209 14 5265 9 5281 1 5286 1 5337 14 5392 10 5414 2 5439 2 5465 14 5519 12 5566 5 5592 15 5647 14 5682 1 5693 7 5720 16 5774 16 5809 2 5822 7 5847 7 5856 9 5903 17 5924 1 5937 2 5950 8 5974 6 5986 8 6031 25 6064 1 6079 8 6102 5 6114 8 6159 26 6192 1 6207 10 6230 4 6241 9 6253 1 6291 22 6320 1 6335 11 6369 9 6380 3 6420 21 6464 11 6495 16 6547 22 6593 11 6620 19 6674 23 6724 9 6745 22 6801 25 6853 9 6872 23 6929 13 6944 11 6983 7 7000 23 7057 12 7073 11 7111 8 7129 22 7185 12 7202 10 7240 7 7259 20 7313 12 7330 11 7368 7 7389 18 7441 12 7459 10 7497 4 7518 17 7570 11 7588 9 7647 16 7699 9 7719 6 7776 15 7828 7 7905 13 7957 5 8034 12 8170 3,,7995 7 8120 11 8246 14 8374 15 8502 16 8630 16 8757 18 8815 1 8886 17 9014 18 9142 18 9197 1 9270 17 9397 16 9525 15 9653 14 9783 11 9913 10 10042 10 10169 11 10297 11 10425 11 10553 8 10684 4 10813 3 10941 3 11070 2 11198 2 11326 2 11454 2 11582 2 11710 2 11838 2,8624 4 8650 1 8752 5 8778 2 8879 7 8905 4 9007 7 9033 4 9135 7 9161 5 9262 8 9289 5 9390 7 9416 6 9518 6 9541 9 9646 5 9670 8 9774 5 9798 8 9902 5 9927 3 9931 2 10031 4 10160 1 10444 3 10566 11 10671 9 10691 14 10794 17 10817 18 10921 19 10945 21 11048 21 11073 22 11175 22 11201 22 11303 22 11329 22 11430 23 11457 22 11559 22 11585 22 11687 22 11714 20 11815 21 11842 19 11944 19 11971 17 12073 17 12101 4 12106 8 12203 8
gap_0346901ecc05c8a34d,3764 3 3883 22 4008 42 4134 54 4261 57 4387 26 4415 33 4514 26 4544 33 4641 26 4672 35 4768 26 4802 34 4895 26 4931 35 5022 26 5060 35 5149 26 5189 34 5277 25 5318 34 5404 25 5447 33 5531 25 5576 32 5659 25 5705 31 5786 25 5834 31 5914 25 5962 31 6042 25 6091 30 6170 25 6220 29 6298 25 6349 29 6425 26 6477 29 6553 26 6607 26 6681 26 6737 24 6809 26 6865 24 6937 27 6994 23 7065 26 7122 23 7193 26 7251 22 7322 22 7381 20 7450 22 7509 20 7578 22 7638 19 7707 17 7726 2 7765 20 7835 17 7855 2 7893 20 7964 17 7984 1 8013 2 8021 19 8092 18 8140 4 8149 19 8220 18 8265 7 8276 20 8348 18 8371 3 8388 36 8477 16 8498 5 8516 35 8605 16 8626 5 8645 34 8734 15 8754 4 8775 32 8862 15 8882 3 8903 31 8991 14 9011 1 9032 30 9119 16 9161 29 9248 19 9289 28 9376 20 9417 28 9505 20 9545 27 9633 20 9673 27 9762 20 9801 27 9891 24 9930 25 10019 24 10058 25 10148 23 10186 24 10277 22 10315 22 10406 21 10443 22 10535 19 10571 21 10664 17 10700 18 10794 14 10829 16 10924 11 10958 14 11054 7 11087 10,5312 5 5439 8 5566 10 5685 6 5693 11 5812 8 5821 12 5940 21 6068 21 6196 21 6324 24 6452 25 6580 25 6708 28 6836 18 6855 10 6965 10 6978 2 6983 10 7094 9 7111 11 7223 9 7239 12 7352 6 7366 14 7473 2 7493 15 7601 4 7606 4 7619 18 7729 11 7751 14 7852 2 7858 11 7880 13 7988 10 8016 4 8117 8 8145 3 8246 7 8367 2 8377 2 8493 5 8621 5 8749 4 8759 4 8877 4 8885 7 9013 8 9141 8 9268 9 9397 8 9525 8 9654 6 9784 1,,,,,3511 1 3518 9 3533 1 3630 2 3646 10 3660 7 3775 9 3788 12 3917 2 3921 9 4053 2 4837 2 4966 2 5020 2 5095 2 5147 2 5224 1 5274 3 5402 2 5529 2 5657 1 5737 1 5865 2 5993 2 6121 2 6551 2 6679 2 6807 2 6935 2 7063 2 7145 1 7273 2 7401 2 7529 2 7657 2 7833 2 7961 3 8089 3 8217 3 8346 2 8475 1 8897 5 9024 7 9062 1 9152 8 9190 1 9279 9 9317 2 9407 9 9445 2 9535 9 9572 3 9632 1 9662 10 9700 2 9760 2 9790 10 9828 2 9888 3 9918 10 9955 2 10017 2 10046 10 10083 1 10145 3 10174 10 10210 2 10274 3 10304 8 10338 1 10403 2 10433 5 10532 2 10558 10 10686 11 10813 13 10916 1 10940 14 11074 3 11082 1 11203 1,9237 1 9364 4 9492 4 9620 4 9708 3 9835 4 9963 4 10090 4 10218 2 10267 2 10345 2 10395 3 10472 2 10524 3 10599 3 10654 3 10725 4 10784 2 10852 3 10914 2 10979 3 11043 2 11070 2 11078 2 11195 6 11205 5 11319 11 11332 8 11446 13 11460 9 11574 12 11589 9 11702 12 11717 9 11831 10 11846 7 11963 1 11975 4
gap_246e012dd6fc2c49c8,3889 2 4012 17 4138 28 4265 44 4391 49 4518 51 4645 26 4673 26 4772 26 4802 26 4899 26 4931 26 5026 26 5059 27 5154 24 5188 27 5281 24 5316 28 5408 23 5445 27 5535 23 5574 27 5663 22 5702 27 5790 21 5831 27 5918 21 5959 27 6045 21 6088 27 6173 20 6216 27 6301 20 6345 27 6428 20 6473 27 6556 20 6602 26 6684 20 6730 27 6811 21 6860 25 6939 21 6988 25 7067 21 7117 24 7195 21 7245 24 7323 21 7372 26 7450 22 7500 26 7578 22 7628 26 7706 21 7757 25 7834 21 7885 25 7962 21 8013 25 8090 20 8142 24 8218 20 8270 24 8346 20 8398 24 8474 19 8526 24 8602 17 8654 24 8730 17 8749 2 8782 24 8859 16 8878 2 8910 24 8987 16 9038 24 9115 17 9138 2 9165 25 9243 17 9265 5 9293 25 9371 17 9393 5 9414 3 9420 26 9500 16 9522 5 9542 3 9547 27 9628 16 9650 4 9664 3 9668 34 9756 17 9777 5 9790 39 9884 17 9904 6 9917 40 10013 17 10032 6 10045 40 10141 24 10181 31 10269 23 10310 30 10398 19 10438 30 10526 18 10567 28 10655 16 10695 28 10784 15 10824 27 10912 15 10952 26 11041 14 11080 25 11170 14 11209 24 11298 14 11337 23 11427 14 11465 23 11556 15 11593 22 11685 15 11722 20 11814 14 11850 20 11943 13 11979 18 12073 9 12108 15 12237 13 12366 10 12497 5,6072 2 6198 6 6325 8 6453 8 6580 9 6593 5 6707 10 6719 9 6835 22 6963 22 7091 22 7219 23 7347 23 7475 23 7604 22 7733 6 7741 14 7862 4 7869 14 7990 3 7998 13 8117 4 8126 13 8246 3 8253 7 8261 8 8367 1 8376 1 8379 9 8390 3 8395 3 8495 2 8506 20 8624 3 8634 19 8752 3 8763 18 8881 3 8892 18 9021 16 9150 14 9262 1 9282 3 9389 3 9516 5 9644 5 9773 3 10418 5 10545 7 10672 9 10800 9 10928 9 11056 9 11184 9 11313 8 11442 6,,,9782 2 9910 3 10038 3 10042 2 10171 2,,3518 2 3524 5 3636 26 3763 32 3895 30 4036 11 4049 5 4180 4 4310 2 4516 1 4571 2 4643 2 4699 3 4770 2 4829 1 4897 2 4958 1 5024 2 5087 1 5151 2 5216 1 5278 3 5344 2 5405 3 5473 2 5533 2 5601 3 5660 3 5730 2 5788 2 5858 3 5915 3 5987 2 6043 2 6115 2 6171 2 6243 3 6299 1 6372 2 6427 1 6500 2 6554 1 6628 3 6682 1 6757 2 6885 2 7013 2 7141 2 7270 2 7398 2 7526 2 7654 2 7782 1 8728 2 8856 2 8984 3 9112 3 9240 3 9368 3 9497 3 9625 3 9753 3 9830 1 9882 2 10011 1 10213 1 10268 1 10303 6 10341 2 10396 1 10430 8 10468 3 10524 1 10558 8 10596 2 10685 9 10723 3 10813 9 10851 3 10941 10 10978 3 11068 11 11106 3 11196 11 11233 3 11324 10 11361 3 11453 8 11488 3 11581 7 11616 3 11708 6 11743 3 11810 2 11835 10 11871 2 11939 2 11962 11 11998 2 12089 13 12126 1 12212 2 12216 2 12223 2 12228 3 12234 1 12329 12 12351 2 12358 7 12457 9 12479 1 12487 7 12587 6 12607 1 12616 1 12619 7 12749 7 12878 5 13009 1,9359 2 9487 3 9586 1 9615 3 9713 2 9743 3 9841 3 9871 3 9968 3 10000 3 10096 3 10129 2 10223 4 10258 2 10351 3 10478 4 10606 2 10733 2 10773 2 10861 1 10902 3 11031 3 11160 3 11240 2 11290 1 11367 2 11495 1 12345 5 12354 3 12470 9 12481 6 12596 11 12609 7 12724 11 12737 8 12851 11 12865 8 12979 10 12994 7 13110 5 13123 5
gap_8ffcb2a5cfb730f7ae,7749 1 7877 3 8005 4 8134 4 8262 4 8391 3 8519 2 8647 2 8775 3 8903 3 9032 3 9160 3 9289 2 9417 2 9546 1 9803 1 9931 1 10058 3 10186 4 10314 5 10442 7 10571 7 10699 8 10827 10 10854 2 10956 11 11085 13 11213 15 11342 21 11471 19 11600 17 11730 14 11859 12 11990 8,7870 5 7997 7 8124 9 8251 11 8379 11 8507 11 8636 10 8764 9 8893 7,4149 13 4276 28 4402 34 4530 37 4658 39 4786 41 4915 41 5043 44 5171 47 5299 48 5427 48 5555 49 5684 50 5812 51 5941 51 6069 51 6198 51 6326 52 6457 49 6588 47 6720 43 6850 41 6979 40 7108 40 7237 39 7368 36 7497 36 7626 35 7703 3 7755 34 7830 5 7883 35 7958 5 8012 34 8085 6 8140 34 8213 7 8268 34 8341 7 8396 34 8469 7 8524 34 8597 7 8652 34 8724 9 8781 33 8852 11 8909 33 8980 13 9037 33 9108 17 9165 33 9236 26 9294 32 9364 28 9422 32 9493 28 9550 31 9621 27 9678 31 9749 27 9806 30 9878 26 9934 30 10006 26 10063 28 10135 24 10191 28 10263 23 10320 26 10392 22 10449 24 10521 20 10579 21 10649 20 10708 19 10778 18 10838 15 10907 16 10968 12 11038 13 11098 9 11170 8 11302 1,,4525 4 4652 6 4779 7 4907 8 5035 8 5162 9 5285 2 5290 9 5411 5 5418 9 5538 6 5546 9 5665 7 5674 10 5793 19 5921 20 6049 20 6178 20 6307 19 6436 16 6456 1 6563 17 6691 17 6818 19 6840 4 6945 21 6967 7 7073 30 7201 30 7328 31 7456 30 7584 29 7712 15 7729 8 7840 12 7858 6 7969 10 7986 7 8097 10 8114 7 8226 10 8240 9 8354 22 8483 20 8613 18 8742 16 8872 12 9002 8 9131 6 9262 3,,3928 3 4056 6 4131 7 4186 6 4258 7 4316 6 4385 6 4446 4 4511 6 4639 5 4766 4 4895 1 5093 1 5221 2 5349 3 5478 1 6039 1 6166 2 6294 2 6422 2 6549 2 6677 2 6892 1 7020 2 7148 2 7276 3 7405 2 7533 2 7570 2 7661 2 7698 2 7790 1 7825 3 7953 3 8081 3 8209 2 9151 5 9278 9 9405 11 9532 13 9659 14 9787 14 9837 1 9915 14 9964 2 10003 2 10042 15 10092 2 10131 3 10170 15 10219 3 10260 3 10298 15 10347 2 10388 3 10426 15 10475 2 10517 2 10554 14 10602 2 10646 2 10683 12 10730 1 10775 1 10811 12 10936 1 10939 12 11063 16 11191 3 11196 11 11211 1 11322 13 11339 2 11450 2 11455 9 11584 2 11712 1 12070 3 12118 5 12198 4 12246 5 12327 3 12375 3,11573 2 11578 2 11594 1 11698 12 11716 9 11826 13 11842 13 11953 14 11970 14 12080 16 12098 15 12206 17 12226 17 12333 18 12355 17 12460 17 12484 17 12588 16 12613 17 12716 15 12742 16 12845 12 12872 14 12975 7 13003 9
gap_e53893d3a0c9ae1948,,7236 6 7362 8 7487 12 7614 14 7742 3 7747 9 7871 1 7878 5,6871 3 6996 7 7122 10 7249 12 7376 14 7503 16 7630 17 7758 18 7886 18 8014 18 8142 18 8271 17 8400 17 8527 18 8657 15 8786 14 8914 14 9043 13 9172 11 9303 8 9432 6 9561 1,8655 2 8754 4 8782 4 8874 3 8880 6 8910 4 9001 14 9038 5 9128 15 9166 6 9256 15 9295 8 9384 14 9424 8 9513 13 9553 8 9641 12 9682 7 9772 9 9812 5 9901 6 10031 2,5435 10 5557 21 5682 25 5809 27 5936 28 5966 8 6064 28 6094 10 6192 27 6223 10 6319 27 6352 9 6445 28 6481 8 6571 30 6609 8 6698 31 6737 9 6826 31 6866 5 6954 17 6973 12 6994 2 7082 6 7089 9 7102 12 7209 6 7218 8 7230 6 7337 7 7346 8 7359 2 7460 22 7587 23 7628 2 7714 25 7756 2 7842 26 7883 3 7970 25 8012 2 8098 25 8141 1 8225 25 8353 24 8481 23 8610 12 8628 3 8738 11 8866 8 8995 2 8999 2 9127 1 9254 2 9382 2 9511 2,,8128 6 8255 8 8382 10 8510 10 8638 11 8766 10 8895 8 9023 8 9151 8 9279 9 9406 10 9534 10 9663 10 9791 9 9922 3 10051 2 10179 1 10307 2 10435 2 10563 2 10691 2 10819 2,6896 2 7024 3 7152 3 7281 3 7410 4 7538 5 7666 5 7794 4 8078 3 8206 3 8334 2 8462 1 8589 2 8634 2 8716 4 8761 3 8843 5 8889 3 8971 5 9017 3 9100 4 9145 2 9228 2 9911 8 9928 9 10038 10 10055 12 10165 12 10182 14 10292 14 10310 15 10419 15 10438 15 10547 15 10566 15 10675 15 10694 15 10804 14 10822 14 10932 14 10951 12 11061 12 11080 9 11191 8
gap_4233e676463e7bacf2,4255 6 4383 14 4510 16 4638 16 4760 22 4878 32 5006 32 5134 31 5261 31 5389 31 5517 30 5645 30 5773 30 5901 29 6029 29 6158 28 6289 24,7208 2 7336 3 7464 3 7592 3 7720 2,4420 4 4538 3 4542 16 4666 24 4694 8 4793 42 4922 44 5049 47 5176 49 5305 49 5433 50 5561 52 5689 52 5817 53 5947 52 6075 52 6203 53 6331 55 6459 55 6587 56 6719 14 6735 2 6740 31 6848 14 6868 31 6976 13 6997 31 7104 12 7126 30 7234 8 7255 29 7361 7 7374 2 7386 27 7490 5 7502 3 7507 6 7515 27 7618 5 7629 41 7746 5 7756 42 7875 5 7881 45 8006 49 8134 49 8262 49 8392 3 8397 42 8525 41 8649 1 8652 42 8781 41 8909 41 9037 40 9165 41 9295 38 9423 38 9550 37 9681 35 9809 35 9937 36 10064 37 10192 34 10321 33 10449 34 10578 33 10706 32 10835 30 10965 29 11093 28 11221 28 11349 27 11480 23 11608 21 11736 21 11865 20 11993 20 12120 21 12251 18 12379 9 12391 5 12507 8 12520 2 12635 7 12765 5,,6716 2 6972 4 7098 6 7226 7 7355 6 7489 1 7617 1 7745 1 7874 1 8117 1 8376 1,,3492 1 3620 2 3749 1 4111 1 4363 1 4715 2 4843 4 4972 4 5101 4 6390 1 6518 2 6556 12 6646 2 6680 17 6775 1 6803 22 6928 26 7056 2 7062 20 7193 15 7322 14 7451 13 7579 13 7706 14 7833 14 7961 14 8087 16 8215 16 8345 14 8441 2 8476 10 8569 2 8610 5 8697 2 9794 1 9913 1 9916 4 9923 1 10040 2 10044 4 10051 1 10168 2 10172 2 10176 1 10179 1 10295 2 10304 1 10307 2 10423 2 10427 2 10430 4 10435 2 10551 14 10679 15 10807 14 10935 14 11062 4 11073 4 11124 2 11191 2 11202 3 11252 2 11330 2 11379 2 11448 2 11453 1 11458 2 11506 2 11574 1 11576 7 11585 3 11634 1 11702 14 11831 15 11949 2 11959 16 12075 4 12091 4 12097 6 12105 2 12202 4 12220 2 12226 6 12233 3 12354 6 12361 4 12482 7 12490 4 12607 1 12612 5 12619 4 12735 2 12738 1 12740 5 12748 3 12863 1 12866 1 12869 3 12991 1 13116 2 13120 3 13245 1 13249 2 13276 2 13279 3 13404 1,3365 1 3493 1 3982 3 4112 1 5382 1 5509 2 5636 3 5764 3 5892 2 6914 2 7042 2 7058 4 7170 2 7185 8 7298 2 7313 9 7426 2 7442 9 7554 1 7570 9 7699 7 7828 5 7957 4 8086 1 9222 1 9348 3 9475 4 9603 4 9732 4 9860 4 9988 6 10117 5 10246 3 10375 2 10504 1 10632 1 10755 1 10758 4 10883 7 11003 1 11011 8 11139 9 11268 5 11397 4 11526 3 11791 3 11920 4 12022 1 12049 4 12178 5 12307 5 12330 2 12437 4 12566 3 12715 3 12841 4 12847 5 12970 12 13093 1 13098 12 13220 2 13226 13 13254 2 13258 2 13353 3 13359 1 13362 4 13382 2 13386 3 13405 3 13482 1 13512 5 13642 3 13772 1 13774 6 13904 1
gap_708382906a0957cdd0,,6337 4 6464 6 6592 11 6720 12 6849 11 6978 2 6982 7 7110 7 7238 7 7364 8 7490 9 7619 7 7747 7 7876 7 8005 5,,6692 3 6819 5 6947 5 7075 4 7203 4 7332 2,3385 5 3396 4 3408 4 3503 16 3523 6 3535 7 3630 17 3651 7 3662 9 3756 19 3779 7 3790 11 3883 20 3907 6 3918 19 4009 21 4034 7 4047 18 4136 21 4162 6 4176 17 4263 20 4289 7 4308 13 4390 17 4417 7 4437 12 4517 8 4545 7 4564 13 4583 2 4641 12 4673 7 4692 13 4711 3 4768 14 4802 6 4819 15 4840 3 4895 17 4921 5 4930 6 4947 15 4968 4 5022 19 5048 7 5059 4 5075 8 5084 5 5096 5 5150 20 5175 8 5189 2 5203 5 5225 5 5279 19 5302 10 5318 1 5331 4 5353 6 5400 4 5407 19 5430 10 5481 7 5527 6 5536 19 5557 11 5611 6 5655 6 5665 18 5684 12 5739 6 5784 4 5794 29 5867 6 5912 4 5923 26 5964 2 5995 7 6052 24 6090 5 6123 7 6183 19 6218 5 6250 8 6314 16 6346 7 6374 12 6444 13 6475 7 6501 14 6572 12 6605 6 6628 15 6701 10 6734 5 6754 17 6831 6 6863 5 6878 12 6891 8 6946 1 6991 4 7006 21 7074 1 7120 2 7134 21 7202 1 7263 20 7393 18 7524 15 7656 10 7785 8 7915 1,,7995 6 8121 11 8248 13 8374 17 8502 18 8630 18 8758 18 8886 18 9014 17 9142 17 9266 21 9392 24 9520 25 9644 31 9773 30 9901 1 9904 28 10033 1 10037 23 10165 33 10293 30 10422 1 10426 23 10554 21 10682 16 10811 4 10939 3 11068 2 11196 2,7725 5 7851 9 7957 3 7978 10 8085 5 8106 10 8212 7 8234 10 8340 9 8362 10 8395 5 8468 10 8489 11 8523 7 8597 10 8618 9 8650 9 8726 10 8746 9 8778 9 8855 11 8875 7 8906 9 8983 12 9004 4 9034 10 9111 14 9163 8 9239 16 9292 7 9316 4 9367 18 9421 4 9443 5 9495 20 9569 7 9623 21 9694 10 9752 21 9819 13 9881 20 9944 15 10010 20 10070 16 10140 19 10162 1 10198 14 10270 22 10325 16 10401 19 10451 18 10532 18 10577 20 10663 18 10700 24 10796 14 10821 31 10924 14 10943 36 11046 4 11054 13 11070 35 11173 6 11182 13 11198 33 11302 4 11311 12 11326 28 11440 11 11454 24 11569 10 11582 15 11698 8 11710 12 11827 6 11839 10 11855 3 11968 6 11984 2 12098 2
gap_4077306ba29f00146e,,,,,,,4669 7 4795 13 4922 16 5049 18 5176 7 5188 8 5303 6 5319 6 5430 6 5449 5 5558 4 5578 4 5685 4 5707 4 5813 3 5835 4 5940 4 5964 3 6068 3 6092 4 6196 3 6221 3 6323 3 6349 3 6451 3 6477 3 6579 3 6605 4 6707 3 6734 3 6835 3 6862 3 6963 3 6990 3 7090 4 7118 3 7218 3 7246 3 7346 3 7374 3 7474 3 7503 2 7602 3 7631 2 7730 3 7758 3 7858 3 7886 3 7986 4 8014 3 8115 3 8141 4 8243 4 8269 3 8371 4 8396 4 8500 4 8524 3 8628 5 8651 4 8757 5 8778 4 8886 6 8904 6 9015 8 9030 7 9144 20 9274 16 9404 12,
gap_18023af3b05c71744f,3399 17 3526 20 3654 21 3782 22 3911 22 4040 23 4169 23 4298 23 4426 24 4555 24 4684 24 4813 24 4941 24 5069 25 5198 25 5326 25 5396 3 5454 25 5524 3 5582 26 5652 3 5710 26 5779 5 5837 28 5907 5 5965 28 6035 5 6093 28 6162 7 6220 30 6290 8 6348 30 6418 8 6476 30 6546 10 6604 30 6674 11 6732 30 6802 13 6859 31 6930 15 6987 31 7058 16 7115 31 7186 17 7242 32 7314 19 7370 32 7442 20 7497 33 7570 21 7622 36 7698 23 7744 42 7826 24 7871 43 7954 27 7999 43 8082 30 8117 1 8127 43 8210 38 8255 43 8339 37 8383 42 8467 37 8512 41 8595 36 8641 40 8724 35 8769 40 8852 34 8898 39 8980 34 9027 37 9109 33 9155 37 9237 33 9283 37 9365 33 9412 35 9494 32 9541 34 9622 32 9670 32 9751 31 9798 32 9879 31 9927 31 10007 31 10055 30 10136 31 10183 30 10264 31 10312 28 10393 30 10440 28 10522 29 10568 27 10650 29 10696 26 10779 28 10825 24 10908 27 10953 24 11037 25 11082 22 11166 24 11211 20 11295 22 11340 18 11425 17 11469 15 11554 14 11599 12 11684 10 11728 9 11814 5,4010 14 4136 19 4263 22 4390 24 4516 27 4643 29 4770 33 4897 36 5025 37 5152 39 5280 39 5408 39 5536 39 5664 40 5792 40 5921 39 6049 39 6177 39 6306 20 6327 17 6434 20 6456 15 6563 19 6584 15 6691 19 6712 15 6820 17 6840 15 6948 17 6968 4 6974 9 7077 16 7095 4 7102 9 7205 21 7230 9 7334 20 7358 9 7463 11 7477 5 7488 6 7593 8 7606 3 7722 6 7733 4 7852 4 7861 3 7989 2 8633 5 8760 7 8887 9 9014 10 9142 10 9270 10 9399 9 9527 9 9657 5,,,7995 3 8122 5 8250 5 8379 4,,2609 4 2625 7 2635 2 2736 6 2753 15 2855 6 2863 8 2872 2 2877 2 2881 17 2981 9 2991 7 3000 3 3005 1 3010 4 3016 10 3107 12 3121 4 3144 9 3233 13 3274 5 3359 2 3368 3 3611 3 3738 3 3806 2 3865 4 3934 4 3992 4 4063 4 4119 4 4192 4 4247 3 4321 4 4374 3 4450 3 4501 3 4579 3 4629 2 4708 2 4757 1 4837 2 4966 1 5094 2 6033 1 6122 1 6160 2 6250 2 6287 3 6378 3 6415 3 6506 3 6543 3 6634 3 6671 3 6762 3 6799 3 6890 3 6927 3 7018 3 7055 3 7146 3 7183 2 7274 3 7311 2 7402 3 7439 2 7530 2 7567 2 7659 1 7696 1 7824 1 8978 2 9065 1 9106 2 9192 2 9234 3 9320 2 9362 3 9447 3 9491 3 9575 3 9619 3 9702 4 9748 3 9792 2 9830 3 9876 3 9916 8 9958 2 10005 2 10042 12 10085 3 10133 3 10169 13 10213 2 10262 2 10296 14 10341 2 10390 2 10425 13 10469 1 10519 1 10554 12 10682 12 10810 12 10938 12 11066 12 11194 11 11324 8 11452 9 11578 13 11706 13 11834 12 11964 7 11989 6 12068 8 12094 4 12115 8 12196 9 12223 3 12243 6 12326 7 12351 3 12456 3 12480 1,11974 7 12081 10 12100 11 12208 13 12226 14 12336 14 12354 14 12464 14 12482 14 12593 13 12611 12 12721 5 12730 3 12742 3
gap_5331fbe93846083209,,6845 5 6973 6 6982 3 7101 14 7229 14 7357 15 7486 14 7615 13 7748 7 7861 2 7877 6 7990 2 8007 3 8119 1,,8099 1 8224 5 8352 6 8480 6 8488 3 8608 11 8737 10 8865 10 8992 11 9120 11 9248 10 9376 9 9505 6 9634 4,4671 5 4796 12 4811 6 4923 13 4939 12 5050 14 5067 14 5177 14 5195 16 5289 8 5306 2 5311 7 5322 20 5410 3 5415 12 5440 6 5450 21 5535 20 5569 5 5577 22 5660 23 5697 5 5704 24 5783 33 5822 6 5832 22 5856 6 5910 33 5950 7 5960 19 5985 6 6037 18 6056 13 6078 6 6088 17 6114 6 6165 18 6187 2 6191 6 6207 4 6217 15 6242 6 6292 19 6319 4 6345 14 6371 5 6420 19 6447 2 6474 13 6501 3 6547 14 6574 1 6602 13 6630 4 6675 13 6709 3 6731 13 6750 13 6803 13 6836 4 6861 1 6870 3 6878 13 6932 13 6964 5 6998 2 7003 1 7005 14 7060 15 7092 4 7126 1 7134 13 7188 17 7222 1 7253 1 7263 12 7316 17 7381 1 7392 11 7442 19 7468 1 7509 1 7522 9 7570 19 7595 2 7653 7 7697 19 7723 2 7782 6 7825 19 7910 6 7953 20 8022 7 8037 7 8081 9 8092 7 8100 2 8151 7 8164 7 8209 9 8220 4 8229 1 8281 5 8291 8 8337 9 8348 4 8360 2 8411 2 8419 8 8466 14 8486 2 8546 9 8594 14 8673 9 8722 15 8791 2 8801 9 8850 15 8919 5 8926 11 8980 4 8985 7 9047 16 9114 6 9175 16 9243 5 9304 13 9434 10 9564 5,,7997 6 8123 10 8251 11 8378 13 8505 14 8633 15 8760 16 8888 16 9016 16 9144 16 9272 17 9400 17 9528 17 9655 20 9779 16 9796 9 9907 28 10036 25 10166 22 10295 2 10300 14 10429 5 10438 4 10558 3 10687 1 11198 1 11325 3 11453 3 11581 2,7858 3 7883 3 7985 5 8010 5 8112 7 8137 7 8239 9 8265 8 8367 8 8393 9 8495 8 8521 9 8622 9 8650 9 8750 9 8778 10 8877 9 8906 10 9005 9 9035 10 9133 9 9163 10 9260 10 9291 10 9388 9 9419 10 9517 7 9548 8 9646 4 9676 7 9805 5 10285 2 10410 9 10448 4 10537 12 10550 6 10572 9 10664 21 10691 3 10699 11 10792 21 10818 21 10920 21 10945 23 11048 21 11073 23 11175 22 11201 23 11303 21 11329 24 11431 21 11457 24 11560 20 11585 23 11688 20 11713 23 11817 19 11841 22 11947 16 11970 20 12082 8 12099 10 12231 1
gap_bb45dcc71c02074426,6099 3 6229 2 6313 3 6359 1 6439 5 6566 5 6619 1 6693 5 6748 1 6820 6 6948 4 7075 4 7203 3 7330 3 7458 3 7586 3 7714 3 7842 2 7970 2 8098 1 10077 2 10203 3 10281 2 10329 5 10411 2 10424 3 10445 3 10455 5 10541 13 10573 14 10671 10 10702 11 10801 5 10834 3,8255 2 8382 5 8510 5 8638 5 8766 5 8894 5 9024 2,5567 5 5690 15 5813 26 5940 28 6068 30 6196 33 6323 36 6450 38 6577 41 6705 43 6833 44 6962 44 7091 43 7221 42 7351 41 7482 38 7615 34 7744 33 7873 33 8002 32 8131 31 8260 30 8389 30 8485 2 8519 28 8612 6 8648 27 8740 7 8777 26 8868 10 8906 25 8996 22 9034 25 9124 22 9162 24 9253 21 9290 24 9381 21 9418 23 9510 19 9547 22 9638 19 9675 21 9767 17 9804 19 9896 16 9932 18 10025 14 10061 16 10154 12 10189 14 10284 9 10319 9 10415 2 10451 1,,6703 2 6829 4 6954 8 7081 10 7208 13 7336 15 7463 19 7591 19 7719 20 7844 1 7847 21 7976 20 8099 1 8104 20 8232 19 8361 18 8490 17 8620 15 8750 13 8881 10,,5582 4 5712 3 5811 2 5930 1 6056 3 6105 2 6183 3 6234 2 8804 1 8932 1 9026 2 9153 6 9280 8 9407 9 9535 10 9663 10 9791 10 9920 8 10048 8 10177 6 10306 4 10433 5 10560 7 10588 1 10689 6 10715 1 10797 1 10818 4 10947 2 11075 2 11203 1,7536 4 7664 5 7792 5 7921 3 8049 2 8718 2 8845 4 8972 5 9100 5 9229 4 10811 6 10824 2 10938 8 10950 7 11064 10 11077 11 11191 11 11205 13 11319 11 11333 13 11449 7 11462 10
gap_ec31a3bdadf8b12e7b,3787 10 3898 6 3912 15 4004 13 4024 33 4131 15 4152 35 4257 16 4281 36 4384 14 4411 36 4510 13 4541 36 4636 14 4671 35 4762 14 4802 34 4888 14 4932 33 5015 13 5062 31 5141 14 5191 31 5268 13 5320 31 5395 13 5449 31 5522 12 5578 31 5650 11 5707 30 5777 11 5836 30 5905 11 5964 31 6032 11 6093 30 6160 11 6221 30 6288 10 6349 31 6415 11 6477 32 6543 11 6605 32 6671 11 6733 33 6799 11 6861 33 6927 11 6989 33 7054 12 7117 34 7182 12 7244 35 7310 13 7372 35 7438 13 7500 35 7566 13 7627 36 7694 13 7755 36 7823 12 7882 37 7951 13 8010 37 8079 14 8137 38 8208 13 8264 39 8336 14 8391 40 8465 14 8517 42 8593 16 8645 42 8721 17 8772 43 8849 18 8900 42 8977 20 9028 42 9105 22 9156 42 9233 25 9284 41 9362 28 9413 40 9490 30 9542 39 9618 30 9671 38 9747 30 9799 38 9875 31 9927 37 10004 30 10055 37 10132 31 10183 37 10261 31 10311 36 10389 32 10440 35 10518 32 10568 34 10647 32 10696 34 10775 32 10825 32 10904 31 10953 32 11033 30 11081 31 11162 28 11210 29 11291 27 11339 27 11420 25 11467 26 11550 22 11596 24 11679 20 11725 22 11809 16 11855 18 11939 11 11985 15 12071 1 12115 10 12246 4,4399 10 4525 15 4651 19 4777 23 4903 27 5029 31 5156 34 5282 37 5409 39 5535 43 5662 45 5789 46 5916 48 6043 50 6171 50 6299 50 6426 51 6554 51 6682 51 6810 51 6938 51 7066 51 7194 50 7323 49 7451 49 7579 48 7707 48 7836 46 7964 45 8093 43 8222 41 8351 34 8480 31 8609 29 8739 26 8868 25 8998 11 9015 2 9129 6 9268 5 9395 7 9522 8 9649 9 9777 9 9906 9 10034 8 10163 6 10292 4,,,9025 2,,3271 5 3374 6 3383 10 3396 13 3499 10 3510 11 3524 17 3623 26 3652 10 3667 6 3749 15 3766 11 3781 4 3798 5 3874 2 3885 5 3928 4 4000 3 4057 4 4126 4 4189 3 4253 4 4318 4 4380 3 4448 3 4506 3 4577 3 4633 2 4707 2 5393 2 5520 2 5647 3 5738 1 5774 3 5866 2 5902 2 5995 2 6123 3 6251 3 6380 2 6509 1 6669 2 6796 3 6924 3 7052 2 7181 1 7279 2 7407 2 7535 3 7663 3 7791 2 7919 2 8207 1 8334 2 8462 3 8590 3 8719 2 8847 2 9070 1 9198 2 9325 2 9453 2 9538 1 9581 2 9661 8 9709 2 9788 10 9837 1 9915 11 9965 1 10043 11 10170 12 10259 2 10298 12 10387 2 10426 12 10515 3 10553 13 10644 2 10681 13 10773 2 10809 12 10902 1 10937 13 11031 1 11064 15 11192 15 11320 14 11367 2 11449 13 11494 2 11577 17 11621 3 11704 19 11748 3 11832 20 11875 3 11955 7 11965 6 11974 7 12002 3 12074 6 12082 7 12094 4 12103 8 12129 2 12197 12 12211 5 12222 4 12237 4 12325 10 12351 3 12367 5 12479 2 12499 2 12607 2,12100 1 12216 6 12226 7 12342 8 12354 10 12465 13 12482 12 12592 14 12610 13 12722 12 12738 13 12859 1 12868 9
gap_c5b7f36ad044ebc93b,,,,,,,7998 5 8125 7 8252 9 8379 11 8507 11 8635 12 8763 12 8891 11 9018 2 9021 11 9144 18 9271 18 9393 2 9400 17 9421 1 9521 3 9530 15 9651 1 9660 9 9790 5 9919 3 10048 1,7214 3 7341 4 7469 3 7506 3 7596 4 7634 4 7723 4 7763 3 7784 1 7851 4 7891 4 7911 3 7979 3 8019 4 8106 3 8148 3 8170 2 8234 3 8276 4 8296 7 8361 3 8404 4 8424 8 8463 5 8489 3 8533 3 8551 10 8590 8 8605 2 8616 4 8661 4 8678 12 8717 10 8733 3 8744 3 8789 4 8806 12 8844 12 8861 4 8871 4 8918 4 8933 13 8971 14 8989 4 8998 4 9046 7 9061 13 9099 14 9118 4 9126 4 9175 7 9189 13 9226 16 9246 4 9253 4 9303 8 9317 12 9354 16 9375 4 9380 5 9432 7 9444 12 9482 16 9503 10 9561 7 9572 11 9609 11 9622 4 9630 10 9690 21 9738 9 9750 18 9783 3 9818 21 9866 8 9878 7 9890 5 9910 6 9925 6 9947 4 9954 13 9995 5 10005 3 10009 2 10018 3 10037 9 10052 10 10084 9 10124 6 10132 2 10165 9 10179 11 10253 7 10293 10 10307 8 10382 5 10422 9 10435 8 10550 8 10563 7 10679 7 10692 5 10809 3 10820 5 10900 2 10985 1 11025 7 11111 6 11153 7 11239 5 11282 6 11366 6 11412 4 11494 4 11542 1 11623 2
gap_ce1a35d32a9ea95bda,,7751 4 7878 6 7993 1 8000 4 8006 6 8121 1 8127 6 8134 6 8255 6 8262 6 8382 7 8391 4 8511 6 8520 2 8640 4,,7893 5 8020 8 8106 3 8148 9 8233 5 8275 12 8360 6 8403 12 8488 6 8530 14 8615 7 8659 14 8743 7 8788 1 8792 10 8870 7 8920 10 8998 7 9008 4 9048 11 9126 6 9135 5 9177 10 9254 6 9262 6 9298 1 9306 10 9382 14 9425 4 9435 9 9511 13 9552 6 9564 8 9639 12 9680 9 9692 8 9767 11 9809 19 9896 9 9937 18 10024 6 10066 17 10153 4 10195 15 10325 12 10456 7,3143 7 3270 8 3397 10 3512 2 3525 10 3639 4 3653 10 3768 5 3781 10 3896 6 3910 8 4039 6 4168 5 4402 3 4528 7 4655 9 4782 11 4910 11 5037 12 5165 12 5292 5 5420 5 5548 6 5675 8 5803 8 5828 5 5931 9 5955 6 6060 8 6069 3 6082 7 6171 5 6188 13 6209 8 6298 7 6316 6 6324 6 6337 6 6347 4 6425 9 6446 2 6452 6 6464 7 6475 5 6553 9 6580 6 6593 6 6602 8 6630 4 6681 9 6708 6 6721 18 6757 9 6808 10 6837 5 6851 16 6884 11 6936 10 6966 3 6980 16 7012 12 7064 10 7110 14 7140 12 7192 11 7239 6 7246 6 7269 11 7320 11 7397 11 7447 12 7527 8 7575 12 7655 8 7703 12 7783 8 7831 13 7912 6 7959 13 8041 5 8088 12 8170 2 8216 12 8344 12 8473 11 8601 10 8730 8 8859 6 8988 4 9116 3 9245 2,,9024 7 9150 10 9274 15 9401 16 9529 16 9657 16 9785 16 9914 15 10045 12 10173 12 10301 12 10429 12 10556 13 10680 17 10812 14 10940 14 11069 12 11205 3 11585 1 11713 2 11840 4 11968 4 12097 2,9420 1 9547 3 9654 1 9675 3 9781 2 9802 5 9909 3 9930 5 10037 4 10059 4 10165 5 10187 4 10294 4 10316 2 10422 3 10958 6 11060 1 11065 1 11084 10 11187 8 11210 15 11307 19 11336 17 11434 23 11461 21 11562 22 11589 21 11690 22 11717 20 11818 21 11845 19 11947 20 11973 18 12077 18 12102 15 12207 15 12231 11 12337 12
gap_e078773414c87eeeda,4699 5 4827 6 4956 7 5085 7 5214 7 5343 7 5473 5 5603 4 5733 2 6298 1 6425 3 6552 4 6680 4 6807 5 6935 4 7063 3 7190 3 7319 1 7403 1 7531 2 7621 1 7659 2 7748 6 7876 8 8004 9 8133 9 8261 9 8390 9 8518 9 8647 8 8775 9 8903 9 9032 8 9069 1 9160 9 9196 2 9288 9 9324 1 9417 8 9452 1 9545 9 9673 10 9801 10 9930 10 10058 12 10186 13 10287 1 10314 15 10397 1 10412 4 10443 15 10471 3 10525 2 10538 6 10571 17 10596 6 10654 17 10699 31 10783 15 10827 30 10912 13 10956 28 11042 9 11084 27 11213 25 11342 22 11470 21 11599 18 11729 14 11858 11 11987 8 12119 1,6854 4 6981 6 7109 7 7237 7 7365 6 7494 5 7623 2 7871 3 7996 7 8123 9 8251 10 8379 10 8507 10 8635 10 8763 10 8892 8 9020 7 9150 3,4558 5 4669 8 4682 10 4794 26 4921 28 5050 28 5178 28 5307 27 5435 27 5564 25 5595 8 5693 23 5718 15 5822 21 5845 17 5951 20 5972 19 6079 41 6206 42 6334 43 6462 12 6475 31 6592 42 6724 38 6852 2 6858 32 6987 31 7116 30 7246 28 7374 28 7503 28 7630 29 7758 30 7886 30 8014 31 8143 30 8271 30 8399 30 8528 29 8602 1 8656 29 8728 6 8735 5 8784 29 8856 15 8912 29 8984 19 9041 28 9112 20 9169 27 9240 21 9297 27 9369 20 9426 25 9497 20 9554 25 9626 19 9683 24 9755 19 9812 23 9883 17 9941 22 10012 15 10070 20 10141 13 10199 18 10271 9 10329 15 10459 12 10589 7,,5432 1 5558 6 5685 8 5812 10 5938 13 6066 13 6194 12 6310 7 6322 12 6438 8 6451 11 6566 9 6579 11 6694 9 6707 8 6822 18 6939 2 6950 17 7066 2 7078 17 7098 3 7193 3 7207 24 7320 3 7336 23 7447 5 7460 2 7465 22 7576 5 7588 3 7592 17 7610 4 7705 4 7716 21 7844 20 7973 19 8101 18 8230 16 8359 14 8489 13 8618 12 8746 12 8874 4 8879 7 9003 3 9008 7 9132 3 9137 6 9261 3 9266 6 9389 3 9395 4 9517 2 9524 2 9645 2,,3925 4 4016 2 4054 6 4139 6 4183 7 4265 7 4313 7 4391 6 4442 7 4516 6 4572 5 4643 6 4704 2 4769 6 4895 6 5022 5 5150 4 5277 3 5405 1 5532 1 5993 1 6121 2 6249 2 6377 3 6506 2 6550 1 6634 2 6677 2 6804 3 6932 2 7060 2 7188 2 7790 1 7918 2 8046 2 8174 2 8302 2 8337 2 8430 2 8465 3 8559 1 8593 3 8687 1 8721 3 8849 2 8978 1 9106 1 9407 5 9532 10 9660 11 9787 13 9915 13 10042 15 10170 15 10298 15 10426 15 10554 15 10681 16 10774 2 10809 16 10857 2 10903 2 10938 14 10984 2 11031 3 11067 13 11111 3 11160 3 11195 13 11238 3 11289 2 11323 13 11365 3 11418 1 11451 13 11492 3 11579 13 11619 3 11710 5 11718 2 11747 1 11839 3 11847 1 11967 3 12095 3 12114 3 12202 4 12223 3 12242 4 12330 3 12351 3 12371 2 12479 3,11572 4 11699 6 11722 3 11826 11 11845 1 11849 5 11954 12 11971 12 12082 12 12099 12 12209 13 12227 13 12335 15 12355 14 12463 15 12483 16 12589 16 12613 15 12717 15 12742 14 12846 11 12874 10 12975 7
gap_df27c2d8c943369c5a,,5846 2 5972 4 6099 5 6187 1 6227 5 6314 5 6355 4 6442 5,,,,6206 6 6333 8 6460 10 6587 12 6715 13 6842 14 6970 15 7098 15 7225 17 7353 17 7481 17 7610 15 7738 15 7866 14 7995 13 8124 11 8261 1,,5832 2 5957 7 6072 5 6085 8 6109 3 6174 4 6199 6 6213 9 6236 7 6302 4 6326 6 6343 7 6363 9 6430 4 6453 6 6472 7 6491 9 6559 7 6580 6 6600 7 6619 9 6687 8 6707 7 6729 6 6746 10 6814 9 6834 7 6858 4 6874 11 6887 7 6941 10 6963 5 6987 3 7002 3 7007 17 7069 10 7092 3 7116 1 7134 19 7199 8 7261 21 7318 3 7326 4 7334 1 7388 23 7444 14 7515 24 7569 18 7642 25 7696 20 7769 25 7824 21 7897 25 7951 26 7979 2 8024 26 8079 30 8152 26 8207 30 8276 16 8295 10 8336 29 8404 14 8421 11 8464 29 8532 13 8548 5 8555 4 8592 29 8660 12 8676 5 8684 2 8720 9 8737 12 8788 12 8804 2 8849 7 8867 10 8916 10 8939 3 8978 5 8996 9 9045 8 9058 2 9065 5 9107 4 9124 9 9173 8 9184 3 9191 6 9237 1 9253 8 9301 8 9311 4 9318 7 9368 3 9381 8 9429 8 9440 12 9495 8 9509 8 9557 8 9569 11 9622 10 9637 7 9686 7 9697 11 9751 10 9765 7 9814 6 9825 11 9879 11 9893 7 9942 6 9952 12 10008 10 10021 7 10072 2 10078 14 10137 10 10150 6 10205 14 10266 9 10279 5 10332 14 10395 9 10458 15 10525 9 10581 1 10583 16 10654 10 10704 21 10784 10 10829 22 10914 19 10956 21 11043 21 11083 20 11172 22 11211 17 11301 21 11339 15 11434 16 11468 11 11565 13 11695 8
gap_f2dc3c5540177b89f8,,5051 2 5178 5 5305 7 5432 7 5560 7 5568 3 5688 11 5816 12 5944 13 6069 1 6072 13 6197 1 6200 13 6324 2 6327 14 6452 17 6579 18 6706 20 6834 21 6961 22 7089 22 7216 24 7344 24 7471 12 7491 5 7599 9 7624 1 7752 3 7881 2 8009 1,,9558 8 9685 10 9812 10 9940 10 10069 8 10198 7 10327 5,3381 2 3508 4 3616 3 3627 5 3637 2 3741 6 3754 6 3783 3 3868 7 3881 7 3911 3 3919 11 3995 7 4009 6 4040 1 4047 13 4123 7 4138 4 4175 14 4250 8 4304 13 4377 8 4395 2 4434 11 4503 10 4522 3 4566 11 4630 10 4698 10 4758 9 4789 3 4825 12 4886 5 4914 9 4953 12 5013 5 5040 11 5053 1 5080 14 5140 5 5167 11 5191 1 5205 17 5267 6 5294 11 5319 1 5332 18 5393 8 5421 11 5460 18 5521 8 5548 11 5588 20 5648 9 5675 12 5717 21 5776 12 5803 11 5846 21 5903 19 5930 12 5975 21 6031 20 6058 11 6102 22 6159 21 6186 11 6230 22 6287 21 6314 10 6357 23 6416 21 6442 10 6484 24 6545 22 6570 9 6612 23 6674 3 6681 3 6688 8 6698 8 6740 23 6804 9 6817 8 6827 7 6869 21 6931 10 6946 8 6955 6 6998 20 7059 11 7075 14 7126 20 7186 12 7204 7 7212 4 7255 19 7314 12 7332 7 7341 3 7385 18 7443 11 7460 7 7469 2 7516 15 7571 11 7589 6 7645 14 7700 10 7717 5 7774 13 7829 9 7846 4 7903 11 7958 7 8033 9 8087 5 8162 7 9822 1 10077 1,,4071 2 4200 1 7742 4 7865 12 7992 14 8119 16 8246 18 8374 18 8502 18 8630 18 8758 18 8885 19 9014 18 9144 16 9272 15 9400 15 9528 15 9656 16 9673 3 9784 16 9911 16 10039 15 10168 11 10297 9 10429 4 10558 2 10687 1 10814 3 10942 3 11070 3 11198 3 11326 3 11454 3 11583 1,7883 2 8010 4 8114 1 8137 6 8240 4 8265 7 8366 7 8394 7 8493 8 8522 7 8621 8 8650 7 8748 8 8778 8 8876 8 8906 8 9003 10 9034 8 9131 10 9162 8 9259 10 9290 8 9387 9 9419 5 9516 8 9646 6 10186 8 10287 2 10310 13 10413 9 10435 16 10540 15 10563 17 10668 16 10690 19 10795 18 10818 20 10922 19 10946 20 11050 19 11074 19 11178 19 11202 18 11307 18 11330 17 11436 17 11458 15 11564 17 11586 14 11693 15 11715 9 11823 13 11844 6 11956 7 12087 3
gap_e80b20444333fc5207,,6848 2 6975 5 7097 1 7102 10 7224 3 7231 10 7352 4 7359 10 7479 6 7487 11 7607 5 7614 12 7735 5 7742 12 7862 1 7871 11 8001 8 8132 3,,,4910 4 4946 6 5077 5 5156 2 5179 4 5205 7 5281 6 5307 4 5334 7 5407 9 5436 3 5463 7 5533 10 5566 1 5591 12 5660 11 5694 1 5720 12 5788 10 5848 14 5916 9 5976 15 6043 10 6069 6 6104 16 6171 8 6195 9 6232 16 6298 8 6322 11 6360 3 6365 10 6426 8 6449 12 6494 9 6552 9 6575 14 6617 4 6622 8 6680 13 6702 14 6732 2 6744 14 6807 15 6830 7 6841 2 6858 5 6871 16 6935 15 6958 7 6969 1 6986 5 6998 9 7008 9 7063 19 7086 7 7115 5 7126 8 7138 8 7191 20 7215 4 7246 1 7254 7 7267 7 7319 21 7382 7 7396 7 7447 22 7510 7 7524 7 7573 24 7637 7 7651 8 7700 25 7765 7 7779 9 7828 24 7893 5 7906 10 7955 25 8021 5 8029 15 8083 24 8150 4 8156 16 8211 23 8279 17 8339 22 8408 14 8468 20 8537 12 8599 8 8608 7 8666 10 8728 6 8736 7 8796 7 8858 1 8866 4 8926 4,,8124 4 8250 11 8377 14 8504 16 8632 16 8759 18 8887 18 9014 19 9142 20 9270 20 9397 22 9524 23 9651 26 9780 1 9782 24 9902 1 9910 5 9916 7 9925 8 9936 1 10034 17 10052 9 10163 1 10166 13 10180 9 10294 22 10423 13 10437 6 10556 7 10685 5 10814 3 10942 3 11070 3 11198 3 11326 3 11454 2,7600 5 7726 8 7757 5 7853 9 7884 8 7980 11 8011 10 8107 12 8138 12 8235 12 8266 13 8362 12 8394 13 8490 12 8522 14 8617 12 8651 13 8745 12 8779 13 8873 12 8907 13 9002 10 9036 12 9062 3 9131 8 9164 11 9188 4 9260 6 9293 9 9315 5 9390 3 9423 5 9441 6 9567 7 9628 2 9694 7 9757 3 9820 8 9885 4 9947 8 10014 4 10073 9 10143 4 10200 9 10272 4 10328 8 10401 4 10413 2 10455 7 10531 3 10537 12 10583 6 10660 22 10693 1 10704 4 10710 6 10790 22 10819 23 10918 22 10946 23 11047 21 11074 22 11176 20 11202 21 11304 21 11330 21 11433 20 11457 21 11563 18 11585 20 11692 17 11713 18 11821 16 11842 16 11953 11 11970 13 12084 7 12099 8
gap_331130100333bdab5e,,6845 4 6856 4 6973 5 6983 5 7101 6 7111 5 7229 6 7239 5 7358 4 7367 5 7487 1 7495 4,,,3902 11 4026 17 4150 26 4274 33 4400 37 4527 40 4655 43 4783 45 4910 47 5039 46 5167 47 5294 20 5317 1 5320 22 5421 22 5448 24 5549 24 5576 25 5669 5 5676 25 5704 26 5795 35 5833 26 5922 36 5965 22 6050 38 6093 23 6177 28 6207 11 6222 2 6228 16 6305 27 6337 9 6356 17 6433 27 6468 1 6470 5 6485 17 6560 27 6599 5 6613 18 6688 26 6728 4 6741 18 6816 22 6870 17 6943 22 6999 16 7071 23 7128 15 7200 22 7258 13 7328 22 7387 12 7457 21 7516 11 7586 19 7645 10 7717 12 7773 9 7846 10 7902 7 7975 10 8033 1 8104 9 8232 10 8361 9 8490 8 8620 5 8751 1,,7619 7 7746 10 7873 12 8000 14 8128 14 8256 15 8384 15 8512 15 8640 15 8768 14 8898 11 9028 7 9156 7 9281 14 9408 17 9429 3 9535 19 9557 3 9662 20 9790 19 9918 19 10050 9 10061 3 10180 5 10310 3 10438 3 10566 3 10694 3 10822 3 10950 3 11078 3 11206 2 11335 1,7249 3 7375 6 7480 3 7503 7 7607 5 7631 8 7734 7 7759 8 7839 2 7861 8 7888 8 7967 3 7988 9 8016 8 8096 3 8116 8 8144 9 8225 3 8244 8 8272 9 8354 3 8372 7 8401 8 8483 3 8500 7 8529 7 8552 1 8612 4 8629 4 8657 6 8679 2 8740 5 8786 2 8805 3 8869 6 8932 4 8998 7 9059 5 9127 7 9185 6 9256 7 9312 6 9385 7 9438 7 9514 7 9566 7 9643 7 9693 7 9772 7 9820 7 9901 6 9940 1 9943 2 9948 6 10030 6 10066 7 10075 6 10159 6 10194 7 10203 5 10288 5 10297 11 10315 3 10321 15 10417 20 10442 21 10547 18 10570 20 10676 17 10698 18 10804 17 10826 17 10932 17 10954 16 11060 17 11082 15 11188 17 11210 14 11317 16 11337 14 11447 14 11465 12 11577 12 11593 11 11706 10 11722 9 11836 8 11851 6 11966 4
gap_18f8632bc530d5392c,6064 4 6092 7 6190 7 6220 9 6317 9 6348 10 6444 11 6476 11 6571 12 6604 12 6699 13 6732 13 6826 14 6861 12 6953 16 6989 13 7081 16 7116 15 7208 17 7244 16 7336 17 7372 16 7463 18 7490 3 7499 18 7591 19 7617 5 7626 19 7718 20 7745 5 7753 21 7845 21 7873 6 7880 22 7973 21 8002 29 8101 22 8131 28 8228 23 8261 26 8356 23 8388 27 8484 23 8516 27 8612 24 8643 28 8739 26 8771 28 8867 26 8899 28 8996 26 9028 27 9124 26 9158 25 9252 25 9286 25 9380 25 9415 24 9508 25 9543 24 9636 24 9672 23 9764 23 9801 21 9893 22 9930 20 10021 21 10059 18 10149 21 10187 17 10278 19 10316 16 10406 19 10445 13 10535 17 10574 11 10664 15 10704 8 10793 12 10833 5 10922 10 11052 6,6203 4 6330 6 6457 7 6467 4 6585 7 6594 6 6713 7 6722 7 6845 3 6850 7 6858 2 6973 2 6978 10 7099 4 7107 8 7227 5 7235 7 7355 5 7365 5 7483 4 8256 4 8384 3 8512 2,,,8514 1 8640 3 8769 1,,5056 1 5178 12 5303 19 5429 22 5555 27 5680 33 5807 34 5934 5 5941 5 5949 8 5959 4 5967 1 6061 3 6189 1 6230 1 6358 2 6442 1 6487 3 6569 2 6616 3 6696 2 6745 3 6824 1 6873 3 6951 2 7002 3 7078 3 7131 2 7205 3 7260 2 7333 3 7389 1 7461 2 7588 2 7716 2 8160 1 8287 2 8415 3 8543 3 8671 3 8737 2 8799 2 8865 2 8928 1 8993 3 9121 3 9152 4 9249 2 9279 7 9378 1 9406 8 9534 8 9661 10 9789 10 9917 10 10045 11 10078 2 10174 10 10205 3 10302 9 10332 3 10404 1 10430 9 10459 4 10532 3 10557 11 10587 3 10660 3 10684 17 10788 4 10812 19 10917 4 10935 26 11046 3 11061 9 11072 5 11080 11 11187 10 11201 3 11209 11 11314 9 11330 2 11340 1 11443 3 11448 1 11458 1 11714 1 11842 2 11970 2,9961 3 10005 5 10088 5 10133 5 10215 6 10261 5 10343 4 10391 4 10471 1 10521 2 10598 1 10650 2 10726 1 10778 2 10853 2 10907 2 10980 2 11035 3 11107 2 11164 3 11205 4 11233 3 11293 4 11323 6 11332 7 11359 4 11423 4 11449 9 11460 9 11485 4 11553 3 11576 10 11588 10 11611 3 11683 3 11703 11 11716 10 11738 2 11812 3 11831 10 11845 7 11865 2 11941 3 11960 8 11975 3 11991 3 12070 3 12092 3 12118 3 12199 3 12327 3
gap_28600760b8e17c8bbb,,6571 2 6610 5 6698 2 6737 6 6823 4 6864 8 6950 6 6992 8 7078 7 7120 7 7206 7 7248 6 7335 6,,,6074 5 6082 6 6200 2 6214 3 6327 1 6343 3 6473 2 6601 2 6730 1 6859 1 9017 2 9656 2 9783 4 9911 10 10039 12 10168 11 10297 11 10425 11 10556 7 10685 8 10813 9 10941 10 11069 10 11198 10 11321 2 11326 10 11448 15 11576 12 11709 5,6079 3 6202 12 6328 15 6455 18 6582 19 6709 21 6837 22 6964 24 7091 25 7219 25 7347 25 7474 26 7602 26 7730 26 7858 26 7986 26 8114 26 8242 26 8370 26 8498 26 8627 25 8755 24 8885 22 9019 15 9148 13 9277 11 9407 7,12224 1 12351 3 12479 3,6365 6 6491 8 6618 9 6684 5 6745 10 6811 7 6872 12 6938 9 7000 11 7066 10 7127 12 7193 12 7254 12 7322 12 7383 8 7400 6 7451 11 7508 10 7527 8 7580 10 7591 2 7632 15 7655 9 7709 18 7759 17 7783 10 7842 13 7887 17 7910 11 7968 15 8015 18 8038 12 8078 6 8095 16 8143 18 8164 14 8205 8 8222 17 8271 18 8291 16 8332 9 8349 17 8400 18 8419 16 8460 9 8476 18 8528 18 8547 16 8588 8 8603 19 8656 35 8716 8 8731 19 8784 35 8844 8 8858 20 8912 35 8971 10 8986 20 9040 35 9099 35 9169 34 9227 35 9297 34 9355 34 9425 25 9452 7 9483 34 9553 24 9580 7 9611 6 9619 26 9681 23 9708 7 9740 5 9748 25 9809 15 9826 4 9834 10 9868 5 9877 24 9937 14 9961 11 9995 6 10006 6 10014 15 10065 13 10087 14 10123 7 10136 3 10143 14 10193 11 10215 14 10250 10 10271 15 10321 10 10343 14 10378 12 10401 13 10448 9 10471 14 10506 13 10530 12 10576 6 10596 17 10634 14 10660 10 10705 2 10720 21 10762 15 10790 8 10845 23 10891 18 10921 5 10971 25 11019 20 11052 1 11096 26 11148 23 11222 26 11278 24 11348 26 11407 24 11475 24 11537 24 11602 23 11667 25 11727 24 11796 26 11854 23 11926 26 11981 21 12057 25 12108 16 12187 23 12236 13 12318 21 12364 11 12451 16 12492 8 12585 11 12620 6
gap_044d32185c61a499b9,4678 13 4802 20 4918 6 4930 22 5039 13 5058 23 5163 17 5187 24 5289 19 5317 23 5416 19 5447 22 5543 20 5578 20 5670 20 5708 19 5796 21 5837 19 5923 21 5965 20 6051 21 6094 19 6178 21 6222 20 6305 22 6350 21 6433 21 6478 21 6560 22 6606 22 6688 22 6733 23 6816 22 6861 23 6944 22 6989 24 7071 23 7118 23 7199 23 7246 23 7327 23 7376 22 7455 23 7505 21 7582 24 7634 20 7710 24 7761 21 7837 26 7889 22 7965 26 8017 22 8093 26 8145 22 8220 22 8243 3 8273 22 8348 22 8391 6 8401 22 8476 21 8518 10 8529 22 8604 20 8646 33 8732 19 8774 33 8860 19 8890 4 8900 35 8988 19 9017 5 9026 37 9116 19 9154 37 9244 19 9281 38 9373 18 9409 38 9501 19 9538 37 9630 19 9667 36 9758 20 9796 34 9887 19 9926 32 10015 19 10054 32 10143 20 10183 30 10271 20 10312 29 10399 21 10440 28 10528 21 10569 27 10656 24 10697 26 10784 25 10826 25 10912 25 10954 24 11040 25 11083 22 11169 24 11212 20 11298 22 11341 18 11426 22 11471 15 11555 20 11600 13 11684 18 11730 10 11813 16 11860 5 11943 12 12074 7,5572 5 5699 8 5818 3 5826 10 5945 6 5953 12 6072 22 6199 23 6327 23 6455 23 6582 24 6710 23 6838 22 6966 22 7094 13 7110 6 7223 12 7240 5 7351 13 7367 6 7479 13 7495 7 7607 13 7622 11 7736 12 7750 10 7865 5 7878 10 7994 3 8006 9 8123 1 8134 9 8264 5 8503 2 8630 4 8758 3 8880 3 9008 4 9136 6 9263 7 9392 5 9401 2 9520 5 9526 6 9649 3 9653 8 9780 9 9907 11 10036 10 10164 10 10292 9 10420 8 10549 6,,,9022 2 9146 7 9274 7 9405 4 9535 2,,4287 6 4302 4 4411 10 4430 7 4538 11 4560 6 4666 10 4692 5 4822 4 4952 4 5081 4 5160 2 5211 3 5287 2 5340 2 5413 2 5469 2 5540 3 5598 2 5667 3 5727 1 5794 2 5921 2 6049 2 6176 2 6304 1 6431 1 6559 1 7142 1 7270 1 7398 2 7526 2 7654 2 7782 3 7911 2 8039 2 8091 1 8167 2 8218 2 8295 2 8346 2 8474 2 8601 3 8729 3 8857 3 8986 2 9114 2 9242 2 9370 1 9831 1 9921 3 9958 2 10047 7 10086 2 10174 9 10213 3 10268 2 10301 10 10341 3 10396 3 10429 10 10468 3 10524 4 10557 10 10596 3 10652 4 10685 11 10723 4 10780 4 10812 12 10851 3 10908 4 10940 12 10979 2 11037 3 11068 12 11107 1 11165 3 11197 10 11294 2 11327 7 11454 10 11580 13 11708 12 11810 1 11837 10 11865 5 11938 4 11967 6 11989 9 12066 6 12083 3 12097 3 12117 8 12195 7 12210 3 12226 2 12246 5 12324 6 12337 2 12454 4,11025 3 11116 1 11154 4 11243 3 11282 5 11370 4 11411 4 11497 4 11540 4 11623 6 11669 4 11751 4 11799 3 11849 2 11878 3 11928 3 11963 3 11974 8 12005 3 12058 1 12089 7 12101 11 12132 3 12215 10 12229 13 12259 3 12341 12 12357 13 12468 14 12485 12 12596 14 12613 12 12724 13 12742 9 12853 11 12871 6 12986 3
gap_8d5d988a4c0647bb04,5437 3 5565 4 5693 4 5821 4 5950 2 6731 4 6857 9 6984 13 7090 4 7111 16 7217 6 7239 18 7344 6 7367 19 7471 7 7496 19 7599 6 7624 19 7727 5 7753 18 7854 2 7881 18 8010 17 8138 16 8266 16 8395 15 8524 13 8653 12 8783 8 8913 3,5577 1 5704 2 5830 4 5942 2 5958 4 6070 2 6086 3 6211 3 6339 3 6350 1 6477 3 6493 3 6622 2 6712 1 6869 3,,,,,6719 2 6844 7 6970 10 7084 1 7098 11 7211 3 7226 11 7339 3 7355 10 7468 1 7483 10 7612 9 7646 1 7740 10 7773 2 7867 11 7901 1 7991 1 7993 13 8118 16 8232 4 8246 16 8360 5 8374 17 8503 16 8636 9 8667 2 8765 7 8794 3 8894 5 8908 2 8922 1 9023 3 9032 2 9035 5 9151 3 9161 7 9279 3 9290 1 9407 3 9535 3 9663 3 9791 2 9920 1,5576 1 5703 1 5714 2 5842 3 5970 4 6098 4 6109 2 6185 1 6227 3 6237 3 6312 2 6365 3 6439 3 6505 1 6514 2 6566 3 6632 3 6641 3 6667 2 6694 3 6759 4 6769 3 6821 4 6884 6 6897 3 6949 3 7012 5 7024 4 7076 3 7141 1 7151 6 7178 7 7204 3 7277 9 7305 9 7332 2 7404 10 7432 11 7450 1 7460 1 7532 10 7559 13 7578 2 7660 11 7687 14 7707 2 7787 12 7815 15 7835 3 7915 11 7943 15 7963 3 8042 12 8071 15 8091 3 8170 12 8199 16 8218 5 8297 12 8326 25 8424 12 8454 26 8551 11 8582 26 8677 12 8710 26 8760 4 8803 13 8839 19 8862 1 8886 7 8901 2 8931 12 8968 16 9013 9 9027 5 9059 7 9097 10 9141 9 9155 6 9186 7 9227 7 9269 10 9283 6 9313 7 9397 10 9411 8 9445 3 9525 10 9539 8 9573 4 9653 9 9667 8 9701 4 9739 4 9782 8 9795 8 9829 4 9866 9 9913 4 9924 5 9945 1 9957 3 9995 10 10084 3 10125 9 10211 3 10256 7 10338 3 10387 3 10465 3 10593 3 10720 3
gap_cfedc43d9bb50f3144,,6462 3 6589 5 6717 6 6846 5 6857 1 6974 4 6983 5 7111 5 7234 2 7239 4 7361 2 7488 1,,7130 10 7256 13 7384 14 7511 6 7520 6 7639 5 7648 7 7767 5 7776 7 7895 6 7904 7 8023 6 8031 8 8151 16 8280 15 8408 15 8537 14 8621 3 8665 14 8748 4 8793 13 8875 5 8922 11 9005 1 9051 7,3650 7 3772 17 3895 26 4020 32 4146 35 4272 38 4399 40 4526 41 4652 43 4779 44 4903 22 4933 18 5030 22 5064 15 5157 16 5176 3 5192 16 5284 22 5320 6 5329 9 5342 2 5411 23 5441 3 5448 6 5457 17 5538 23 5568 5 5576 7 5584 19 5665 24 5694 8 5704 27 5793 25 5820 40 5921 67 6049 67 6177 68 6305 22 6329 1 6334 39 6434 21 6461 1 6465 37 6562 10 6573 11 6594 35 6690 8 6701 12 6723 1 6725 32 6817 9 6829 13 6854 3 6858 14 6873 11 6945 8 6957 13 6988 11 7001 12 7072 26 7123 2 7129 1 7140 1 7200 26 7269 1 7328 26 7455 25 7583 22 7710 23 7838 23 7967 21 8095 20 8224 18 8353 10 8482 10 8610 11 8738 10 8866 9 8994 10 9122 9 9250 9 9378 8 9506 7 9635 5 9764 3,,7363 2 7489 4 7616 12 7743 14 7871 14 7998 15 8126 15 8255 14 8383 14 8512 13 8641 12 8770 8 8779 2 8899 10 9025 13 9152 16 9279 16 9407 16 9535 16 9662 17 9790 17 9924 5 10054 2 10182 2 10310 2 10438 2 10565 3 10693 3 10821 3 10949 3,7375 3 7503 4 7631 5 7738 2 7758 7 7865 3 7886 7 7991 6 8014 7 8119 6 8142 7 8246 7 8270 8 8374 7 8399 6 8502 7 8527 6 8630 7 8655 6 8758 6 8784 5 8887 4 9681 2 9809 2 9912 4 9936 7 10039 6 10064 9 10166 14 10186 15 10293 15 10314 16 10420 16 10442 16 10547 17 10570 17 10674 18 10698 17 10802 18 10826 17 10930 18 10954 16 11058 17 11081 16 11187 16 11209 15 11316 14 11339 11 11448 5 11469 6 11578 3 11598 4
gap_6e3d3454e9c0a41b61,10572 2 10700 3 10828 4 10957 4 11086 5 11215 5 11343 10 11473 13 11602 15 11731 14 11862 7,7742 5 7869 8 7997 8 8124 10 8252 10 8380 10 8508 10 8636 10 8765 8 8895 4,3770 5 3894 14 4021 30 4149 35 4277 37 4405 39 4533 39 4662 39 4790 40 4918 41 5046 41 5174 42 5302 44 5430 45 5558 46 5687 46 5815 47 5943 47 6072 47 6201 47 6330 46 6459 46 6589 45 6720 42 6850 41 6978 41 7107 40 7236 40 7320 1 7365 39 7446 5 7494 39 7574 5 7623 39 7701 7 7752 38 7829 7 7881 37 7957 7 8010 36 8084 8 8138 36 8212 8 8267 35 8340 8 8395 35 8468 8 8523 35 8595 9 8652 34 8723 9 8780 34 8851 10 8908 34 8979 12 9036 34 9107 13 9128 5 9164 34 9235 15 9251 13 9292 34 9363 29 9421 33 9492 28 9549 33 9620 28 9677 32 9748 27 9806 31 9876 27 9934 31 10005 26 10063 29 10133 25 10191 29 10262 23 10319 28 10391 22 10448 27 10519 21 10577 25 10648 19 10705 24 10777 18 10834 23 10906 16 10964 20 11035 14 11093 17 11164 12 11223 14 11295 8 11354 9 11426 4 11486 3,,4142 5 4267 10 4393 12 4520 13 4646 16 4773 17 4901 17 5028 18 5155 19 5283 19 5411 19 5539 19 5667 20 5795 20 5924 19 6052 20 6179 21 6307 21 6435 22 6562 24 6690 24 6817 26 6944 27 7072 11 7087 13 7199 29 7327 28 7455 24 7583 24 7711 25 7839 25 7967 25 8096 24 8224 24 8353 23 8481 22 8611 20 8741 17 8872 13 9002 8 9133 3,,4130 2 4188 5 4257 4 4317 5 4383 5 4447 4 4509 5 4576 4 4636 5 4705 4 4763 4 4834 3 4891 2 4963 3 5019 1 5092 2 5221 2 5349 2 5478 1 5528 2 5656 2 5783 3 5911 2 5992 1 6039 2 6120 1 6378 1 6506 2 6634 2 6762 2 6891 2 7187 2 7315 2 7443 2 7571 1 8559 1 8686 2 8814 2 8942 2 8978 1 9070 2 9106 1 9151 7 9198 2 9234 1 9277 10 9326 2 9362 1 9404 12 9454 2 9490 2 9532 13 9582 1 9618 2 9659 14 9709 2 9746 2 9787 14 9837 1 9875 1 9915 14 10004 1 10043 14 10171 14 10299 14 10428 12 10556 12 10685 8 10694 1 10813 8 10940 11 11067 12 11195 12 11316 2 11322 14 11443 2 11450 14 11470 2 11570 2 11584 4 11589 4 11598 3 11712 2 11809 2 11840 2 11870 1 11937 4 11968 2 11994 6 12066 4 12095 3 12122 4 12223 2 12351 2,11575 1 11700 10 11716 9 11826 13 11843 12 11953 14 11970 15 12079 16 12099 16 12203 20 12227 19 12329 21 12355 22 12456 21 12484 22 12584 20 12612 22 12713 18 12742 19 12843 14 12872 16 12974 7 13002 11
gap_b83e40728c115068cd,5586 2 5711 9 5808 8 5838 12 5935 11 5964 15 6061 15 6088 21 6188 18 6214 24 6314 21 6342 25 6441 22 6470 26 6567 24 6599 26 6694 25 6729 24 6821 26 6858 24 6948 27 6987 24 7075 27 7116 23 7203 27 7246 22 7330 27 7374 22 7458 27 7502 23 7585 27 7630 23 7713 26 7757 24 7841 26 7884 26 7968 27 8012 26 8096 26 8139 27 8224 26 8267 27 8352 26 8394 28 8479 27 8516 4 8522 28 8607 26 8644 4 8650 28 8735 26 8771 35 8863 26 8899 35 8992 25 9028 34 9120 25 9156 34 9248 25 9285 33 9376 25 9414 32 9504 25 9542 32 9633 24 9670 31 9761 24 9799 30 9890 24 9927 29 10018 24 10056 28 10147 25 10185 26 10275 27 10314 25 10404 27 10442 24 10533 26 10571 22 10661 25 10699 22 10790 24 10828 20 10919 22 10957 18 11048 21 11085 17 11177 19 11214 15 11306 17 11342 14 11436 13 11471 11 11566 9 11602 6,6982 4 7108 8 7235 10 7361 13 7487 15 7614 16 7741 9 7754 3 7869 8 7996 9 8124 9 8251 10 8379 9 8506 9 8634 9 8761 10 8889 10 9017 10 9145 10 9273 10 9401 10 9529 10 9657 9 9785 8 9914 7 10042 6 10172 2,,,9283 1 9411 2 9539 1,,5439 10 5566 13 5692 17 5722 1 5821 15 5851 2 5932 1 5951 11 5980 3 6057 4 6083 5 6109 3 6184 4 6238 3 6310 4 6367 3 6437 4 6496 3 6564 3 6625 2 6692 2 6754 2 6819 2 6882 2 6947 1 7011 2 7074 1 7139 2 7268 2 7396 2 7525 1 7653 1 7782 1 7910 1 8038 1 8166 1 8862 1 8990 1 9118 1 9246 2 9374 2 9502 2 9630 3 9758 3 9887 3 10015 3 10051 4 10144 2 10178 6 10273 1 10305 8 10401 1 10432 10 10560 10 10594 2 10688 11 10721 3 10816 11 10848 3 10944 11 10975 4 11073 10 11103 3 11200 10 11230 3 11328 10 11358 1 11452 14 11561 3 11577 17 11596 4 11691 6 11699 12 11713 8 11722 10 11821 18 11843 3 11851 11 11951 9 11964 1 11972 1 11985 6 12356 1 12484 1,9712 1 9838 5 9966 5 10093 5 10221 2 10349 1 10476 1 10518 4 10604 1 10646 5 10731 1 10774 5 10857 3 10984 3 11111 2 11164 1 11292 2 11421 3 11550 4 11618 2 11680 4 11744 4 11811 2 11839 1 11849 2 11871 4 11941 2 11965 5 11975 6 12071 2 12090 9 12102 8 12199 3 12216 11 12230 9 12329 1 12344 11 12358 9 12473 9 12487 7 12603 4 12617 3
gap_d6bc0b33820ca2feda,4273 7 4393 2 4399 10 4517 20 4548 5 4643 22 4673 11 4768 25 4801 12 4820 5 4895 26 4929 27 5021 27 5058 28 5147 29 5186 29 5274 29 5315 30 5400 30 5443 31 5527 30 5572 31 5654 31 5701 31 5781 31 5830 31 5909 30 5959 31 6036 30 6088 32 6163 31 6217 32 6290 31 6346 32 6417 32 6475 32 6545 31 6603 32 6672 32 6731 33 6799 33 6860 33 6926 34 6988 34 7054 33 7115 36 7181 34 7243 36 7309 34 7370 38 7436 35 7498 39 7564 34 7625 41 7692 33 7743 3 7753 41 7819 34 7870 5 7881 41 7947 33 7997 7 8009 42 8075 29 8124 8 8138 41 8203 27 8251 10 8266 42 8331 27 8379 10 8395 2 8399 37 8459 27 8505 12 8523 2 8526 38 8587 27 8632 13 8650 43 8715 28 8760 5 8778 43 8843 29 8888 5 8905 44 8971 29 9017 4 9031 46 9100 28 9146 2 9158 47 9228 28 9285 48 9356 27 9413 48 9485 27 9515 1 9542 46 9613 32 9670 46 9741 32 9799 45 9870 32 9927 44 9998 32 10056 43 10127 31 10184 43 10255 32 10312 42 10384 31 10441 41 10512 32 10569 40 10641 32 10697 39 10770 34 10826 38 10899 35 10954 37 11028 35 11082 36 11157 33 11211 34 11286 32 11340 33 11415 30 11468 32 11543 29 11597 30 11672 27 11726 29 11802 24 11855 27 11931 22 11984 24 12061 19 12113 22 12190 15 12243 18 12321 9 12373 13 12504 6,5562 6 5688 9 5815 11 5942 12 6069 14 6196 15 6324 16 6452 22 6580 23 6708 23 6836 23 6964 13 6980 7 7092 12 7109 6 7220 12 7239 3 7348 4 7358 2 7602 2 7728 4 7855 6 7982 6 8110 5 8238 5 8263 2 8365 6 8391 3 8493 6 8519 3 8525 1 8621 5 8647 2 8750 3 8878 1 9140 3 9266 5 9393 6 9520 8 9647 10 9775 10 9902 11 10030 11 10158 10 10287 10 10415 9 10544 7 10673 5,,,8768 4 8895 5 9026 3 9274 1,,3760 13 3887 23 4011 30 4138 8 4148 28 4267 5 4281 26 4396 3 4413 23 4554 9 4684 5 5144 2 5271 2 5397 3 5524 3 5652 2 5779 2 5906 2 6034 1 6379 1 6507 2 6636 2 6765 2 6893 3 7022 3 7151 3 7178 3 7280 2 7305 3 7409 1 7433 3 7560 3 7688 3 7817 1 8565 1 8584 2 8693 2 8712 3 8821 3 8840 3 8949 3 8968 3 9077 3 9096 3 9205 3 9225 2 9333 3 9408 1 9461 3 9535 5 9590 1 9662 7 9789 8 9917 9 10044 10 10123 2 10171 11 10228 2 10251 4 10299 12 10355 3 10380 3 10427 12 10482 4 10508 4 10555 12 10610 4 10636 4 10683 12 10737 4 10765 4 10811 12 10866 3 10893 4 10939 11 10995 1 11023 2 11068 10 11152 1 11196 10 11326 8 11452 1 11454 8 11578 13 11706 14 11756 4 11833 14 11883 4 11961 14 12010 4 12088 13 12137 5 12185 1 12215 5 12222 5 12230 3 12264 5 12313 3 12338 1 12343 4 12351 3 12358 4 12391 5 12442 5 12458 9 12480 1 12487 3 12493 3 12519 3 12571 23 12621 6 12701 18 12749 8 12832 12 12866 1 12884 4 12966 1 12991 3 13015 3 13119 3 13248 1,10238 1 10364 4 10491 5 10618 6 10629 2 10745 7 10755 6 10873 6 10883 7 11000 6 11011 8 11127 5 11140 8 11255 3 11269 8 11382 3 11398 8 11510 3 11525 9 11636 5 11643 2 11653 10 11764 5 11770 3 11781 11 11891 10 11909 12 12019 10 12037 13 12146 10 12165 13 12272 12 12294 13 12347 2 12357 1 12399 6 12407 2 12423 13 12470 8 12484 3 12525 6 12554 3 12558 6 12597 9 12611 8 12653 5 12686 7 12723 11 12739 9 12779 6 12815 8 12850 12 12867 10 12906 6 12944 8 12977 12 12995 11 13033 5 13075 7 13104 12 13124 12 13161 4 13206 5 13231 13 13252 4 13257 8 13336 3 13360 10 13381 2 13385 9 13490 1 13494 2 13517 5
gap_3c4648d34568750b21,7231 3 7349 4 7358 5 7365 7 7475 7 7486 15 7601 10 7615 17 7726 13 7743 19 7851 17 7871 21 7977 19 7999 23 8104 21 8127 24 8231 23 8255 24 8358 24 8384 24 8486 23 8513 24 8613 24 8642 24 8741 23 8770 24 8870 22 8899 23 8998 21 9028 22 9126 21 9156 21 9255 20 9284 21 9383 19 9413 19 9512 18 9542 18 9640 18 9670 17 9769 16 9799 15 9898 15 9928 13 10027 13 10058 10 10156 11 10188 7 10286 8 10417 2,7484 1 7611 2,,,,,6983 1 6987 1 7107 1 7110 2 7114 4 7235 1 7244 4 7373 3 7503 1 7974 2 8023 1 8102 1 8151 1 8638 2 8765 5 8892 7 9020 7 9148 7 9253 1 9276 7 9381 1 9404 7 9510 1 9533 5 9661 6 9789 6 9816 1 9917 6 9943 2 10046 5 10174 4 10303 2 10314 2 10443 4,6629 4 6636 1 6737 3 6756 6 6764 2 6865 4 6884 2 6887 4 6892 2 6959 2 6990 1 7012 10 7118 1 7140 10 7194 2 7269 9 7323 1 7397 8 7525 8 7652 8 7779 8 7907 6 8034 6 8162 5 8216 6 8290 4 8343 8 8418 3 8472 7 8546 3 8602 5 8674 2 8731 5 8802 2 8861 3 8930 1 8989 4 9118 3 9246 3 9375 3 9503 3 9632 2 9761 2 9890 2 10171 2 10298 4 10306 4 10425 6 10434 5 10553 6 10562 6 10681 5 10690 6 10809 4
gap_20e35293d88e2dacf0,6326 1 6344 4 6450 14 6467 14 6575 17 6595 19 6701 18 6723 21 6827 19 6852 22 6952 21 6981 22 7079 21 7110 22 7206 21 7239 21 7333 22 7368 21 7460 23 7496 22 7587 24 7624 23 7715 23 7753 22 7843 23 7881 23 7970 24 8009 23 8098 19 8130 2 8138 22 8226 19 8253 9 8267 21 8354 19 8381 9 8394 22 8482 20 8509 4 8515 30 8611 19 8643 30 8739 20 8771 30 8867 20 8899 30 8995 24 9027 29 9124 23 9156 28 9252 24 9284 28 9380 24 9412 28 9508 25 9541 26 9637 25 9669 26 9765 25 9797 26 9894 25 9925 25 10022 25 10054 24 10151 24 10182 23 10280 22 10310 23 10408 22 10438 22 10537 21 10567 20 10666 19 10695 20 10795 17 10824 18 10925 14 10953 15 11054 11 11083 12 11184 7 11213 8,6847 3 6973 7 7100 9 7228 10 7355 12 7483 13 7611 13 7740 12 7869 10 8004 3 8119 4 8134 3 8245 7 8263 3 8373 7 8391 2 8503 5 8631 5 8760 2 8765 4 8893 5 9020 7 9147 8 9276 7 9404 7 9533 5 9662 3,,,,,6076 11 6091 4 6203 12 6220 3 6336 3 6875 1 7003 1 7077 1 7132 1 7204 1 7330 2 7458 1 7585 2 7904 1 8097 1 8225 1 8353 1 8673 1 8801 2 8929 1 8994 1 9057 1 9122 2 9250 2 9378 2 9507 1 9568 1 9665 2 9695 2 9791 5 9823 2 9919 6 9951 1 10047 6 10175 6 10303 6 10431 6 10559 6 10588 1 10664 2 10687 6 10715 2 10793 2 10815 2 10820 1 10843 1 10922 2 10943 6 11051 2 11070 7 11179 3 11200 4 11310 2 11329 2 11457 2,6891 2 7018 4 7146 5 7274 5 7401 5 7530 4 7658 2 7700 2 7786 1 7827 4 7955 5 8083 5 8211 5 8340 4 10083 1 10210 2 10274 1 10338 1 10403 1 11325 2 11333 4 11451 5 11460 6 11578 6 11588 6 11707 4
gap_af1ce2cdf4e4bd442a,5313 2 5439 6 5566 8 5694 8 5821 10 5949 10 6078 8 6206 8 6335 6 6463 5 6591 6 6718 7 6830 2 6846 7 6956 6 6974 7 7083 7 7102 6 7209 10 7231 5 7252 3 7335 13 7360 3 7378 6 7462 15 7501 12 7588 18 7628 14 7714 21 7755 16 7841 23 7883 17 7968 24 8011 19 8096 25 8139 20 8223 27 8268 20 8350 28 8396 21 8478 28 8525 20 8605 29 8653 21 8733 29 8781 21 8860 30 8910 20 8988 30 9038 20 9116 29 9167 20 9244 29 9295 20 9372 28 9424 18 9500 27 9553 17 9629 25 9681 16 9757 25 9810 14 9886 23 9939 12 10015 21 10068 9 10144 20 10196 8 10273 18 10325 6 10401 17 10455 1 10530 15 10659 13 10789 9,6605 2 6733 3 6861 4 6990 3 7091 4 7119 2 7219 4 7248 1 7349 2 7478 1 7484 2 7612 3,,,,,5692 1 6826 3 6953 3 7079 3 7207 2 7384 3 7513 3 7642 3 7772 1 7838 2 7873 3 7964 4 8000 6 8091 5 8127 8 8218 5 8254 10 8345 5 8382 11 8473 4 8509 13 8601 3 8636 14 8674 3 8764 14 8802 4 8892 14 8930 5 9020 14 9035 1 9059 5 9149 12 9188 4 9277 12 9317 3 9405 12 9534 13 9625 1 9661 15 9751 4 9788 16 9879 5 9916 16 10008 5 10044 15 10138 3 10172 15 10267 1 10302 11 10333 6 10431 9 10443 2 10460 7 10546 5 10554 2 10560 7 10569 4 10589 6 10672 14 10688 6 10696 3 10700 2 10720 2 10799 6 10806 8 10817 5 10829 2 10926 6 10935 3 10946 4 10956 2 11041 6 11053 6 11063 2 11074 3 11085 1 11170 8 11179 6 11202 3 11298 12 11330 3 11428 6 11459 2 11587 2 11715 2 11843 1,5921 3 6049 2 6176 2 6298 6 6424 7 6552 6 6679 6 6762 2 6787 1 6806 5 6890 9 6914 4 6935 3 7018 10 7042 6 7148 9 7164 2 7171 6 7276 9 7290 3 7299 7 7405 8 7417 4 7427 7 7534 6 7544 5 7556 7 7664 4 7671 6 7682 1 7685 6 7794 1 7799 7 7814 5 7926 8 7941 6 8054 9 8067 1 8069 7 8182 9 8195 9 8309 10 8322 10 8437 10 8450 10 8565 11 8578 10 8693 11 8707 10 8822 9 8835 1 8837 8 8950 9 8965 8 9077 11 9091 10 9204 12 9218 10 9331 13 9346 10 9458 13 9479 6 9585 2 9590 3 9595 2 9608 6 9712 2 9723 1 9737 7 9839 2 9858 3 9866 7 9964 4 9986 4 9995 7 10090 5 10114 4 10125 6 10217 5 10242 5 10254 1 10258 1 10344 6 10363 2 10367 1 10370 6 10386 2 10468 10 10495 1 10498 6 10595 10 10623 1 10626 6 10723 9 10751 1 10755 6 10814 1 10824 3 10852 8 10878 2 10883 6 10907 1 10941 2 10951 5 10980 7 11006 2 11012 6 11035 1 11069 3 11079 6 11109 5 11134 2 11140 7 11156 2 11189 3 11196 4 11207 6 11237 4 11262 2 11268 8 11281 2 11284 3 11316 13 11335 6 11365 3 11390 1 11396 9 11409 2 11413 3 11444 13 11463 6 11494 1 11524 10 11536 4 11543 1 11572 13 11591 3 11652 17 11701 12 11781 17 11803 2 11831 1 11838 2 11910 17 11932 2 12039 18 12059 3 12169 7 12177 13 12298 10 12312 7 12431 5 12441 6 12570 4 12699 2
gap_3dcaaa79d5e18cc4a0,6090 7 6193 13 6212 16 6318 19 6338 21 6445 19 6466 23 6570 22 6594 25 6695 23 6723 25 6822 23 6852 25 6949 23 6981 25 7076 23 7110 24 7204 23 7238 25 7331 23 7367 24 7459 22 7495 25 7587 22 7624 25 7715 21 7753 24 7843 21 7882 23 7971 21 8013 20 8099 20 8142 19 8226 21 8270 19 8355 19 8398 19 8483 20 8526 20 8611 21 8647 4 8653 20 8739 23 8772 7 8780 22 8868 27 8903 27 8996 17 9014 10 9031 26 9124 17 9143 9 9160 25 9252 17 9272 8 9288 25 9380 18 9400 9 9416 25 9509 28 9544 25 9637 28 9672 24 9766 26 9799 25 9894 26 9927 24 10023 25 10055 24 10151 24 10183 23 10280 23 10311 23 10409 22 10439 22 10538 21 10567 21 10666 21 10695 21 10795 19 10824 19 10924 17 10953 17 11054 14 11082 14 11183 11 11212 11 11314 4,6720 2 6846 6 6973 8 7100 9 7227 11 7354 12 7481 14 7609 15 7737 16 7865 16 7993 17 8121 17 8248 4 8253 14 8375 5 8382 12 8503 5 8511 9 9025 6 9141 1 9153 6 9269 2 9281 7 9409 7 9537 7 9666 5 9795 3,,,,,5816 25 5941 22 5967 1 5971 2 6075 10 6100 3 6188 2 6230 1 6314 3 6442 2 6693 1 6749 1 6820 1 7202 1 7330 1 7458 1 7585 2 7713 2 7777 2 7841 2 7905 2 7969 2 8097 1 8546 1 8610 1 8673 2 8738 1 8802 1 8866 2 8930 1 8994 2 9058 1 9122 2 9185 2 9313 2 9441 2 9921 4 10048 6 10176 6 10304 6 10432 6 10462 1 10536 1 10560 6 10589 1 10664 2 10688 6 10716 2 10792 3 10817 5 10921 3 10945 5 11050 3 11072 3 11076 3 11179 3 11200 7 11310 1 11329 5 11458 2,7020 3 7147 5 7275 5 7403 5 7531 5 7659 4 7787 3 7915 3 7954 3 8043 3 8081 5 8172 2 8209 5 8337 6 8466 4 8595 2 11581 4 11590 4 11708 5 11717 5 11837 4 11847 1
gap_7bbf8ebe5c778bdd41,,5805 4 5846 3 5933 5 5972 5 6061 6 6099 6 6188 7 6226 7 6317 7 6353 7 6445 1 6447 5 6480 7 6575 6 6608 6 6703 6 6736 6 6831 5 6864 6 6959 5 6992 5 7088 4 7124 1 7216 4 7345 2,,,4918 8 5045 11 5059 5 5174 10 5187 9 5303 9 5315 8 5436 3 5444 6 5549 2 5572 6 5677 4 5694 14 5718 3 5809 1 5822 15 5845 1 5949 16 6076 17 6195 1 6203 17 6331 16 6452 1 6458 10 6581 1 6585 11 6709 1 6712 11 6836 15 6964 16 6981 5 7092 23 7220 23 7347 24 7473 15 7490 10 7602 3 7607 8 7617 10 7731 1 7735 8 7745 10 7862 18 7882 2 7990 18 8010 2 8118 17 8246 17 8268 1 8372 11 8384 7 8396 2 8499 12 8513 6 8524 2 8627 11 8641 6 8651 3 8756 10 8769 5 8779 3 8885 10 8897 5 8907 2 9014 16 9142 17 9270 16 9394 1 9398 16 9523 1 9527 14 9652 1 9655 13 9781 1 9784 12 9909 1 9915 8 10046 4 10058 2 10175 3 10186 1 10302 6 10314 1 10430 7 10558 7 10686 8 10814 8 10942 8 11072 5 11201 3,,11571 6 11580 5 11594 2 11699 19 11720 5 11828 25 11956 24 12090 15 12219 11,5278 6 5404 10 5532 11 5601 1 5659 13 5727 7 5788 13 5853 10 5917 14 5980 11 6035 5 6048 12 6107 12 6161 8 6175 13 6234 13 6287 11 6302 15 6360 11 6381 2 6414 13 6430 15 6487 13 6507 6 6541 14 6558 16 6614 14 6634 8 6669 15 6685 17 6742 15 6761 10 6796 15 6813 16 6870 15 6888 12 6924 15 6941 15 6997 16 7015 13 7051 17 7069 15 7125 16 7143 14 7179 17 7197 16 7253 17 7271 15 7307 34 7382 16 7399 15 7435 34 7511 32 7563 34 7638 33 7691 34 7766 33 7819 34 7894 33 7947 34 8021 34 8075 34 8149 34 8203 34 8277 34 8330 34 8405 34 8457 35 8533 34 8585 14 8600 20 8661 34 8713 35 8789 34 8841 35 8917 34 8969 24 8994 10 9045 35 9097 24 9123 8 9174 34 9225 24 9252 7 9302 10 9313 7 9321 15 9354 23 9381 6 9430 9 9441 7 9449 15 9482 15 9500 5 9510 5 9558 8 9568 24 9610 15 9628 5 9686 6 9696 23 9738 24 9814 4 9825 22 9866 26 9958 17 9995 27 10086 17 10125 26 10213 17 10254 26 10335 23 10385 23 10461 24 10515 22 10586 26 10646 21 10713 26 10778 18 10839 26 10909 16 10965 26 11039 15 11091 25 11169 15 11218 21 11300 12 11345 17 11430 11 11472 15 11560 10 11599 12 11690 8 11727 8 11820 7 11854 7 11949 6 11982 5 12079 4
gap_e780d89ca9ed581bfd,5939 6 5959 11 6064 37 6190 41 6316 18 6335 27 6441 19 6465 27 6567 17 6595 26 6694 16 6724 26 6821 17 6853 25 6949 16 6982 25 7076 17 7111 24 7204 17 7239 25 7331 17 7368 24 7459 17 7496 25 7587 17 7624 25 7715 17 7752 25 7843 18 7881 25 7971 18 8009 25 8099 18 8138 24 8227 19 8266 24 8355 20 8394 24 8483 20 8522 24 8612 20 8651 23 8740 21 8779 22 8868 21 8907 22 8997 19 9034 23 9125 19 9149 5 9162 23 9253 19 9275 7 9291 22 9381 29 9419 21 9509 29 9547 21 9638 27 9674 22 9766 26 9802 22 9894 26 9929 22 10023 24 10056 23 10152 23 10184 23 10280 23 10312 22 10409 22 10440 22 10537 22 10568 21 10666 20 10697 19 10795 19 10825 18 10925 16 10954 16 11054 14 11083 14 11184 9 11214 9,6711 5 6719 3 6838 14 6965 16 7093 17 7221 18 7349 18 7477 19 7605 19 7733 4 7741 11 7861 4 7868 12 7989 19 8118 19 8246 19 8375 18 8504 17 8634 16 8762 10 8890 9 9018 4 9030 2 9144 2 9156 6 9272 1 9283 7 9411 8 9540 7 9668 6 9797 4,,,,,5571 1 5575 4 5687 14 5702 9 5816 13 5830 7 5841 4 5973 2 6059 3 6103 1 6185 4 6312 3 6692 1 6819 2 6879 1 6947 1 7074 2 7202 2 7330 1 7393 1 7458 1 7521 2 7585 2 7649 2 7713 2 7777 2 7841 2 7906 1 8034 1 8162 2 8290 2 8418 2 8867 1 8995 2 9057 1 9123 2 9185 1 9251 2 9313 1 9380 1 9794 3 9920 6 10048 7 10176 7 10304 7 10432 7 10560 7 10688 7 10717 1 10793 1 10817 6 10844 1 10922 2 10944 6 10971 1 11051 2 11072 8 11098 1 11180 2 11199 9 11225 1 11310 2 11329 5 11440 1 11459 1,7149 3 7277 4 7404 5 7533 4 7661 4 7789 3 7916 2 8044 2 8082 1 8172 3 8209 3 8300 3 8336 5 8464 5 8592 5 8721 3 11463 4 11579 6 11590 7 11706 8 11718 6 11838 3 11847 2
gap_d7546bd86462977fae,4812 13 4937 18 5035 5 5062 23 5161 7 5189 26 5287 9 5317 28 5413 10 5446 28 5539 10 5576 27 5666 10 5706 25 5793 11 5836 24 5920 11 5965 24 6048 11 6093 24 6175 12 6222 24 6302 13 6350 25 6430 13 6479 24 6557 14 6607 25 6685 14 6735 25 6812 15 6863 26 6940 15 6991 26 7068 15 7120 25 7195 16 7248 26 7323 16 7376 26 7451 17 7504 26 7579 17 7632 26 7706 19 7760 27 7834 19 7888 27 7962 20 8015 28 8090 21 8143 28 8218 21 8271 28 8346 22 8398 29 8474 23 8526 29 8603 23 8654 28 8731 24 8782 28 8859 25 8911 27 8987 26 9040 27 9115 26 9170 25 9244 24 9299 23 9372 23 9418 3 9427 23 9500 22 9545 33 9628 23 9673 33 9756 23 9801 33 9885 23 9930 31 10013 23 10058 31 10142 22 10187 29 10270 23 10315 29 10399 22 10444 28 10527 22 10572 27 10656 22 10700 27 10785 22 10828 27 10913 23 10956 26 11042 23 11084 25 11170 23 11213 24 11299 22 11341 23 11428 21 11470 21 11557 19 11599 19 11687 16 11728 17 11817 12 11857 15 11947 8 11986 12 12077 3 12116 8,5430 5 5557 7 5570 3 5684 9 5698 5 5811 10 5826 7 5938 11 5955 7 6066 12 6083 8 6193 14 6211 8 6321 16 6339 9 6449 27 6577 28 6704 30 6832 19 6852 11 6960 19 6981 10 7087 19 7109 10 7215 18 7238 9 7342 8 7353 7 7367 8 7469 20 7496 6 7598 1 7601 22 7626 2 7730 23 7859 24 7986 27 8114 28 8242 28 8371 27 8500 25 8629 24 8758 22 8887 21 9016 19 9036 3 9145 17 9164 5 9274 13 9292 5 9395 4 9402 11 9421 4 9523 5 9531 8 9652 14 9781 7 9909 8 10037 9 10164 10 10293 9 10421 9 10549 9 10678 7 10807 3,,,,,4293 2 4412 12 4427 12 4529 23 4553 18 4655 12 4668 11 4681 7 4695 6 4778 16 4798 9 4810 1 4826 4 4904 5 4912 1 4931 3 4955 4 5031 4 5087 2 5158 3 5216 2 5346 1 6375 1 6504 1 6555 1 6632 2 6682 2 6760 2 6810 2 6889 2 6937 3 7017 2 7065 3 7145 3 7193 2 7274 2 7321 2 7402 2 7449 2 7530 2 7577 1 7658 2 7787 1 7915 1 8043 1 8857 1 8985 2 9113 2 9241 3 9369 3 9497 3 9579 1 9626 2 9706 2 9755 1 9834 2 9923 5 9961 3 10050 7 10089 3 10177 8 10216 3 10304 9 10344 3 10432 10 10472 2 10560 10 10599 3 10687 11 10727 2 10815 10 10855 2 10943 10 10983 1 11071 10 11200 8 11329 7 11426 1 11456 9 11555 2 11583 11 11684 2 11709 16 11813 3 11834 12 11849 5 11942 4 11962 4 11971 2 11978 6 12071 6 12091 1 12099 2 12108 8 12201 10 12227 2 12241 6 12331 6 12355 2 12370 10 12483 2 12502 4 12611 2 12739 2,9839 3 9966 3 10094 2 10520 1 10648 3 10777 2 11975 2 12092 6 12102 6 12215 12 12229 9 12341 14 12357 10 12468 15 12485 12 12596 14 12613 13 12724 14 12742 12 12854 11 12871 10 12987 4 13000 5
gap_05719b4831db326b16,4007 6 4132 18 4257 22 4382 25 4414 5 4432 9 4508 27 4541 31 4634 28 4669 33 4761 28 4798 34 4887 29 4927 35 5014 30 5057 34 5140 31 5187 34 5267 32 5317 33 5394 32 5445 34 5520 34 5574 35 5648 33 5702 36 5775 34 5830 37 5902 34 5959 37 6030 34 6087 38 6157 34 6215 39 6285 34 6344 39 6412 34 6472 39 6540 34 6601 39 6667 35 6730 39 6795 34 6859 39 6922 35 6987 39 7050 34 7115 40 7178 34 7243 40 7305 34 7372 40 7433 32 7501 39 7561 30 7632 37 7689 28 7761 36 7816 29 7889 36 7944 28 8017 37 8072 28 8146 36 8200 27 8275 35 8328 27 8404 34 8456 27 8533 33 8584 28 8660 34 8713 27 8788 34 8841 33 8904 2 8916 34 8969 46 9018 3 9030 6 9044 34 9098 27 9127 15 9145 5 9157 8 9172 34 9226 27 9256 13 9274 3 9284 10 9298 36 9354 26 9386 8 9412 50 9483 25 9515 4 9540 50 9612 24 9669 49 9740 24 9797 48 9868 24 9926 47 9996 24 10055 46 10125 24 10183 46 10253 24 10311 45 10382 24 10440 44 10510 30 10568 43 10639 30 10697 42 10768 29 10825 41 10896 31 10953 41 11025 33 11082 39 11154 35 11210 39 11283 35 11338 38 11412 33 11467 36 11541 32 11595 35 11671 29 11724 34 11801 26 11853 32 11930 24 11982 30 12059 21 12111 27 12189 18 12241 24 12319 14 12370 21 12451 7 12500 17 12631 12,5181 1 5307 6 5434 9 5481 1 5561 11 5688 12 5815 14 5943 14 6070 15 6196 17 6322 19 6449 20 6577 22 6704 25 6832 26 6960 26 7088 27 7216 14 7234 8 7344 14 7363 7 7471 17 7491 6 7599 25 7727 25 7854 26 7978 2 7981 7 7992 16 8105 11 8122 5 8128 9 8232 12 8257 12 8358 3 8365 7 8388 8 8484 5 8493 8 8516 8 8613 3 8622 6 8643 9 8749 5 8772 4 8782 2 8910 3 9038 3 9382 1 9512 1 9778 6 9906 7 10022 3 10033 8 10150 3 10158 11 10280 1 10286 11 10414 10 10542 10 10670 9 10799 8 10928 6,,,9400 6 9529 4,,3374 6 3499 16 3625 21 3651 1 3660 3 3748 3 3760 23 3784 13 3873 5 3891 8 3900 27 3999 5 4022 5 4030 27 4126 5 4152 22 4182 4 4252 4 4285 16 4313 2 4379 3 4444 1 4507 1 4574 1 4703 2 4833 2 4962 3 5091 4 5221 3 5350 3 5480 1 5646 1 5773 2 5900 2 6027 2 6154 3 6282 2 6410 2 7027 2 7155 2 7175 2 7284 2 7302 3 7412 3 7430 3 7541 2 7558 3 7669 2 7686 2 7798 1 7814 2 8582 1 8695 1 8710 2 8823 2 8838 3 8950 4 8966 3 9078 4 9094 4 9207 3 9223 3 9335 2 9352 1 9791 4 9918 6 10045 8 10122 2 10172 9 10229 3 10250 3 10300 10 10356 4 10378 4 10427 11 10484 4 10507 3 10555 11 10612 4 10635 4 10682 12 10740 3 10764 3 10810 12 10868 3 10892 4 10938 13 11021 3 11066 12 11150 3 11194 12 11279 2 11323 10 11408 1 11451 10 11581 8 11707 1 11709 8 11760 1 11834 12 11886 3 11960 15 12012 4 12088 16 12139 4 12217 15 12266 5 12344 3 12349 9 12393 5 12465 1 12470 5 12478 4 12520 5 12590 4 12597 5 12606 3 12611 6 12647 5 12704 1 12707 2 12712 9 12725 5 12732 2 12735 2 12738 9 12774 5 12831 16 12854 4 12859 3 12863 2 12866 12 12901 4 12961 10 12987 2 12990 3 12994 12 13028 2 13093 2 13115 2 13118 4 13123 6 13132 3 13242 2 13246 4 13251 4 13262 1 13370 2 13374 3 13379 3 13508 1,9726 1 9854 1 10883 1 11003 2 11130 4 11257 6 11384 7 11399 4 11512 7 11527 6 11639 7 11655 6 11766 7 11783 7 11893 7 11913 6 12021 6 12042 6 12148 6 12155 1 12171 6 12275 5 12300 6 12402 7 12428 7 12475 1 12529 9 12556 8 12602 3 12657 6 12685 8 12724 1 12730 2 12784 4 12790 1 12815 1 12817 4 12850 4 12858 1 12911 4 12947 3 12977 10 13036 6 13076 3 13103 12 13129 3 13163 7 13204 4 13230 12 13255 7 13291 5 13333 4 13357 13 13382 1 13384 7 13418 5 13462 4 13483 13 13497 2 13509 2 13513 6 13547 2 13611 12 13637 1 13641 3 13645 1 13744 3
gap_0b5563dba90f6ec578,,5581 3 5707 7 5834 9 5962 9 6092 5 6346 2 6473 7 6600 8 6719 5 6728 8 6846 7 6856 7 6974 8 6985 6 7102 8 7113 6 7230 8 7242 5 7358 8 7370 5 7487 6 7616 5 7744 3,3534 4 3660 11 3786 16 3915 17 4021 11 4044 18 4148 12 4173 19 4276 9 4301 20 4408 4 4431 20 4561 19 4689 21 4817 21 4945 22 5074 22 5203 22 5332 21 5460 22 5588 22 5714 24 5843 24 5971 24 6097 27 6225 27 6352 28 6480 29 6608 29 6736 29 6863 30 6991 30 7119 30 7247 31 7375 31 7503 31 7632 30 7760 30 7889 29 8018 28 8090 3 8146 27 8216 9 8274 27 8344 10 8403 25 8471 11 8531 25 8599 11 8659 24 8727 12 8787 24 8855 13 8916 22 8984 12 9044 22 9112 13 9172 21 9241 12 9301 19 9369 13 9430 17 9498 14 9558 16 9626 15 9687 14 9755 15 9816 12 9883 15 9945 10 10012 14 10074 7 10141 12 10270 11 10400 8,7985 3 8109 9 8236 12 8363 13 8490 7 8499 6 8617 8 8628 5 8745 7 8756 5 8873 7 8884 5 9001 6 9012 5 9129 6 9139 6 9257 6 9266 7 9386 15 9515 13 9643 12 9770 12 9898 11 10026 10 10153 2 10156 7 10281 1,3910 5 4037 7 4135 8 4165 8 4261 13 4289 12 4388 16 4414 15 4514 18 4538 18 4641 20 4664 18 4768 21 4792 17 4895 23 4919 17 5023 23 5047 17 5151 40 5278 40 5406 27 5436 11 5534 26 5566 15 5662 26 5696 11 5791 24 5826 8 5919 25 5957 5 6048 25 6086 6 6176 25 6205 2 6216 3 6304 15 6322 7 6333 2 6432 10 6449 8 6461 2 6560 9 6577 8 6590 2 6688 9 6704 9 6718 1 6816 25 6943 27 7069 28 7195 25 7322 23 7449 20 7577 18 7705 17 7833 16 7962 14 8093 10 8226 5,,5784 2 5912 1 7407 1 7534 2 7662 2 7791 1 7828 1 7919 1 7956 2 8047 1 8084 2 8129 3 8135 2 8212 1 8253 1 8255 10 8340 1 8380 13 8468 1 8508 14 8636 13 8764 13 8892 13 9020 13 9149 12 9277 12 9405 12 9534 11 9662 12 9787 1 9789 13 9828 2 9914 16 9955 3 10042 12 10055 3 10082 3 10173 12 10187 2 10210 2 10297 3 10302 7 10314 3 10425 3 10442 3 10553 3 10571 2 10785 3 10797 3 10913 4 11043 2,8908 1 9035 3 9163 4 9292 3 10813 3 10822 12 10835 6 10933 12 10950 20 11060 13 11077 22 11180 21 11205 22 11306 23 11334 20 11434 23 11463 18 11562 22 11593 15 11691 20 11724 9 11821 17 11951 12 12082 4
gap_1515583b80211b5306,,8017 3 8144 5 8245 3 8271 6 8373 4 8399 6 8501 6 8527 6 8630 7 8655 6 8759 7 8784 5 8887 6 8914 1 9016 4,,,4415 8 4535 3 4539 17 4659 28 4785 32 4912 36 5038 45 5161 52 5287 55 5414 58 5542 14 5558 44 5669 15 5687 44 5797 14 5815 46 5924 16 5943 46 6052 17 6071 14 6089 28 6180 17 6200 11 6221 5 6228 17 6308 18 6328 11 6349 5 6356 17 6436 18 6455 12 6477 5 6485 16 6564 17 6583 12 6605 5 6613 16 6693 16 6710 13 6732 6 6741 16 6821 16 6839 12 6860 6 6869 16 6949 15 6967 11 6981 5 6988 6 6996 17 7077 14 7095 12 7108 6 7116 25 7206 13 7222 10 7233 35 7335 24 7363 32 7464 6 7472 14 7491 30 7592 6 7600 13 7620 15 7636 4 7721 3 7728 12 7744 1 7748 14 7765 1 7857 10 7872 1 7877 13 7986 6 7999 2 8010 7 8139 5 8267 2,,9156 8 9284 9 9302 2 9395 3 9409 12 9428 4 9523 7 9536 17 9554 6 9651 36 9779 36 9907 9 9917 26 10036 35 10164 34 10292 34 10421 33 10549 32 10677 32 10805 32 10934 31 11062 31 11190 29 11318 28 11446 31 11573 23 11597 7 11701 30 11832 26 11961 24 12090 20 12223 13 12354 9 12485 3 12613 3 12742 1,5738 3 5789 3 5865 5 5917 4 5993 5 6045 4 6120 6 6173 4 6248 6 6301 4 6376 6 6430 4 6504 6 6555 1 6558 4 6632 5 6682 3 6686 4 6760 9 6809 4 6814 4 6888 9 6936 5 6942 4 7015 10 7064 5 7070 6 7143 10 7192 5 7198 8 7270 11 7320 5 7327 8 7396 13 7448 6 7455 9 7523 14 7576 6 7583 9 7647 17 7704 17 7772 14 7787 5 7832 19 7897 16 7915 4 7961 12 7975 5 8025 16 8042 5 8089 12 8103 8 8152 23 8218 12 8231 9 8280 23 8346 23 8408 22 8474 23 8536 22 8603 22 8664 21 8731 23 8795 18 8860 21 8923 18 8989 18 9050 19 9117 19 9177 19 9246 20 9305 18 9376 19 9432 17 9505 18 9560 16 9632 19 9687 17 9759 20 9815 16 9887 20 9943 17 10015 21 10071 18 10143 21 10198 19 10271 21 10326 19 10399 22 10454 9 10464 9 10527 22 10582 9 10592 10 10656 12 10669 8 10710 9 10720 10 10784 12 10798 7 10837 9 10848 9 10913 12 10926 8 10965 8 10975 10 11042 20 11093 8 11103 9 11171 11 11183 7 11219 9 11230 9 11300 11 11312 6 11346 9 11358 8 11430 10 11442 4 11477 5 11485 8 11559 10 11571 2 11606 2 11612 7 11689 8 11700 1 11740 3 11819 7 11867 1 11949 6 11988 4 12078 10 12115 4 12209 8 12244 1 12339 6 12470 2 12478 2 12607 3
gap_ea901d7810723da5b6,,,,,,,8639 6 8765 9 8892 11 9020 11 9148 12 9273 15 9401 15 9526 2 9530 14 9654 2 9660 10 9790 7 9919 5 10048 3 10176 3 10305 2 10433 2 10561 2 10689 2,7666 3 7792 6 7800 4 7816 4 7919 14 7943 6 7950 3 7957 5 8047 14 8070 20 8176 13 8198 21 8308 9 8326 21 8348 1 8437 8 8453 22 8565 8 8582 19 8693 8 8710 16 8820 9 8838 14 8948 8 8967 10 9075 9 9095 10 9202 10 9224 9 9329 10 9352 10 9456 8 9481 10 9583 7 9609 11 9711 4 9739 10 9800 1 9870 8 9912 5 9926 6 10001 6 10039 7 10053 8 10132 4 10166 9 10180 9 10262 2 10294 9 10308 9 10391 2 10422 9 10436 9 10551 8 10564 8 10679 8 10692 7 10807 7 10821 4
gap_ff0b8523bc999d7d88,7360 3 7487 4 7616 3,,,,,,4155 4 4281 9 4407 13 4535 14 4662 4 4673 5 4790 3 4802 5 4918 2 4931 4 5061 3 5191 1 7625 1 7753 1 8001 3 8128 6 8254 9 8381 10 8508 12 8635 15 8763 16 8891 16 9019 16 9147 15 9278 8 9408 6 9537 4 9666 2,6398 2 7034 2 7160 6 7286 8 7413 9 7540 10 7668 9 7693 4 7795 9 7820 7 7923 9 7948 8 8051 7 8076 8 8178 7 8204 9 8306 5 8332 10 8435 2 8460 11 8589 10 8717 11 8846 10 8974 9 9103 8 9232 7 9319 4 9361 6 9369 4 9415 6 9447 8 9489 5 9496 6 9503 1 9529 6 9542 7 9575 5 9617 4 9623 7 9631 1 9656 7 9670 7 9703 3 9745 13 9784 8 9797 8 9873 13 9913 7 9925 8 10000 14 10041 7 10053 6 10128 3 10132 4 10139 2 10170 5 10183 2
gap_7fb7210c16d73cf70b,6210 2 6337 4 6465 4 6594 2,6590 1,,,,,6851 2 6977 4 7105 6 7232 8 7359 10 7486 12 7596 3 7614 12 7723 4 7742 12 7851 2 7871 10 7998 11 8126 11 8248 3 8253 13 8270 4 8376 3 8380 17 8398 6 8509 16 8526 7 8637 9 8647 9 8658 4 8765 18 8789 2 8891 18 8918 5 9019 17 9047 5 9148 15 9177 3 9277 12 9306 2 9406 10 9535 9 9658 1 9664 7 9679 2 9777 6 9785 3 9789 1 9793 6 9807 3 9904 8 9913 5 9922 4 9936 1 10029 7 10038 3 10044 2 10050 4 10157 6 10166 3 10171 3 10179 3 10300 1 10307 3 10428 1 10435 3 10563 3 10691 3 10819 3 10947 3 11075 3,7439 3 7550 1 7561 4 7568 3 7676 3 7687 8 7697 2 7767 1 7803 3 7815 8 7825 1 7895 2 7929 6 7945 6 8024 2 8056 7 8074 6 8185 6 8202 5 8314 5 8331 3 8443 1 8458 3 8570 1 8696 4 8708 3 8823 6 8952 6 9052 1 9080 7 9121 4 9180 2 9208 7 9248 5 9308 3 9337 5 9377 4 9435 4 9467 2 9566 1 9673 2 9801 2 9918 1 9928 3 10046 2 10056 3 10154 2 10174 3 10184 3 10278 6 10299 1 10301 4 10311 4 10396 1 10405 8 10427 1 10429 4 10439 5 10524 2 10534 5 10555 7 10567 6 10653 2 10682 7 10696 4 10782 1 10813 4 10825 1 10940 4
gap_64974333c0a471018f,,7241 2 7368 4 7495 5 7602 2 7623 6 7729 3 7751 4 7768 1 7857 2 7879 5 8006 7 8135 6 8241 4 8263 7 8369 4 8392 6 8496 5 8526 1 8624 5 8753 4 8883 2,,,4144 4 4174 5 4269 8 4301 7 4396 10 4413 7 4429 11 4525 9 4540 9 4557 14 4653 10 4667 11 4685 15 4780 12 4795 11 4813 17 4908 12 4922 11 4942 18 5036 11 5050 11 5076 13 5164 11 5178 9 5205 14 5282 6 5292 10 5307 7 5335 12 5409 9 5421 8 5435 6 5464 12 5537 9 5551 6 5563 6 5592 12 5665 9 5679 5 5692 4 5705 4 5721 11 5793 8 5807 4 5833 5 5850 10 5921 8 5936 3 5960 7 5982 6 6048 8 6088 7 6110 6 6175 9 6216 7 6236 7 6302 9 6344 7 6363 8 6430 8 6473 6 6491 8 6557 9 6601 5 6620 4 6685 9 6748 4 6813 9 6876 5 6941 8 7004 5 7069 8 7132 6 7197 8 7226 4 7259 7 7326 7 7354 4 7387 7 7454 6 7481 5 7513 8 7582 6 7609 5 7640 8 7710 6 7737 5 7769 3 7839 5 7866 3 7896 3 7968 3,,8893 4 9021 5 9148 8 9274 23 9397 30 9518 33 9553 1 9644 1 9646 36 9773 37 9901 37 10029 37 10157 37 10286 35 10414 35 10542 35 10671 33 10799 33 10927 33 11056 31 11184 22 11208 7 11313 8 11322 12 11336 6 11441 18 11461 9 11570 28 11698 27 11827 6 11835 11 11849 3 11955 6 11963 10 12085 3 12095 3 12224 2,6502 4 6630 5 6676 4 6757 7 6803 5 6885 7 6930 6 7013 7 7058 7 7140 8 7186 7 7247 3 7268 8 7314 8 7374 6 7396 8 7440 10 7502 7 7524 11 7568 11 7593 5 7629 9 7651 12 7695 13 7720 8 7756 12 7779 12 7823 13 7847 10 7884 12 7906 13 7951 14 7974 11 8013 11 8033 15 8079 15 8102 11 8141 11 8157 19 8207 15 8229 12 8270 10 8283 21 8335 16 8357 12 8398 34 8463 17 8485 11 8527 33 8591 33 8656 31 8719 32 8785 30 8847 31 8915 28 8975 30 9045 26 9103 30 9172 27 9231 28 9299 28 9359 28 9427 28 9487 29 9554 28 9615 29 9682 27 9743 30 9810 27 9872 29 9938 25 10000 29 10066 23 10129 28 10194 20 10258 28 10321 19 10388 26 10449 18 10519 23 10577 24 10648 23 10704 26 10774 25 10832 26 10900 27 10960 26 11028 28 11087 7 11095 19 11156 28 11215 7 11223 18 11284 29 11342 8 11351 18 11413 20 11434 7 11470 26 11542 19 11562 8 11598 25 11672 17 11691 7 11725 24 11802 16 11819 8 11853 22 11933 22 11975 3 11981 19 12063 21 12101 6 12109 4 12115 10 12193 12 12206 6 12215 4 12229 6 12242 8 12323 11 12337 2 12344 2 12359 1 12370 6 12454 9 12499 2 12585 6
gap_2f0702879e205c2c16,,6615 1 6617 3 6745 3,,,,8769 1 8896 3,,6457 7 6584 9 6595 6 6712 18 6752 4 6840 18 6879 7 6943 5 6968 17 7006 8 7065 1 7071 5 7096 17 7134 8 7192 2 7224 17 7261 10 7352 17 7389 10 7453 4 7480 17 7517 9 7578 9 7609 16 7646 7 7704 11 7737 16 7774 6 7831 13 7865 16 7901 8 7957 15 7994 2 8004 4 8028 10 8084 17 8134 1 8155 13 8211 17 8282 16 8338 18 8409 18 8466 17 8537 19 8593 18 8665 20 8721 16 8793 20 8850 14 8921 21 8978 12 9049 21 9106 11 9178 20 9235 10 9307 20 9364 9 9430 2 9441 14 9493 8 9515 4 9554 7 9571 12 9622 7 9641 7 9681 8 9700 11 9751 4 9768 8 9808 9 9828 10 9895 9 9936 9 9956 13 10023 9 10064 10 10085 12 10151 9 10192 10 10214 11 10279 9 10320 10 10342 11 10378 1 10407 9 10448 10 10469 12 10501 8 10536 7 10576 9 10593 16 10630 7 10665 6 10705 8 10719 17 10758 1 10760 5 10768 1 10794 4 10833 7 10844 20 10890 2 10894 4 10923 2 10962 5 10970 21 11022 5 11091 2 11097 22 11151 3 11183 5 11223 23 11309 9 11340 6 11350 23 11436 11 11465 34 11563 13 11592 32 11692 13 11719 31 11821 12 11846 30 11928 1 11950 11 11973 28 12056 4 12081 9 12101 25 12186 4 12211 6 12229 20 12315 3 12356 18 12445 1 12485 14 12613 10
gap_7a51006b7abac421c5,5783 4 5909 6 6035 12 6163 13 10674 1 10802 1 10929 1 11057 1 11184 2 11311 2 11438 3 11566 2,7329 1 8725 4 8731 2 8855 6 8985 5 8999 3 9116 2 9119 1 9128 2 9249 8 9382 2,3246 2 3262 2 3265 1 3374 3 3391 1 3503 3 3526 5 3653 6 3780 6 3797 3 3901 2 3909 5 3924 12 4027 4 4052 13 4155 3 4185 8 4280 6 4287 6 4315 4 4405 18 4446 4 4531 23 4658 26 4785 48 4912 51 5040 51 5168 52 5295 53 5423 52 5553 51 5682 53 5810 54 5939 54 6067 55 6197 54 6326 54 6455 55 6584 55 6712 55 6839 1 6841 55 6969 56 7097 56 7203 1 7229 52 7324 5 7330 2 7358 52 7452 10 7486 8 7499 40 7581 9 7615 1 7624 43 7708 12 7751 45 7835 14 7877 48 7958 20 8005 47 8085 22 8135 45 8212 24 8263 44 8341 23 8391 44 8469 23 8520 43 8598 22 8649 42 8729 2 8733 15 8779 38 8861 15 8909 38 8990 9 9002 1 9037 36 9120 8 9166 35 9294 37 9423 35 9552 30 9681 29 9810 25 9836 3 9938 26 9965 2 10067 29 10196 1 10198 26 10326 25 10355 2 10456 23 10483 2 10582 24 10710 23 10838 23 10968 21 11098 15 11227 9 11356 3 11360 4 11477 1 11483 8 11610 9 11736 10 11865 9 11994 13 12122 13 12252 11 12381 8 12392 1 12519 2,,6322 2 6449 4 6578 3 6705 6 6833 6 6961 8 7089 8 7219 7 7610 2,,3485 3 4974 2 5103 3 5232 3 5361 3 5490 2 5620 1 6686 1 6801 18 6929 18 7031 2 7062 14 7159 2 7196 7 7204 1 7288 1 7332 1 7590 1 8953 1 9081 1 9209 1 10938 1 11064 3 11188 1 11192 2 11319 3 11330 2 11447 4 11458 2 11571 1 11575 6 11586 3 11698 2 11702 8 11713 4 11825 3 11830 15 11951 4 11958 15 12077 4 12082 2 12085 16 12206 2 12210 7 12218 7 12227 2 12338 2 12342 3 12347 5 12475 4 12481 2 12603 3 12727 1 12731 3 12855 1 12859 4 12987 3 13114 4 13243 2 13270 5 13398 7 13527 6,3608 1 4237 1 4363 2 4491 2 4618 2 5892 1 6019 2 6147 2 7056 6 7183 13 7299 1 7311 13 7427 1 7439 13 7554 2 7568 13 7682 2 7696 12 7810 2 7824 11 7939 1 7952 6 8080 5 8209 3 8337 4 8467 2 8596 2 9082 1 9862 1 9989 3 10117 4 10235 2 10246 3 10374 4 10380 1 10491 2 10503 3 10619 3 10631 3 10748 1 10760 2 10889 2 11004 2 11132 2 11141 1 11147 1 11269 2 11398 2 11526 4 11634 2 11654 5 11761 2 11784 4 11888 3 11914 1 12015 3 12143 2 12180 1 12270 2 12309 4 12398 1 12438 5 12567 6 12697 5 13612 1
gap_14fafb50d6b7e32f9e,4555 6 4675 19 4801 23 4914 8 4929 25 5037 14 5058 25 5163 15 5187 25 5288 17 5317 24 5415 17 5450 20 5541 18 5580 19 5668 18 5709 19 5795 18 5837 20 5922 19 5966 20 6049 19 6094 20 6177 19 6222 21 6304 20 6350 21 6432 20 6478 22 6559 21 6606 22 6687 21 6734 23 6814 22 6861 24 6942 22 6989 24 7069 23 7117 25 7197 23 7246 24 7325 23 7374 25 7453 23 7502 25 7580 24 7631 24 7708 24 7760 23 7836 25 7888 23 7964 26 8017 23 8092 26 8146 22 8220 26 8275 21 8348 25 8402 22 8476 24 8530 22 8604 22 8649 3 8656 24 8732 20 8776 32 8860 19 8902 34 8989 18 9026 38 9117 17 9154 38 9245 17 9281 39 9373 17 9409 39 9501 16 9537 38 9630 16 9666 37 9758 19 9797 34 9886 19 9926 33 10014 20 10055 32 10142 20 10183 31 10270 21 10312 30 10398 22 10440 29 10526 22 10569 28 10654 24 10697 28 10783 25 10826 26 10911 26 10954 26 11039 26 11083 24 11168 25 11211 23 11297 23 11340 21 11426 21 11469 19 11557 18 11598 17 11686 15 11728 13 11815 13 11858 8 11944 11 11989 2 12074 8 12203 4,5434 3 5446 1 5560 7 5572 7 5687 9 5699 9 5814 10 5826 11 5941 25 6069 25 6197 25 6324 26 6452 26 6580 26 6708 25 6836 25 6965 23 7093 16 7111 5 7221 16 7240 5 7349 24 7477 24 7605 4 7614 16 7734 2 7744 15 7873 14 8002 13 8132 14 8261 13 8375 7 8391 11 8501 11 8524 6 8628 12 8757 11 8887 8 9136 1 9263 3 9390 4 9399 3 9518 4 9525 7 9652 8 9780 9 9907 10 10034 11 10162 11 10291 10 10420 9 10548 8 10678 5,,,9535 1,,4035 6 4151 4 4162 10 4277 7 4290 19 4403 9 4417 21 4527 25 4563 4 4653 15 4694 3 4778 9 4825 1 4905 6 5032 4 5160 2 5600 1 5729 1 5857 2 5986 2 6114 2 6243 2 6371 2 6500 2 6628 2 6757 2 6812 1 6885 2 6939 3 7014 1 7067 2 7142 1 7194 3 7271 1 7322 3 7450 2 7578 2 7706 2 7834 1 7962 1 8090 1 8681 1 8808 2 8936 2 9064 2 9192 2 9320 2 9448 2 9498 2 9575 3 9626 3 9703 3 9754 3 9831 3 9882 4 9959 2 10010 4 10047 7 10087 2 10138 4 10174 9 10267 3 10301 10 10395 3 10429 10 10524 2 10557 11 10652 1 10685 11 10813 11 10940 12 11068 12 11108 1 11165 1 11196 11 11234 3 11293 3 11325 10 11361 4 11421 4 11454 9 11488 4 11550 4 11581 11 11615 4 11678 4 11709 12 11742 4 11807 4 11835 15 11852 3 11869 5 11936 3 11960 6 11968 4 11976 11 11997 3 12083 3 12088 5 12097 3 12105 4 12111 7 12208 5 12216 4 12226 2 12235 2 12242 4 12331 9 12345 1 12354 2 12458 8 12482 2 12586 6,11154 2 11244 2 11282 4 11371 3 11410 5 11498 4 11540 3 11625 4 11669 3 11752 4 11797 4 11879 4 11926 3 12006 4 12094 1 12101 4 12132 4 12220 5 12228 7 12260 3 12342 3 12346 7 12356 13 12469 12 12484 13 12596 13 12612 13 12724 13 12741 11 12853 11 12869 7 12986 5
gap_af31d51c9eb4aef57b,3921 11 4050 12 4180 10 4316 3 4388 3 4514 5 4642 5 4769 5 4896 6 5023 7 5094 1 5150 7 5222 3 5278 7 5351 2 5405 8 5479 3 5532 8 5607 3 5660 7 5736 3 5788 6 5864 3 5915 6 5992 3 6043 6 6120 3 6171 5 6248 3 6299 5 6376 4 6426 5 6505 3 6554 5 6633 3 6682 5 6761 4 6810 4 6889 4 6938 4 7017 4 7066 4 7145 4 7194 4 7273 4 7322 4 7401 4 7450 4 7529 4 7578 3 7657 4 7706 4 7785 4 7834 3 7913 4 7962 4 8041 4 8090 4 8169 4 8218 4 8296 5 8346 4 8424 4 8474 5 8520 2 8552 4 8602 5 8648 4 8679 5 8731 5 8776 4 8807 5 8859 5 8890 1 8905 4 8934 6 8987 6 9017 2 9033 5 9061 6 9115 7 9145 2 9161 5 9188 7 9244 7 9273 1 9290 5 9315 8 9372 9 9400 2 9418 6 9442 8 9501 9 9527 3 9546 7 9568 10 9629 11 9654 4 9674 8 9694 11 9758 11 9780 6 9802 11 9818 15 9886 13 9905 8 9930 30 10015 26 10059 28 10144 24 10187 28 10273 22 10316 26 10403 19 10444 25 10532 17 10573 22 10662 12 10702 20 10831 18 10962 13 11093 7,4532 2 4660 2 5039 1 7495 2 7614 3 7622 4 7741 6 7751 4 7868 7 7879 5 7996 8 8007 5 8123 9 8136 4 8252 8 8380 7 8509 5,3775 6 3900 16 4026 21 4153 25 4281 35 4409 38 4536 41 4663 43 4791 44 4919 45 5046 47 5173 49 5300 51 5427 52 5555 52 5683 53 5811 53 5943 49 6073 47 6179 1 6203 45 6306 3 6332 44 6434 3 6461 44 6562 2 6590 43 6689 2 6719 42 6816 4 6849 40 6943 6 6978 39 7071 7 7106 39 7198 8 7236 37 7326 8 7366 35 7454 9 7497 32 7582 10 7626 31 7710 10 7755 30 7838 11 7884 29 7966 12 8012 29 8094 20 8140 28 8222 23 8268 28 8351 23 8396 28 8479 24 8525 26 8608 23 8653 26 8736 23 8781 25 8865 22 8910 24 8994 20 9038 23 9123 19 9167 21 9253 16 9296 19 9383 14 9425 16 9512 12 9554 14 9641 10 9683 10 9771 6,,5939 4 6067 6 6194 9 6322 10 6448 13 6574 16 6699 19 6823 21 6951 20 7079 20 7209 18 7235 1 7338 17 7364 2 7465 17 7494 1 7592 17 7720 16 7849 15 7978 4 7985 7 8114 6 8245 2 8374 1,,3002 3 3124 10 3147 3 3251 10 3274 5 3377 12 3397 2 3403 11 3504 8 3526 1 3535 9 3666 6 3752 4 3878 5 4005 5 4063 3 4132 5 4192 3 4321 2 5020 2 5097 2 5147 3 5225 3 5275 3 5353 3 5402 3 5482 2 5530 2 6380 2 6425 1 6508 2 6552 2 6636 3 6680 2 6765 2 6808 2 6893 1 7960 1 8088 2 8173 1 8216 2 8301 1 8344 2 8428 2 8473 1 8557 1 8685 1 8767 8 8893 11 9020 12 9148 13 9276 13 9404 13 9532 13 9660 13 9788 13 9917 11 10013 2 10046 9 10142 2 10174 8 10215 1 10270 3 10302 7 10342 2 10399 3 10428 9 10469 2 10528 3 10556 11 10596 3 10657 2 10684 12 10723 2 10814 10 10926 3 10944 4 11072 3 11089 1 11200 2 11328 2 11456 2 11584 2 11712 2,10806 6 10932 10 10950 7 11058 13 11076 10 11178 21 11203 12 11305 22 11331 14 11434 21 11459 17 11564 19 11587 19 11693 17 11716 17 11825 10 11845 12 11976 4
gap_e3291d1a7d6d1ed175,,7626 4 7744 2 7753 6 7871 5 7882 6 7998 7 8011 5 8126 7 8135 4 8142 2 8253 8 8263 5 8381 7 8391 6 8509 7 8519 6 8637 5 8648 5 8778 2,3642 4 3769 13 3896 18 4024 34 4153 37 4281 39 4410 41 4538 42 4667 43 4795 44 4924 44 5052 46 5181 46 5310 46 5439 46 5568 45 5697 45 5826 45 5954 45 6084 44 6213 9 6224 32 6341 44 6469 44 6597 44 6725 45 6854 44 6983 43 7111 44 7239 44 7367 44 7495 43 7624 2 7630 36 7759 35 7888 34 8016 34 8144 34 8272 34 8400 34 8528 34 8656 34 8785 33 8913 33 9041 33 9170 31 9298 31 9427 30 9555 29 9683 29 9812 27 9941 26 10069 25 10198 23 10327 21 10456 19 10585 16 10715 13 10845 9 10976 4,8738 11 8865 21 8993 23 9120 24 9248 25 9376 25 9504 16 9522 7 9632 16 9650 7 9760 16 9778 7 9889 23 10017 23 10145 22 10274 21 10403 19 10531 17 10660 15 10789 12 10918 9,4016 8 4143 10 4269 12 4397 13 4524 14 4651 16 4778 17 4897 3 4906 18 5023 7 5034 18 5150 8 5162 18 5277 10 5290 20 5404 12 5417 22 5531 36 5659 14 5675 20 5787 14 5807 17 5915 14 5937 15 6043 14 6066 15 6172 13 6194 16 6300 12 6322 16 6430 9 6450 16 6559 7 6578 16 6687 7 6706 11 6721 1 6815 7 6834 11 6943 7 6961 12 7071 7 7088 12 7199 7 7216 12 7328 6 7344 5 7352 4 7457 4 7472 5 7480 3 7599 11 7724 13 7850 15 7976 17 8103 19 8229 21 8356 12 8471 2 8484 9 8599 4 8612 8 8727 4 8855 4 8983 4 9112 2,,4633 3 4761 2 4888 2 5016 2 5144 1 7698 2 7826 2 7954 2 8082 1 8899 4 9025 8 9152 10 9279 12 9407 12 9534 14 9662 14 9750 2 9790 14 9839 1 9878 3 9919 13 9967 1 10007 2 10047 13 10094 1 10135 3 10175 12 10264 2 10303 12 10393 1 10431 11 10558 12 10685 13 10813 13 10944 10 11074 7 11203 1 11211 2 11232 2 11359 3,9550 1 9658 3 9678 1 9785 4 9806 1 9913 4 9934 1 10041 4 10062 2 10169 4 10189 3 10297 3 10317 3 10445 3 10573 3 10702 3 11069 2 11188 13 11216 4 11314 16 11333 7 11343 9 11439 19 11461 22 11564 22 11588 24 11691 23 11716 25 11819 23 11844 25 11947 23 11972 25 12075 23 12101 23 12204 21 12229 22 12334 18 12358 19 12465 12 12489 14 12624 3
gap_ee158c193a0cb4e8f5,,6464 5 6591 6 6718 8 6728 4 6846 15 6970 1 6975 15 7103 15 7233 2 7238 8 7366 8 7496 5,,,4546 4 4673 7 4791 5 4800 10 4915 10 4928 12 5042 12 5056 17 5079 2 5170 12 5185 28 5297 13 5313 30 5423 14 5442 29 5548 17 5570 29 5674 7 5683 9 5699 29 5801 7 5812 7 5827 31 5917 3 5927 8 5940 6 5955 15 5974 14 6042 10 6055 7 6069 4 6083 14 6104 13 6168 13 6182 8 6195 5 6216 5 6234 11 6296 33 6344 4 6363 11 6424 33 6472 3 6491 15 6552 34 6600 3 6619 16 6680 35 6747 17 6809 34 6875 18 6937 33 7002 19 7066 25 7093 5 7130 19 7195 23 7258 19 7324 22 7386 19 7452 15 7516 17 7580 13 7645 15 7708 12 7774 13 7837 11 7902 12 7965 11 8030 10 8094 9 8159 7 8223 8 8288 4 8353 5,,7361 2 7485 9 7611 12 7738 15 7865 17 7993 17 8120 19 8248 19 8376 19 8505 18 8633 18 8762 15 8891 13 9020 11 9146 12 9272 16 9400 17 9528 18 9657 17 9787 14 9916 10 10045 8 10175 4 10303 4 10432 2 10560 2 10688 2 10816 2 10944 2 11072 2,7471 5 7503 2 7598 7 7629 6 7725 9 7757 7 7852 10 7884 9 7979 11 8012 10 8107 12 8140 10 8215 3 8235 12 8268 10 8344 4 8363 12 8396 10 8473 5 8492 10 8524 10 8602 6 8620 10 8652 10 8731 8 8749 9 8780 10 8861 8 8878 7 8909 8 8990 8 9037 8 9119 8 9166 6 9249 7 9378 6 9508 4 9637 2 9646 4 9770 10 9807 8 9896 17 9933 11 10024 19 10055 18 10153 20 10181 20 10281 21 10308 21 10410 20 10436 20 10539 20 10563 21 10668 19 10691 20 10798 17 10819 19 10928 14 10947 17 11058 12 11075 15 11188 9 11204 10 11317 7 11333 7 11463 2
gap_df0b05f9b941fdd2a5,3788 13 3915 19 4006 4 4043 20 4133 5 4171 21 4260 5 4300 21 4387 6 4428 22 4514 6 4557 23 4641 7 4685 24 4768 7 4813 25 4895 8 4942 25 5022 9 5071 24 5150 9 5199 25 5278 8 5328 24 5405 9 5456 25 5533 9 5584 25 5661 9 5713 24 5789 9 5841 25 5917 9 5978 16 6044 11 6107 15 6172 11 6235 15 6300 13 6363 16 6427 14 6490 17 6556 14 6618 17 6684 15 6744 19 6812 16 6871 20 6940 17 6998 21 7068 18 7125 22 7195 20 7253 22 7324 21 7364 1 7379 24 7451 24 7491 4 7505 26 7579 26 7619 6 7631 28 7707 30 7746 41 7835 30 7874 41 7963 30 8002 41 8091 30 8130 41 8220 29 8258 41 8348 29 8387 40 8476 29 8515 40 8604 29 8645 37 8732 30 8774 36 8860 30 8904 34 8988 30 9033 33 9117 29 9162 32 9245 30 9290 31 9374 29 9418 31 9502 29 9546 30 9630 29 9674 30 9759 28 9802 29 9887 27 9930 29 10016 26 10058 28 10145 24 10186 28 10273 24 10315 26 10402 22 10443 25 10532 19 10572 23 10661 17 10701 21 10791 13 10830 19 10921 9 10959 17 11089 14 11220 8,3130 3 3258 3 3387 1 3895 8 4019 14 4141 21 4267 25 4394 28 4521 30 4649 30 4777 31 4904 32 5032 33 5160 33 5288 34 5416 34 5545 33 5673 33 5801 32 5929 15 5946 15 6057 16 6074 14 6186 29 6314 19 6335 7 6443 19 6471 7 6571 19 6598 10 6700 17 6725 12 6829 12 6853 13 6958 11 6981 14 7087 10 7110 13 7217 8 7238 13 7348 4 7367 11 7496 9 7626 5 7995 5 8122 7 8249 8 8377 9 8505 9 8633 8 8762 6 8891 3,5976 2 6104 3 6232 3 6355 8 6483 7 6611 7 6739 3 6743 1 6867 2,,,,3134 1 3261 7 3275 9 3394 5 3402 14 3523 4 3530 17 3670 7 3802 5 4638 2 4709 3 4765 2 4838 2 4893 2 4967 2 5021 1 5738 1 5787 2 5866 2 5914 3 5994 2 6042 2 6122 2 6170 2 7194 1 7275 1 7321 3 7403 2 7449 2 7531 2 7577 2 7659 2 8897 5 8987 1 9022 10 9115 2 9148 12 9243 2 9276 13 9321 1 9372 2 9404 13 9449 1 9500 2 9532 13 9576 2 9629 1 9660 13 9704 2 9757 1 9788 13 9832 1 9916 12 9960 1 10045 11 10174 9 10302 8 10429 8 10556 11 10684 11 10813 10 10943 7 11047 5 11072 3 11176 6 11200 3 11305 4 11328 3 11353 5 11456 3 11478 7 11584 3 11607 5 11712 3 11840 3,10935 5 11060 10 11077 8 11186 13 11204 11 11313 15 11331 14 11440 16 11459 15 11567 17 11587 16 11696 15 11716 15 11828 9 11845 14
gap_d5109553a48359545f,4426 12 4520 6 4554 15 4646 6 4683 16 4772 6 4812 17 4897 7 4940 20 5023 8 5069 22 5149 10 5198 24 5275 11 5326 25 5402 12 5455 25 5529 13 5583 26 5656 13 5711 27 5783 14 5840 27 5911 14 5968 27 6038 15 6096 28 6165 16 6224 29 6293 17 6353 29 6420 18 6481 30 6547 19 6609 31 6675 19 6736 32 6803 20 6864 33 6931 20 6992 33 7058 21 7120 33 7186 22 7248 34 7314 23 7375 35 7442 23 7503 35 7570 24 7630 36 7698 25 7757 37 7826 26 7884 38 7954 27 8010 41 8082 27 8136 43 8210 29 8262 45 8338 30 8390 45 8466 32 8518 45 8594 35 8645 46 8722 39 8773 46 8850 39 8902 45 8978 40 9030 44 9107 39 9158 44 9235 39 9287 43 9364 38 9416 42 9492 38 9545 40 9621 37 9673 40 9749 37 9802 39 9877 38 9930 39 10006 37 10058 38 10134 37 10186 38 10262 37 10314 37 10391 36 10442 37 10520 34 10571 35 10649 33 10699 35 10778 31 10827 34 10907 30 10955 34 11036 28 11084 32 11165 26 11212 31 11294 24 11341 29 11424 21 11470 27 11554 17 11599 25 11684 13 11729 21 11815 7 11859 17 11989 14 12120 7,4662 13 4781 24 4906 29 5033 31 5160 33 5287 35 5414 37 5542 40 5670 41 5797 42 5925 43 6054 42 6182 42 6310 42 6438 42 6566 42 6695 41 6823 41 6952 40 7080 39 7208 39 7337 27 7365 10 7466 25 7493 9 7595 24 7620 10 7723 23 7748 9 7852 22 7877 6 7981 20 8005 5 8110 18 8240 13 8369 10 8499 5 8638 1 8763 6 8890 7 9018 8 9146 8 9274 7 9402 7 9530 6,,,8642 2 8769 1 8897 1,,3633 6 3759 12 3791 9 3886 11 3918 12 4008 15 4046 13 4134 10 4177 12 4260 10 4309 10 4387 7 4440 8 4513 6 4570 6 4640 5 4700 4 4768 2 5481 3 5609 5 5653 3 5738 4 5780 3 5867 4 5907 4 5996 3 6035 3 6125 2 6162 3 6254 1 6290 3 6419 1 7410 2 7440 2 7538 2 7567 3 7666 3 7695 3 7794 3 7823 3 7922 3 7951 3 8051 1 8080 2 8208 1 9075 1 9202 2 9233 1 9330 2 9361 2 9458 2 9489 3 9538 5 9585 3 9617 3 9664 8 9713 2 9746 3 9791 10 9841 2 9874 3 9918 11 9969 2 10003 3 10046 11 10097 1 10132 2 10173 12 10301 12 10429 12 10557 12 10685 12 10813 11 10942 10 11070 9 11197 10 11324 12 11451 14 11498 2 11550 2 11577 4 11583 10 11624 3 11678 5 11705 2 11713 3 11751 3 11807 6 11877 5 11937 6 12004 4 12066 7 12131 4 12197 3 12258 1,11708 3 11829 11 11844 9 11955 14 11971 12 12081 32 12208 34 12335 37 12463 17 12482 18 12592 11 12613 15 12724 3 12743 12
gap_23c818f8c6cff2257b,6976 1 7103 2 7621 2 7748 5 7861 4 7876 6 7988 5 8005 6 8115 6 8133 7 8242 7 8261 9 8368 9 8390 9 8495 9 8518 9 8622 10 8647 8 8750 9 8777 5 8879 8 9007 7 9137 4,,,,,,7741 4 7869 5 7985 1 7996 7 8112 1 8124 7 8251 8 8379 8 8507 8 8635 8 8658 1 8763 8 8892 7 9020 7 9149 4 9159 1 9271 1 9279 2 9289 2 9407 2 9419 2,7517 5 7532 1 7645 7 7659 2 7773 4 7785 4 7912 5 7958 2 7970 3 8040 4 8086 3 8094 7 8167 5 8215 2 8222 7 8295 4 8343 1 8350 5 8422 4 8550 3 8597 3 8677 3 8726 3 8805 2 8855 3 8984 2 9283 1 9403 2 9410 4 9530 4 9538 4 9658 4 9666 5 9786 3 9795 3
gap_aef9032019a555e532,4139 1 4264 9 4390 16 4516 24 4642 26 4675 24 4769 26 4803 27 4895 25 4932 28 5022 19 5062 27 5149 18 5192 26 5276 17 5321 27 5403 17 5451 26 5530 17 5580 27 5657 18 5710 27 5784 18 5839 27 5911 19 5968 27 6039 19 6097 26 6166 20 6225 27 6294 20 6354 27 6422 19 6482 27 6549 20 6611 27 6677 20 6739 27 6805 20 6866 28 6932 21 6994 28 7060 22 7121 30 7188 22 7249 30 7316 22 7376 32 7443 24 7503 33 7571 24 7630 34 7699 25 7758 34 7827 25 7885 36 7955 26 8013 36 8083 27 8140 37 8211 28 8268 37 8339 29 8397 36 8467 30 8525 36 8595 31 8654 35 8723 33 8783 34 8852 36 8911 34 8980 37 9030 6 9039 33 9108 37 9158 42 9236 36 9286 42 9365 35 9414 42 9493 35 9542 42 9621 35 9671 41 9749 36 9800 39 9878 35 9928 39 10006 36 10057 38 10135 35 10185 37 10263 35 10313 37 10392 35 10441 37 10521 33 10569 36 10650 32 10698 35 10778 31 10826 34 10907 30 10954 34 11036 28 11083 32 11165 26 11211 31 11294 24 11340 29 11424 21 11469 27 11553 18 11597 26 11683 14 11727 23 11813 10 11856 21 11986 17 12116 13 12246 8,5050 10 5175 15 5300 19 5426 21 5551 25 5676 27 5803 28 5835 2 5930 29 5961 6 6058 28 6087 9 6186 39 6314 40 6441 41 6569 42 6697 42 6825 41 6953 41 7082 39 7210 39 7339 37 7467 36 7596 25 7622 8 7724 25 7750 7 7853 28 7982 27 8111 26 8240 26 8369 26 8498 6 8509 15 8628 3 8639 14 8768 14 8898 3 8906 5 9018 5 9036 3 9145 7 9272 8 9400 8 9528 8 9656 7 9785 5 9913 5,,,9026 1,,3636 2 3755 13 3882 22 3909 3 4009 33 4043 7 4144 12 4158 23 4275 8 4286 27 4415 8 4426 16 4557 7 4832 2 4961 5 5019 2 5090 5 5146 3 5219 4 5272 4 5348 4 5400 3 5478 3 5527 3 5608 1 5655 2 6638 2 6766 3 6894 3 6930 1 7022 3 7057 3 7151 2 7185 3 7279 2 7313 3 7408 1 7441 2 7569 2 7697 2 7825 1 8689 2 8721 2 8817 2 8849 2 8945 2 8977 3 9072 3 9106 2 9200 3 9234 2 9328 3 9362 3 9456 2 9491 2 9584 2 9619 2 9665 4 9748 1 9792 7 9919 9 10046 10 10173 11 10301 11 10429 11 10557 11 10685 11 10734 1 10813 11 10861 1 10941 10 10988 2 11033 2 11070 9 11115 3 11162 2 11198 8 11242 3 11291 3 11325 9 11370 2 11419 4 11452 11 11497 3 11548 4 11578 14 11624 3 11677 5 11705 15 11751 3 11807 5 11832 3 11840 3 11877 4 11936 6 11969 1 12004 4 12066 7 12097 1 12131 4 12195 8 12224 2 12257 5 12326 1 12328 2 12352 2 12384 4 12480 2 12635 1,11835 4 11956 12 11972 4 12081 15 12099 7 12208 16 12227 13 12335 17 12355 14 12463 16 12483 15 12591 16 12611 16 12722 13 12739 16 12859 2 12868 14 12997 5
gap_c6e7c0ccbc1ad33958,4430 5 4553 13 4678 17 4807 18 4936 19 5034 4 5066 19 5160 8 5197 17 5287 10 5327 16 5414 11 5455 17 5540 12 5583 18 5667 12 5712 18 5794 13 5840 19 5921 13 5968 20 6048 14 6096 20 6176 13 6224 21 6303 14 6352 21 6431 14 6480 22 6559 14 6608 22 6686 15 6736 23 6813 16 6864 23 6940 17 6991 24 7068 17 7119 25 7195 18 7247 25 7323 18 7374 27 7451 18 7502 27 7578 19 7630 27 7706 19 7758 27 7834 19 7887 27 7962 20 8017 25 8090 20 8146 24 8218 21 8273 25 8346 22 8400 26 8474 23 8527 27 8602 24 8655 27 8730 26 8782 1 8786 24 8858 27 8910 1 8915 23 8986 27 9029 7 9043 23 9114 26 9155 10 9171 23 9242 25 9282 12 9297 25 9370 24 9410 40 9498 23 9538 39 9627 23 9668 37 9755 23 9798 35 9883 23 9927 34 10011 23 10056 32 10139 23 10184 32 10267 24 10312 32 10396 24 10441 30 10524 25 10569 30 10652 27 10697 29 10781 27 10826 28 10910 26 10954 27 11039 25 11083 25 11168 23 11212 24 11297 22 11341 22 11426 20 11469 21 11556 17 11598 18 11685 16 11727 16 11814 14 11858 11 11943 11 11988 5 12078 2,5177 5 5303 8 5430 9 5557 10 5581 1 5684 11 5700 3 5708 3 5812 10 5825 8 5835 4 5939 11 5951 17 6067 29 6195 29 6324 28 6452 28 6582 26 6714 21 6830 5 6842 21 6958 6 6971 19 7086 7 7099 19 7214 7 7228 7 7241 5 7342 3 7348 1 7354 1 7357 4 7369 4 7470 2 7476 16 7604 18 7732 20 7860 26 7989 26 8117 27 8246 25 8375 23 8505 20 8635 17 8764 14 8892 10 8913 1 9020 8 9041 1 9268 5 9395 7 9523 8 9651 9 9779 9 9906 10 10034 10 10162 10 10291 9 10420 6 10549 4,,,,,3909 1 4034 10 4149 8 4162 18 4276 7 4290 22 4403 8 4414 10 4437 4 4523 1 4526 14 4566 4 4649 8 4661 5 4696 3 4775 8 4826 3 4902 3 4956 2 5029 3 5085 2 5156 3 5284 2 5537 2 5664 2 5791 3 5918 2 6117 1 6245 2 6374 1 6502 2 6630 3 6759 2 6887 3 7015 3 7144 2 7272 2 7401 1 7448 2 7576 2 7703 3 7831 3 7959 3 8087 3 8215 3 8343 2 8472 1 8939 1 9066 2 9194 2 9240 1 9322 2 9368 2 9450 2 9495 3 9577 3 9624 3 9705 3 9752 3 9795 1 9833 3 9880 3 9920 6 9961 3 10008 3 10047 8 10088 3 10136 3 10174 9 10216 3 10265 2 10301 11 10344 2 10393 2 10428 12 10472 2 10521 2 10556 12 10684 11 10812 11 10939 13 11067 13 11164 1 11196 11 11292 2 11324 11 11363 2 11420 3 11452 12 11490 3 11549 3 11580 13 11616 4 11677 4 11707 16 11743 5 11806 3 11831 1 11833 19 11870 5 11936 1 11958 7 11968 4 11975 6 11982 4 11997 5 12082 2 12087 6 12097 2 12104 4 12110 6 12124 4 12206 6 12216 4 12225 2 12234 1 12240 5 12252 2 12332 7 12344 2 12353 2 12372 1 12459 7 12481 2 12588 2 12609 1,12101 3 12220 4 12228 6 12342 2 12346 7 12355 13 12468 13 12483 14 12595 14 12611 14 12723 13 12740 12 12853 10 12869 6 12988 2
gap_07140920855425927b,,,,,,,,8030 4 8128 2 8158 4 8251 1 8255 4 8286 5 8378 2 8384 4 8414 5 8505 3 8512 5 8543 3 8632 4 8641 5 8759 4 8769 6 8803 4 8887 4 8898 5 8929 9 8983 2 9014 5 9027 5 9055 14 9109 6 9142 4 9155 6 9182 17 9234 11 9269 4 9284 5 9310 18 9360 14 9397 4 9413 5 9438 18 9487 16 9524 4 9542 5 9566 18 9614 17 9651 5 9671 5 9695 17 9741 18 9778 5 9799 6 9824 16 9869 18 9905 6 9928 7 9952 16 9997 18 10033 5 10057 8 10081 14 10126 16 10160 6 10185 10 10211 11 10254 15 10286 8 10314 11 10340 9 10383 13 10412 9 10442 12 10470 4 10511 11 10538 11 10571 11 10640 8 10664 12 10699 11 10792 12 10828 9 10855 5 10920 11 10956 9 10976 13 11024 2 11049 10 11085 7 11102 15 11151 10 11177 9 11214 5 11229 16 11279 11 11306 7 11343 1 11349 23 11408 14 11435 4 11475 24 11538 16 11602 24 11667 18 11728 24 11795 26 11855 23 11924 28 11980 25 12054 31 12107 23 12184 29 12235 21 12315 27 12364 16 12448 23 12493 9 12580 18 12623 5 12714 12 12845 6
gap_f96037135780825463,5696 4 5823 6 5950 8 6078 8 6206 8 6334 8 6462 8 6574 3 6590 7 6699 8 6719 6 6825 11 6847 5 6951 13 6975 5 6995 4 7077 16 7102 6 7121 7 7203 18 7230 6 7247 10 7328 21 7358 7 7373 14 7455 22 7486 7 7499 17 7582 23 7615 5 7627 19 7709 25 7743 5 7754 21 7836 27 7882 22 7964 28 8009 24 8091 30 8137 25 8218 32 8265 26 8345 34 8393 27 8473 35 8522 26 8600 36 8650 27 8728 36 8779 27 8856 35 8907 27 8983 36 9036 27 9111 35 9164 27 9239 35 9293 26 9368 33 9421 26 9496 33 9550 25 9624 32 9678 24 9753 31 9807 23 9881 31 9935 22 10010 29 10064 21 10139 27 10193 19 10267 26 10322 17 10395 26 10450 16 10524 24 10579 14 10653 22 10708 12 10782 20 10838 9 10911 18 10968 5 11041 15 11171 11 11301 6,7238 1 7350 2 7356 1 7366 2 7478 2 7483 3 7494 2 7606 2 7611 3 7622 2 7739 3 7868 2,,,,,6443 2 6570 2 6696 2 6999 3 7128 3 7258 3 7324 3 7388 1 7451 4 7578 4 7705 4 7832 4 7960 3 8088 2 8162 4 8216 1 8257 3 8291 4 8383 7 8420 5 8511 8 8548 6 8638 10 8677 5 8766 10 8806 5 8894 11 8935 3 9021 12 9108 2 9149 12 9235 3 9277 12 9363 4 9405 12 9491 4 9534 10 9620 3 9662 10 9749 2 9788 13 9913 2 9916 14 9959 2 10040 18 10086 4 10168 18 10213 5 10295 22 10318 1 10341 4 10423 26 10468 5 10519 3 10550 18 10569 9 10597 2 10647 3 10678 18 10697 10 10775 4 10807 6 10814 8 10826 10 10903 5 10936 5 10943 6 10953 13 11032 5 11065 5 11073 3 11083 4 11090 7 11162 2 11193 4 11202 2 11220 7 11330 1 11350 7 11479 6 11611 1,4662 2 4789 3 4916 5 4938 2 5044 5 5066 3 5172 5 5194 4 5300 5 5418 1 5539 9 5665 4 5670 5 5792 9 5852 2 5893 2 5920 7 5981 2 6021 2 6047 5 6111 1 6147 3 6175 3 6244 3 6275 4 6371 7 6403 4 6500 7 6531 3 6629 7 6653 3 6659 4 6758 7 6779 5 6786 5 6888 6 6906 6 6914 5 7017 5 7033 7 7042 6 7160 7 7171 6 7288 6 7300 5 7416 6 7429 4 7544 5 7554 1 7559 1 7671 7 7682 1 7799 8 7926 10 8054 10 8067 2 8182 10 8310 10 8322 1 8438 9 8450 2 8566 10 8578 2 8694 10 8706 4 8823 9 8835 4 8951 9 8964 4 9079 8 9092 5 9206 7 9218 7 9333 7 9346 7 9460 8 9474 7 9587 13 9602 7 9714 6 9724 4 9730 8 9842 6 9852 4 9858 8 9969 2 9973 2 9980 4 9986 8 10097 1 10100 2 10108 4 10114 9 10225 5 10236 4 10243 8 10352 5 10364 4 10371 9 10480 5 10492 4 10501 7 10607 6 10620 4 10630 6 10735 5 10747 5 10759 6 10862 6 10874 6 10889 5 10951 2 10989 7 11002 5 11017 5 11078 4 11116 7 11129 5 11139 1 11147 4 11197 2 11206 5 11243 8 11257 5 11276 4 11320 8 11333 7 11368 5 11375 3 11384 6 11405 4 11448 8 11461 11 11494 5 11500 5 11511 8 11534 4 11574 11 11589 11 11622 4 11627 5 11638 10 11651 4 11663 4 11702 11 11717 11 11750 8 11765 10 11792 4 11830 10 11845 11 11878 6 11892 8 11911 6 11921 4 11959 1 11978 6 12005 5 12020 7 12039 7 12050 5 12108 3 12133 4 12147 8 12168 7 12180 4 12236 3 12261 3 12276 5 12297 7 12308 6 12366 2 12390 1 12428 5 12435 8 12559 14 12691 11 12822 8 12954 3
gap_350b99f73cfe4df065,,,,,,,7487 6 7614 8 7742 9 7869 10 7997 11 8125 11 8246 5 8252 10 8263 3 8270 2 8371 24 8398 3 8499 4 8508 15 8528 1 8636 15 8763 15 8891 15 9020 12 9149 10 9279 7 9408 6 9537 4 9665 4 9794 2 9922 2,6799 2 6928 1 6932 4 7058 1 7060 4 7087 2 7184 9 7213 4 7312 10 7340 5 7379 3 7406 4 7442 9 7468 4 7507 5 7532 8 7569 11 7595 5 7636 4 7659 9 7697 12 7724 4 7764 5 7786 11 7825 12 7852 3 7892 5 7912 13 7952 14 8021 4 8033 2 8040 13 8080 15 8150 2 8160 3 8167 15 8208 15 8287 4 8295 15 8336 15 8356 1 8358 1 8415 4 8422 16 8464 15 8483 5 8542 5 8550 16 8593 15 8610 5 8670 25 8721 22 8798 24 8850 21 8926 24 8979 20 9054 24 9108 19 9182 23 9239 16 9289 2 9316 16 9372 7 9380 3 9402 4 9415 5 9446 3 9452 5 9529 6 9542 6 9657 7 9670 6 9785 7 9797 7 9914 6 9926 5 9962 2 10010 3 10043 5 10054 5 10087 7 10138 4 10171 5 10183 2 10214 7 10266 5 10341 7 10394 5 10469 6 10523 4 10596 5 10652 4 10724 3 10782 3 10911 2
gap_bf7399ac620e1ee83d,,8264 1,,,,,8511 5 8637 9 8764 11 8892 11 9021 11 9149 11 9277 11 9403 13 9522 6 9530 14 9651 22 9780 22 9909 16 9928 6 10048 3 10057 1 10177 2,6776 3 6903 4 7031 4 7160 3 7344 2 7470 4 7597 5 7635 2 7665 1 7724 5 7763 3 7790 6 7852 4 7892 3 7917 8 7979 4 8020 4 8042 12 8081 7 8106 4 8149 4 8169 2 8173 9 8208 9 8234 3 8278 4 8296 2 8300 10 8336 10 8362 2 8406 4 8419 2 8423 14 8463 11 8490 1 8535 4 8547 2 8551 14 8591 12 8617 1 8664 4 8675 2 8679 14 8718 13 8734 2 8792 5 8807 14 8846 14 8862 3 8921 4 8935 14 8973 15 8990 4 9050 4 9057 1 9064 12 9101 15 9118 4 9179 4 9184 3 9192 12 9230 20 9307 8 9321 10 9358 21 9436 6 9449 8 9487 20 9565 4 9578 6 9616 19 9708 3 9746 17 9878 5 9887 3 10094 4 10168 6 10181 5 10220 7 10295 8 10308 7 10347 7 10422 10 10435 9 10474 6 10515 4 10550 10 10563 8 10602 5 10642 6 10679 9 10692 7 10730 2 10771 6 10808 7 10821 5 10899 6 10937 5 11029 5 11159 2
gap_a71d591740824199cc,3865 5 3990 7 4046 11 4115 9 4171 18 4240 10 4297 23 4367 10 4424 26 4493 11 4551 29 4620 11 4679 31 4747 11 4807 33 4875 10 4936 35 5002 10 5064 36 5129 11 5193 37 5257 10 5321 38 5385 10 5449 40 5512 11 5577 41 5640 11 5705 41 5768 11 5833 42 5895 12 5962 13 5985 19 6023 12 6089 12 6116 16 6151 12 6218 9 6246 15 6279 12 6345 8 6376 13 6406 13 6473 7 6506 12 6534 13 6602 5 6635 11 6662 13 6730 4 6765 9 6790 14 6858 3 6894 8 6918 14 7023 8 7046 14 7152 7 7174 14 7281 6 7302 15 7409 6 7431 14 7538 6 7559 14 7667 5 7687 15 7795 5 7815 15 7924 4 7943 16 8052 4 8071 17 8180 3 8199 19 8308 3 8327 20 8437 2 8455 22 8565 2 8584 22 8693 2 8712 24 8821 2 8840 25 8949 1 8968 27 9096 29 9225 34 9353 34 9414 3 9482 34 9542 4 9610 34 9671 5 9738 34 9799 5 9866 34 9928 5 9995 34 10056 5 10123 35 10185 5 10252 34 10313 5 10380 35 10441 6 10509 36 10569 7 10638 37 10698 6 10767 37 10826 7 10895 37 10954 8 11024 36 11083 8 11153 35 11211 9 11282 33 11340 8 11411 31 11468 10 11540 30 11597 10 11669 28 11725 11 11799 24 11854 12 11928 22 11984 12 12058 5 12065 11 12114 12 12195 2 12243 12 12374 9 12506 1 12508 1,3629 3 3757 3 3885 3 3909 3 4008 8 4032 1 4037 4 4133 16 4165 4 4260 19 4386 23 4510 29 4636 32 4763 35 4888 38 5015 40 5142 42 5269 44 5398 43 5526 44 5653 46 5780 47 5908 47 6036 47 6164 46 6292 42 6420 43 6549 43 6677 43 6806 41 6848 2 6934 40 6978 1 7063 40 7106 2 7191 40 7319 37 7448 30 7479 5 7577 28 7611 3 7705 27 7740 1 7833 27 7962 26 8090 26 8219 22 8250 1 8349 19 8378 1 8478 18 8607 17 8737 14 8868 9 8998 5 9139 3 9266 4 9392 6 9519 3 9523 4 9646 9 9773 10 9901 10 10030 9 10158 8 10287 7 10416 5 10546 1,8042 1 8170 1 8298 2 9191 4 9317 6 9444 7 9570 9 9697 10 9823 12 9951 13 10073 19 10200 20 10329 19 10458 1 10460 16 10588 15 10716 14 10844 13 10971 14 11101 1 11103 5 11109 4 11235 4,,6363 4 6485 12 6612 13 6739 14 6867 17 6994 20 7122 19 7249 20 7377 22 7505 22 7633 24 7760 25 7886 29 8015 27 8143 27 8272 26 8400 26 8528 25 8657 24 8784 25 8911 26 9039 26 9168 23 9297 20 9426 18 9557 13 9685 10 9813 1 9815 2 9818 1 9822 1 9941 1 9944 1 9949 2 10072 1,,2989 4 3101 5 3115 7 3226 7 3239 11 3253 3 3352 8 3363 3 3368 1 3373 5 3380 5 3392 2 3478 7 3502 4 3508 5 3515 8 3533 4 3605 6 3632 1 3636 11 3649 2 3661 4 3669 5 3732 6 3765 10 3777 2 3790 3 3800 2 3859 5 3895 4 3900 6 3986 2 4030 2 4063 3 4192 4 4321 4 4451 5 4490 2 4581 4 4617 3 4711 4 4744 3 4841 3 4872 3 4999 3 5127 2 5490 1 5618 3 5747 3 5875 3 5893 1 6004 3 6020 3 6133 2 6148 3 6262 1 6276 3 6404 2 6532 2 7160 2 7288 2 7416 2 7429 1 7544 3 7556 3 7672 3 7684 3 7800 3 7812 3 7929 1 7940 3 8068 3 8197 1 8824 1 8951 2 9079 2 9207 3 9223 1 9335 3 9350 3 9464 1 9478 4 9606 4 9662 3 9734 4 9789 6 9863 3 9916 8 9991 3 10043 10 10121 1 10170 11 10298 12 10425 13 10553 13 10681 13 10809 13 10869 1 10936 14 10996 2 11065 13 11123 2 11193 13 11251 2 11322 11 11378 3 11450 11 11506 2 11577 2 11580 6 11587 1 11634 1 11704 10 11715 1 11831 13 11959 14 12086 16 12180 1 12214 17 12309 3 12339 1 12342 2 12348 15 12438 5 12467 4 12477 3 12481 11 12567 6 12595 3 12599 2 12606 1 12609 12 12696 8 12719 1 12722 7 12731 1 12734 1 12736 12 12825 9 12847 2 12850 3 12855 2 12859 1 12862 14 12956 5 12976 2 12982 1 12986 2 12989 15 13006 2 13115 1 13117 14 13132 4 13139 2 13242 2 13245 14 13260 4 13267 3 13373 3 13378 9 13396 8 13506 6 13516 1 13527 7 13634 4 13658 3 13763 2,10494 1 10622 1 10750 1 10883 1 11011 1 11269 3 11389 2 11396 4 11516 1 11518 1 11525 4 11653 5 11782 4 11912 2 12172 2 12601 2 12729 2 12857 2 12983 3 13102 5 13110 5 13230 12 13359 12 13489 9 13512 4 13621 2 13638 8 13661 1 13768 6 13897 4
gap_7cb0ae1c16cbfb099f,3679 1 3807 3 3936 3 4064 4 4194 4 4323 3 4452 3 4581 3 4709 3 4838 3 4967 2 5096 1 5481 1 5609 2 5737 2 5865 2 5994 2 6122 2 6250 2 6378 3 6506 3 6634 3 6762 3 6890 3 7018 3 7146 3 7274 3 7402 3 7530 3 7658 3 7786 3 7873 1 7913 4 8001 3 8041 4 8129 4 8169 4 8257 6 8297 4 8386 6 8424 4 8515 6 8552 4 8644 6 8679 5 8773 5 8807 5 8902 4 8934 6 9030 4 9062 5 9159 3 9189 6 9287 3 9316 7 9416 2 9443 7 9544 2 9569 8 9672 2 9696 9 9749 1 9801 1 9822 10 9928 2 9948 11 10056 3 10075 12 10135 1 10184 4 10201 13 10263 3 10312 5 10327 14 10391 4 10441 5 10452 17 10520 3 10569 27 10649 3 10697 26 10778 3 10826 24 10907 4 10954 23 11037 3 11083 20 11166 3 11212 18 11295 4 11341 16 11425 2 11471 13 11603 7,7110 1 7235 6 7362 8 7490 8 7619 8 7747 7 7877 4 8123 4 8250 6 8377 8 8504 10 8632 10 8760 10 8889 9 9017 8 9146 7 9275 4,2896 1 3000 27 3123 32 3249 34 3375 39 3502 44 3629 47 3757 48 3885 50 4014 50 4143 51 4272 50 4400 51 4529 51 4657 52 4785 53 4914 53 5042 53 5170 54 5298 54 5426 54 5554 55 5683 54 5812 53 5940 54 6069 53 6197 53 6326 52 6455 51 6584 50 6713 49 6843 47 6978 40 7106 4 7111 35 7234 1 7241 33 7370 32 7445 2 7498 32 7572 5 7627 31 7700 7 7754 31 7827 9 7881 32 7955 10 8009 32 8083 11 8138 31 8211 12 8267 29 8339 13 8395 29 8467 15 8523 28 8596 17 8652 27 8724 20 8780 26 8852 23 8909 24 8981 25 9038 23 9109 27 9166 22 9237 27 9294 21 9366 26 9423 19 9494 26 9551 17 9623 24 9680 15 9751 23 9809 12 9880 21 9937 10 10008 20 10066 8 10137 18 10194 6 10267 15 10396 12 10526 9,,3880 5 4007 7 4134 9 4261 11 4388 12 4516 13 4643 14 4771 14 4898 16 5026 16 5153 17 5281 17 5408 18 5536 18 5664 19 5792 19 5920 19 6048 14 6063 4 6176 13 6191 3 6304 13 6319 3 6431 14 6447 4 6559 13 6575 4 6687 12 6703 4 6815 11 6831 5 6943 10 6959 6 7071 9 7086 10 7199 9 7214 11 7327 8 7343 11 7455 8 7471 11 7584 7 7599 11 7713 8 7727 10 7842 10 7854 9 7971 19 8101 16 8230 15 8359 13 8488 11 8619 6 8749 2 8876 3 9006 1 11171 2,,2385 5 2473 2 2512 7 2599 4 2639 9 2724 7 2768 10 2850 8 2897 10 2977 7 3027 7 3035 5 3104 7 3157 3 3165 5 3231 7 3294 5 3360 4 3423 6 3482 3 3552 6 3608 4 3681 6 3734 5 3810 5 3861 6 3939 5 3988 7 4069 3 4116 6 4198 3 4243 5 4327 2 4371 4 4455 3 4498 4 4584 2 4626 4 4754 2 6030 1 6125 1 6157 2 6253 2 6285 2 6381 2 6412 3 6509 3 6540 3 6637 3 6668 3 6765 3 6796 3 6893 3 6924 3 7021 3 7052 2 7149 3 7181 1 7277 3 7309 1 7406 2 7534 1 7662 1 9323 2 9361 2 9450 2 9489 2 9533 6 9577 3 9617 3 9659 10 9705 3 9746 2 9786 12 9832 3 9874 3 9913 13 9960 3 10003 2 10041 13 10087 3 10132 2 10169 13 10215 2 10260 2 10297 13 10342 2 10389 1 10425 13 10470 1 10518 1 10553 13 10681 14 10808 15 10935 16 11063 16 11191 15 11318 16 11444 22 11571 8 11580 12 11698 3 11703 3 11710 4 11718 1 11809 5 11832 1 11838 4 11862 6 11938 7 11967 2 11988 8 12067 8 12095 2 12117 5 12196 6 12223 2 12351 2 12478 3 12607 2,11833 3 11843 14 11951 14 11970 16 12077 17 12098 17 12204 17 12226 18 12331 18 12354 18 12459 18 12483 17 12588 14 12617 10 12718 7
gap_ef46ae94fc874b2c89,4944 10 5039 5 5069 16 5163 12 5194 20 5289 15 5318 25 5415 18 5444 28 5542 19 5572 29 5669 18 5701 29 5795 17 5831 28 5923 16 5961 27 6050 16 6090 26 6177 17 6220 25 6304 18 6349 24 6432 18 6477 25 6559 19 6606 24 6687 18 6734 25 6815 18 6862 25 6942 19 6990 25 7070 19 7119 25 7197 20 7247 25 7325 20 7375 25 7453 20 7504 24 7580 21 7634 23 7708 22 7765 20 7836 22 7893 20 7964 22 8021 20 8092 22 8150 19 8220 22 8278 19 8348 23 8407 18 8476 23 8535 18 8604 24 8663 18 8732 24 8790 19 8860 21 8909 3 8918 19 8988 20 9036 4 9045 20 9117 18 9164 5 9172 21 9245 18 9270 1 9290 7 9299 22 9373 18 9397 3 9417 32 9501 18 9525 3 9544 33 9630 18 9654 1 9672 33 9758 19 9780 2 9801 31 9886 24 9930 30 10014 24 10059 29 10143 23 10188 28 10271 23 10316 27 10400 23 10444 27 10529 22 10573 25 10657 23 10701 25 10786 23 10829 24 10915 23 10957 24 11043 24 11084 24 11172 23 11213 22 11301 22 11341 22 11430 20 11470 20 11560 17 11598 19 11689 15 11727 16 11818 13 11857 13 11948 9 11987 10 12118 4,5941 6 6068 8 6195 10 6208 7 6323 11 6335 9 6450 22 6578 23 6706 23 6835 22 6963 22 7091 26 7219 11 7231 15 7347 11 7360 5 7367 7 7475 16 7496 6 7603 17 7624 6 7731 19 7752 9 7859 7 7869 21 7988 5 7998 12 8013 5 8117 3 8127 20 8256 21 8377 1 8385 21 8503 5 8515 19 8631 8 8645 17 8759 10 8777 6 8784 6 8887 10 8913 4 9009 3 9015 10 9042 2 9136 5 9145 7 9263 6 9391 6 9519 6 9648 4 9657 4 9777 2 9784 7 9911 8 10038 10 10166 10 10294 10 10423 9 10551 8 10680 6 10809 4,,,9152 1 9410 3 9537 4 9666 3 9795 1,,4536 2 4562 4 4663 16 4682 15 4783 43 4907 37 5035 2 5045 7 5053 16 5189 4 6175 1 6302 2 6429 3 6557 2 6684 3 6812 3 6888 1 6940 2 7016 1 7068 2 7144 2 7196 1 7272 2 7401 1 7529 2 7657 2 7785 2 7913 2 8041 2 8169 2 8297 2 8425 2 8554 1 8682 1 8730 2 8858 2 8986 2 9114 3 9242 3 9371 2 9499 2 9628 2 9706 1 9756 1 9833 2 9961 2 10054 4 10088 2 10179 8 10216 2 10306 10 10343 3 10433 11 10471 3 10561 11 10598 3 10688 12 10726 3 10816 12 10854 2 10944 11 10981 2 11041 1 11072 9 11109 2 11170 2 11200 9 11237 1 11298 3 11329 8 11427 3 11457 8 11556 4 11584 10 11685 4 11711 12 11814 4 11836 17 11943 5 11964 4 11971 4 11978 6 12072 6 12092 2 12100 2 12107 11 12202 9 12228 2 12237 16 12356 1 12370 9 12484 1 12612 2 12740 1,9585 2 9712 3 9840 3 9967 4 10094 4 10221 3 10262 1 10349 2 10389 3 10476 2 10518 3 10603 2 10646 3 10775 3 10904 2 12094 4 12103 4 12217 10 12230 7 12343 12 12357 10 12470 13 12485 11 12598 13 12614 11 12726 12 12743 10 12856 9 12871 7 12989 2 13001 3
gap_d2af3e21b114053643,,8007 4 8128 1 8135 5 8252 6 8263 6 8379 8 8391 6 8506 9 8519 6 8634 10 8648 5 8762 9 8889 9 9018 7 9147 4,3389 11 3515 15 3643 17 3770 18 3898 19 4023 22 4150 23 4176 4 4278 23 4303 6 4406 23 4431 7 4534 23 4559 8 4662 22 4686 10 4790 22 4814 10 4917 22 4942 11 5045 22 5070 11 5173 22 5196 14 5301 38 5429 39 5557 40 5685 45 5813 48 5942 48 6070 49 6198 49 6327 49 6456 16 6474 31 6586 12 6602 31 6715 11 6729 32 6845 45 6977 42 7105 43 7234 42 7362 43 7491 42 7619 42 7749 41 7879 39 8011 35 8140 34 8269 34 8397 34 8471 4 8525 34 8599 4 8653 34 8727 5 8782 33 8855 6 8910 33 8983 7 9038 33 9112 7 9167 31 9240 8 9296 30 9368 9 9425 28 9497 9 9554 27 9625 9 9684 24 9753 11 9813 21 9882 11 9942 19 10010 12 10071 15 10139 13 10201 12 10268 13 10332 6 10397 13 10413 1 10526 17 10656 15 10785 14 10915 12 11045 9 11175 4,9905 1 10031 4 10159 4 10286 5 10414 5 10543 3 10671 3 10799 2 10927 1,4139 4 4266 6 4393 8 4441 2 4519 10 4568 3 4645 12 4697 2 4771 13 4898 13 5025 14 5154 13 5282 13 5410 13 5538 14 5665 15 5793 15 5920 17 5990 3 6048 17 6119 2 6175 18 6247 2 6303 18 6431 18 6559 18 6686 19 6814 18 6942 18 7071 17 7199 17 7327 18 7455 18 7583 19 7711 19 7838 21 7966 22 8094 22 8222 23 8351 22 8479 22 8607 22 8736 20 8865 19 8994 18 9123 16 9252 15 9381 14 9511 11 9640 9 9770 5 9904 1,,4837 2 4965 2 5277 1 5404 2 5531 2 5658 2 5785 3 5913 2 6041 2 6169 1 6509 1 6637 2 6765 2 6894 1 6933 2 7061 2 7189 1 7317 1 9282 5 9406 11 9533 12 9583 1 9660 13 9710 2 9750 1 9788 13 9838 2 9878 1 9917 12 9965 2 10006 2 10045 11 10093 1 10135 1 10173 11 10263 2 10300 12 10392 1 10428 12 10556 12 10683 13 10810 16 10937 18 11065 19 11195 3 11200 8 11209 3 11329 2 11458 1 11611 3 11688 5 11736 4 11817 4 11969 2 12096 3 12225 2,11322 4 11338 1 11445 11 11461 11 11571 13 11588 13 11698 15 11716 14 11825 15 11844 16 11952 16 11972 18 12079 16 12101 18 12206 17 12229 18 12334 15 12359 15 12462 8 12471 1 12495 5
gap_fda66bb629dd260e7b,4808 8 4931 16 5041 12 5059 19 5167 14 5187 21 5292 17 5316 21 5418 19 5445 22 5545 19 5575 21 5672 20 5705 20 5799 21 5834 20 5926 21 5963 20 6053 22 6092 20 6180 23 6220 20 6307 23 6348 21 6435 23 6476 22 6562 23 6604 22 6689 24 6732 23 6817 24 6861 22 6945 24 6989 23 7072 24 7117 23 7200 24 7245 23 7327 25 7373 24 7455 25 7501 24 7583 25 7629 24 7710 26 7757 25 7838 26 7886 24 7966 25 8015 23 8094 23 8143 23 8222 22 8271 23 8349 22 8388 4 8399 23 8477 22 8511 10 8522 3 8527 23 8605 21 8639 15 8655 23 8733 20 8766 5 8772 34 8861 20 8895 2 8898 36 8989 20 9026 36 9117 20 9154 36 9245 21 9282 36 9373 22 9410 36 9502 21 9539 34 9630 21 9669 32 9758 21 9798 31 9886 21 9927 30 10014 21 10056 29 10143 21 10184 28 10271 21 10312 28 10400 21 10441 26 10528 23 10569 26 10657 24 10698 25 10785 24 10826 24 10913 24 10955 22 11042 23 11083 21 11170 23 11212 19 11299 21 11342 16 11428 19 11471 13 11557 17 11601 9 11686 15 11731 5 11816 12 11945 9 12076 4,5700 4 5826 8 5953 10 6080 12 6208 12 6335 13 6463 13 6590 14 6715 17 6842 18 6969 19 7097 19 7225 6 7237 8 7352 7 7367 6 7480 7 7495 6 7608 7 7622 7 7737 6 7751 6 7865 6 7878 7 7992 8 8005 9 8118 9 8137 5 8246 9 8265 2 8268 2 8373 9 8500 10 8628 9 8755 10 8883 9 9010 8 9138 7 9268 5 9397 7 9524 9 9652 10 9779 11 9907 11 10035 11 10164 10 10292 9 10421 7 10551 3,,,8893 2 8897 1 9021 5 9149 5 9277 5 9407 3,,4408 5 4418 4 4533 8 4546 7 4554 5 4659 10 4673 7 4685 4 4784 13 4817 1 4910 11 5037 4 5165 1 5339 1 5467 2 5596 3 5725 3 5854 3 5983 3 6112 2 6240 3 6305 1 6369 2 6432 2 6498 2 6560 2 6626 2 6687 2 6755 1 6815 2 6884 1 6942 2 7070 2 7197 3 7325 2 7453 2 7581 1 7709 1 8423 1 8551 1 8678 2 8806 3 8934 2 9062 2 9190 2 9243 2 9318 2 9371 2 9446 2 9499 3 9573 3 9627 3 9702 1 9755 3 9793 4 9830 1 9883 3 9920 7 10011 3 10047 8 10140 2 10174 9 10268 2 10302 10 10397 1 10429 11 10557 11 10685 11 10813 11 10941 11 10977 3 11069 10 11104 3 11198 9 11231 4 11295 4 11326 9 11358 4 11424 4 11454 10 11485 5 11552 4 11582 11 11613 4 11681 4 11708 10 11719 4 11727 3 11740 3 11810 3 11836 3 11841 4 11848 12 11939 2 11963 2 11970 2 11978 3 11983 7 12081 3 12090 1 12099 1 12115 3 12202 9 12227 1 12329 9 12355 2 12458 6 12483 2 12611 2,10770 2 10897 5 10986 3 11026 5 11113 5 11154 5 11241 5 11283 5 11368 5 11414 2 11495 3 11543 2 11622 2 11672 2 11750 2 11801 3 11877 2 11930 3 11965 3 11973 5 12003 3 12059 3 12091 7 12101 9 12129 4 12214 12 12228 12 12257 2 12341 13 12357 11 12469 13 12485 11 12597 13 12614 10 12725 12 12742 7 12856 8 12872 2
gap_a43484ebaab93fe9c3,,5289 8 5416 10 5461 1 5464 3 5544 11 5588 8 5672 11 5715 9 5802 10 5843 8 5933 7 5970 8 6062 4 6098 6 6226 6 6355 3,,,5708 1 5837 1 5965 1 7862 3 7990 6 8119 7 8136 2 8248 18 8376 21 8504 22 8631 23 8758 9 8768 4 8775 7 8886 5 8896 4 8904 6 9015 2 9024 5 9033 4 9152 6 9162 3 9279 7 9407 7 9535 8 9662 9 9788 11 9915 12 10042 13 10170 13 10297 13 10425 11 10553 8 10681 7 10809 6 10938 4,5566 12 5691 17 5817 20 5945 20 6072 22 6199 23 6327 23 6455 24 6582 25 6711 24 6839 24 6967 23 7095 23 7223 23 7352 22 7481 20 7609 20 7738 18 7866 17 7996 14 8126 10,11836 8 11963 10 12091 10 12220 1 12227 1,5406 7 5533 9 5660 11 5728 4 5788 14 5854 8 5916 16 5981 10 6044 16 6107 12 6173 16 6233 15 6312 11 6360 16 6440 12 6488 16 6562 18 6614 17 6688 20 6736 22 6814 21 6864 13 6878 2 6941 22 6993 16 7052 4 7057 3 7068 22 7121 18 7179 5 7185 3 7195 23 7250 18 7282 3 7307 4 7313 3 7323 22 7378 20 7406 8 7435 4 7440 5 7450 23 7506 21 7533 10 7563 4 7569 6 7578 22 7635 20 7660 11 7691 4 7699 4 7706 22 7763 21 7788 11 7820 3 7827 5 7834 22 7891 22 7915 13 7948 3 7956 27 8019 37 8076 4 8084 27 8147 37 8204 3 8212 27 8275 37 8333 1 8340 27 8403 37 8461 1 8467 28 8531 36 8586 5 8595 28 8659 28 8690 5 8713 18 8735 16 8788 27 8818 6 8840 17 8863 16 8916 27 8946 6 8968 16 8992 15 9044 27 9074 7 9095 16 9121 14 9172 18 9192 7 9202 7 9223 14 9250 13 9299 17 9320 8 9330 7 9350 16 9379 12 9427 16 9448 18 9478 19 9509 10 9555 14 9578 16 9606 22 9638 9 9683 13 9706 16 9734 23 9769 6 9810 12 9834 16 9862 24 9900 3 9938 10 9965 13 9991 29 10066 7 10093 13 10120 30 10194 4 10220 14 10249 31 10334 28 10379 32 10458 31 10510 31 10584 33 10640 31 10709 34 10770 30 10835 35 10901 29 10961 35 11033 26 11088 33 11165 23 11215 32 11297 19 11342 30 11428 17 11469 27 11559 15 11596 21 11689 14 11722 16 11819 12 11850 12 11949 10 11978 9 12080 7 12106 6 12211 4 12235 1
gap_4648b8dcac306de7ff,,6440 2 6567 4 6695 4 6823 4 6952 2 7256 3 7341 2 7383 4 7511 4,,,9787 6 9914 8 10042 8 10170 8 10298 8 10427 6 10555 5 10684 3,8122 7 8247 12 8374 14 8501 16 8629 16 8758 16 8886 16 9015 14 9144 13 9273 11 9402 9 9532 5,12090 2,6716 3 6842 6 6849 4 6970 12 7073 3 7097 13 7199 5 7225 13 7326 7 7352 15 7454 7 7480 15 7581 8 7607 16 7709 9 7736 16 7837 13 7874 6 7901 1 7964 15 8004 3 8028 4 8093 15 8154 7 8224 12 8281 8 8351 14 8409 9 8474 19 8537 9 8601 20 8659 15 8728 22 8786 16 8854 26 8913 16 8981 27 9040 12 9054 3 9107 30 9168 13 9235 30 9296 14 9362 17 9381 12 9423 18 9490 15 9510 11 9548 23 9618 14 9639 9 9675 25 9747 12 9768 8 9803 26 9875 12 9897 7 9931 11 9943 15 10004 11 10025 7 10059 9 10073 14 10128 1 10133 9 10153 7 10187 8 10202 14 10255 4 10262 8 10281 7 10314 8 10330 15 10382 7 10393 3 10409 7 10442 8 10459 14 10509 10 10538 5 10570 7 10588 13 10637 13 10698 7 10716 13 10765 16 10826 7 10844 13 10894 20 10955 5 10972 12 11023 23 11049 1 11084 3 11100 11 11152 30 11229 9 11281 31 11366 1 11411 30 11491 6 11542 28 11615 10 11672 27 11720 33 11802 25 11846 34 11932 23 11972 35 12062 22 12099 35 12192 19 12227 33 12324 15 12354 33 12457 8 12482 31 12610 30 12739 26 12868 22 13002 10
gap_0697157dd0aa429b10,,7487 2 7614 5 7623 4 7742 6 7752 4 7869 8 7880 5 7997 8 8009 3 8125 9 8138 2 8253 9 8381 8 8510 6 8640 3,3513 18 3640 25 3767 29 3895 31 4023 34 4152 35 4280 38 4408 39 4537 40 4665 41 4793 41 4921 42 5049 43 5177 44 5305 44 5434 44 5562 45 5690 45 5818 46 5947 45 6076 45 6204 45 6333 44 6462 43 6591 42 6724 37 6852 37 6980 38 7109 37 7237 38 7319 3 7366 37 7446 5 7494 38 7573 7 7627 33 7701 8 7756 32 7829 8 7885 31 7957 8 8012 32 8084 10 8140 32 8212 10 8269 32 8340 10 8398 31 8468 10 8526 31 8596 11 8655 30 8724 11 8783 30 8853 11 8911 30 8981 12 9040 29 9109 12 9168 29 9237 13 9296 29 9365 13 9424 29 9493 14 9553 28 9621 14 9681 27 9750 13 9810 26 9878 14 9938 25 10006 13 10067 23 10135 12 10195 23 10263 12 10324 21 10392 10 10453 20 10521 9 10582 18 10649 9 10711 16 10778 7 10840 14 10907 6 10969 12 11099 9 11229 5,8877 7 9003 10 9129 13 9255 15 9383 15 9510 16 9638 15 9765 16 9893 16 10021 15 10149 15 10277 14 10406 11 10535 9 10666 3,3887 7 4011 12 4136 16 4262 18 4389 19 4516 21 4643 22 4770 23 4898 23 5025 24 5153 24 5281 24 5409 25 5537 25 5665 25 5793 25 5921 25 6049 25 6174 27 6300 29 6428 29 6556 8 6565 20 6684 7 6694 19 6812 7 6822 20 6941 7 6949 20 7069 25 7198 24 7327 23 7455 18 7583 18 7711 17 7734 3 7840 15 7861 4 7968 15 7988 4 8096 11 8110 5 8116 4 8224 10 8240 3 8245 3 8353 9 8481 9 8610 7 8738 7 8867 4,,4891 1 5018 2 5146 1 5273 2 5351 1 5401 1 5480 1 5911 1 6039 2 6122 1 6166 2 6250 1 6294 2 6378 1 6422 2 6506 1 6635 1 6763 1 6891 2 7019 2 7147 2 7276 1 7315 1 7443 1 8768 7 8894 10 9020 12 9148 13 9275 15 9403 15 9531 16 9659 16 9787 15 9915 15 10044 13 10173 11 10302 8 10431 6 10558 7 10600 2 10648 1 10685 9 10727 3 10777 1 10813 10 10855 2 10905 2 10941 10 10982 3 11034 2 11070 8 11109 3 11163 2 11199 6 11236 3 11328 3 11364 2 11436 2 11456 3 11561 4 11584 2 11607 2 11690 2 11712 2 11734 4 11840 2 11968 2 12096 2 12224 1,11193 2 11210 1 11318 8 11334 8 11443 12 11460 12 11570 13 11587 14 11697 14 11715 14 11824 15 11843 15 11944 23 11971 23 12071 23 12099 25 12200 22 12228 24 12328 22 12356 24 12457 19 12486 21 12586 16 12615 19 12717 9 12746 15 12878 7
gap_8a70525cffc6fe4c8b,,5671 2 5799 1,,,,6976 4 7101 9 7228 11 7356 12 7483 13 7611 13 7739 13 7867 13 7995 13 8124 11 8253 8,11584 3 11712 3 11840 2,5305 5 5433 8 5445 7 5560 21 5688 21 5816 22 5917 6 5943 24 6044 8 6071 24 6172 8 6199 24 6299 9 6327 24 6369 4 6427 10 6455 23 6496 7 6554 10 6583 8 6596 10 6623 9 6682 9 6712 5 6727 7 6751 9 6810 8 6841 2 6857 4 6879 9 6939 10 7007 10 7070 8 7135 10 7197 10 7264 9 7315 5 7323 13 7393 8 7441 23 7521 8 7568 25 7646 5 7695 26 7773 7 7822 28 7901 9 7949 29 7982 2 8028 12 8077 35 8156 20 8204 37 8275 1 8286 20 8332 22 8356 13 8403 2 8414 20 8460 20 8486 11 8530 8 8543 20 8588 18 8614 10 8658 9 8671 21 8716 16 8742 10 8786 10 8800 20 8845 13 8870 10 8915 10 8929 20 8974 11 8999 9 9043 9 9058 19 9103 10 9127 9 9171 9 9187 19 9226 3 9232 8 9255 9 9299 9 9317 17 9350 8 9361 5 9383 9 9426 10 9447 15 9477 10 9511 9 9554 10 9576 13 9604 13 9626 4 9639 9 9682 10 9704 13 9732 27 9767 9 9810 9 9832 12 9860 29 9896 7 9938 9 9961 10 9988 31 10025 5 10066 9 10090 8 10101 3 10117 33 10195 8 10219 4 10227 7 10246 33 10323 7 10337 6 10354 8 10375 33 10453 3 10463 11 10479 11 10506 35 10587 31 10637 39 10713 32 10768 37 10836 35 10899 36 10954 43 11031 33 11081 43 11161 32 11208 42 11292 30 11336 38 11424 26 11463 34 11555 23 11591 29 11692 13 11719 23 11825 8 11847 20 11975 15
gap_950311405bdf595a9a,3879 4 4006 5 4132 6 4259 6 4385 7 4512 7 4638 9 4765 9 4893 9 5020 10 5147 10 5274 11 5401 12 5529 12 5657 12 5784 13 5912 13 6040 13 6167 14 6295 14 6423 13 6550 15 6678 15 6806 15 6933 16 7061 17 7189 17 7317 17 7445 18 7573 19 7701 19 7829 20 7957 20 8085 21 8213 22 8341 23 8392 3 8469 23 8520 4 8597 25 8648 4 8725 26 8776 4 8853 27 8904 5 8982 27 9031 6 9110 27 9159 7 9238 28 9286 8 9366 28 9409 14 9495 27 9537 14 9623 26 9665 15 9751 25 9795 14 9880 23 9925 12 9962 3 10008 23 10054 12 10089 4 10137 21 10183 12 10216 5 10265 21 10311 14 10343 5 10394 20 10439 16 10469 7 10522 21 10567 19 10595 8 10651 20 10695 36 10780 20 10823 35 10908 21 10951 35 11037 21 11080 33 11166 22 11208 32 11294 23 11336 32 11423 22 11464 31 11552 21 11593 29 11681 19 11721 29 11810 17 11849 28 11940 14 11978 26 12070 10 12107 24 12200 6 12236 22 12365 19 12494 17 12624 12 12755 6,4532 4 4657 12 4783 16 4910 18 5037 20 5163 23 5290 26 5317 2 5418 31 5545 32 5672 33 5800 33 5927 35 6055 35 6183 35 6311 35 6439 34 6567 16 6585 16 6695 17 6713 15 6823 33 6951 25 6977 6 6988 1 7079 32 7116 1 7207 32 7244 1 7336 32 7372 1 7464 31 7500 1 7593 19 7613 10 7628 1 7721 19 7741 10 7850 29 7979 27 8013 1 8108 26 8237 24 8366 23 8501 15 8631 13 8760 12 8890 10 9024 2 9651 2 9778 5 9905 7 10032 8 10160 9 10287 10 10415 10 10543 10 10672 9 10800 8 10929 6 11059 1,6750 5 6877 8 7005 9 7133 10 7261 11 7389 12 7517 12 7645 13 7773 13 7900 14 8027 16 8154 17 8281 18 8409 18 8536 19 8663 20 8789 22 8914 25 9042 25 9170 25 9298 25 9425 26 9553 26 9682 25 9810 24 9939 23 10068 20 10197 18 10326 15 10456 11 10587 4,,4700 1 4827 4 4955 5 5082 7 5210 7 5338 7 5465 8 5592 9 5713 1 5720 10 5839 19 5966 21 6093 22 6221 22 6349 22 6477 22 6605 22 6733 17 6755 1 6860 17 6989 16 7117 16 7245 16 7373 16 7501 16 7629 16 7757 16 7885 15 8014 13 8142 12 8272 9 8401 8 8529 7 8657 6 8786 3,,2742 2 2866 9 2989 15 3021 7 3116 8 3125 5 3139 1 3149 7 3160 1 3242 9 3278 2 3287 4 3367 8 3415 6 3493 8 3543 7 3620 6 3673 6 3747 6 3802 6 3874 5 3932 6 4002 4 4062 5 4129 3 4191 5 4320 5 4449 4 4579 2 5527 1 5654 2 5782 2 5909 3 6037 3 6164 3 6292 3 6420 3 6548 2 6638 1 6676 2 6766 1 6804 2 6894 2 6932 1 7022 2 7150 2 7278 3 7406 3 7534 3 7662 3 7790 3 7918 3 8046 2 8175 1 8303 1 8467 2 8559 1 8595 2 8687 1 8723 2 8815 1 8851 2 8980 2 9108 2 9236 2 9921 3 10048 5 10175 7 10301 9 10428 10 10555 11 10604 1 10683 11 10731 2 10811 11 10859 2 10938 12 10986 2 11066 12 11113 3 11194 12 11241 2 11323 10 11368 2 11452 9 11495 3 11580 8 11623 2 11678 2 11707 9 11750 2 11807 2 11834 10 11878 1 11936 3 11962 10 12005 2 12065 3 12089 12 12132 2 12195 4 12216 1 12221 8 12260 1 12324 12 12343 1 12357 3 12453 12 12485 4 12583 8 12614 2 12619 3 12734 2 12748 5 12862 2 12877 6 13006 7 13136 5,12345 4 12467 11 12481 4 12594 12 12608 6 12722 12 12736 9 12850 11 12865 9 12981 6 12994 9 13123 8
gap_2ccfd4c7276dde0d4c,,6610 2 6704 3 6737 3 6832 4 6865 3 6961 4 6993 2 7090 4 7121 1 7219 3,9924 3 10052 1,,5821 20 5943 28 6069 30 6197 30 6325 30 6453 30 6582 28 6711 5 6717 20 6839 10 6850 15 6967 11 6979 14 7095 11 7107 14 7223 10 7236 12 7351 9 7364 10 7479 7 7492 10 7607 5 7621 9 7736 3 7753 5 7881 6 8010 4 8137 5 8265 5 8378 1 8392 6 8506 2 8519 8 8647 8 8774 9 8901 9 9027 11 9155 10 9283 9 9411 8 9541 5 9668 6 9796 4,,9018 4 9145 5 9273 4 9401 3 9529 2 9915 3 10044 3 10172 3 10301 1 10817 4 10945 5 11073 5,5151 3 5279 3 5347 3 5406 4 5476 2 5534 3 5659 1 5738 1 5866 2 6360 4 6442 3 6486 6 6569 5 6613 7 6697 7 6740 8 6825 7 6868 7 6879 4 6952 9 6996 6 7006 6 7075 2 7081 9 7124 7 7134 7 7201 5 7210 8 7251 8 7261 9 7328 7 7339 8 7378 21 7455 8 7466 9 7506 22 7582 22 7634 23 7710 22 7761 24 7837 23 7890 23 7965 23 8018 15 8034 7 8093 23 8146 14 8162 7 8220 24 8274 14 8290 7 8348 6 8357 15 8402 14 8417 8 8476 6 8486 14 8530 23 8604 7 8614 14 8658 23 8733 7 8741 4 8746 9 8758 1 8787 7 8797 11 8861 11 8875 8 8915 6 8925 11 8989 11 9004 7 9043 4 9052 12 9118 10 9133 6 9177 15 9246 13 9262 5 9303 16 9375 15 9430 17 9503 17 9556 17 9633 17 9683 16 9762 17 9810 14 9893 15 9937 12 10025 13 10063 12 10155 13 10190 11 10285 13 10318 9 10415 12 10445 9 10545 10 10572 9 10674 11 10699 8 10804 9 10826 7 10934 8 10954 6 11065 5 11196 2
gap_28d4ec0ecfcb668de1,,6339 2 6466 5 6594 6 6722 7 6841 2 6850 8 6967 4 6979 7 7095 4 7107 7 7222 5 7236 6 7350 4 7365 5 7478 4 7494 3 7606 5 7735 5 7750 5 7862 6 7878 5 7990 5 8006 6 8117 6 8134 6 8245 6 8263 5 8374 1,,,3883 5 3905 4 3912 5 4010 6 4025 2 4030 15 4049 7 4138 6 4151 18 4177 11 4266 5 4279 18 4305 13 4393 5 4407 18 4434 14 4521 5 4535 18 4563 14 4644 3 4649 4 4662 5 4669 13 4692 13 4771 5 4790 4 4798 12 4824 10 4897 7 4918 4 4927 12 4953 11 5023 9 5046 4 5058 10 5082 11 5150 10 5174 4 5188 9 5211 6 5219 3 5278 10 5303 2 5317 9 5339 6 5348 3 5405 12 5445 9 5468 5 5476 3 5533 13 5573 10 5596 4 5604 3 5662 12 5701 10 5724 4 5732 3 5790 14 5829 10 5853 3 5859 4 5920 17 5958 9 5981 3 5987 4 6049 16 6088 7 6109 4 6114 6 6179 13 6236 12 6309 11 6364 12 6438 10 6492 12 6567 8 6620 11 6697 5 6713 3 6749 10 6840 1 6843 1 6871 1 6878 8 6943 2 6998 4 7006 8 7069 5 7126 4 7134 5 7196 7 7254 4 7262 5 7324 7 7382 4 7390 5 7451 8 7511 3 7518 5 7579 9 7647 4 7708 8 7775 3 7836 7 7965 6 8095 3,,8125 4 8251 9 8378 11 8505 13 8632 15 8760 16 8887 17 9015 17 9143 17 9272 17 9399 28 9519 36 9645 38 9772 39 9901 37 10029 36 10157 36 10285 36 10414 1 10416 32 10545 22 10569 3 10574 2 10675 4 10681 14 10698 2 10702 1 10804 3 10810 12 10827 1 10932 2 10939 10 11068 8 11199 3 11327 2 11456 1,7017 2 7144 4 7186 4 7271 6 7313 6 7373 4 7399 7 7440 7 7500 7 7526 8 7568 8 7627 10 7654 9 7696 8 7724 6 7755 11 7781 9 7824 9 7850 8 7883 11 7909 9 7953 8 7976 11 8012 11 8036 9 8081 9 8103 12 8140 11 8164 9 8208 11 8231 12 8268 11 8292 8 8335 12 8358 12 8396 11 8419 10 8463 13 8486 12 8525 10 8546 11 8591 14 8614 12 8653 9 8672 13 8719 14 8742 11 8783 7 8793 20 8848 14 8871 9 8919 22 8976 14 9000 6 9047 21 9104 14 9122 3 9174 22 9232 16 9250 6 9300 23 9361 23 9427 24 9489 22 9555 24 9618 26 9683 23 9746 26 9811 22 9875 26 9938 23 10003 26 10065 22 10132 25 10193 20 10261 24 10321 18 10391 23 10448 17 10522 22 10576 15 10652 22 10703 15 10782 20 10830 15 10912 19 10951 3 10958 13 11042 17 11063 2 11078 6 11085 17 11171 16 11189 6 11205 27 11296 29 11331 29 11422 32 11458 29 11550 33 11586 19 11606 8 11679 32 11714 18 11735 5 11808 31 11842 17 11937 30 11970 11 11983 3 12067 8 12077 18 12099 9 12206 5 12213 8 12229 5 12343 4
gap_890eb2b86ab9c1072c,6956 3 6961 3 7082 12 7208 16 7335 18 7375 4 7462 19 7503 10 7589 21 7630 13 7716 22 7758 14 7843 23 7884 17 7971 23 8000 3 8009 21 8098 24 8127 5 8135 23 8226 23 8255 5 8262 25 8354 23 8383 33 8481 24 8511 33 8609 25 8640 32 8737 26 8771 30 8865 27 8898 31 8993 27 9026 31 9121 28 9154 31 9249 28 9283 30 9377 27 9413 28 9506 25 9542 27 9634 24 9671 26 9762 24 9799 25 9891 22 9928 24 10019 22 10056 24 10148 20 10185 22 10277 18 10313 21 10406 16 10442 20 10535 14 10571 18 10665 10 10701 14 10795 6 10830 12 10959 9,6969 2 7097 5 7225 6 7242 4 7354 5 7363 3 7369 5 7482 4 7491 4 7497 5 7611 2 7618 12 7746 11 7875 9 8249 3 8377 3 8505 3,,,8638 2 8766 5 8894 4 9023 2,,5945 1 6073 1 6086 1 6201 1 6214 1 6329 2 6341 2 6347 1 6448 2 6460 11 6474 2 6574 5 6589 9 6602 2 6702 5 6723 1 6737 2 6829 5 6865 3 6951 1 6959 2 6992 5 7076 5 7120 5 7203 5 7249 4 7257 2 7331 4 7385 6 7458 4 7514 5 7586 3 7643 4 7714 2 7772 4 7901 3 8802 1 8930 1 9057 2 9185 3 9247 1 9278 4 9313 4 9375 2 9405 6 9441 3 9503 2 9533 7 9569 3 9631 3 9660 9 9697 3 9759 3 9787 10 9825 2 9887 4 9915 10 9952 3 10016 3 10043 10 10080 2 10145 2 10171 10 10274 2 10300 9 10403 1 10428 9 10555 11 10683 11 10813 7 10942 4 11071 2 11199 2 11328 1 11456 1 11584 1,6071 2 6087 2 6199 2 6215 4 6328 1 6343 4 6471 3 6599 3 6728 2 7291 4 7395 3 7418 5 7427 6 7523 3 7545 5 7554 8 7673 4 7682 9 7801 3 7810 10 7929 3 7939 8 8057 4 8067 8 8185 4 8195 8 8309 1 8313 5 8323 8 8437 10 8453 5 8564 12 8578 8 8590 1 8692 12 8706 7 8717 3 8820 11 8835 5 8844 4 8947 8 8964 1 8973 3 9075 8 9101 4 9203 7 9230 4 9330 8 9358 5 9458 7 9486 6 9586 6 9615 5 9713 4 9743 5 9841 2 9872 5 9968 2 10001 4 10095 2 10222 2 10262 1 10349 2 10390 2 10476 3 10519 2 10602 4 10648 2 10728 4 10776 3 10855 4 10906 3 10937 2 10949 2 10981 5 11035 3 11063 6 11075 6 11108 4 11164 3 11190 8 11202 9 11235 3 11317 10 11330 10 11361 3 11425 4 11445 10 11457 12 11487 3 11554 5 11573 10 11585 12 11614 3 11683 5 11702 9 11714 11 11741 3 11813 4 11830 8 11842 11 11870 1 11943 1 11962 3 11971 8
gap_7e2da657dd8acc571b,4934 1 4936 6 5042 7 5060 13 5168 12 5188 15 5294 15 5317 16 5421 16 5446 17 5547 18 5575 17 5674 19 5703 19 5801 19 5832 19 5928 20 5961 19 6055 21 6090 19 6182 22 6218 20 6310 21 6346 21 6437 22 6475 21 6564 23 6603 21 6692 22 6732 21 6819 23 6860 22 6946 23 6988 22 7074 23 7116 23 7201 24 7244 23 7329 24 7372 23 7457 24 7500 24 7584 25 7628 24 7712 25 7755 25 7839 26 7883 26 7967 26 8011 26 8095 25 8130 4 8139 26 8222 26 8257 5 8267 26 8350 26 8385 5 8395 26 8478 25 8513 5 8522 27 8606 25 8641 4 8650 27 8734 25 8776 29 8862 23 8901 32 8990 23 9028 33 9118 23 9155 34 9246 23 9283 34 9375 22 9411 34 9503 22 9540 33 9631 21 9668 32 9759 21 9797 31 9887 21 9926 30 10015 21 10055 28 10144 21 10184 27 10272 22 10312 26 10401 22 10441 25 10529 24 10570 23 10658 24 10698 23 10786 24 10827 21 10915 22 10956 19 11044 21 11085 17 11173 19 11214 15 11301 18 11344 12 11430 16 11474 8 11559 14 11604 3 11688 12 11818 9,5827 3 5953 7 6080 9 6207 10 6334 12 6461 13 6588 14 6716 14 6844 15 6972 16 7099 17 7227 17 7355 10 7367 5 7483 9 7495 5 7614 2 7623 5 7751 4 8520 1 8648 1 9143 6 9270 8 9397 9 9525 10 9652 11 9780 11 9908 11 10036 10 10165 8 10294 6 10424 3,,,8767 4 8894 5 9023 3 9152 2 9281 1,,4539 2 4543 1 4546 3 4554 2 4667 10 4679 8 4786 2 4794 11 4807 2 4811 7 4913 2 4923 3 4943 4 5039 2 5073 4 5203 4 5333 3 5418 2 5463 2 5545 2 5593 1 5672 2 5799 2 5926 2 6054 1 6625 1 6753 2 6882 1 7011 1 7139 2 7267 2 7395 3 7524 2 7582 1 7652 2 7710 1 7780 2 7837 2 7909 1 7965 2 8037 1 8092 3 8220 2 8348 2 8476 2 8604 2 8732 2 8860 2 9573 1 9701 1 9793 3 9828 2 9920 6 9956 2 10047 8 10083 3 10141 2 10175 8 10211 3 10269 3 10302 9 10338 3 10397 3 10430 9 10466 3 10525 4 10557 11 10594 2 10654 4 10685 11 10782 4 10813 11 10911 3 10941 10 11040 2 11071 8 11198 11 11325 12 11453 12 11482 3 11576 2 11581 11 11608 6 11703 2 11710 8 11735 6 11813 4 11829 3 11835 2 11840 5 11863 5 11941 6 11955 4 11962 1 11970 2 12070 6 12081 5 12199 5 12209 2,10642 4 10770 5 10857 4 10898 6 10984 6 11028 5 11112 5 11158 4 11239 2 11288 3 11366 2 11416 4 11493 2 11545 3 11620 3 11674 3 11719 5 11747 3 11802 5 11837 3 11846 8 11874 3 11932 3 11963 6 11973 11 12000 4 12061 4 12090 8 12101 11 12127 4 12191 3 12216 10 12229 10 12343 11 12357 8 12471 11 12486 6 12599 10 12615 3 12731 3
gap_c658252b675ea3ab92,,7503 4 7599 2 7629 6 7726 4 7756 7 7854 5 7884 8 7981 8 8012 7 8109 9 8140 6 8239 8 8268 3 8367 8 8496 7 8624 7 8753 5 8881 3 9293 1 9394 4 9419 4 9522 4 9547 5 9650 4 9675 4 9780 1 9803 4 9933 1,,,4918 8 5044 12 5061 2 5165 4 5173 13 5290 9 5302 13 5417 26 5544 28 5672 28 5802 27 5838 3 5931 27 5965 5 5973 1 6061 26 6092 6 6101 2 6197 3 6203 13 6219 13 6335 6 6347 12 6476 9 6606 5 6736 3 6864 3 6992 3 7627 2 7754 2 7882 2 8010 2 8138 2 8266 2 8395 3 8514 2 8641 5 8768 7 8895 9 9023 9 9152 7 9280 7 9408 6 9536 5 9664 4 9792 3 9921 1,,10031 1 10159 3 10287 4 10415 5 10544 4 10574 2 10672 5 10701 3 10800 5 10828 4 10928 6 10939 8 10955 5 11056 7 11066 11 11081 7 11184 5 11190 1 11193 13 11208 8 11312 4 11321 13 11337 2 11341 4 11443 2 11449 14 11469 3 11571 3 11578 8 11588 3 11594 3 11700 12 11713 11 11830 20 11963 11 12094 4 12223 2,5405 3 5532 5 5661 5 5733 3 5789 6 5859 5 5916 8 5986 6 6037 3 6043 11 6113 7 6163 6 6171 12 6240 10 6289 26 6366 12 6380 2 6416 29 6493 13 6507 5 6543 31 6616 26 6670 32 6742 28 6798 33 6869 30 6926 33 6996 32 7053 34 7124 32 7181 34 7251 33 7309 34 7379 34 7437 34 7507 34 7565 34 7635 34 7692 34 7763 34 7820 34 7892 33 7948 33 8019 34 8075 34 8148 33 8203 34 8276 34 8330 34 8408 30 8458 32 8536 30 8586 33 8663 31 8713 34 8790 32 8841 35 8918 32 8969 35 9045 33 9097 35 9173 33 9225 36 9301 33 9354 35 9428 34 9482 35 9556 34 9610 36 9683 35 9739 36 9811 35 9868 35 9939 35 9997 24 10022 9 10066 8 10075 26 10126 23 10151 8 10194 7 10203 26 10255 23 10279 8 10321 7 10331 25 10385 21 10408 7 10449 7 10458 25 10515 20 10536 8 10576 7 10585 25 10646 17 10665 7 10704 7 10713 24 10777 15 10793 7 10832 6 10840 24 10907 14 10922 6 10960 5 10967 22 11037 19 11088 5 11094 21 11167 17 11216 4 11221 19 11297 10 11309 3 11345 1 11349 15 11427 8 11476 13 11556 8 11603 10 11687 5 11730 8 11856 7
gap_6dd866dfa9799d01f4,,,,,,,,6633 2 6759 5 6886 7 7013 9 7064 3 7141 10 7190 7 7269 10 7317 9 7396 11 7444 10 7524 11 7572 11 7652 11 7700 11 7781 9 7828 11 7910 8 7957 10 8040 5 8085 9 8169 4 8214 7 8298 1 8343 4 8471 3 8661 1 8750 1 8789 2 8877 1 8934 6 9060 11 9113 2 9187 13 9238 9 9314 15 9366 11 9440 17 9494 13 9567 18 9622 14 9694 19 9751 14 9822 19 9879 15 9949 19 10008 15 10077 19 10136 16 10206 17 10264 18 10334 15 10393 19 10461 15 10522 19 10588 15 10651 18 10714 15 10780 17 10840 14 10909 18 10965 15 11039 18 11092 15 11168 19 11218 16 11298 18 11346 15 11428 17 11473 15 11558 16 11601 14 11688 14 11729 12 11817 13 11857 9 11947 11 11988 4 12076 9
gap_b6f51dc44fae47973d,4781 5 4905 14 5028 26 5070 10 5154 58 5281 62 5408 64 5535 67 5662 37 5702 29 5789 37 5831 29 5916 36 5960 29 6043 36 6089 29 6170 35 6218 29 6298 32 6346 30 6425 32 6475 30 6553 32 6604 29 6680 32 6732 30 6808 32 6860 31 6936 31 6989 30 7063 32 7117 31 7191 31 7245 31 7319 31 7374 30 7446 32 7502 31 7574 32 7631 30 7702 31 7760 29 7830 30 7890 27 7958 26 8019 26 8086 25 8147 26 8214 24 8275 26 8342 24 8403 26 8470 23 8530 27 8598 23 8658 27 8726 23 8762 3 8785 28 8854 23 8886 9 8904 4 8912 29 8982 23 9014 9 9030 7 9039 30 9110 24 9141 4 9147 2 9158 39 9239 24 9268 4 9285 39 9367 25 9395 4 9412 40 9495 26 9523 4 9540 40 9624 31 9669 39 9752 30 9797 38 9880 30 9925 38 10009 30 10054 37 10137 30 10182 36 10266 31 10311 35 10395 30 10439 34 10523 31 10567 33 10652 30 10696 32 10780 29 10824 31 10909 28 10953 29 11038 26 11081 29 11166 25 11210 27 11296 22 11338 26 11425 20 11467 24 11554 17 11597 22 11684 13 11726 19 11814 8 11856 16 11986 12 12117 7,6339 6 6458 4 6466 8 6585 6 6593 10 6712 19 6840 20 6967 21 7095 21 7223 21 7351 22 7479 23 7607 23 7735 24 7863 14 7878 10 7988 2 7992 26 8115 4 8120 27 8242 33 8371 31 8499 8 8510 19 8622 3 8629 4 8641 15 8749 6 8775 9 8877 7 9006 7 9134 6 9264 1 9274 3 9400 6 9527 8 9655 8 9782 9 9910 9 10039 7 10167 6 10297 4,,,9149 4 9277 6 9406 5 9535 4,,4395 8 4409 4 4520 25 4549 14 4646 10 4661 1 4663 33 4773 6 4793 33 4901 2 4924 21 4947 9 5057 7 5082 2 5786 1 5862 1 5913 2 5990 3 6040 3 6118 4 6167 3 6247 3 6295 3 6376 3 6423 2 6505 2 6550 3 6634 1 6678 2 6806 2 6934 1 7062 1 7790 1 7917 3 8045 3 8173 3 8301 3 8429 3 8467 2 8557 3 8595 3 8685 3 8723 3 8814 1 8851 3 8942 1 8979 3 9107 3 9236 3 9364 3 9492 3 9621 2 9749 2 9878 1 9920 4 10046 7 10173 9 10219 1 10301 9 10346 2 10429 9 10473 3 10557 9 10601 3 10685 9 10728 3 10812 10 10855 4 10906 1 10940 10 10983 3 11034 3 11068 10 11110 4 11163 3 11196 10 11237 4 11292 3 11324 10 11365 4 11420 4 11451 11 11492 4 11549 5 11575 16 11619 4 11678 5 11702 6 11710 12 11747 3 11807 5 11824 3 11830 5 11840 2 11845 6 11874 3 11936 6 11948 7 11959 3 11968 2 11975 4 12001 3 12065 16 12096 2 12105 2 12128 2 12196 10 12255 1 12376 4,11962 4 11972 3 12011 5 12085 11 12098 7 12138 6 12190 2 12211 27 12264 7 12317 4 12338 30 12391 7 12446 4 12466 31 12518 6 12576 2 12595 13 12610 15 12646 4 12725 9 12739 13 12872 4
gap_baeabbdbe1e0d2c16d,3485 5 3610 10 3736 12 3863 12 3989 12 4051 7 4116 11 4175 16 4242 12 4299 23 4369 12 4421 31 4495 13 4549 33 4622 13 4677 34 4748 14 4805 36 4875 14 4934 36 5002 14 5063 37 5130 13 5192 37 5257 13 5320 38 5385 13 5449 38 5512 13 5577 40 5640 13 5706 39 5767 13 5834 40 5895 13 5962 41 6023 13 6090 42 6151 13 6219 42 6279 13 6347 42 6407 13 6475 43 6534 15 6603 13 6625 21 6662 15 6731 11 6755 20 6790 15 6859 10 6885 18 6918 15 6987 8 7015 16 7046 15 7115 7 7145 14 7174 15 7243 6 7274 13 7302 15 7371 6 7403 12 7430 16 7500 4 7532 12 7558 16 7628 3 7661 11 7687 16 7790 10 7815 16 7918 10 7943 17 8047 9 8071 18 8176 8 8200 18 8269 1 8304 8 8328 19 8397 1 8432 8 8456 20 8524 3 8561 7 8584 21 8651 4 8689 7 8712 22 8779 4 8817 6 8840 23 8905 6 8945 6 8969 23 9025 15 9073 6 9097 25 9153 15 9201 6 9225 27 9273 3 9282 14 9329 5 9354 30 9401 3 9411 14 9457 5 9482 32 9541 12 9585 5 9610 33 9670 11 9712 6 9739 32 9799 11 9840 6 9867 32 9928 10 9968 5 9996 32 10056 11 10096 5 10124 32 10185 10 10223 6 10252 32 10313 11 10351 5 10381 32 10440 13 10478 5 10509 33 10569 13 10606 5 10638 33 10697 14 10733 5 10766 37 10825 15 10860 6 10895 38 10954 15 10988 6 11024 37 11082 17 11115 7 11153 36 11211 18 11241 8 11282 34 11339 20 11367 10 11411 32 11468 37 11541 30 11597 35 11670 28 11725 34 11800 25 11854 32 11929 23 11983 30 12059 19 12112 28 12188 9 12199 6 12241 26 12319 1 12372 19 12506 11 12638 4,3761 2 4139 7 4264 14 4391 17 4517 21 4644 23 4769 27 4893 32 5020 34 5146 37 5274 38 5401 40 5527 44 5655 46 5782 46 5831 1 5909 47 5959 2 6037 48 6087 3 6165 53 6293 53 6421 53 6549 53 6678 53 6806 52 6934 52 7062 51 7190 50 7259 2 7263 2 7318 49 7386 8 7447 48 7516 6 7575 48 7645 5 7704 33 7738 13 7774 3 7833 32 7870 9 7903 2 7961 32 8000 6 8090 31 8130 4 8219 29 8259 2 8348 28 8477 26 8606 25 8735 24 8864 17 8883 2 8995 1 9000 4 9519 5 9647 6 9775 6 9902 8 10029 9 10157 9 10285 9 10413 9 10542 7 10671 5,8802 1 8805 1 8933 2 9059 4 9186 2 9314 1 9319 1 9447 2 9690 1 9698 6 9818 14 9945 15 10073 11 10085 2 10201 14 10330 12 10459 10 10589 6 10717 6 10848 3 10976 4,,,,2981 1 2984 2 3108 2 3112 6 3121 3 3241 11 3370 16 3390 1 3402 3 3409 9 3502 5 3509 17 3529 20 3606 1 3633 1 3636 28 3665 3 3673 5 3732 3 3764 28 3858 4 3893 27 3984 5 4025 2 4031 5 4111 4 4238 4 4366 2 4583 2 4712 3 4842 3 4971 3 5100 3 5127 2 5229 3 5254 3 5359 2 5382 3 5488 2 5509 3 5637 2 5765 2 6133 1 6261 2 6390 2 6518 3 6532 2 6646 3 6660 2 6775 2 6787 3 6904 1 6915 3 7043 3 7172 1 7801 1 7928 3 8056 3 8069 2 8184 4 8197 3 8312 4 8325 3 8440 3 8453 3 8569 2 8581 3 8709 2 9463 2 9590 3 9662 3 9718 3 9789 6 9846 3 9865 2 9915 10 9974 3 9992 3 10042 12 10102 2 10120 4 10170 12 10231 1 10249 3 10298 13 10377 4 10425 14 10506 3 10553 14 10634 3 10681 14 10763 2 10809 13 10892 1 10937 13 11063 15 11191 15 11320 14 11335 1 11449 3 11453 4 11459 2 11463 1 11506 1 11577 2 11581 3 11587 2 11590 2 11633 2 11703 5 11709 3 11714 6 11760 2 11831 6 11840 9 11887 3 11956 10 11967 11 12014 4 12081 26 12141 4 12208 9 12219 17 12269 3 12335 9 12348 17 12396 3 12462 13 12476 18 12523 3 12580 18 12600 8 12610 13 12650 3 12701 24 12727 10 12738 2 12742 10 12829 17 12848 1 12857 3 12861 3 12865 4 12873 9 12958 11 12975 3 12986 2 12990 2 12993 5 13003 8 13114 2 13118 1 13121 5 13134 6 13243 8 13264 6 13371 7 13395 5,10750 1 10755 1 10878 1 10883 5 11010 7 11139 6 11267 7 11386 1 11390 1 11395 8 11513 6 11523 8 11640 6 11652 8 11768 5 11782 7 11896 6 11911 6 12023 3 12029 2 12040 4 12853 4 12913 2 12978 8 13102 12 13126 3 13229 14 13252 7 13357 14 13378 1 13380 10 13484 13 13498 2 13505 15 13616 6 13636 12 13767 8 13897 1
gap_dc0dd15c7a996e02a0,,7860 1 7987 5 8012 4 8115 6 8134 10 8243 6 8261 11 8371 6 8390 9 8498 7 8519 7 8626 7 8648 6 8754 7 8776 6 8882 7 8904 6 9010 6 9032 5 9139 4 9161 3,,,4934 2 4941 6 5028 11 5060 5 5067 12 5155 14 5185 8 5196 14 5282 15 5310 11 5323 18 5409 17 5435 14 5451 21 5535 20 5561 16 5580 7 5589 12 5663 22 5688 16 5709 4 5718 13 5793 13 5808 23 5846 15 5921 8 5937 21 5974 16 6049 7 6065 20 6102 16 6177 6 6193 19 6231 12 6245 1 6306 4 6320 19 6360 11 6434 3 6448 17 6490 9 6576 15 6618 10 6704 14 6745 11 6825 2 6833 16 6873 11 6951 8 6965 16 6983 3 7001 11 7079 4 7084 4 7099 16 7129 10 7214 3 7227 16 7258 9 7343 2 7356 16 7387 7 7472 2 7485 16 7601 6 7613 4 7619 10 7729 7 7742 1 7748 8 7857 3 7861 3 7877 4 7985 2 8006 1,,9388 4 9423 5 9516 7 9548 8 9644 8 9660 5 9675 8 9773 8 9786 9 9802 9 9901 8 9913 12 9930 9 10029 9 10040 14 10056 11 10157 10 10168 26 10285 37 10414 35 10543 33 10672 32 10800 31 10929 30 11058 28 11186 28 11318 23 11452 12 11582 3,5655 4 5781 6 5909 7 6037 7 6165 7 6250 4 6292 8 6378 6 6418 10 6505 7 6545 11 6633 7 6673 11 6685 1 6761 6 6800 15 6888 9 6928 15 6998 1 7013 13 7055 17 7083 1 7123 6 7140 14 7183 17 7207 7 7250 8 7268 15 7311 17 7334 9 7377 10 7395 16 7439 18 7462 10 7505 11 7521 18 7567 18 7590 11 7633 11 7648 19 7694 20 7718 11 7760 12 7776 19 7822 20 7846 11 7888 12 7903 20 7950 21 7974 11 8016 12 8030 21 8078 22 8103 10 8144 12 8158 21 8205 23 8231 9 8272 35 8333 24 8359 8 8401 34 8461 26 8488 7 8529 34 8589 33 8658 33 8717 32 8786 33 8845 31 8915 32 8973 31 9044 31 9102 29 9175 28 9231 27 9301 30 9360 27 9428 31 9489 27 9556 30 9619 25 9683 31 9748 24 9811 30 9877 23 9939 29 10005 24 10067 28 10133 24 10194 28 10261 24 10322 26 10390 24 10449 27 10519 24 10576 28 10648 24 10704 27 10777 23 10831 28 10907 22 10959 27 11036 22 11086 27 11166 20 11214 25 11296 19 11341 25 11426 17 11445 3 11468 24 11556 23 11588 29 11691 18 11714 29 11820 5 11826 12 11841 19 11861 7 11950 2 11955 11 11969 11 11982 3 11989 4 12084 9 12098 9 12216 3 12227 6
gap_e808b71fee0e447ca2,,,,,,,4291 1 4413 1 4419 1 4812 1 4916 2 4940 2 5044 1 5068 3 5197 2 5325 3 5454 2 5582 2 5711 1 5812 1 5940 1 5947 2 6075 2 6350 3 6452 1 6474 6 6579 3 6601 7 6707 3 6720 6 6728 7 6835 6 6846 17 6964 6 6973 18 7091 13 7106 12 7219 12 7235 11 7348 10 7364 10 7477 8 7495 6 7503 2 7606 3 7627 1 7632 1 7734 1 7755 2 7760 1 7884 1 8116 2 8143 1 8243 3 8269 2 8371 4 8396 3 8500 3 8524 3 8629 3 8651 3 8757 4 8778 4 8886 4 8905 4 9015 5 9022 4 9031 5 9145 18 9275 14,
gap_04ce3202723de0a400,,,,,,,,5827 1 5923 1 5954 2 6050 2 6074 2 6080 4 6107 2 6176 4 6202 3 6207 5 6235 2 6303 3 6330 11 6364 1 6458 11 6492 2 6585 12 6620 3 6712 13 6749 2 6840 5 6849 5 6877 1 6967 5 6978 4 7095 4 7108 3 7178 5 7186 3 7222 3 7237 4 7305 13 7349 3 7365 4 7432 14 7476 3 7494 4 7560 14 7603 3 7623 3 7657 1 7687 14 7730 3 7753 2 7783 9 7816 13 7857 3 7882 2 7910 13 7944 13 7984 3 8011 2 8038 15 8072 12 8110 4 8140 2 8166 16 8201 11 8237 4 8269 2 8293 18 8330 10 8364 4 8398 2 8421 18 8459 10 8491 4 8527 2 8549 18 8588 9 8618 4 8656 2 8678 16 8718 6 8744 5 8785 3 8806 16 8848 3 8871 6 8913 6 8934 15 8968 4 8998 6 9042 7 9063 14 9094 9 9125 7 9170 9 9192 12 9222 11 9252 7 9299 9 9322 8 9350 14 9379 8 9427 9 9452 4 9479 18 9507 8 9555 9 9609 18 9635 7 9683 9 9707 3 9739 18 9764 5 9812 8 9830 11 9869 19 9893 4 9940 7 9954 15 10000 20 10022 1 10025 5 10068 6 10081 15 10131 29 10190 5 10197 4 10208 15 10261 28 10316 10 10329 21 10391 27 10443 33 10521 26 10569 33 10651 25 10696 31 10780 24 10823 30 10911 21 10951 27 11045 15 11079 23 11183 3 11208 15 11338 8
gap_654f65ed76b3faf5cc,,6462 3 6590 4 6719 4 6849 4 6967 2 6978 3 7085 2 7093 6 7106 3 7212 3 7220 8 7232 6 7340 3 7347 9 7360 6 7370 1 7475 9 7488 7 7496 4 7603 10 7615 12 7731 9 7744 5 7751 4 7860 8 7873 4 7880 2 7989 6 8118 4,3807 6 3933 10 4059 13 4186 15 4313 17 4440 18 4567 20 4694 22 4821 23 4948 24 5076 24 5203 25 5331 25 5458 27 5586 27 5714 27 5842 28 5970 28 6098 28 6227 27 6356 27 6485 3 6489 22 6617 22 6743 24 6871 25 6999 25 7128 24 7257 23 7386 22 7515 21 7643 21 7772 20 7901 18 8031 16 8159 16 8288 15 8417 14 8546 12 8675 11 8804 10 8932 9 9061 8 9189 7 9318 5 9446 5 9576 1,7762 7 7840 4 7887 1 7889 9 7966 8 8014 13 8092 11 8142 14 8220 12 8270 15 8347 13 8394 1 8400 14 8475 14 8521 5 8529 14 8603 3 8607 9 8648 6 8659 13 8731 3 8741 3 8777 5 8788 12 8858 5 8869 2 8905 5 8916 13 8986 6 8997 1 9033 6 9045 12 9114 6 9124 3 9161 6 9173 12 9242 7 9251 9 9290 6 9301 12 9370 19 9418 8 9428 14 9498 19 9547 23 9627 18 9675 22 9755 18 9804 21 9883 17 9933 19 10011 17 10064 14 10140 14 10196 5 10269 12 10400 6,2759 7 2883 14 3011 15 3111 3 3139 15 3236 7 3269 12 3361 11 3399 8 3486 15 3613 19 3740 20 3868 19 3997 15 4126 13 4256 10 4386 6 4513 5 4635 11 4680 4 4761 14 4807 5 4888 15 4936 3 5014 18 5140 20 5268 21 5395 23 5433 2 5437 2 5523 8 5543 3 5562 7 5651 6 5673 1 5691 10 5779 6 5819 11 5831 5 5908 4 5935 3 5944 2 5948 17 6036 3 6062 5 6072 2 6077 17 6163 7 6178 5 6189 6 6200 2 6205 17 6290 10 6304 7 6316 7 6334 17 6417 13 6432 8 6444 7 6461 1 6465 13 6545 13 6560 9 6570 9 6589 1 6594 12 6673 33 6718 1 6723 11 6742 1 6801 31 6848 1 6853 9 6870 1 6929 14 6944 16 6981 1 6985 8 7057 14 7073 7 7081 4 7087 1 7114 1 7117 4 7186 13 7209 3 7215 1 7246 3 7314 12 7338 2 7343 1 7375 1 7443 11 7467 4 7571 10 7700 8 7828 7 7958 4,,4073 2 4113 1 4202 1 4241 2 4369 2 4497 1 4625 1 4752 2 4880 2 5008 1 6926 1 7054 1 7154 1 7181 1 7281 2 7309 2 7409 2 7437 2 7537 2 7565 2 7664 3 7693 2 7792 3 7821 2 7920 2 7949 2 8048 2 8077 2 8176 2 8205 2 8253 3 8377 9 8503 12 8630 14 8758 15 8885 16 9013 17 9141 17 9269 18 9397 17 9524 18 9652 18 9780 18 9909 16 10038 14 10167 12 10297 8 10427 9 10517 2 10554 11 10645 3 10681 11 10725 1 10774 3 10810 9 10851 3 10903 3 10939 5 10978 3 11033 1 11069 3 11105 2 11197 3 11326 1 11454 1 11582 1 11710 1 11838 1 11966 2,9521 2 9649 2 9777 3 9800 1 9905 3 9928 2 10033 3 10056 2 10161 3 10948 3 11057 9 11073 16 11183 13 11200 19 11308 16 11328 21 11434 19 11456 23 11559 22 11584 24 11686 23 11713 24 11813 24 11841 24 11941 24 11970 23 12069 23 12099 21 12198 22 12227 19 12328 19 12357 15 12458 15 12489 9 12589 10 12721 2
gap_6bfba962f1b5656a7f,,7238 1 7241 3 7364 9 7491 11 7619 12 7747 13 7877 12 8014 2,,,4157 11 4283 15 4405 24 4530 30 4656 34 4783 37 4907 48 5033 51 5160 53 5288 19 5310 32 5415 20 5441 31 5541 22 5572 29 5668 24 5701 28 5795 25 5829 29 5922 26 5957 30 6050 25 6085 31 6178 25 6214 31 6305 20 6343 9 6355 19 6433 17 6451 2 6471 8 6484 19 6562 20 6600 7 6613 19 6690 22 6729 6 6741 19 6819 21 6844 1 6859 4 6870 18 6947 19 6971 3 6997 19 7076 18 7124 20 7203 19 7254 18 7331 19 7385 15 7459 19 7514 14 7587 17 7643 12 7716 15 7771 12 7847 10 7900 10 7977 8 8030 3 8035 1 8106 6 8235 5,,8005 5 8132 7 8258 11 8386 12 8513 13 8641 14 8768 16 8895 17 9023 18 9151 18 9281 15 9410 13 9429 1 9525 5 9539 11 9554 7 9652 9 9668 9 9681 8 9780 15 9796 10 9807 9 9909 14 9924 20 10037 35 10166 33 10295 32 10423 2 10426 28 10551 2 10555 4 10562 19 10680 2 10684 2 10691 10 10703 6 10819 10 10833 3 10948 8 11077 5 11205 4 11334 2 11462 2 11590 2 11718 1,6427 3 6554 4 6638 1 6682 3 6765 3 6810 3 6892 5 6939 2 6943 1 7020 5 7067 2 7071 2 7123 1 7150 3 7196 2 7199 2 7249 5 7278 3 7324 2 7327 2 7377 7 7405 3 7452 5 7478 3 7505 7 7531 4 7581 4 7604 7 7633 8 7658 4 7710 3 7731 8 7761 8 7786 3 7839 3 7858 9 7889 9 7913 4 7967 3 7985 11 8017 9 8040 4 8096 3 8112 12 8145 8 8164 7 8225 3 8240 11 8274 7 8291 7 8354 3 8362 6 8370 8 8402 6 8416 10 8480 16 8500 4 8532 1 8540 14 8608 16 8667 16 8737 15 8795 16 8865 16 8922 16 8994 16 9050 16 9122 15 9179 14 9251 14 9307 14 9380 14 9433 15 9509 14 9561 14 9637 14 9689 14 9766 13 9816 14 9895 13 9944 13 10024 12 10072 12 10153 12 10199 12 10282 11 10327 11 10410 12 10454 9 10539 12 10581 10 10667 13 10709 9 10795 4 10800 10 10837 9 10923 3 10928 12 10941 4 10958 2 10965 9 11056 18 11085 5 11092 10 11184 19 11212 18 11313 19 11338 19 11441 19 11465 19 11570 19 11593 19 11698 19 11721 18 11828 17 11849 11 11861 5 11957 2 11961 12 11977 10 11991 1 12090 10 12105 8 12220 7 12234 5
gap_fc8f918247b622be77,,7247 3 7375 4 7467 2 7502 5 7594 4 7630 4 7722 5 7757 5 7851 5 7885 5 7979 6 8014 4 8107 5 8142 4 8235 5,,,5292 5 5311 6 5419 7 5436 11 5458 4 5546 9 5562 14 5585 6 5674 9 5689 16 5712 8 5802 9 5817 17 5839 10 5930 9 5944 19 5966 14 6059 8 6071 37 6188 7 6199 37 6317 6 6326 38 6446 5 6454 37 6575 5 6582 37 6702 45 6831 36 6868 7 6959 29 6997 5 7087 28 7127 2 7216 27 7350 20 7479 18 7607 17 7735 17 7863 16 7991 16 8120 14 8248 14 8376 13 8504 13 8632 11 8760 10 8888 9 9016 9 9144 10 9272 11 9400 12 9528 13 9656 13 9784 13 9912 13 10039 14 10167 13 10295 13 10423 13 10551 13 10680 12 10810 10 10939 9 11068 7 11196 6,,4546 3 4675 3 4809 1 11978 4 12094 7 12104 6 12213 3 12218 19 12340 24 12469 17 12598 16 12732 9 12861 2,6114 1 6241 2 6368 6 6426 2 6495 7 6554 4 6623 7 6681 6 6750 11 6809 7 6877 14 6937 8 7004 17 7065 9 7130 20 7189 1 7193 10 7257 22 7315 5 7321 15 7379 28 7441 24 7507 29 7568 26 7634 30 7695 27 7762 30 7822 29 7890 30 7949 30 8018 31 8077 30 8146 31 8205 30 8274 31 8333 31 8402 31 8461 31 8531 31 8589 30 8662 28 8717 27 8789 29 8844 29 8916 30 8972 29 9044 30 9100 30 9172 30 9228 30 9300 30 9356 30 9428 30 9484 30 9556 30 9612 30 9684 30 9739 31 9813 7 9821 21 9868 20 9889 9 9941 6 9949 21 9996 20 10018 8 10069 5 10077 22 10124 21 10147 6 10198 2 10204 8 10213 14 10252 21 10276 5 10333 4 10341 14 10380 21 10406 2 10461 23 10508 14 10524 5 10590 22 10636 14 10652 6 10717 23 10764 22 10844 24 10892 23 10969 26 11020 24 11096 26 11149 25 11222 27 11278 25 11349 26 11407 25 11477 23 11538 23 11604 21 11668 23 11731 20 11798 22 11859 18 11930 20 11985 15 12061 18 12112 13 12192 17 12240 10 12323 15 12366 10 12456 10 12494 7 12586 9 12621 5 12717 6 12849 1
gap_e52686a3b6a8b6bb34,,6867 1 6993 4 7080 3 7120 5 7208 5 7248 5 7335 8 7375 6 7464 7 7504 4 7592 7 7632 4 7721 6 7762 1,,,5437 8 5563 13 5689 16 5816 18 5943 20 6071 21 6198 23 6326 23 6453 8 6469 8 6581 6 6598 8 6708 6 6727 7 6836 7 6855 7 6964 7 6983 7 7092 10 7111 6 7219 12 7240 5 7347 12 7368 4 7475 11 7496 4 7603 10 7624 4 7731 6 7752 3 7859 6 7880 3 7987 6 8008 3 8115 6 8137 2 8243 5 8264 3 8371 5 8392 2 8499 4 8520 2 8628 2 8648 1 8775 2 8903 1 9030 1 9153 2 9156 2 9794 3 9800 1 9921 4 9926 4 10048 4 10056 1 10175 6 10299 10 10426 12 10554 12 10681 13 10809 14 10937 13 11065 13 11193 13 11322 12 11451 10 11580 8 11709 6,6461 8 6587 11 6714 13 6843 12 6971 12 7102 9 7231 9 7359 9 7486 10 7613 11 7737 15 7865 15 7995 13 8124 13 8252 12 8381 11 8509 11 8638 10 8767 8 8895 8 9024 6 9155 1,12353 4 12477 9 12604 8 12735 3,6111 2 6238 5 6365 6 6492 7 6555 6 6618 8 6682 8 6745 8 6809 10 6871 11 6886 4 6938 11 6998 12 7012 7 7067 11 7125 14 7140 9 7197 10 7253 25 7324 11 7381 26 7442 4 7451 13 7508 28 7567 9 7579 13 7636 28 7695 10 7707 14 7763 15 7779 14 7822 11 7835 14 7891 15 7907 14 7949 12 7963 14 8021 13 8035 14 8077 13 8091 15 8149 29 8204 14 8219 16 8276 30 8332 14 8347 16 8403 31 8460 31 8531 31 8588 31 8633 2 8659 32 8715 33 8761 3 8787 32 8843 32 8889 3 8915 32 8971 32 9017 3 9043 32 9099 32 9171 32 9227 32 9299 32 9355 32 9427 32 9483 32 9555 32 9612 10 9623 20 9683 11 9695 20 9740 31 9811 10 9823 20 9868 17 9886 13 9939 9 9951 20 9996 18 10015 12 10068 7 10080 19 10124 17 10144 11 10196 4 10213 15 10252 15 10273 10 10340 17 10379 15 10403 8 10466 19 10507 15 10532 8 10592 21 10635 15 10664 3 10719 22 10763 17 10844 25 10891 19 10968 28 11019 22 11095 28 11148 25 11222 27 11277 27 11349 25 11407 26 11475 25 11536 26 11602 23 11667 26 11729 21 11797 26 11856 19 11928 25 11983 18 12059 22 12110 16 12190 20 12237 15 12322 17 12364 13 12454 13 12492 8 12587 9 12621 2
gap_5792784b0e3e8f5ec5,5581 2 5709 3 5838 2 5966 2 7235 3 7363 3 7491 3 7619 3 7747 3 7876 2,6091 1 6218 4 6345 6 6473 6 6600 8 6728 8 6856 8 6984 8 7113 6 7241 6 7370 4,4054 5 4182 7 4309 9 4435 13 4561 16 4688 18 4815 20 4943 21 5071 22 5199 23 5328 23 5456 23 5584 24 5712 24 5841 24 5969 24 6097 25 6225 25 6353 26 6481 26 6609 26 6737 26 6865 26 6994 25 7122 25 7251 24 7379 24 7508 23 7637 22 7765 22 7892 23 8019 24 8148 23 8275 23 8404 22 8532 22 8604 4 8661 20 8731 7 8790 18 8859 8 8918 17 8987 8 9046 16 9116 8 9174 12 9244 8 9303 10 9372 8 9432 8 9501 8 9561 6 9630 7 9690 4 9759 5,8018 1 8106 3 8146 2 8232 5 8359 6 8373 1 8487 6 8500 4 8615 5 8627 6 8742 7 8755 6 8870 9 8882 7 8998 18 9127 17 9255 16 9383 16 9511 15 9640 14 9770 11,3397 2 3517 15 3640 26 3766 30 3893 32 4020 33 4146 35 4274 35 4401 34 4520 7 4528 33 4644 22 4670 18 4770 24 4798 17 4897 25 4927 16 5024 25 5055 16 5151 27 5183 16 5278 28 5311 17 5405 30 5439 17 5533 31 5568 8 5579 2 5583 1 5660 33 5697 7 5707 2 5788 32 5826 5 5836 2 5840 1 5916 32 5955 4 5964 2 5968 1 6044 30 6085 1 6092 5 6172 30 6222 2 6300 29 6428 19 6450 7 6557 17 6579 7 6686 14 6708 6 6815 12 6838 5 6944 11 6967 3 7073 9 7095 4 7202 8 7225 2 7330 8 7353 2 7457 10 7582 13 7708 15 7835 17 7963 19 8091 15 8109 1 8219 10 8237 1 8347 10 8476 8 8608 4,,7871 2 7998 4 8004 1 8009 1 8127 2 8132 2 8137 1 8255 2 8259 3 8266 1 8383 8 8393 3 8510 16 8638 16 8766 17 8809 1 8894 5 8900 11 8936 2 9021 5 9029 10 9064 1 9147 7 9159 9 9274 10 9286 10 9402 4 9407 18 9529 4 9534 21 9628 1 9658 3 9662 21 9757 1 9783 1 9786 2 9790 21 9914 3 9918 21 10042 3 10051 15 10171 3 10184 9 10299 3 10304 17 10428 1 10432 16 10562 9 10691 2 10939 1,10416 5 10542 7 10669 9 10686 3 10797 9 10812 1 10814 8 10924 12 10940 11 11052 12 11067 12 11083 1 11180 12 11195 12 11211 2 11309 10 11322 9 11339 3 11438 8 11450 8 11467 3 11567 6 11578 7 11706 1 11708 2
gap_4a74c893d45b532806,4052 4 4178 9 4305 13 4433 15 4561 17 4689 20 4818 23 4947 24 5084 16 5220 10 5258 3 5350 9 5385 3 5480 8 5513 3 5610 7 5640 4 5739 7 5768 3 5869 6 5896 3 5998 6 6024 3 6127 5 6152 2 6256 5 6280 1 6385 4 6408 1 6514 3 6535 2 6643 3 6663 1 6772 2 6791 1 6918 2 9131 2 9259 3 9387 3 9515 3 9643 4 9771 4 9898 6 10026 7 10153 8 10281 9 10408 11 10535 13 10662 14 10789 15 10916 16 11043 16 11169 18 11295 19 11421 21 11547 22 11676 20 11806 16 11937 9 11947 1,3244 1 3369 1 8595 1 8723 6 8852 5 8995 2 9535 2 9663 4 9793 2,5172 3 5177 1 5300 10 5428 12 5556 16 5575 1 5683 23 5810 25 5937 27 6066 26 6194 26 6322 25 6450 24 6580 25 6708 25 6838 23 6967 22 7102 15 7232 13 7360 13 7490 11 7530 2 7578 2 7621 8 7657 6 7703 7 7751 1 7755 1 7784 8 7830 9 7881 5 7911 11 7958 10 8009 6 8038 12 8085 12 8139 4 8165 13 8212 15 8266 2 8292 14 8340 18 8396 3 8418 17 8468 18 8523 2 8531 3 8545 18 8596 18 8650 3 8657 9 8667 1 8669 21 8729 14 8779 3 8786 6 8793 27 8857 1 8863 8 8907 4 8913 36 8994 1 8997 1 9035 5 9041 36 9164 41 9293 9 9303 30 9421 8 9432 29 9548 9 9560 28 9677 8 9688 28 9806 7 9815 29 9934 38 10062 38 10194 34 10321 35 10448 36 10577 35 10705 34 10833 34 10962 34 11090 33 11217 33 11345 34 11474 32 11603 31 11731 30 11860 26 11988 23 12117 22 12246 19 12266 1 12374 18 12503 16 12633 12 12763 8,,5031 1 5037 5 5074 6 5083 1 5157 15 5204 1 5206 1 5285 15 5327 3 5331 1 5414 14 5454 6 5549 7 5579 10 5678 5 5706 12 5725 1 5797 4 5806 4 5835 12 5848 7 5964 20 5986 2 6092 25 6220 25 6349 21 6375 1 6479 27 6605 31 6733 32 6837 1 6861 32 6989 32 7117 33 7245 32 7373 31 7501 29 7629 28 7752 3 7756 28 7877 4 7886 25 8008 1 8015 23 8137 2 8143 22 8268 24 8374 2 8399 19 8501 3 8525 6 8534 11 8630 2 8653 4 8666 1 8668 1 8758 2 8782 4 8792 1 8911 2 9040 1 9302 1 9429 3 9557 3 9685 3 9813 2,,3107 3 3120 3 3245 1 3249 5 3268 2 3368 1 3372 2 3378 4 3394 5 3506 3 3521 6 3649 5 3769 1 3773 1 3779 3 3786 4 3897 1 3908 1 3913 5 4042 4 4585 1 4715 1 4844 3 4973 2 5102 2 5126 2 5253 3 5381 2 5509 2 6005 2 6133 2 6261 3 6390 2 6518 3 6532 1 6647 2 6660 2 6787 3 6915 3 7043 2 7171 2 7187 3 7314 4 7442 2 7570 2 7825 2 7928 1 7953 2 8056 2 8081 1 8184 2 8313 1 9788 1 9847 2 9915 4 9975 2 10042 8 10103 2 10169 11 10230 3 10297 12 10358 2 10424 13 10552 13 10680 13 10807 14 10934 16 11061 17 11190 16 11317 7 11325 8 11445 7 11453 2 11457 4 11574 9 11586 3 11702 9 11712 6 11830 18 11956 21 12080 1 12083 7 12091 15 12206 2 12211 6 12220 4 12226 8 12332 3 12338 6 12349 2 12354 10 12455 5 12466 6 12474 1 12477 2 12482 6 12490 3 12580 7 12596 2 12602 1 12605 2 12610 5 12618 5 12709 5 12725 1 12730 1 12732 3 12741 1 12747 4 12778 1 12860 3 12865 1 12876 4 12904 3 12988 3 12992 3 13006 3 13030 4 13116 3 13121 2 13128 1 13135 3 13157 4 13244 3 13249 2 13284 3 13373 1,3479 2 3603 4 3729 5 3856 5 3983 5 4111 2 7190 2 7318 3 7444 5 7572 6 7698 5 7827 3 7955 3 8082 3 8209 3 8338 2 8466 2 8581 1 8594 1 8709 1 11018 3 11147 3 11275 4 11404 3 11533 3 11661 4 11790 4 11914 1 11919 3 12043 2 12047 4 12172 4 12177 3 12301 1 12306 2 12435 2 12600 2 12703 3 12707 2 12727 3 12832 7 12852 6 12979 7 13092 2 13108 5 13125 2 13221 1 13226 2 13237 3 13251 7 13354 2 13364 2 13377 12 13506 12 13636 10 13772 2
gap_311407457602aaa05a,,,,,,,,8931 6 9058 10 9108 5 9185 12 9234 8 9312 14 9360 11 9438 16 9487 13 9565 17 9615 14 9692 18 9743 16 9799 1 9820 18 9871 17 9927 2 9948 18 9999 17 10056 2 10077 16 10127 17 10184 3 10206 14 10256 14 10313 4 10385 10 10441 5 10514 5 10570 5 10700 3 10727 4 10851 10 10976 14 11024 5 11099 19 11152 11 11223 22 11280 15 11349 24 11409 16 11476 24 11538 17 11604 23 11667 17 11731 22 11796 18 11857 23 11925 20 11984 22 12054 24 12111 20 12184 23 12239 16 12315 21 12367 13 12447 18 12495 9 12578 15 12623 6 12713 8
gap_61f68b922800ea043b,,6208 2 6461 1 6588 4 6717 4 6724 1 6844 5 6850 5 6972 4 6978 6 7100 4 7106 6 7234 6 7362 6 7491 4,,7510 3 7636 7 7721 7 7763 10 7847 10 7890 13 7974 12 8018 14 8101 13 8146 15 8228 14 8274 16 8356 14 8402 17 8483 15 8530 18 8611 14 8658 18 8739 14 8786 19 8866 15 8914 19 8994 14 9041 20 9122 13 9170 18 9251 11 9298 18 9379 10 9426 17 9509 5 9555 16 9685 13 9814 11 9943 9 10073 5,4528 6 4548 2 4551 9 4653 11 4671 21 4780 13 4796 30 4907 49 5026 4 5033 55 5153 4 5161 57 5280 4 5288 34 5324 23 5408 3 5416 34 5456 20 5535 3 5544 16 5561 16 5586 19 5662 3 5672 14 5690 8 5710 1 5715 18 5790 2 5801 12 5818 7 5843 19 5917 2 5931 9 5947 6 5957 3 5972 19 6045 1 6061 6 6077 5 6084 5 6100 19 6172 2 6181 2 6189 7 6206 2 6212 6 6220 2 6225 1 6230 18 6299 4 6307 8 6317 9 6332 1 6335 4 6340 14 6359 18 6425 8 6434 15 6453 3 6459 2 6462 3 6467 16 6488 17 6553 24 6582 2 6586 2 6592 1 6598 36 6681 25 6710 7 6728 34 6810 24 6837 7 6857 17 6875 15 6938 25 6965 7 6986 16 7004 14 7066 25 7093 7 7115 16 7132 14 7195 24 7222 6 7244 15 7260 14 7324 12 7339 8 7350 5 7373 13 7389 13 7452 11 7470 3 7508 2 7513 1 7522 8 7579 11 7651 7 7707 10 7779 7 7834 10 7907 7 7962 9 8036 6 8090 8 8164 6 8219 6 8292 5 8347 5 8421 4 8477 2 8549 4 8676 4 8806 1,,6764 1 6892 1 7614 6 7741 10 7868 12 7995 14 8122 15 8250 15 8378 16 8506 16 8634 16 8762 15 8890 15 9019 14 9147 13 9275 2 9279 9 9401 15 9529 15 9657 16 9785 16 9913 6 9921 8 10041 5 10051 6 10180 5 11072 2 11200 2,7755 3 7862 2 7883 3 7988 4 8011 4 8116 5 8139 4 8243 6 8267 4 8371 6 8395 5 8498 7 8523 5 8626 7 8651 5 8754 7 8779 5 8881 8 8907 6 9009 7 9035 6 9138 6 9163 6 9267 4 9291 5 9419 5 9548 3 9676 2 9805 1 9904 7 9932 3 10026 13 10060 6 10154 14 10187 9 10281 16 10301 5 10313 14 10409 48 10537 49 10666 48 10794 22 10818 23 10923 20 10947 22 11053 18 11075 21 11182 16 11203 19 11313 2 11316 8 11332 17 11461 13
