case_id,lung_airway,cardiomediastinal,hepatosplenic,renal_adrenal,bowel_pancreas,pelvic_urinary,axial_bone,appendicular_muscle
gap_f5af448c110e974293,4535 2 4660 25 4781 39 4905 47 5029 21 5052 30 5154 23 5181 31 5279 25 5310 32 5405 27 5439 32 5532 27 5568 32 5659 28 5697 32 5785 30 5826 32 5912 30 5955 32 6039 31 6084 32 6166 31 6214 31 6293 32 6343 31 6420 32 6473 30 6547 32 6602 30 6675 32 6730 30 6802 33 6859 30 6929 34 6987 30 7057 34 7115 31 7185 34 7243 32 7313 34 7371 32 7441 34 7499 32 7569 27 7597 7 7628 32 7697 26 7726 5 7756 32 7825 26 7856 3 7879 2 7885 31 7953 27 7998 11 8013 31 8081 27 8124 13 8141 32 8209 28 8252 14 8269 32 8337 29 8379 16 8396 33 8465 29 8508 3 8513 44 8593 29 8642 43 8722 29 8770 43 8850 29 8898 42 8979 27 9009 2 9026 42 9107 27 9135 4 9154 42 9236 31 9283 41 9364 32 9411 40 9493 31 9541 38 9621 31 9670 37 9749 31 9799 35 9878 31 9927 35 10007 32 10056 33 10136 34 10184 33 10264 34 10312 32 10393 33 10441 30 10522 32 10569 30 10651 30 10697 29 10780 29 10825 28 10908 29 10953 27 11037 27 11082 25 11167 24 11210 25 11296 23 11339 22 11425 21 11468 20 11554 18 11597 17 11684 15 11726 15 11815 10 11856 11 11987 6,5948 6 6074 9 6201 11 6329 12 6456 16 6584 17 6711 19 6839 20 6967 20 7095 20 7223 20 7352 9 7363 7 7482 4 7491 6 7620 3 8111 4 8239 7 8368 5 8496 4 8625 1 8886 5 9013 7 9140 9 9268 9 9396 9 9524 10 9652 10 9780 9 9909 8 10039 3,,,8635 6 8763 7 8891 7 9020 6 9149 5 9277 3,,3896 8 4021 12 4148 15 4275 17 4401 23 4528 6 4545 1 4954 1 5083 1 5213 2 5342 2 5403 2 5471 2 6418 1 6545 2 6672 3 6800 2 6928 1 7532 1 7660 1 7695 2 7788 2 7822 3 7916 3 7950 3 8044 3 8078 3 8173 2 8206 3 8301 2 8335 1 8429 2 9105 2 9233 3 9324 2 9361 3 9451 3 9490 3 9535 4 9579 3 9618 3 9662 7 9707 3 9747 2 9789 9 9835 2 9876 1 9917 10 9963 2 10044 11 10172 11 10300 11 10427 12 10555 12 10599 2 10683 12 10726 3 10811 12 10853 4 10939 12 10980 4 11035 1 11067 12 11108 3 11163 2 11195 12 11235 3 11291 4 11322 13 11363 2 11420 5 11450 13 11549 5 11576 16 11679 4 11702 20 11808 6 11828 7 11838 5 11847 5 11937 7 11953 9 11967 4 11976 5 12067 21 12095 3 12110 5 12197 17 12223 2 12239 7 12351 2,9740 2 9867 4 9995 4 10098 3 10123 5 10225 4 10252 4 10352 5 10381 4 10480 5 10511 3 10606 5 10640 3 10734 3 10769 3 10861 3 10897 3 10989 2 11027 2 11116 3 11156 2 11243 3 11285 4 11370 3 11414 4 11497 4 11543 4 11624 4 11673 2 11751 4 11845 1 11877 5 11962 4 11971 5 12004 5 12088 7 12098 8 12132 3 12215 8 12226 10 12260 2 12341 10 12353 12 12468 11 12481 13 12597 10 12610 11 12727 7 12739 8
gap_5296f1202eee3792d4,8009 1 8135 6 8263 7 8391 8 8520 7 8648 7 8777 6 8905 6 9034 5 9163 4 9291 4 9419 4 9548 3 9676 3 9804 3 9932 3 9967 2 10060 3 10095 2 10188 4 10222 2 10316 5 10349 3 10445 4 10476 3 10573 5 10603 3 10701 6 10730 3 10830 6 10857 2 10959 6 11087 8 11216 9 11345 10 11475 9 11607 6,7369 3 7497 3 7625 3 8000 3 8127 5 8253 8 8380 9 8508 9 8636 8 8765 6 8894 4,3767 13 3893 20 4020 26 4149 41 4277 44 4406 45 4535 45 4664 45 4792 46 4920 47 5048 48 5176 49 5305 49 5433 50 5561 51 5689 51 5817 52 5946 51 6075 50 6204 50 6333 49 6463 47 6592 47 6722 45 6852 44 6981 43 7109 43 7237 44 7366 3 7372 37 7494 3 7500 37 7624 1 7628 37 7756 37 7886 36 8015 35 8143 35 8272 34 8400 34 8528 34 8656 34 8727 2 8784 34 8852 6 8912 34 8979 9 9040 34 9107 15 9168 33 9235 16 9255 6 9296 33 9363 27 9424 33 9491 28 9552 32 9620 29 9680 32 9748 29 9808 31 9877 27 9936 31 10005 25 10065 29 10134 22 10193 28 10263 20 10321 27 10392 18 10450 25 10521 17 10579 23 10651 14 10709 20 10780 13 10838 18 10911 10 10967 16 11041 7 11096 12 11171 3 11226 7,8886 1 9015 2 9143 2 9272 1 9522 4 9649 6 9777 6 9904 8 10030 10 10156 11 10283 12 10410 13 10538 12 10665 12 10793 12 10921 11,4143 6 4270 7 4397 9 4524 11 4652 12 4779 13 4907 13 5035 13 5162 14 5289 16 5417 16 5537 4 5544 17 5664 6 5672 17 5790 27 5918 26 6045 27 6173 27 6300 28 6427 30 6554 32 6680 35 6807 37 6935 39 7063 40 7191 41 7319 42 7447 10 7458 32 7575 7 7587 26 7615 3 7702 7 7715 25 7830 7 7843 24 7958 6 7972 23 8086 6 8100 23 8214 6 8224 26 8343 4 8351 25 8471 4 8479 24 8607 8 8617 13 8735 7 8747 11 8863 7 8876 10 8993 1 9008 6 9138 3,,3998 2 4123 5 4250 5 4377 6 4505 5 4585 2 4633 4 4713 4 4761 2 4841 4 4970 4 5099 3 5228 3 5269 2 5357 2 5397 2 5486 2 5524 3 5651 3 5779 3 5907 2 6035 2 6257 1 6385 2 6512 3 6641 2 6674 1 6769 2 6801 2 6897 2 6929 3 7025 2 7057 3 7153 2 7184 3 7313 2 8435 1 8563 1 8691 2 8721 1 8819 2 8849 2 8947 2 8977 2 9075 1 9105 2 9154 6 9233 2 9280 10 9361 2 9407 11 9489 2 9535 12 9662 13 9790 13 9918 13 10045 14 10173 14 10301 14 10428 15 10555 15 10682 16 10809 17 10936 18 11036 3 11063 24 11113 2 11164 4 11189 5 11195 2 11199 16 11240 3 11293 4 11316 3 11329 4 11342 3 11366 4 11422 4 11442 3 11458 3 11472 2 11493 4 11551 3 11586 1 11603 2 11621 3 11749 2,11321 2 11324 3 11447 10 11462 7 11572 13 11589 10 11691 22 11716 13 11817 24 11844 16 11944 25 11972 22 12072 25 12100 24 12201 23 12228 24 12332 19 12357 22 12462 15 12486 18 12617 12 12748 5
gap_deac151dc54033d129,,6845 4 6962 4 6972 7 7088 7 7100 7 7110 4 7216 6 7228 7 7238 5 7344 4 7356 7 7365 7 7485 5 7493 10 7614 3 7622 9 7751 4,6804 2 6931 4 7059 2 7063 1 7187 1 7191 2 7315 1 7320 1 7443 1 7448 1 7571 1 7576 2 7699 1 7705 1 7827 1 7832 3 7955 1 7960 3 8083 2 8087 4 8211 8 8339 8 8467 8 8595 8 8723 7 8851 7 8980 6 9108 6 9237 4 9366 3,6945 5 7061 2 7072 8 7188 3 7199 10 7255 3 7316 4 7326 12 7382 5 7444 4 7454 13 7509 7 7572 4 7581 15 7637 8 7700 5 7709 16 7765 9 7828 4 7837 17 7893 9 7956 4 7965 8 7977 6 8021 9 8085 2 8094 7 8105 6 8144 1 8150 9 8222 7 8233 6 8270 5 8279 8 8350 7 8360 7 8397 6 8407 8 8478 7 8487 7 8525 6 8535 8 8606 15 8653 6 8663 7 8734 15 8781 7 8791 7 8862 14 8909 8 8918 8 8991 12 9038 16 9119 11 9166 16 9248 8 9294 15 9377 5 9423 14 9551 14 9680 12 9809 10 9938 8 10068 4,2755 7 2882 9 2996 3 3010 10 3120 9 3139 18 3242 16 3267 20 3366 21 3393 26 3492 24 3520 31 3618 63 3746 63 3873 52 3927 11 4001 34 4038 8 4047 5 4055 11 4129 18 4152 8 4178 1 4183 10 4257 17 4282 2 4312 9 4385 16 4440 7 4512 17 4569 5 4640 11 4653 5 4767 11 4783 2 4834 3 4894 13 4936 2 4961 5 4971 4 5020 15 5063 5 5088 7 5098 6 5147 17 5190 8 5216 8 5226 6 5273 21 5308 4 5317 9 5344 8 5354 7 5400 6 5411 13 5427 2 5435 19 5460 6 5473 7 5483 6 5527 6 5541 12 5555 1 5563 19 5587 7 5601 7 5611 5 5655 6 5669 13 5693 17 5712 9 5730 6 5741 3 5782 7 5797 13 5823 4 5833 15 5859 8 5910 7 5925 13 5952 3 5960 15 5987 9 6038 7 6054 12 6081 2 6088 15 6114 11 6128 2 6166 5 6183 9 6210 1 6215 16 6242 11 6256 2 6295 3 6340 19 6369 12 6384 2 6469 19 6497 13 6513 1 6598 19 6624 14 6639 3 6727 18 6752 18 6855 18 6880 18 6983 6 6990 10 7008 19 7114 2 7119 4 7124 4 7137 18 7243 3 7247 1 7265 18 7372 3 7393 18 7522 16 7651 15 7779 14 7908 13 8036 12 8164 11 8293 6,,7864 6 7991 10 8118 12 8246 13 8374 14 8502 14 8629 16 8757 16 8885 16 9013 16 9142 14 9270 13 9398 13 9527 12 9654 13 9781 15 9908 17 10035 19 10162 21 10289 22 10423 10 10555 6 10683 4 10811 3 10938 4 11066 4 11195 3 11323 3 11452 1,8242 1 8369 3 8496 5 8624 5 8751 6 8774 4 8879 6 8902 5 9007 6 9029 6 9135 6 9157 6 9263 6 9285 6 9391 6 9412 8 9519 6 9540 8 9647 6 9668 8 9775 6 9796 8 9904 4 9925 7 10033 1 10054 5 10183 4 10311 3 10548 4 10669 13 10690 7 10792 18 10816 11 10919 19 10943 16 11047 19 11071 18 11175 19 11199 19 11302 19 11327 20 11431 18 11455 21 11559 18 11583 21 11687 18 11711 21 11816 17 11839 21 11946 14 11968 19 12076 10 12097 18 12226 16 12358 10
gap_5bf1e73744b2580044,,8119 2 8525 4 8635 3 8651 6 8761 6 8777 8 8889 6 8905 6 9017 6 9033 6 9146 4 9161 5 9289 4,,,4404 10 4528 16 4654 19 4681 3 4781 22 4807 8 4821 5 4909 36 4947 9 5037 36 5076 9 5159 2 5163 38 5205 10 5287 42 5333 11 5415 41 5462 11 5543 41 5590 13 5672 13 5686 7 5696 14 5717 15 5801 12 5815 6 5825 10 5845 15 5932 17 5954 8 5973 6 5981 7 6060 18 6083 6 6100 6 6109 7 6189 17 6212 3 6228 6 6237 6 6317 17 6355 6 6365 6 6446 8 6455 8 6482 8 6493 5 6574 9 6584 8 6610 9 6621 4 6704 17 6738 15 6833 16 6866 15 6963 13 6994 15 7092 12 7121 16 7220 13 7245 20 7349 12 7373 20 7478 12 7501 8 7510 10 7610 10 7628 9 7639 6 7740 24 7871 16 8000 14 8129 12 8260 8 8390 5 8520 2,,9522 5 9539 4 9650 7 9665 8 9778 27 9807 3 9906 36 10035 35 10163 34 10291 34 10419 33 10547 33 10676 32 10804 31 10932 31 11061 29 11189 29 11318 27 11446 27 11575 25 11704 23 11833 22 11962 1 11965 18 12095 9 12224 6,5794 2 5920 5 6048 5 6176 6 6303 8 6429 12 6556 14 6631 1 6683 16 6757 5 6811 17 6885 6 6938 19 7013 6 7065 21 7140 7 7192 23 7266 10 7320 24 7393 11 7447 27 7520 15 7575 29 7647 16 7703 30 7764 4 7774 18 7831 31 7891 6 7901 19 7959 32 8018 31 8087 32 8145 32 8215 33 8272 33 8343 33 8400 33 8471 32 8529 32 8599 32 8657 32 8727 32 8785 32 8855 32 8913 32 8983 31 9042 30 9111 29 9170 30 9240 26 9299 29 9368 26 9427 29 9495 27 9557 27 9622 28 9686 26 9750 28 9814 25 9878 28 9942 10 9953 14 10007 28 10070 24 10135 28 10197 24 10264 27 10325 24 10393 18 10412 7 10452 24 10522 17 10541 6 10580 23 10650 17 10668 8 10708 23 10779 25 10835 24 10908 24 10963 23 11037 24 11090 24 11166 15 11182 7 11218 23 11295 14 11311 7 11345 22 11425 13 11439 7 11473 21 11555 20 11600 20 11685 18 11727 20 11815 16 11855 18 11945 16 11983 16 12076 17 12110 15 12206 16 12233 3 12238 14 12336 15 12359 6 12367 11 12468 10 12488 5 12501 3
gap_505c5e72c8ab02164d,4553 7 4680 21 4809 21 4937 23 5066 23 5195 23 5324 24 5453 24 5581 25 5710 25 5792 3 5839 25 5919 4 5967 25 6045 6 6096 25 6172 7 6225 24 6299 8 6353 25 6426 9 6481 11 6499 7 6554 10 6609 10 6628 6 6681 11 6737 10 6757 6 6809 12 6865 9 6886 5 6936 13 6992 10 7014 5 7064 14 7120 10 7142 5 7192 14 7247 11 7270 5 7320 15 7375 11 7398 6 7447 16 7502 12 7525 7 7575 17 7630 12 7652 8 7703 18 7757 14 7779 9 7830 20 7884 16 7906 10 7958 21 8010 34 8086 22 8133 40 8214 23 8260 41 8342 24 8388 41 8470 26 8516 41 8598 27 8644 41 8725 32 8772 41 8853 33 8900 41 8982 32 9029 40 9110 32 9157 40 9238 32 9286 39 9366 32 9415 38 9494 32 9544 37 9622 32 9672 36 9750 32 9801 35 9878 32 9929 34 10007 31 10057 34 10135 31 10186 33 10263 31 10314 32 10392 30 10442 32 10521 29 10571 30 10649 29 10699 30 10777 29 10827 29 10906 27 10955 28 11035 26 11083 27 11164 25 11212 25 11293 23 11341 23 11422 21 11469 22 11553 16 11598 20 11683 12 11728 17 11814 6 11858 13 11989 6,5051 2 5175 12 5289 28 5416 30 5543 32 5671 32 5798 33 5926 40 6054 41 6182 42 6310 43 6438 43 6566 43 6694 43 6822 43 6950 42 7078 21 7101 19 7207 20 7230 17 7335 20 7359 16 7464 18 7491 11 7593 17 7620 10 7721 17 7748 9 7851 14 7877 7 7980 12 8008 1 8109 10 8238 8 8367 6 8505 7 8632 9 8759 10 8887 10 9015 10 9142 11 9270 10 9398 10 9526 9 9656 5,6492 7 6619 9 6747 10 6874 11 7002 12 7130 12 7258 12 7386 12 7514 11 7642 10 7771 8 7900 6,,7998 1 8125 4 8253 5 8382 4,,4042 10 4149 6 4170 13 4273 9 4299 13 4399 8 4429 12 4527 7 4560 8 4648 6 4655 4 4775 6 4833 1 4901 7 4961 2 5028 6 5090 3 5155 3 5219 3 5283 2 5348 3 5477 3 5606 3 5735 2 5864 1 5915 2 6041 4 6168 4 6296 3 6423 3 6551 3 6679 2 6807 2 7404 1 7532 2 7660 2 7788 2 7916 2 7956 2 8044 2 8083 3 8173 1 8211 3 8301 1 8339 3 8429 1 8467 3 8557 1 8595 3 8723 2 8852 1 9536 6 9662 9 9708 2 9789 11 9836 2 9916 12 9963 3 10004 3 10043 13 10091 3 10132 3 10170 14 10219 2 10260 3 10298 14 10346 3 10389 3 10426 14 10474 3 10517 4 10554 14 10601 3 10646 3 10682 14 10729 2 10775 2 10809 16 10857 1 10903 2 10936 17 11064 17 11192 17 11320 17 11447 18 11574 20 11702 6 11710 11 11832 3 11839 4 11847 2 11967 4 12065 4 12096 2 12118 8 12194 5 12223 3 12246 7 12323 6 12351 3 12375 4 12453 3 12479 3 12504 2 12608 1,11835 2 11846 1 11953 14 11972 11 12079 16 12099 14 12206 17 12227 15 12333 18 12355 16 12461 18 12483 17 12589 17 12611 17 12718 15 12741 14 12847 7 12877 5
gap_fbea1969b0eb81bf0d,3675 4 3802 7 3875 5 3930 8 4001 7 4060 6 4128 8 4189 6 4255 8 4318 5 4382 8 4447 5 4510 7 4576 5 4637 7 4705 4 4765 6 4835 3 4892 6 4964 3 5019 6 5093 2 5147 6 5222 2 5274 6 5351 1 5402 5 5529 6 5657 5 5784 5 5912 5 6040 5 6168 5 6295 6 6423 5 6551 4 6594 4 6679 3 6721 7 6806 3 6849 9 6934 3 6977 11 7062 3 7106 11 7190 2 7234 11 7318 1 7350 1 7362 12 7445 2 7478 1 7491 11 7573 2 7605 2 7619 12 7701 2 7733 2 7747 12 7828 3 7861 2 7875 12 7956 3 7989 2 8004 12 8084 3 8116 3 8133 11 8212 3 8244 4 8261 11 8340 4 8372 4 8390 11 8468 4 8499 6 8518 11 8596 4 8627 6 8647 11 8725 3 8754 7 8775 12 8853 3 8881 8 8904 11 8981 3 9009 8 9032 12 9109 3 9136 9 9161 12 9237 4 9263 10 9289 13 9365 4 9391 10 9417 14 9449 2 9494 3 9518 10 9546 15 9575 4 9622 3 9645 11 9674 16 9701 5 9751 3 9772 12 9802 19 9827 7 9879 4 9899 13 9931 30 10007 4 10026 14 10059 29 10136 4 10153 14 10188 28 10265 4 10279 16 10317 26 10393 6 10405 17 10445 25 10522 28 10574 22 10650 27 10703 20 10779 25 10832 17 10908 24 10962 13 11037 22 11092 10 11167 19 11297 15 11427 12 11558 6,6217 3 6344 5 6472 5 6600 5 6730 3 7228 3 7354 7 7481 9 7609 9 7736 10 7864 10 7992 10 8120 9 8248 9 8377 6,3391 8 3514 16 3639 21 3766 24 3893 26 4021 28 4150 28 4278 29 4406 39 4534 41 4663 42 4791 43 4920 44 5048 45 5177 45 5306 45 5436 44 5569 40 5699 39 5827 40 5956 40 6084 40 6212 5 6220 33 6340 4 6349 32 6469 3 6477 32 6563 1 6599 1 6605 33 6686 6 6733 33 6812 9 6861 33 6939 11 6989 33 7067 11 7118 32 7195 11 7246 33 7323 11 7374 33 7451 8 7503 32 7577 9 7590 1 7631 32 7705 10 7717 5 7759 32 7832 11 7845 7 7888 30 7960 21 8016 30 8088 22 8144 30 8216 24 8273 29 8344 25 8401 29 8472 25 8530 27 8600 25 8658 27 8728 24 8787 25 8856 24 8915 25 8985 23 9044 23 9113 22 9173 21 9241 22 9302 19 9369 21 9431 17 9498 19 9561 14 9626 19 9690 11 9755 17 9883 16 10012 13 10140 12 10270 9 10400 4,,4401 3 4527 7 4653 10 4780 11 4907 13 5033 15 5160 17 5287 19 5415 20 5542 21 5670 22 5798 22 5927 21 6055 21 6180 23 6308 23 6436 23 6564 15 6581 6 6589 2 6692 15 6709 11 6821 14 6837 10 6950 23 7078 22 7206 22 7334 16 7462 15 7591 13 7722 9 7852 6 7981 4,,2906 3 3032 6 3109 4 3160 7 3235 7 3289 6 3362 7 3419 3 3490 6 3617 6 3746 3 4068 1 4195 4 4324 3 4453 3 4582 2 4711 1 4889 2 5017 2 5144 3 5271 3 5399 3 5527 2 5997 1 6125 2 6253 2 6381 2 6421 2 6549 2 6676 2 7919 1 8047 1 8174 2 8302 2 8385 3 8430 2 8466 2 8510 7 8557 2 8594 2 8636 9 8686 1 8722 3 8763 11 8850 3 8890 13 8978 3 9018 13 9107 2 9146 13 9235 2 9273 15 9364 1 9402 14 9530 13 9658 13 9787 12 9915 12 10043 12 10171 12 10299 13 10426 15 10552 20 10680 17 10699 2 10723 1 10806 7 10815 4 10829 2 10849 3 10937 3 10944 3 10958 2 10975 4 11072 3 11102 4 11200 3 11229 4 11328 3 11356 3 11425 2 11456 3 11553 5 11584 3 11682 5 11712 3 11812 4 11841 2,10948 7 11067 4 11076 9 11192 7 11204 11 11318 9 11332 13 11445 10 11460 20 11571 12 11588 21 11696 15 11717 20 11822 17 11846 19 11949 18 11976 15 12076 18 12205 16 12335 12 12468 5
gap_02daecab79ab4c04f5,,,,,,,,6242 4 6369 7 6496 9 6624 10 6682 5 6751 12 6808 8 6879 12 6935 10 7007 12 7062 11 7135 12 7190 11 7262 13 7317 12 7390 13 7445 13 7518 12 7573 13 7648 9 7702 12 7831 10 7960 5 8651 1 8675 3 8728 4 8779 3 8801 6 8856 5 8907 4 8929 6 8984 6 9036 3 9056 8 9112 7 9165 1 9183 9 9240 10 9259 2 9311 10 9368 13 9385 4 9435 2 9439 10 9496 20 9561 4 9567 10 9624 19 9689 3 9695 10 9752 18 9823 10 9881 17 9950 11 10010 16 10076 12 10139 15 10203 12 10269 13 10329 12 10399 11 10455 13 10530 9 10582 12 10660 9 10709 12 10790 8 10837 11 10919 8 10964 11 11048 8 11091 10 11177 7 11218 10 11305 8 11347 8 11434 6 11563 5
gap_cabd65526627951603,,6991 4 7119 4 7248 3 7495 5 7622 7 7737 6 7749 9 7864 8 7877 10 7991 9 8005 10 8119 10 8133 10 8247 9 8261 10 8375 9 8390 8 8503 7 8518 7 8631 6 8647 5 8776 3,4010 10 4021 4 4052 7 4136 54 4263 57 4391 60 4519 62 4649 5 4657 54 4779 2 4785 55 4912 57 5040 57 5168 58 5296 59 5424 59 5553 58 5682 58 5811 58 5941 57 6070 56 6199 56 6328 22 6353 30 6458 18 6482 29 6587 14 6611 29 6716 12 6740 28 6847 10 6869 27 6976 11 6997 27 7104 12 7126 26 7233 12 7246 2 7254 27 7361 12 7374 6 7382 27 7490 5 7500 37 7619 3 7629 36 7758 36 7887 35 8015 35 8143 35 8271 36 8399 36 8527 36 8656 35 8785 33 8913 33 9043 31 9173 28 9231 5 9303 26 9359 7 9433 23 9487 8 9562 22 9615 9 9691 20 9743 10 9819 20 9871 11 9948 19 10000 10 10076 18 10128 10 10205 17 10257 10 10333 16 10385 10 10461 16 10514 9 10590 15 10642 10 10718 14 10771 9 10846 13 10900 9 10974 12 11029 7 11102 11 11160 2 11230 9 11358 7 11488 2,6307 2 6434 4 6562 4 6690 4 6818 4 6946 4 7074 4 7203 3 7331 3 7459 3 7587 4 7716 2 8113 1 8240 2 8367 3 8905 2 9260 4 9293 5 9386 7 9420 8 9513 8 9548 9 9640 9 9676 11 9766 11 9804 13 9893 11 9932 13 10019 13 10061 13 10146 13 10189 14 10273 13 10318 13 10401 13 10447 12 10529 12 10575 11 10657 11 10704 10 10785 10 10833 7 10914 7 10963 4,4635 5 4645 4 4654 3 4761 18 4781 4 4887 25 5013 27 5140 28 5268 28 5397 27 5524 29 5652 28 5778 29 5905 30 6032 30 6068 2 6160 30 6194 5 6288 19 6309 9 6321 6 6416 10 6429 5 6438 7 6448 6 6543 10 6557 5 6566 7 6576 5 6671 9 6685 5 6694 1 6697 4 6704 5 6799 8 6814 4 6825 4 6833 3 6926 8 6942 4 6953 5 6961 2 7054 7 7070 4 7081 5 7181 7 7198 5 7208 6 7309 7 7326 5 7336 6 7437 8 7454 5 7464 6 7565 8 7581 6 7592 8 7693 8 7709 7 7721 9 7821 8 7836 7 7850 8 7950 7 7962 8 7980 6 8080 4 8089 9 8108 5 8208 4 8217 11 8237 3 8336 3 8346 12 8463 3 8475 11 8607 7 8736 6 8865 4 8994 2,,2898 2 3024 5 3152 6 3160 4 3281 6 3288 5 3417 7 3497 1 3547 7 3623 2 3677 6 3806 6 3870 4 3936 5 3995 6 4065 4 4119 4 4194 3 4246 3 5098 3 5226 4 5355 3 5387 3 5483 4 5515 3 5611 4 5642 3 5741 2 5770 3 5898 2 6897 1 7025 2 7152 3 7281 2 7305 1 7409 2 7432 3 7537 2 7560 3 7689 1 9020 7 9146 10 9273 12 9355 2 9400 13 9456 2 9483 3 9528 14 9584 2 9611 3 9656 14 9711 3 9783 15 9839 3 9911 15 9967 2 10039 15 10167 15 10296 14 10424 14 10552 14 10680 14 10809 13 10937 13 11065 13 11193 13 11289 3 11321 12 11417 4 11449 11 11490 3 11546 3 11559 4 11579 7 11601 4 11616 5 11687 4 11709 4 11729 5 11744 4 11837 4 11965 4 12093 4 12221 4,11314 2 11440 6 11465 4 11567 9 11589 9 11693 14 11714 13 11820 16 11842 15 11946 18 11969 18 12069 24 12097 28 12198 23 12225 27 12328 20 12354 24 12457 19 12483 19 12589 13 12614 12 12722 5 12746 4
gap_780ef6910430c38ee4,,,,,,,6724 2 6849 7 6976 10 7102 13 7227 18 7354 20 7480 24 7607 27 7728 5 7739 26 7855 5 7867 27 7982 4 7995 29 8111 2 8123 29 8251 26 8378 26 8502 31 8626 35 8752 38 8878 28 8909 10 9005 15 9024 8 9038 2 9046 2 9132 15 9154 5 9259 8 9283 3 9386 6 9412 1,8197 3 8325 4 8454 4 8582 4 8698 1 8708 8 8826 2 8836 12 8954 2 8964 16 9092 15 9162 1 9220 13 9289 4 9350 11 9403 4 9416 6 9480 8 9527 6 9544 6 9611 5 9654 6 9671 5 9741 4 9783 3 9800 1 9870 3
gap_afd86adfb87c3bc343,,5945 13 6072 15 6199 16 6327 17 6455 18 6475 1 6583 18 6713 4 6718 10 6843 13 6971 12 7099 13 7225 17 7352 19 7482 18 7611 16 7746 9 7880 2 8009 1,,,3272 3 3277 3 3377 5 3396 14 3504 6 3523 17 3631 7 3645 27 3760 5 3772 31 3888 4 3900 14 3917 4 3922 11 4000 5 4017 2 4028 13 4051 12 4126 7 4162 5 4181 10 4251 10 4291 4 4313 8 4378 11 4419 4 4435 3 4443 9 4505 11 4547 4 4563 4 4572 9 4632 11 4676 3 4690 5 4703 7 4759 11 4792 1 4818 6 4831 7 4886 11 4919 3 4946 6 4960 6 5014 11 5047 2 5074 7 5088 7 5141 11 5175 2 5203 6 5218 5 5269 11 5332 4 5347 5 5397 11 5476 5 5525 11 5605 5 5653 13 5734 4 5781 14 5861 6 5909 14 5981 6 5989 6 6038 14 6108 15 6166 15 6235 16 6294 21 6319 1 6362 16 6423 25 6491 15 6552 23 6618 15 6690 12 6746 14 6820 10 6873 11 6951 7 6996 1 6998 14 7067 3 7080 5 7126 14 7193 7 7208 5 7255 17 7321 8 7336 4 7383 16 7449 8 7464 3 7512 11 7577 8 7640 11 7706 7 7768 10 7835 6 7897 7 7964 5 8094 2,,7864 12 7991 15 8118 17 8246 18 8373 20 8501 20 8629 20 8757 21 8885 21 9013 22 9140 24 9267 27 9395 28 9522 30 9650 30 9777 31 9900 1 9904 26 10029 28 10158 1 10161 23 10293 3 10299 9 10428 7 10558 4 10686 3 10815 2 10943 2 11071 2 11199 2 11327 2,7500 4 7528 2 7627 6 7655 4 7755 8 7782 5 7827 3 7854 6 7882 10 7909 6 7954 5 7979 9 8010 11 8036 8 8081 7 8106 10 8138 12 8163 9 8209 8 8232 12 8266 12 8290 9 8337 9 8360 12 8394 12 8417 10 8465 9 8487 13 8523 12 8544 10 8593 10 8615 13 8651 12 8671 10 8721 11 8743 12 8780 10 8797 11 8849 12 8871 12 8909 9 8923 13 8978 11 8999 10 9039 6 9049 15 9107 12 9128 8 9168 3 9176 16 9237 12 9257 5 9302 17 9366 14 9429 18 9494 18 9556 18 9622 19 9683 19 9751 20 9810 19 9879 21 9937 19 10008 21 10061 1 10065 18 10137 21 10188 3 10193 17 10266 21 10315 4 10321 16 10395 20 10441 22 10525 22 10553 3 10564 25 10654 23 10680 5 10691 25 10785 28 10819 23 10916 25 10946 22 11046 23 11074 20 11176 21 11202 19 11306 20 11330 18 11435 19 11458 17 11564 18 11586 15 11693 17 11714 14 11824 14 11842 13 11953 12 11971 10 12083 9 12101 6 12212 7
gap_92aa32afff4c9793eb,5701 6 5829 12 5935 4 5958 14 6061 6 6087 15 6187 7 6216 18 6313 7 6344 19 6439 7 6473 20 6565 8 6601 21 6693 7 6729 22 6820 8 6857 23 6948 7 6986 22 7075 8 7115 22 7203 8 7243 22 7331 8 7372 21 7459 9 7501 5 7511 10 7586 10 7629 3 7640 10 7714 11 7757 2 7768 10 7842 11 7884 3 7897 9 7970 12 8010 5 8025 9 8098 13 8130 13 8153 10 8226 14 8258 14 8281 10 8354 15 8387 13 8408 11 8482 16 8516 14 8536 11 8610 18 8634 4 8645 30 8738 29 8774 29 8866 29 8902 29 8994 29 9031 28 9123 28 9159 28 9251 28 9288 27 9379 28 9416 27 9507 28 9545 25 9636 27 9673 25 9764 27 9801 24 9893 26 9929 24 10022 25 10057 23 10150 24 10186 21 10279 23 10314 21 10408 22 10442 20 10537 20 10571 18 10666 18 10699 16 10795 16 10828 14 10925 11 10958 10 11056 3,6070 15 6195 20 6321 23 6446 26 6573 27 6700 28 6828 28 6955 29 7083 29 7211 29 7339 30 7468 31 7596 31 7725 30 7853 16 7876 6 7982 15 8006 3 8111 14 8240 13 8369 11 8499 7 8629 3 8640 5 8767 7 8895 7 9023 6 9151 6 9281 1,7507 3 7634 5 7761 7 7889 7 8017 7 8145 7 8273 7 8402 6 8531 4,,,,5306 4 5317 5 5431 8 5446 9 5558 7 5575 10 5685 4 5708 9 5842 5 5972 4 6058 3 6102 3 6184 3 6310 3 6436 2 6564 1 6623 1 7329 2 7394 1 7457 2 7585 1 8352 2 8480 2 8608 2 9282 4 9409 6 9536 8 9664 8 9792 9 9825 2 9919 9 9953 2 10020 1 10048 8 10080 3 10149 1 10176 8 10208 2 10277 2 10304 8 10432 7 10560 7 10688 7 10816 7 10945 6 11062 1 11074 4 11189 3 11202 3 11216 2 11331 2 11459 2,7408 2 7535 5 7663 5 7791 5 7919 4 8591 2 8718 4 8846 5 8973 6 9102 4 10940 4 10952 3 11067 6 11078 7 11194 8 11205 8 11320 10 11333 9 11448 10 11461 10 11577 8 11590 8 11720 2
gap_4b2a83d80c4b0a3ea0,4401 5 4527 11 4653 20 4780 41 4906 45 5032 49 5159 26 5186 24 5285 27 5315 24 5412 27 5444 24 5539 27 5573 24 5666 27 5702 24 5794 26 5830 25 5921 26 5959 24 6049 25 6087 25 6176 25 6215 26 6303 26 6344 25 6431 25 6472 25 6559 24 6600 26 6686 24 6729 25 6814 24 6857 26 6941 24 6985 26 7069 24 7114 25 7197 24 7242 25 7325 23 7371 25 7452 24 7499 25 7580 24 7627 25 7708 23 7756 24 7836 23 7884 24 7964 18 8013 23 8091 19 8142 23 8219 18 8271 22 8347 18 8400 21 8475 18 8528 21 8604 17 8656 21 8732 17 8783 22 8860 18 8909 23 8988 18 9025 9 9036 24 9116 18 9149 39 9245 17 9275 41 9373 18 9403 41 9501 19 9531 40 9629 20 9664 35 9757 20 9793 34 9886 19 9922 33 10014 19 10052 30 10143 18 10181 29 10271 17 10309 28 10399 16 10438 27 10528 15 10566 27 10656 15 10695 25 10785 14 10823 24 10914 13 10952 23 11043 13 11081 21 11172 12 11209 20 11300 14 11338 18 11429 15 11466 18 11558 14 11595 16 11687 13 11723 15 11817 9 11852 13 11946 6 11982 9 12112 6,6719 6 6846 9 6973 11 7101 11 7228 13 7356 13 7480 1 7483 14 7606 20 7733 22 7861 22 7989 8 7998 13 8111 1 8117 8 8127 11 8238 3 8244 9 8263 3 8366 3 8372 9 8391 2 8494 3 8499 11 8520 1 8622 16 8751 15 8879 14 9007 12 9135 11 9263 10 9391 8 9521 5 10161 6 10288 8 10415 9 10543 10 10671 9 10799 9 10927 9 11056 8 11185 6,,,9658 6 9785 7 9912 6 10041 3,,4017 1 4143 4 4157 10 4270 5 4284 14 4396 5 4412 17 4523 4 4541 16 4649 4 4677 5 4775 5 4902 4 5029 3 5156 3 5283 2 5411 1 5469 1 5597 2 5726 2 5855 2 5983 3 6112 2 6241 2 6369 2 6497 3 6626 2 6754 3 6883 2 7011 2 7139 2 7909 1 8037 1 8090 1 8165 1 8218 1 8293 1 8346 1 8474 1 8602 1 8730 1 8858 2 8986 2 9114 2 9242 3 9370 3 9499 2 9627 2 9756 1 10046 4 10173 7 10300 9 10339 1 10428 9 10466 2 10556 9 10593 2 10680 1 10683 10 10721 2 10808 1 10811 10 10848 3 10939 10 10975 3 11067 10 11103 3 11196 9 11231 2 11324 9 11358 3 11452 9 11485 3 11577 13 11612 3 11704 14 11740 2 11831 16 11867 2 11958 5 11966 5 11973 4 12072 1 12077 13 12095 2 12102 5 12202 9 12215 2 12223 2 12231 2 12236 5 12331 6 12351 2 12365 5 12479 2 12494 6 12626 2,9615 3 9712 1 9743 4 9839 3 9871 4 9967 3 10001 2 10094 4 10130 2 10222 3 10259 1 10349 3 10388 1 10476 3 10516 2 10604 2 10644 3 10731 2 10773 2 10858 3 10902 2 10985 3 11031 2 11112 3 11239 4 11366 3 11492 3 11548 3 11617 5 11676 4 11745 4 11806 3 12090 5 12098 4 12217 6 12225 6 12342 9 12353 7 12468 11 12481 7 12595 11 12609 7 12724 9 12738 5 12855 4
gap_7609100e7b3d5168b7,,,,,,,,7699 7 7826 9 7953 11 8081 11 8209 11 8297 6 8337 11 8424 8 8465 11 8551 10 8593 11 8679 10 8721 10 8806 11 8849 10 8934 11 8979 5 9062 11 9190 11 9318 11 9447 10 9496 3 9577 7 9613 16 9707 4 9740 19 9868 20 9995 22 10084 6 10123 23 10209 20 10252 22 10335 22 10381 22 10450 35 10510 21 10537 5 10576 37 10639 32 10703 37 10769 31 10830 37 10899 29 10957 36 11029 28 11084 35 11159 27 11211 34 11290 25 11339 32 11420 23 11466 31 11550 21 11594 29 11680 19 11722 26 11811 16 11850 23 11942 12 11979 19 12107 15 12237 8
gap_7edec5148186b6e1ec,4556 10 4681 16 4809 18 4938 18 5066 19 5196 19 5325 20 5455 20 5584 20 5713 20 5794 2 5841 21 5920 4 5970 20 6047 5 6098 21 6174 6 6227 21 6301 7 6355 21 6428 9 6483 22 6556 9 6611 22 6683 10 6739 22 6811 10 6866 24 6939 11 6993 25 7066 12 7121 26 7194 12 7248 27 7321 14 7376 27 7449 14 7503 28 7577 14 7631 28 7704 16 7758 29 7832 16 7885 31 7960 17 8012 32 8088 18 8139 33 8216 19 8267 33 8344 20 8395 32 8472 21 8522 33 8600 22 8649 34 8728 23 8772 9 8782 29 8856 25 8899 10 8911 28 8984 27 9026 41 9112 27 9154 41 9240 27 9282 41 9368 27 9411 40 9496 27 9541 38 9624 27 9670 36 9752 27 9799 35 9881 26 9928 33 10009 27 10057 32 10137 27 10185 32 10265 28 10313 32 10394 28 10441 31 10522 29 10570 30 10650 29 10698 29 10779 28 10827 28 10907 28 10955 27 11036 27 11083 26 11165 25 11212 25 11293 24 11341 23 11423 22 11470 21 11553 19 11599 19 11683 16 11728 16 11816 10 11858 12 11947 6 11988 7,4923 8 5048 15 5173 19 5300 21 5426 23 5549 27 5675 28 5802 28 5929 27 5963 6 6056 28 6089 9 6184 28 6214 12 6312 42 6440 42 6568 42 6695 43 6823 43 6951 42 7079 42 7207 41 7335 40 7463 29 7494 9 7592 38 7720 31 7754 3 7849 30 7978 30 8107 30 8236 29 8365 10 8379 14 8494 6 8514 6 8624 1 8781 1 8909 2 9014 6 9141 8 9268 10 9395 11 9523 11 9651 11 9779 11 9907 10 10036 9 10164 8 10294 3,,,8893 4 9021 5 9149 5 9278 4,,4035 13 4155 23 4275 31 4400 22 4427 6 4526 18 4653 10 4698 4 4782 5 4827 4 4956 5 5085 4 5215 3 5345 2 5409 1 5535 2 5662 3 5789 3 5916 4 6043 4 6171 3 6298 3 6426 2 6554 1 6633 2 6761 2 6890 2 7018 3 7147 2 7275 2 7319 1 7403 2 7446 3 7531 2 7574 3 7659 3 7701 3 7787 3 7829 3 7916 2 7957 3 8085 3 8213 3 8341 3 8469 3 8597 2 9323 1 9451 2 9494 2 9579 2 9621 3 9665 4 9706 3 9749 3 9791 8 9834 3 9878 3 9917 10 9961 3 10006 3 10045 10 10089 3 10134 3 10172 12 10217 3 10263 2 10299 13 10345 2 10391 2 10427 13 10472 3 10520 1 10555 13 10600 2 10683 13 10811 13 10938 14 11066 14 11194 14 11322 14 11450 15 11548 2 11577 18 11618 2 11677 2 11705 21 11745 3 11805 4 11827 3 11831 6 11840 4 11847 9 11870 5 11934 4 11954 4 11959 5 11969 2 11976 8 11997 5 12063 3 12080 5 12088 3 12097 2 12124 5 12192 3 12207 4 12217 1 12225 2 12251 5 12353 2 12379 2 12481 2 12609 2,11500 1 11627 1 11973 2 12091 5 12099 11 12212 5 12218 6 12227 13 12338 15 12355 16 12465 16 12483 16 12592 16 12611 16 12720 16 12740 12 12849 7 12870 3
gap_909a6d35a5c9e69803,,,,,,,11457 2 11584 3 11712 3,6942 2 7013 3 7070 2 7140 6 7240 3 7267 9 7323 4 7352 3 7369 3 7395 11 7448 8 7479 3 7497 4 7522 13 7574 11 7607 3 7626 4 7650 13 7701 12 7733 4 7755 4 7778 13 7828 13 7861 4 7884 4 7906 13 7955 14 7988 3 8013 4 8035 12 8083 14 8115 3 8142 4 8164 11 8211 14 8241 4 8272 4 8292 11 8339 13 8368 3 8401 6 8421 10 8468 11 8492 6 8531 9 8549 9 8596 11 8618 7 8659 10 8678 7 8725 9 8743 9 8788 9 8853 9 8871 9 8917 8 8983 4 8999 8 9045 8 9069 4 9127 8 9174 7 9195 7 9255 7 9302 7 9319 11 9364 5 9383 6 9431 5 9446 12 9491 10 9511 6 9559 4 9571 14 9619 12 9640 5 9689 2 9696 17 9748 14 9769 2 9823 17 9876 17 9949 18 10005 19 10073 22 10134 20 10199 23 10263 22 10325 24 10392 22 10452 25 10521 21 10579 25 10651 21 10706 25 10781 21 10832 25 10911 20 10959 25 11042 19 11086 25 11171 20 11212 26 11300 21 11339 25 11430 20 11466 24 11559 19 11594 21 11688 18 11722 19 11818 17 11850 16 11948 14 11979 13 12078 12 12108 10 12207 11 12238 5 12337 8
gap_7c9812e0e85d4be3c1,5554 5 5578 6 5680 9 5706 9 5806 11 5834 11 5933 13 5962 12 6060 14 6090 14 6187 15 6218 15 6314 16 6347 15 6441 17 6475 16 6568 18 6603 16 6696 18 6731 17 6823 19 6860 17 6951 18 6988 18 7078 19 7115 19 7205 20 7243 20 7333 20 7371 20 7460 21 7498 21 7588 20 7619 2 7625 23 7715 21 7746 5 7752 24 7843 20 7874 31 7971 20 8002 31 8098 20 8130 31 8226 20 8259 30 8354 20 8388 30 8481 21 8517 29 8609 20 8645 29 8737 20 8772 30 8865 20 8900 30 8993 20 9028 30 9121 20 9157 29 9249 21 9285 29 9377 21 9414 28 9505 22 9543 26 9633 23 9671 26 9762 24 9800 25 9890 25 9928 24 10018 25 10057 23 10147 24 10185 22 10275 24 10314 21 10404 22 10443 19 10532 22 10571 18 10661 20 10700 16 10790 19 10829 14 10919 17 10959 11 11047 16 11089 7 11177 12 11307 9 11438 4,5826 4 5953 6 6080 8 6208 9 6336 9 6464 9 6592 9 6720 10 6844 4 6849 9 6971 5 6985 2 7098 6 7113 2 7225 8 7353 8 7481 8 7608 9 7736 9 7863 10 7991 10 8119 10 8246 11 8374 11 8502 11 8630 10 8757 11 8885 11 9013 10 9141 10 9270 9 9398 8 9527 6 9657 2,,,,,4670 4 4794 10 4920 15 5043 21 5169 23 5197 3 5296 13 5315 4 5325 4 5423 4 5431 4 5454 3 5551 3 6185 1 7135 1 7263 2 7391 2 7519 3 7586 1 7648 2 7713 2 7776 2 7841 2 7905 1 7968 3 8033 1 8096 2 8224 2 8352 1 8480 1 9187 1 9314 2 9408 5 9442 2 9535 7 9569 3 9662 8 9697 3 9759 2 9790 9 9825 2 9887 3 9917 10 9953 2 10015 3 10045 10 10144 3 10173 10 10272 3 10301 10 10401 2 10429 10 10557 10 10685 10 10813 12 10940 13 11068 13 11097 3 11195 13 11224 4 11303 2 11323 11 11351 4 11431 5 11444 2 11450 2 11457 4 11480 2 11559 7 11571 3 11577 2 11586 2 11688 6 11699 2 11715 1,10218 1 10261 3 10344 5 10388 5 10471 6 10516 5 10599 4 10645 5 10727 3 10776 2 10854 2 10905 2 10981 2 11034 2 11108 3 11162 3 11235 3 11291 3 11334 7 11362 3 11420 3 11452 4 11461 9 11489 4 11549 4 11579 6 11589 9 11615 4 11678 4 11704 9 11717 9 11742 4 11808 4 11831 11 11845 9 11867 5 11937 4 11959 11 11973 7 11994 4 12066 4 12087 10 12101 4 12121 3 12195 4 12217 8 12249 2 12325 2
gap_ddbeb31901c8a028fe,,,,,,,,7205 3 7333 3 7839 1 7868 1 7966 3 7995 3 8001 2 8093 4 8122 4 8129 3 8221 4 8249 4 8257 4 8349 3 8377 4 8385 4 8476 4 8504 4 8513 5 8603 6 8631 4 8641 5 8728 9 8759 4 8770 4 8797 3 8855 10 8886 4 8898 5 8925 3 8982 12 9013 2 9027 4 9053 3 9109 13 9140 3 9155 4 9181 3 9237 14 9267 2 9284 3 9309 3 9365 14 9394 3 9413 3 9436 5 9493 14 9517 8 9541 4 9564 6 9621 14 9643 9 9670 4 9691 9 9750 12 9770 10 9798 5 9819 10 9879 10 9897 10 9927 5 9946 12 10008 7 10025 10 10055 7 10073 14 10153 9 10183 8 10201 14 10257 5 10281 9 10311 9 10329 14 10384 7 10410 7 10440 8 10458 13 10512 9 10538 7 10568 9 10586 13 10640 11 10667 5 10696 9 10715 11 10768 22 10796 3 10824 8 10844 9 10896 25 10953 7 10974 6 11025 26 11081 6 11154 33 11210 4 11239 1 11283 33 11362 7 11412 33 11472 2 11487 10 11542 31 11592 1 11598 26 11672 30 11718 5 11725 27 11802 28 11845 34 11932 25 11972 35 12062 23 12099 35 12193 18 12227 34 12324 14 12355 33 12454 10 12483 32 12586 3 12611 30 12740 27 12869 23 12998 17
gap_d9bbc1552d55a7eb2a,5678 5 5797 15 5922 18 6049 19 6175 22 6226 1 6302 23 6353 4 6428 24 6480 14 6555 25 6593 2 6607 17 6682 26 6719 5 6733 20 6809 26 6847 6 6860 22 6936 26 6974 7 6986 26 7063 27 7102 7 7113 28 7190 28 7231 6 7241 30 7318 27 7359 6 7368 31 7445 28 7487 6 7496 32 7572 29 7615 5 7624 33 7699 29 7741 6 7752 34 7826 30 7867 8 7880 34 7954 30 7995 8 8007 36 8082 29 8123 8 8135 36 8209 30 8251 8 8263 37 8337 30 8379 7 8390 38 8465 30 8508 5 8517 40 8593 30 8645 40 8721 30 8773 41 8849 30 8902 40 8976 32 9030 40 9104 32 9144 4 9159 39 9232 32 9271 5 9288 39 9360 33 9398 6 9417 38 9489 34 9525 6 9545 37 9617 42 9674 36 9745 41 9802 36 9874 40 9931 35 10003 38 10059 34 10131 38 10187 34 10260 37 10316 33 10388 36 10444 32 10517 34 10573 31 10646 33 10702 29 10774 32 10830 29 10903 30 10959 27 11032 27 11088 25 11161 25 11217 22 11290 23 11347 19 11420 20 11476 17 11549 17 11606 14 11679 14 11735 11 11810 9 11866 4 11942 3,5952 3 6079 4 6208 3 6219 4 6336 3 6346 5 6474 5 6602 5 6731 2 6964 4 7092 4 7220 4 7348 4 7986 3 8113 4 8241 4 8368 5 8496 5 8624 5 8752 6 8881 4 9009 4 9138 2,,,8513 1 8636 5 8764 4 8892 3,,4151 5 4277 7 4297 1 4404 7 4424 4 4528 1 4532 8 4550 7 4656 1 4660 26 4784 2 4788 26 4910 4 4916 27 5037 4 5047 2 5059 8 5071 1 5164 5 5199 2 5292 5 5329 2 5419 5 5457 3 5547 4 5586 4 5715 5 5843 5 5918 3 5971 5 6045 4 6100 4 6171 4 6229 3 6299 3 6426 2 6497 2 6553 2 6625 4 6753 5 6882 5 7012 4 7141 4 7271 2 7399 3 7529 1 7569 1 7696 2 7823 3 7951 2 8079 2 8207 2 8815 2 8896 2 8943 3 9023 5 9071 3 9102 1 9150 7 9199 4 9229 3 9278 8 9327 3 9357 3 9405 10 9456 2 9485 3 9533 10 9584 1 9613 3 9661 11 9742 2 9788 12 9871 1 9915 14 10043 14 10171 14 10298 15 10426 15 10554 15 10643 1 10682 16 10734 2 10770 4 10809 19 10861 3 10898 5 10937 20 10988 4 11027 4 11064 22 11115 4 11155 5 11192 23 11243 4 11285 4 11319 25 11371 2 11414 3 11447 26 11543 2 11577 26 11706 9 11719 14 11835 3 11839 3 11847 2 11852 2 11859 4 11988 7 11996 6 12118 15 12247 13 12324 7 12378 7 12455 3 12507 5 12608 3 12736 3 12865 1,5328 1 8701 1 8829 3 8957 4 9085 4 9213 4 9341 4 9346 3 9469 8 9596 10 9724 11 9851 5 9858 5 9979 5 9986 6 10107 4 10115 5 10234 4 10244 5 10361 4 10373 4 10489 4 10502 4 10616 5 10631 4 10744 5 10759 4 10871 6 10887 5 10998 8 11015 5 11125 9 11144 5 11252 10 11272 6 11379 11 11401 5 11507 11 11530 5 11633 6 11642 4 11659 5 11761 5 11769 4 11783 1 11789 4 11846 1 11887 5 11897 4 11918 4 11960 1 11963 4 11973 5 12014 5 12024 4 12047 5 12086 9 12100 3 12140 7 12151 3 12176 5 12214 9 12267 7 12305 5 12342 4 12394 5 12434 5 12470 3 12521 5 12564 4 12648 5 12693 5 12775 5 12822 6 12898 1 12904 3 12951 5 13015 3 13025 3 13080 5 13142 3 13209 4 13285 1
gap_ef100332e3e0b2dfd8,,6974 3 7101 5 7111 3 7228 7 7238 5 7356 7 7366 5 7484 7 7493 7 7612 7 7621 7 7740 7 7749 8 7869 5 7878 6 7997 5 8006 4,,7074 4 7083 3 7200 7 7211 2 7323 12 7339 2 7449 14 7467 2 7576 15 7595 2 7703 15 7723 2 7830 16 7851 2 7957 16 7979 2 8085 16 8149 2 8213 14 8276 7 8342 12 8404 9 8471 15 8531 11 8600 16 8658 13 8732 14 8786 15 8861 14 8915 14 8988 15 9043 15 9115 16 9172 15 9242 17 9300 3 9305 10 9369 12 9385 2 9427 4 9434 9 9497 11 9513 3 9554 5 9563 9 9625 11 9640 5 9681 6 9691 9 9753 10 9767 6 9809 7 9819 9 9881 10 9894 7 9937 19 10009 20 10065 19 10138 18 10194 18 10266 18 10323 17 10395 16 10453 15 10523 15 10583 12 10652 13 10713 9 10782 8 10844 5,4024 6 4147 16 4273 19 4388 5 4401 20 4510 13 4528 21 4554 3 4559 4 4574 2 4634 17 4656 36 4702 4 4761 18 4784 37 4830 5 4887 20 4913 36 4957 7 5014 21 5041 36 5085 8 5140 23 5170 35 5213 8 5267 24 5303 30 5342 7 5394 24 5441 2 5447 13 5471 6 5522 1 5526 20 5576 12 5600 6 5654 19 5697 2 5704 11 5729 6 5782 17 5824 9 5857 7 5910 16 5941 6 5951 11 5971 1 5976 1 5985 8 6037 17 6068 9 6078 14 6104 7 6112 9 6161 22 6194 27 6234 15 6288 23 6320 30 6363 15 6416 24 6449 6 6459 2 6463 16 6491 15 6543 26 6577 7 6591 17 6620 15 6671 26 6704 9 6726 12 6750 13 6799 26 6831 10 6857 11 6879 13 6927 16 6944 8 6957 11 6985 12 7007 13 7055 14 7073 1 7078 1 7086 9 7114 12 7134 14 7183 13 7213 9 7243 12 7260 15 7311 12 7338 1 7341 7 7371 13 7387 17 7439 10 7466 1 7469 6 7500 32 7567 9 7594 1 7597 6 7628 32 7701 2 7725 4 7760 9 7772 16 7829 1 7853 2 7888 8 7902 14 8017 5 8030 13 8146 2 8159 12 8288 10 8417 8 8546 5 8676 1,,7151 2 7279 2 7407 2 7535 2 7664 1 7690 2 7818 2 7946 2 8074 1 8251 6 8377 13 8504 15 8631 17 8759 17 8887 17 9015 17 9143 18 9271 18 9399 18 9527 18 9581 1 9617 1 9656 16 9708 2 9745 2 9785 14 9836 1 9873 2 9913 13 9963 2 10042 10 10091 2 10170 10 10219 1 10297 12 10425 12 10553 12 10682 11 10812 7 10941 4 11070 3 11198 2 11326 2 11454 2 11711 1 11838 2,8393 4 8521 5 8627 4 8648 6 8754 5 8776 7 8882 5 8905 6 9010 5 9033 6 9137 6 9162 5 9265 5 9290 5 9393 5 9419 4 9521 5 9546 5 9649 5 9674 5 9777 6 9800 7 9905 6 9928 7 10032 8 10055 8 10160 7 10183 8 10287 8 10311 9 10415 8 10440 8 10543 8 10568 8 10670 9 10696 8 10799 9 10823 8 10927 11 10948 11 11054 14 11074 14 11177 20 11201 18 11303 22 11329 21 11430 23 11457 23 11557 24 11585 24 11685 24 11713 25 11813 24 11841 25 11942 23 11969 25 12071 21 12098 23 12201 19 12227 20 12331 15 12357 16 12462 6 12488 10
gap_30d7f16d9261183192,,6192 1 6319 2 6447 3 6484 3 6574 5 6611 5 6703 5 6739 5 6831 5 6866 6 6959 6 6993 6 7088 6 7121 6 7216 6 7248 6 7345 5 7376 5 7474 4 7504 5 7602 4 7632 4,,,5438 1 5550 1 5564 3 5677 5 5805 6 5934 5 6063 3 6338 4 6463 10 6589 14 6712 8 6726 6 6840 7 6856 4 6968 6 6986 3 7097 5 7115 2 7227 2 7243 2 7371 2 7500 1 7628 1 7756 1 7884 1 8012 1 8139 1 8267 1 8395 1 8523 1 8650 2 8778 1 8891 3 8905 1 9019 5 9032 1 9147 6 9275 6 9403 6 9531 5 9659 5 9787 5 9916 4 10044 5 10053 1 10173 11 10303 9 10432 7 11331 1 11457 5 11584 6 11712 6 11840 6 11969 5,6720 6 6847 9 6974 12 7102 13 7229 14 7356 15 7484 16 7612 16 7740 16 7868 16 7995 17 8123 16 8251 16 8379 16 8507 16 8635 15 8764 14 8894 11 9024 8,12349 8 12360 4 12473 19 12603 16 12733 11 12745 1 12867 3,5796 1 5923 5 6051 6 6179 7 6307 8 6368 5 6429 2 6435 9 6493 9 6556 4 6563 10 6620 10 6681 8 6691 10 6746 12 6804 14 6819 11 6872 13 6931 15 6948 11 6999 14 7059 15 7077 11 7127 13 7187 14 7205 11 7254 12 7270 12 7315 13 7333 12 7381 13 7398 13 7443 12 7459 15 7509 14 7525 15 7571 12 7587 15 7636 15 7653 16 7699 13 7714 16 7764 16 7781 16 7827 31 7892 33 7955 32 8020 33 8083 31 8147 34 8210 32 8275 33 8338 32 8403 32 8465 33 8531 32 8593 32 8659 31 8721 32 8787 31 8849 32 8915 31 8976 33 9043 31 9104 33 9171 31 9232 33 9300 30 9360 33 9428 31 9489 18 9509 11 9556 31 9617 19 9639 9 9685 10 9696 19 9746 19 9768 8 9813 8 9823 20 9874 14 9889 4 9898 5 9941 6 9951 19 10003 12 10018 5 10069 4 10078 20 10132 12 10146 5 10198 2 10205 21 10246 1 10261 20 10332 23 10374 2 10389 21 10460 23 10502 2 10518 22 10587 24 10647 25 10715 23 10776 24 10843 23 10906 22 10971 22 11037 19 11098 23 11166 17 11225 23 11295 16 11346 28 11425 15 11473 27 11555 14 11601 25 11685 13 11729 23 11815 12 11856 21 11945 11 11984 19 12075 11 12111 16 12204 10 12238 14 12334 9 12365 13 12463 9 12493 10 12593 8 12620 7 12723 6 12747 7 12854 2 12875 4
gap_c565d972807feca703,5161 2 5286 14 5412 17 5539 18 5664 21 5710 6 5790 23 5837 15 5917 24 5965 17 6044 24 6093 19 6170 25 6221 21 6297 26 6350 21 6424 26 6478 23 6551 26 6605 25 6678 27 6733 26 6805 27 6859 29 6932 28 6976 4 6985 32 7059 28 7103 6 7113 32 7186 29 7231 6 7240 34 7314 29 7359 6 7367 36 7441 29 7487 44 7569 29 7615 45 7696 30 7743 6 7750 39 7824 29 7870 7 7879 38 7951 30 7997 6 8007 39 8079 30 8124 6 8135 40 8207 30 8251 7 8263 40 8334 31 8379 6 8391 41 8462 31 8507 6 8518 42 8590 31 8635 6 8646 43 8718 31 8764 3 8774 43 8846 31 8902 43 8974 31 9030 43 9102 31 9159 42 9230 32 9287 42 9359 31 9415 42 9487 31 9544 41 9616 31 9672 41 9744 31 9801 40 9872 32 9929 40 10001 32 10057 39 10129 34 10167 1 10186 38 10257 39 10314 38 10386 38 10443 36 10515 37 10571 36 10643 36 10700 34 10772 35 10828 33 10901 33 10957 31 11030 31 11086 29 11159 29 11215 27 11288 27 11344 25 11417 25 11473 23 11546 23 11602 21 11676 20 11732 18 11806 16 11861 15 11936 13 11990 13 12068 7 12121 7,5437 5 5565 7 5693 7 5820 8 5947 8 6074 9 6202 7 6218 3 6329 7 6345 4 6456 4 6473 5 6583 4 6600 5 6709 6 6728 5 6836 7 6962 9 7090 9 7218 10 7345 11 7472 12 7599 13 7727 12 7855 11 7983 10 8110 8 8238 9 8366 9 8494 9 8622 9 8750 9 8878 8 9006 8 9134 10 9262 10 9391 9 9519 9 9647 9 9776 7 9905 6 10034 4,,,,,3900 7 4025 13 4151 17 4277 22 4396 3 4400 30 4522 40 4649 42 4775 15 4805 15 4901 3 4907 10 4938 10 5028 3 5036 8 5068 10 5154 4 5197 10 5280 5 5326 14 5407 5 5455 14 5533 6 5585 14 5660 4 5723 5 5787 3 5853 5 5915 1 5982 5 6112 4 6242 3 6371 2 6929 2 7056 3 7183 3 7311 2 7439 2 7567 1 8175 3 8304 3 8432 3 8460 1 8561 3 8587 2 8689 3 8714 4 8818 2 8843 3 8971 3 9023 4 9099 2 9151 5 9228 1 9279 6 9406 8 9534 8 9662 8 9789 10 9916 11 9998 1 10044 12 10098 1 10125 4 10172 12 10225 3 10254 3 10300 12 10352 4 10382 4 10428 11 10480 3 10510 4 10556 11 10608 3 10639 4 10685 10 10736 3 10768 3 10813 10 10897 1 10941 10 11067 13 11195 13 11323 14 11451 14 11572 2 11579 14 11625 2 11698 5 11707 14 11751 5 11800 1 11824 9 11836 13 11878 5 11928 5 11951 9 11964 1 11966 6 11975 2 11982 1 12004 7 12057 7 12077 10 12091 2 12095 4 12103 1 12110 3 12131 6 12186 10 12204 10 12224 2 12239 2 12259 5 12315 21 12370 3 12387 1 12445 17 12499 3 12576 10 12632 5 12708 4 12736 2 12763 1 12863 4 12992 2,9342 3 9469 4 9597 4 9725 4 9852 5 9859 3 9980 4 9985 6 10107 4 10113 7 10235 4 10242 7 10362 4 10371 6 10490 3 10501 5 10616 5 10630 5 10744 5 10759 4 10871 6 10888 4 10999 6 11017 4 11126 8 11139 2 11145 4 11253 9 11268 2 11273 5 11381 10 11397 2 11401 5 11508 10 11525 2 11530 5 11635 6 11643 2 11659 4 11763 4 11771 2 11788 4 11889 5 11898 3 11917 4 11974 1 12017 4 12025 3 12045 5 12101 2 12143 5 12152 3 12174 5 12219 3 12229 2 12270 5 12279 3 12303 5 12347 2 12357 2 12396 5 12406 2 12432 5 12467 1 12523 5 12561 6 12592 6 12649 6 12690 6 12719 7 12777 4 12819 8 12847 6 12904 4 12949 6 12975 5 13031 4 13079 6 13103 3 13158 3 13208 5 13285 2 13339 7 13470 6 13531 1
gap_df9d50ab9d3ef1f080,6834 3 6857 9 6958 13 6984 12 7084 15 7111 14 7211 16 7239 15 7337 17 7367 17 7464 17 7495 18 7590 18 7616 3 7621 22 7717 18 7743 29 7844 19 7871 29 7972 18 7999 30 8099 19 8127 30 8227 18 8254 31 8355 18 8382 32 8483 18 8510 32 8611 18 8638 32 8739 18 8767 31 8867 18 8896 30 8996 18 9025 29 9124 18 9154 28 9252 19 9283 26 9381 21 9411 26 9509 23 9540 25 9637 24 9668 24 9766 23 9797 23 9895 21 9925 22 10023 21 10054 21 10152 19 10183 19 10281 18 10312 17 10410 16 10441 15 10539 14 10570 13 10668 11 10699 11 10798 7 10830 5,6718 5 6845 7 6973 8 7101 9 7230 9 7359 8 7482 4 7490 5 7608 6 7735 8 7863 8 7990 8 8118 8 8245 8 8373 8 8501 7 8629 7 8757 8 8885 8 9014 7 9142 7 9271 6 9402 1,,,,,6457 3 6469 2 6585 2 6597 4 7082 1 8225 2 8353 2 8481 2 9150 2 9277 5 9405 6 9507 2 9534 5 9635 2 9662 5 9693 1 9789 7 9820 2 9917 7 9947 2 10045 7 10075 2 10173 8 10301 8 10428 9 10555 12 10681 15 10807 5 10815 4 10822 3 10837 2 10923 4 10933 6 10963 3 11051 10 11090 3 11184 3,6762 2 6889 4 7016 6 7144 6 7272 5 7400 5 7522 1 7529 2 7572 4 7650 1 7700 5 7828 6 7956 6 8084 5 8214 2 9059 2 9187 2 9314 3 9374 2 9443 2 9502 3 9631 3 10462 2 10589 2 10661 1 10715 3 10790 1 10812 3 10819 2 10842 3 10919 2 10939 12 10970 3 11049 1 11066 14 11178 1 11193 15 11322 5 11331 4
gap_16e9d1de558c26914a,5932 12 6058 20 6091 8 6184 24 6213 18 6310 26 6341 21 6437 27 6470 22 6564 27 6599 22 6691 28 6728 22 6818 28 6857 22 6945 29 6986 23 7072 29 7115 23 7199 30 7244 23 7326 30 7372 24 7454 30 7501 24 7581 30 7629 24 7709 30 7756 26 7837 30 7883 27 7964 30 8009 30 8092 30 8136 31 8220 29 8257 2 8263 33 8347 30 8384 4 8391 33 8475 30 8511 41 8603 30 8639 41 8731 30 8768 40 8859 31 8897 39 8987 31 9027 37 9115 32 9155 37 9243 33 9284 36 9371 33 9412 36 9500 33 9540 36 9628 33 9669 35 9756 32 9797 34 9885 31 9925 34 10013 30 10054 33 10142 28 10182 32 10271 26 10311 31 10399 26 10440 29 10528 24 10569 28 10657 22 10697 27 10786 20 10826 25 10915 18 10955 23 11045 14 11085 20 11174 12 11214 17 11305 5 11344 14 11474 10 11604 4,6724 1 6849 6 6977 8 7104 10 7231 12 7359 13 7486 15 7613 7 7623 6 7741 6 7751 5 7868 6 7880 3 7995 5 8122 5 8249 5 8377 5 8505 5 8634 3,,,8637 2 8765 3 8893 4 9021 6 9149 6 9277 6,,5561 13 5687 19 5816 19 5948 11 6307 2 6363 3 6433 3 6492 4 6560 4 6621 4 6687 4 6750 4 6814 4 6879 4 6942 3 7009 2 7069 3 7197 2 8040 1 8168 2 8296 3 8424 3 8552 3 8601 1 8680 3 8728 3 8808 3 8856 3 8936 3 8984 3 9065 2 9112 3 9193 2 9240 3 9321 1 9369 2 9408 2 9449 1 9497 3 9534 5 9577 1 9625 3 9662 6 9753 3 9789 7 9881 4 9917 7 10010 3 10044 8 10138 3 10172 9 10267 3 10299 10 10396 3 10427 11 10525 2 10555 11 10653 3 10683 11 10782 2 10811 11 10938 13 10979 3 11064 15 11106 3 11191 17 11233 4 11313 3 11326 4 11333 10 11360 3 11437 6 11455 2 11462 2 11467 5 11487 3 11563 4 11583 2 11597 7 11615 1 11711 2 11727 11 11839 2 11857 10 11987 7,8062 6 8190 7 8317 4 8322 3 8432 3 8445 4 8450 4 8560 3 8574 3 8579 3 8688 3 8694 3 8706 4 8816 4 8821 4 8834 3 8945 2 8949 4 8962 3 10226 3 10353 4 10387 2 10480 5 10515 4 10607 6 10643 4 10735 5 10771 5 10861 4 10900 4 10989 3 11030 4 11115 4 11160 3 11243 4 11289 3 11322 2 11370 3 11418 3 11447 7 11458 4 11497 3 11547 3 11573 10 11585 10 11623 4 11675 4 11699 12 11713 12 11750 4 11805 5 11827 12 11841 13 11873 8 11934 6 11955 12 11969 13 12000 7 12064 7 12084 11 12097 13 12128 5 12194 5 12216 6 12226 12 12257 3 12355 6
gap_611595e24c36588b97,,5718 4 5845 5 5928 5 5971 7 6056 7 6099 6 6185 7 6226 6 6314 7 6354 5 6443 6 6483 3 6572 5 6611 2 6701 3 6830 1,,,8122 3 8251 2 8379 4 8508 5 8636 5 8763 5 8890 6 9018 6 9145 7 9273 7 9400 8 9527 9 9655 10 9783 11 9911 13 9929 4 10039 23 10167 23 10296 21 10425 20 10554 18 10682 17 10810 16 10938 14 11067 9 11195 8 11324 7 11452 6,6209 4 6336 7 6463 9 6590 11 6718 12 6842 17 6969 18 7096 20 7224 20 7352 20 7480 20 7608 19 7737 18 7865 17 7994 16 8125 12 8253 11 8383 8 8513 4,11839 5 11850 2 11959 3 11966 9 11977 3 12087 17 12105 3 12216 1 12219 12 12234 1 12349 9 12477 3 12483 2,5854 4 5980 7 6048 5 6107 9 6175 7 6235 10 6303 8 6326 2 6362 12 6430 10 6453 3 6476 3 6490 12 6558 11 6579 4 6605 5 6617 13 6685 12 6704 7 6733 8 6745 12 6813 12 6831 7 6861 9 6873 12 6941 13 6957 9 6990 22 7017 4 7070 23 7118 21 7144 7 7184 3 7190 2 7198 23 7247 21 7272 7 7310 5 7319 1 7326 23 7375 22 7399 8 7437 3 7454 22 7504 22 7527 8 7582 21 7633 21 7655 11 7708 23 7762 34 7833 25 7890 34 7958 27 8019 33 8085 28 8147 33 8212 28 8275 33 8338 30 8404 32 8465 30 8533 32 8593 30 8661 32 8721 30 8789 13 8804 6 8812 9 8847 16 8864 14 8918 11 8933 4 8940 9 8974 17 8993 12 9046 10 9062 3 9067 10 9102 16 9122 11 9174 8 9194 10 9231 14 9252 9 9302 7 9322 10 9359 14 9381 8 9430 6 9449 10 9488 11 9510 7 9559 3 9575 11 9617 10 9640 5 9701 12 9746 10 9827 14 9875 13 9954 14 10004 14 10080 15 10133 15 10206 17 10262 15 10331 19 10391 16 10457 20 10519 20 10583 20 10648 23 10710 19 10777 21 10836 19 10907 20 10963 18 11038 18 11090 17 11168 17 11217 16 11297 17 11344 15 11427 17 11471 14 11556 17 11598 14 11686 16 11725 14 11816 14 11853 12 11946 13 11980 12 12076 11 12108 11 12206 10 12235 10 12335 9 12362 9 12465 6 12490 7
gap_51008d275e701d3939,10183 2 10262 1 10311 2 10350 1 10390 2 10439 4 10477 2 10519 3 10543 3 10567 4 10603 4 10647 4 10669 5 10696 5 10730 5 10776 7 10795 7 10824 7 10856 6 10905 9 10920 9 10953 9 10983 6 11034 22 11081 14 11108 8 11164 19 11210 33 11293 16 11338 33 11423 12 11467 31 11553 8 11596 28 11725 26 11854 23 11983 20 12113 15 12243 10,6463 2 6591 2 6601 2 6718 2 6727 4 6854 4 6984 2 6992 5 7113 1 7120 5 7249 4 7343 2 7378 2 7471 2 7493 6 7610 2 7620 8 7736 5 7748 8 7863 7 7876 8 7991 8 8005 6 8118 9 8135 3 8246 9 8374 9 8503 7 8633 4,5975 1 6103 1 6231 2 6359 2 6376 1 6423 3 6486 3 6497 11 6551 4 6614 3 6625 12 6678 5 6741 3 6752 14 6805 6 6869 2 6879 16 6933 7 6943 2 6997 1 7005 18 7061 7 7072 1 7131 21 7189 7 7200 1 7258 22 7317 7 7385 24 7445 6 7510 27 7573 6 7636 29 7700 9 7762 32 7827 12 7889 33 7955 13 8016 34 8083 14 8143 35 8211 15 8271 35 8339 16 8398 36 8467 17 8526 36 8595 23 8653 37 8723 24 8781 37 8851 24 8909 37 8980 24 9037 37 9108 24 9165 37 9236 23 9293 37 9364 23 9421 37 9493 22 9549 37 9621 22 9677 37 9750 20 9805 36 9878 19 9933 36 10007 18 10062 34 10135 17 10190 33 10265 14 10318 32 10394 12 10446 31 10523 9 10575 28 10654 4 10704 26 10834 22 10964 18 11098 6,,2621 5 2734 7 2745 18 2860 34 2986 37 3113 39 3239 43 3292 1 3366 46 3418 6 3493 47 3546 7 3621 47 3674 7 3749 47 3801 9 3877 47 3930 9 4005 47 4058 10 4133 49 4186 10 4261 49 4315 9 4389 50 4444 8 4516 51 4573 6 4644 51 4771 25 4798 6 4805 18 4899 24 4937 14 5027 24 5065 14 5155 24 5182 4 5193 14 5218 2 5283 24 5308 6 5321 14 5345 5 5411 23 5436 7 5449 14 5473 6 5539 22 5564 7 5577 15 5600 7 5667 21 5692 7 5706 14 5728 8 5794 21 5821 5 5835 13 5856 9 5922 21 5950 3 5964 11 5983 10 6049 21 6085 2 6093 10 6111 11 6176 21 6213 3 6222 9 6239 10 6304 21 6341 4 6351 8 6368 8 6432 20 6469 5 6480 6 6560 20 6597 4 6609 5 6688 19 6725 2 6737 4 6816 19 6853 1 6865 4 6945 17 6981 3 7073 17 7109 4 7201 16 7248 1 7329 14 7377 1 7458 13 7587 13 7715 13 7844 11 7973 10 8102 8 8233 3,,3613 1 3739 3 3867 2 3994 3 4121 3 4249 2 4376 3 4504 3 4631 4 4717 2 4759 3 4845 2 4887 3 4973 3 5015 2 5102 2 5143 2 5230 2 5270 3 5359 2 5397 3 5487 2 5525 3 5615 2 5653 2 5743 2 5780 3 5871 2 5908 2 5999 3 6127 3 6255 3 6383 3 6512 2 6640 2 6768 3 6896 3 7024 3 7153 2 8079 2 8207 2 8335 2 8463 2 8591 2 8719 2 8764 2 8848 1 8888 11 8976 1 9014 13 9142 14 9270 15 9398 15 9526 15 9654 15 9782 15 9910 15 10038 15 10166 15 10295 14 10423 14 10551 14 10679 15 10804 18 10862 1 10931 19 10989 2 11057 20 11116 3 11184 4 11191 4 11198 6 11243 4 11311 2 11319 2 11328 3 11371 2 11420 3 11457 2 11498 3 11549 4 11624 3 11678 6 11709 2 11751 3 11808 4 11836 3 11878 3 11938 1 11965 1 12006 1 12369 6 12498 5 12627 3,11442 12 11461 2 11568 16 11587 6 11695 14 11711 11 11820 16 11840 11 11946 17 11968 12 12072 18 12096 13 12199 19 12224 13 12327 18 12352 14 12456 15 12481 14 12586 11 12611 12 12718 2 12741 10 12872 7
gap_1e8b88923cabe91f9c,7617 2 7743 5 7871 6 7999 6 8127 6 8241 2 8256 5 8367 5 8386 1 8494 7 8621 9 8748 11 8875 12 8912 1 9003 13 9038 5 9131 13 9165 6 9259 13 9292 8 9387 13 9419 9 9515 13 9547 9 9643 13 9675 9 9771 12 9803 8 9900 11 9931 8 10028 11 10060 6 10157 9 10188 6 10286 7 10317 4 10416 3,7734 2 7862 2 7884 1 8012 2 8141 1 8523 1 8649 4 8777 4 8905 4,,,8126 1 8254 2 8382 4 8387 3 8511 6 8639 6 8769 3,,7727 1 7854 3 7981 4 8109 4 8140 1 8236 4 8364 3 8404 2 8531 4 8632 4 8659 4 8761 4 8787 4 8889 10 8915 4 9020 8 9044 3 9126 2 9148 9 9173 1 9254 3 9275 10 9382 3 9403 11 9511 2 9531 11 9639 3 9659 11 9767 3 9788 10 9895 4 9916 10 10024 3 10043 12 10171 14 10299 14 10323 3 10427 14 10450 4 10557 6 10566 4 10577 5 10686 4 10706 2 10815 2,6455 4 6471 4 6582 7 6597 6 6709 8 6725 8 6836 9 6853 9 6964 9 6981 4 6986 5 7092 4 7097 4 7110 2 7115 4 7153 3 7220 8 7243 5 7280 4 7349 4 7372 11 7408 4 7501 13 7629 14 7662 2 7757 14 7788 6 7885 14 7915 8 8014 1 8018 8 8042 9 8148 1 8169 10 8297 10 8425 10 8553 10 8680 11 8808 11 8935 12 8980 3 9063 12 9107 5 9190 11 9234 7 9318 10 9362 8 9444 11 9490 8 9571 12 9618 9 9698 10 9747 8 9825 10 9877 7 9953 4 9958 5 10006 7 10087 4 10135 7 10215 4 10263 8 10343 4 10391 10 10471 4 10520 10 10553 4 10563 3 10599 4 10648 11 10680 6 10690 8 10727 4 10777 4 10785 4 10807 8 10817 10 10855 4 10905 4 10915 2 10935 8 10945 11 10982 4 11033 3 11063 8 11073 11 11110 3 11161 4 11191 8 11201 10 11238 3 11289 4 11320 6 11330 8 11365 3 11417 4 11450 3 11459 4 11546 3 11674 3
gap_bf223a984c54171908,6720 4 6847 6 6975 6 7103 6 7231 5 7359 5 7471 8 7489 1 7501 3 7598 10 7628 6 7725 12 7755 8 7853 12 7882 9 7979 15 8010 10 8105 18 8137 13 8232 20 8264 16 8359 21 8391 18 8487 21 8518 19 8614 22 8646 20 8742 21 8774 20 8870 20 8903 19 8998 20 9032 18 9126 19 9160 18 9254 18 9289 17 9382 18 9417 17 9511 16 9546 16 9639 16 9674 15 9768 14 9803 14 9896 13 9932 12 10025 11 10061 10 10155 8 10190 8 10284 6 10320 4 10414 2,6982 3 7110 4 7221 1 7241 1 7370 1 7482 3 7492 4 7497 1 7610 4 7619 7 7738 4 7746 8 7866 5 7874 8 7996 3 8002 8 8131 6 8262 1,,,7617 2 7744 2 7872 2 7999 3 8126 5 8254 6 8381 7 8510 5,,7339 3 7381 2 7465 5 7507 5 7591 7 7635 5 7719 6 7763 6 7847 6 7892 5 7975 4 8021 4 8103 2 8151 1 8767 3 8893 7 9020 10 9052 3 9147 11 9179 4 9249 3 9275 12 9307 4 9377 4 9403 12 9434 5 9506 4 9531 12 9562 4 9635 3 9659 12 9690 3 9763 4 9787 11 9893 2 9914 13 10022 1 10041 15 10168 16 10296 16 10427 11 10558 5 10581 2 10687 3 10705 6 10816 1 10834 3 11200 1 11328 1 11456 1,5830 4 5943 5 5957 7 6070 7 6085 8 6197 8 6213 8 6324 7 6342 8 6452 6 6471 8 6580 6 6601 6 6732 3 9108 1 9234 5 9361 6 9449 4 9489 8 9575 7 9617 8 9702 7 9745 10 9829 8 9873 11 9957 7 10002 12 10084 6 10131 13 10211 6 10263 10 10337 6 10392 9 10425 2 10439 2 10463 8 10520 10 10550 8 10564 7 10588 11 10648 5 10655 4 10677 10 10691 9 10713 14 10775 5 10786 2 10805 10 10818 10 10841 6 10850 5 10903 4 10915 2 10933 10 10946 9 10969 3 10979 4 11031 4 11045 1 11061 10 11074 9 11107 4 11159 4 11190 9 11202 9 11235 3 11288 3 11320 6 11331 6 11363 3 11416 4 11460 2 11491 3 11545 3 11619 2 11673 3 11746 3 11802 3 11874 3 11931 2 12002 3 12131 1
gap_bcd608c411fa92c5bf,9960 1 10086 3 10213 3 10339 5 10466 5 10592 7 10718 8 10843 9 10956 6 10965 14 11084 21 11213 19 11342 17 11472 6 11482 3,7493 5 7620 7 7748 7 7867 2 7876 6 7993 6 8005 3 8101 1 8111 1 8120 7 8248 8 8375 9 8503 9 8631 9 8759 9 8888 7 9018 2,2618 26 2743 32 2869 40 2996 42 3123 45 3251 46 3380 46 3509 46 3637 47 3766 46 3895 47 4023 48 4152 48 4281 47 4409 48 4537 48 4666 47 4794 47 4923 47 5051 47 5179 47 5307 47 5435 48 5563 48 5691 48 5820 48 5948 48 6076 49 6205 48 6334 47 6464 46 6592 46 6720 46 6802 2 6848 47 6929 4 6976 47 7056 5 7105 46 7184 6 7233 46 7312 7 7361 46 7440 8 7490 3 7498 36 7567 10 7618 2 7627 35 7695 10 7747 1 7755 35 7823 11 7882 36 7951 12 8008 38 8079 12 8098 1 8136 37 8207 13 8265 36 8335 15 8394 35 8464 16 8522 35 8592 18 8650 35 8720 21 8778 34 8849 27 8907 33 8977 28 9035 33 9106 27 9164 31 9234 27 9292 31 9363 25 9421 29 9491 23 9550 27 9620 21 9679 26 9748 20 9808 24 9877 17 9937 22 10005 16 10066 20 10134 14 10195 18 10263 13 10324 15 10392 11 10453 13 10522 8 10582 10 10651 6 10711 7,8240 2 8368 2 8389 1 8496 3 8517 2 8624 3 8649 1 8751 4 8876 1 8879 3 8906 1 9005 4 9034 1 9162 2 9291 1,2995 1 3117 6 3242 9 3368 12 3495 14 3622 15 3749 17 3876 19 4003 20 4131 21 4258 23 4386 21 4514 20 4634 3 4641 20 4761 4 4769 20 4889 5 4897 19 5017 5 5025 19 5145 5 5153 18 5273 4 5281 18 5401 4 5409 18 5529 4 5537 17 5656 6 5665 17 5784 6 5793 17 5911 7 5922 16 6039 7 6050 16 6167 7 6179 15 6296 5 6307 16 6435 16 6563 16 6691 16 6819 16 6947 15 7076 13 7204 11 7333 9 7461 8 7590 7 7722 2,,2133 5 2211 3 2261 6 2336 7 2391 5 2463 7 2521 6 2589 7 2651 6 2715 8 2780 6 2842 8 2909 6 2969 8 3038 5 3095 8 3168 4 3223 7 3297 4 3351 5 3427 2 3480 3 3556 2 3685 1 3813 2 3942 1 4115 1 4242 2 4370 2 4713 3 4752 1 4841 3 4879 2 4970 3 5006 3 5098 3 5134 3 5226 4 5261 3 5355 3 5389 3 5483 4 5517 3 5611 4 5645 2 5739 4 5773 2 5868 3 5901 2 5997 1 6029 1 7919 1 7949 1 8046 3 8077 2 8174 3 8204 3 8301 4 8333 2 8429 3 8461 2 8557 3 8589 3 8685 3 8717 3 8813 2 8846 2 8941 2 8975 1 9069 1 9150 3 9274 11 9401 12 9528 14 9656 14 9784 15 9912 15 10039 16 10167 16 10296 15 10424 15 10552 15 10681 13 10809 12 10904 1 10938 11 10979 2 11032 3 11066 10 11105 4 11160 4 11194 11 11232 4 11290 4 11322 11 11359 4 11419 4 11450 11 11486 4 11549 3 11579 9 11597 4 11612 4 11678 2 11693 3 11709 5 11725 6 11740 3 11818 6 11838 3 11855 4 11946 5 11966 3 11984 2 12075 2 12094 3 12223 2 12351 2,11571 4 11589 6 11698 9 11714 11 11825 12 11841 13 11861 2 11952 13 11969 15 11986 7 12078 15 12097 24 12204 17 12226 23 12328 21 12354 22 12458 18 12484 18 12588 14 12618 9 12719 9
gap_c10f77a18a065d6855,4271 8 4395 44 4521 49 4647 54 4773 58 4900 26 4929 33 5026 27 5058 33 5153 28 5187 34 5279 29 5316 34 5406 29 5445 33 5533 29 5574 33 5661 29 5703 33 5788 29 5831 34 5916 29 5960 33 6044 28 6090 31 6171 29 6219 30 6299 28 6348 29 6427 28 6477 28 6554 29 6606 27 6682 29 6736 25 6810 29 6865 24 6938 29 6994 23 7065 29 7122 23 7193 29 7250 23 7321 22 7346 3 7378 23 7450 21 7493 3 7506 23 7578 20 7615 10 7632 25 7706 20 7742 13 7757 27 7834 20 7870 42 7963 19 7997 43 8091 20 8125 42 8219 20 8254 41 8348 19 8388 35 8476 20 8518 32 8605 20 8647 31 8734 21 8775 30 8862 21 8904 29 8991 20 9032 29 9119 20 9161 27 9248 19 9289 27 9377 18 9417 26 9505 18 9545 26 9634 18 9673 26 9763 18 9802 24 9891 23 9930 23 10020 22 10058 23 10149 21 10187 21 10278 20 10315 20 10408 17 10444 18 10537 15 10573 16 10667 12 10702 14 10797 6 10831 12 10961 6,5439 5 5565 8 5692 10 5819 12 5947 12 6075 12 6203 12 6217 1 6331 17 6459 18 6588 17 6717 8 6726 8 6846 5 6855 8 6983 9 7096 2 7112 8 7223 5 7242 6 7350 7 7371 4 7477 8 7499 4 7602 11 7628 1 7728 13 7856 13 7984 12 8111 13 8239 12 8368 10 8496 8 8626 6 8757 6 8885 7 9012 9 9140 9 9267 10 9395 10 9524 8 9653 6,,,8381 4 8509 3 8637 2,,3767 4 3776 6 3888 30 4014 38 4140 42 4267 3 4286 11 4299 11 4833 1 4962 2 5737 1 5865 2 5993 2 6121 2 6680 2 6762 1 6808 2 6889 2 6935 3 7017 3 7064 1 7145 3 7192 1 7273 2 8089 2 8217 2 8345 3 8474 2 8514 2 8551 1 8641 5 8678 2 8768 7 8805 3 8896 7 8933 3 9024 7 9061 2 9151 8 9188 3 9279 8 9316 2 9407 9 9444 1 9503 2 9535 9 9631 3 9662 10 9760 3 9790 10 9888 3 9918 10 10017 3 10046 9 10146 2 10174 9 10301 10 10429 11 10556 13 10687 8 10817 4 10946 2,9236 4 9364 4 9493 4 9580 3 9623 2 9707 4 9835 4 9881 1 9962 4 10009 2 10138 2 10266 3 10344 1 10395 4 10471 2 10524 4 10597 4 10653 4 10724 3 10783 3 10812 5 10821 4 10850 4 10912 2 10938 7 10949 6 10977 4 11045 1 11063 11 11076 9 11102 4 11173 3 11190 12 11204 10 11229 4 11302 3 11318 12 11332 10 11432 1 11446 11 11461 9 11576 8 11590 6 11707 2 11719 3
gap_f7cb129d60c7cb3d48,,,,,,,,6435 1 7179 8 7307 9 7434 11 7561 12 7689 12 7785 6 7817 12 7912 9 7946 10 8039 11 8074 9 8167 11 8203 7 8295 12 8333 3 8423 12 8551 12 8679 11 8807 11 8842 10 8936 9 8969 13 9069 1 9096 16 9222 19 9350 20 9477 22 9579 8 9606 24 9699 16 9736 24 9825 18 9866 23 9949 22 9998 20 10075 24 10128 21 10195 31 10258 23 10321 31 10388 21 10447 31 10517 21 10574 30 10647 20 10701 28 10777 18 10829 25 10907 17 10956 24 11037 14 11084 21 11169 10 11212 18 11301 4 11341 12 11471 6
gap_09bba3ea528f62ce5b,5292 12 5415 21 5451 10 5541 26 5574 20 5667 57 5794 60 5921 63 6048 35 6085 28 6175 35 6214 29 6302 35 6343 29 6429 34 6472 29 6556 34 6601 29 6683 34 6729 30 6811 34 6858 29 6938 34 6987 29 7066 33 7115 30 7193 33 7244 29 7321 33 7373 29 7449 32 7501 29 7576 33 7629 29 7704 32 7757 30 7832 31 7885 30 7960 31 8013 30 8088 31 8140 31 8215 31 8267 32 8343 31 8395 32 8471 30 8514 1 8523 32 8599 25 8625 4 8641 4 8651 32 8727 30 8768 6 8779 3 8785 27 8856 29 8895 6 8907 2 8914 26 8984 29 9023 6 9035 2 9043 24 9112 30 9153 4 9163 3 9170 25 9241 29 9290 4 9297 26 9369 28 9417 34 9497 28 9542 37 9625 28 9670 36 9754 27 9797 37 9882 28 9926 36 10011 27 10054 35 10139 28 10182 35 10267 30 10310 34 10396 29 10439 33 10525 28 10567 32 10654 27 10695 31 10783 25 10824 30 10912 23 10953 28 11041 21 11082 26 11170 19 11210 25 11299 16 11339 23 11429 13 11469 20 11559 8 11598 18 11729 13 11859 9,6720 7 6847 9 6974 10 7101 12 7229 14 7356 17 7483 18 7611 18 7739 18 7867 18 7994 18 8120 14 8136 3 8247 13 8375 6 8502 6 8630 5 8758 5 8776 2 8886 5 8903 3 9014 6 9031 3 9142 6 9159 3 9270 7 9287 2 9397 9 9525 9 9653 10 9781 9 9910 8 10038 7 10167 5,,,9150 3 9278 7 9406 8 9535 6,,4788 6 4912 16 4938 3 5037 36 5163 40 5309 20 5438 9 5917 3 5985 3 6044 3 6113 4 6171 4 6243 3 6299 3 6372 3 6426 3 6501 2 6554 2 6630 1 6681 2 6809 2 7659 1 7787 2 7915 2 8043 3 8171 3 8299 3 8427 3 8470 1 8555 3 8597 2 8683 3 8725 2 8812 2 8854 1 8982 2 9110 2 9238 3 9366 3 9494 3 9622 3 9663 4 9751 2 9790 6 9879 3 9918 7 10007 3 10045 8 10136 3 10173 8 10265 2 10300 9 10345 2 10393 2 10428 9 10473 2 10522 1 10556 9 10600 2 10683 10 10727 3 10812 9 10854 3 10940 9 10981 4 11067 11 11108 4 11194 12 11235 4 11319 16 11362 5 11445 20 11489 5 11553 4 11568 12 11582 13 11617 4 11681 6 11693 8 11703 4 11711 4 11718 5 11744 4 11811 15 11840 2 11847 4 11855 3 11871 3 11940 12 11976 2 11983 6 11996 4 12074 2 12114 13 12243 4 12248 5,9211 3 9340 3 9469 1 11120 3 11158 1 11247 5 11285 4 11374 6 11413 5 11501 6 11541 6 11628 5 11670 5 11707 3 11716 2 11755 5 11799 6 11829 10 11842 5 11882 4 11929 4 11955 13 11969 7 12009 3 12059 4 12082 27 12134 5 12189 3 12209 29 12260 5 12320 5 12338 28 12387 4 12449 4 12468 12 12482 11 12515 4 12601 3
gap_2e9e8e90f9f7f79c6a,6441 1 6568 2,7241 3 7369 4 7493 2 7497 4 7618 7 7626 3 7739 14 7866 16 7993 19 8120 21 8248 4 8255 5 8263 6 8375 4 8383 4 8392 6 8521 4,5568 6 5694 19 5822 22 5950 23 6079 24 6208 24 6337 25 6465 26 6594 25 6724 24 6853 24 6985 21 7114 21 7244 19 7373 19 7501 20 7629 20 7757 21 7885 21 8012 22 8141 21 8227 3 8269 21 8354 5 8398 20 8482 5 8525 21 8610 5 8655 19 8738 6 8785 17 8866 8 8876 3 8914 16 8994 11 9042 16 9123 11 9171 15 9251 14 9299 15 9379 13 9427 15 9507 13 9556 13 9636 12 9685 12 9765 11 9813 11 9893 11 9942 9 10023 10 10070 9 10152 7 10198 8 10281 5 10329 3 10411 2,9011 4 9036 3 9138 6 9163 6 9265 8 9291 8 9392 10 9418 6 9425 2 9520 5 9528 3 9546 5 9555 1 9648 4 9657 2 9674 5 9682 3 9776 4 9785 1 9803 5 9809 4 9904 5 9931 11 10033 5 10060 10 10161 5 10189 9 10290 3 10319 5,5815 6 5942 8 6070 9 6197 11 6324 13 6442 3 6452 13 6570 3 6579 15 6696 7 6706 18 6824 29 6953 28 7081 27 7209 23 7337 21 7465 20 7592 20 7720 19 7847 19 7975 18 8103 17 8231 17 8359 16 8489 14 8618 12 8747 6,,6491 2 6619 2 6748 1 6877 1 7006 2 7135 1 8513 3 8640 5 8768 7 8895 9 9015 4 9023 10 9144 4 9151 10 9273 4 9279 10 9402 3 9407 10 9531 2 9535 10 9569 1 9659 2 9663 9 9697 1 9786 2 9792 7 9912 4 9920 7 10039 4 10048 7 10166 3 10177 6 10293 2 10304 7 10418 3 10433 6 10545 3 10562 3 10580 2 10673 3 10691 2 10708 3 10819 1,7411 2 7537 4 7665 5 7792 5 7920 4 8048 3 8717 2 8844 4 8971 6 9099 6 9229 4 9358 3 10299 3 10423 8 10442 3 10551 10 10567 8 10678 11 10694 10 10805 13 10821 13 10933 13 10949 13 11061 13 11077 14 11190 11 11205 13 11323 3 11335 7
gap_cb7f8001c70b2e24ad,5932 7 6059 10 6185 16 6311 19 6351 7 6438 20 6477 12 6565 21 6605 14 6692 22 6732 16 6819 23 6860 17 6946 24 6988 18 7073 25 7105 3 7115 19 7201 25 7232 5 7243 20 7328 26 7360 6 7370 22 7455 28 7488 7 7496 25 7583 28 7617 32 7711 28 7746 32 7838 29 7875 31 7966 29 8003 32 8094 29 8131 32 8221 31 8258 33 8349 31 8386 33 8477 32 8513 34 8605 32 8640 35 8733 33 8768 35 8861 33 8897 34 8990 32 9026 33 9118 31 9155 32 9246 31 9284 30 9375 30 9412 30 9503 29 9541 28 9631 28 9670 27 9760 26 9799 25 9889 25 9927 25 10017 24 10056 23 10146 23 10185 22 10275 21 10313 21 10404 19 10442 20 10533 18 10571 18 10662 16 10699 17 10791 14 10828 15 10921 11 10957 13 11052 5 11087 9,6213 1 6339 4 6464 8 6588 1 6591 12 6714 6 6722 10 6842 6 6852 8 6970 6 6981 7 7098 5 7109 6 7227 4 7238 5 7356 2 7367 3 7871 1 7998 4 8126 4 8254 3,,,8639 1,,5309 7 5431 18 5557 23 5681 29 5810 29 5941 11 5955 13 6086 11 6220 5 6309 1 6436 1 6490 2 6563 2 6619 2 6689 3 6748 3 6817 2 6877 3 6944 2 7006 2 7071 2 7134 3 7199 2 7263 2 7327 1 8603 2 8731 2 8803 3 8859 2 8931 3 8987 3 9059 2 9115 3 9151 3 9187 2 9243 3 9278 5 9314 3 9372 3 9405 7 9442 2 9501 2 9533 8 9570 1 9629 2 9660 9 9788 9 9915 11 10043 11 10172 10 10300 9 10428 10 10555 11 10658 2 10683 12 10787 3 10811 12 10844 2 10915 5 10939 12 10970 4 11044 8 11069 8 11096 5 11173 16 11198 6 11212 4 11222 6 11304 13 11327 4 11341 13 11434 9 11455 3 11470 11 11584 2 11712 1,9747 5 9832 5 9875 6 9959 6 10004 5 10087 5 10133 4 10215 3 10263 3 10343 2 10391 3 10470 2 10520 3 10597 3 10649 2 10725 3 10777 3 10852 3 10905 4 10979 4 11034 4 11067 2 11077 2 11106 3 11163 4 11193 5 11204 5 11233 4 11292 4 11319 8 11331 7 11359 4 11421 4 11446 9 11459 8 11486 4 11551 4 11573 10 11587 8 11612 5 11679 5 11700 11 11715 9 11737 8 11807 9 11829 10 11843 8 11862 11 11935 11 11959 7 11972 6 11989 12 12062 13 12116 5 12125 4 12190 6 12198 5 12244 3 12254 3 12319 3 12329 2 12372 2 12458 1
gap_349cf4a60c981b1c2c,,6198 3 6325 6 6453 7 6581 8 6709 8 6837 8 6964 9 7093 8 7221 8 7232 5 7349 7 7360 5 7477 6 7487 7 7606 4 7615 7 7744 5 7873 4,4502 1 4629 2 4757 2 4840 4 4885 2 4967 6 5013 2 5095 6 5141 2 5222 8 5269 2 5350 8 5477 10 5605 10 5731 12 5859 12 5986 13 6114 13 6242 14 6370 14 6499 13 6626 14 6754 14 6882 14 7009 14 7137 14 7265 14 7394 13 7522 13 7651 12 7780 11 7908 11 8037 9 8165 9 8294 8 8423 6 8551 6 8680 5 8809 3,7508 3 7635 8 7763 10 7891 11 7967 6 8019 11 8093 10 8148 11 8220 15 8279 9 8349 14 8408 9 8478 13 8536 9 8608 10 8663 11 8732 3 8746 2 8783 6 8791 11 8859 4 8874 3 8911 19 8986 7 9001 4 9038 21 9113 10 9129 5 9166 21 9241 10 9256 6 9294 21 9370 10 9383 7 9422 20 9498 19 9551 18 9626 19 9679 18 9755 18 9808 15 9883 17 9938 11 10013 14 10070 3 10141 13 10271 9 10402 3,2872 12 2995 19 3119 33 3246 35 3364 45 3491 47 3617 49 3741 54 3868 54 3996 53 4123 51 4188 5 4251 50 4315 7 4376 15 4395 6 4414 14 4442 9 4503 16 4547 2 4553 2 4570 9 4631 16 4697 10 4756 1 4759 16 4825 10 4884 1 4887 16 4952 10 5011 2 5015 16 5049 3 5079 12 5139 2 5143 16 5171 10 5205 14 5267 2 5271 15 5299 11 5333 14 5394 17 5426 12 5460 15 5522 16 5554 12 5587 17 5650 11 5680 16 5715 3 5722 9 5778 11 5807 9 5819 7 5843 2 5851 8 5906 11 5934 9 5947 11 5970 3 5980 6 6035 17 6061 8 6075 13 6098 4 6107 7 6163 22 6188 7 6205 12 6226 5 6233 9 6292 30 6334 12 6354 16 6422 27 6463 13 6483 16 6552 3 6557 19 6591 15 6611 15 6678 4 6686 18 6720 16 6740 14 6805 5 6814 8 6824 8 6849 16 6868 14 6932 7 6943 6 6953 6 6978 15 6997 12 7059 9 7071 6 7081 6 7107 15 7126 11 7187 9 7201 3 7210 4 7237 13 7257 8 7315 9 7339 2 7369 8 7387 6 7443 9 7498 7 7572 7 7627 5 7700 6 7755 4 7829 4 8215 5 8342 7 8469 9 8597 9 8726 6 8855 4 8984 2,,3558 1 3687 1 3816 1 5745 1 5873 1 6001 1 6129 1 6257 1 6287 1 6385 1 6415 1 6513 2 6543 1 6641 2 6769 2 6897 2 8250 6 8376 10 8503 12 8630 14 8757 16 8884 17 9012 17 9104 1 9141 16 9232 2 9269 16 9360 3 9397 16 9489 2 9525 16 9617 2 9653 16 9707 2 9745 3 9781 16 9835 2 9874 2 9910 16 9962 2 10003 2 10038 18 10089 3 10131 2 10166 20 10216 3 10260 1 10294 23 10344 1 10421 25 10545 21 10672 12 10689 4 10799 5 10807 4 10927 3 10936 2 11581 2 11709 3 11837 3,8647 2 8753 2 8774 4 8880 4 8902 5 9007 5 9031 4 9135 6 9159 5 9263 6 9287 6 9391 6 9415 6 9519 6 9543 6 9647 5 9671 6 9775 5 9799 6 9903 5 9928 5 10032 4 10160 4 10823 9 10931 2 10941 4 10949 14 11055 8 11067 26 11178 45 11304 47 11431 22 11455 25 11558 23 11584 24 11686 23 11713 23 11814 22 11841 22 11942 22 11970 20 12071 21 12098 19 12201 18 12228 16 12330 16 12362 7 12460 10 12590 4
gap_36c7e13f7a8cd18e3e,4011 1 4134 16 4259 20 4385 23 4511 25 4544 13 4561 8 4637 26 4671 29 4764 27 4799 30 4890 28 4928 31 5017 29 5057 32 5144 29 5186 32 5271 30 5315 33 5397 31 5444 33 5524 32 5573 33 5651 32 5701 34 5778 32 5830 34 5905 33 5958 35 6032 33 6087 35 6159 34 6215 36 6287 33 6344 36 6414 34 6473 36 6541 34 6602 36 6669 34 6730 37 6796 34 6859 36 6924 34 6987 37 7051 34 7115 38 7179 34 7243 38 7307 33 7371 39 7434 29 7465 1 7499 40 7562 27 7627 40 7690 26 7755 41 7818 25 7883 41 7946 25 8012 41 8073 25 8144 37 8201 25 8250 2 8272 37 8329 26 8376 5 8385 3 8399 39 8457 26 8503 6 8512 6 8526 40 8585 26 8630 7 8640 8 8653 41 8713 28 8757 8 8768 10 8780 5 8788 34 8842 29 8884 9 8897 17 8916 34 8970 29 9011 10 9026 52 9098 29 9139 2 9145 4 9155 51 9226 29 9283 51 9355 27 9412 49 9483 27 9541 48 9612 25 9669 48 9740 25 9798 47 9869 24 9927 45 9997 24 10055 45 10126 24 10184 44 10254 25 10312 43 10383 25 10411 3 10441 42 10512 30 10569 41 10640 31 10697 41 10769 31 10826 39 10897 32 10954 39 11026 36 11082 38 11155 35 11211 37 11284 34 11339 36 11412 33 11467 35 11541 32 11596 33 11670 30 11725 31 11800 27 11853 30 11930 24 11982 28 12059 21 12111 25 12189 17 12241 22 12320 11 12371 19 12501 15 12631 10,5309 2 5434 7 5561 9 5688 11 5815 13 5942 14 6070 14 6198 14 6326 14 6454 14 6582 15 6710 19 6834 24 6961 6 6970 16 7088 7 7099 15 7215 8 7229 2 7235 7 7342 9 7363 7 7469 10 7492 5 7597 10 7621 3 7723 12 7846 17 7973 18 8101 18 8229 17 8264 4 8357 17 8392 4 8485 16 8521 3 8615 13 8745 10 8873 9 9002 7 9129 7 9257 6 9384 6 9510 7 9637 8 9765 7 9777 2 9894 5 9904 4 10023 4 10032 6 10152 2 10160 7 10287 8 10415 8 10544 7 10672 6 10802 3,,,9023 1 9150 3 9271 3 9277 4 9397 7 9524 8 9652 7 9781 5 9910 3 10039 2,,3636 10 3763 15 3892 20 4022 19 4152 17 4253 2 4281 16 4380 3 4411 6 4507 4 4633 4 4759 4 4885 5 5013 4 5140 3 5268 2 5349 2 5477 4 5606 4 5735 4 5864 4 5993 4 6122 3 6252 1 6411 2 6538 3 6666 3 6793 3 6921 3 7049 2 7797 1 7815 2 7925 2 7942 4 8053 3 8070 3 8181 3 8198 3 8309 4 8326 3 8438 3 8454 3 8566 3 8583 1 8695 1 9352 2 9480 3 9589 4 9608 4 9663 4 9717 4 9736 4 9790 7 9845 4 9864 5 9917 9 9973 3 9993 4 10044 11 10101 3 10121 4 10171 12 10229 2 10250 2 10299 12 10427 12 10554 13 10681 15 10809 15 10937 15 10994 3 11023 1 11065 15 11121 4 11151 2 11193 15 11248 4 11279 3 11320 16 11376 4 11408 3 11448 16 11503 4 11537 3 11576 16 11631 3 11665 4 11704 16 11759 2 11794 5 11830 18 11923 5 11956 23 12052 6 12083 26 12181 6 12210 27 12310 6 12338 9 12349 6 12357 10 12439 7 12466 9 12478 4 12486 10 12569 7 12595 7 12606 4 12616 11 12647 1 12698 8 12723 5 12734 3 12745 13 12769 2 12773 2 12828 9 12847 7 12863 2 12880 8 12891 11 12960 5 12975 5 12991 2 13010 19 13105 4 13141 15 13235 3 13272 10 13363 3,10372 1 10621 2 10747 4 10874 6 11001 7 11013 4 11129 6 11141 5 11256 6 11269 6 11383 5 11397 7 11511 4 11525 8 11638 4 11653 9 11765 4 11786 5 11892 5 11915 4 12019 6 12038 3 12045 3 12147 7 12166 4 12174 3 12274 8 12295 5 12302 4 12401 9 12424 11 12475 1 12483 3 12529 4 12554 10 12603 1 12610 5 12655 5 12685 8 12731 1 12738 6 12783 4 12817 5 12855 5 12866 8 12909 5 12946 5 12981 7 12994 10 13036 5 13075 6 13109 6 13122 12 13163 4 13204 6 13238 5 13251 12 13290 3 13334 5 13367 4 13381 11 13464 2 13496 1 13511 9
gap_1949bafc95251b5b00,,,,,,,7873 4 8000 7 8113 2 8126 10 8145 3 8240 4 8253 11 8273 3 8368 3 8381 11 8402 1 8509 11 8637 11 8765 11 8783 1 8892 13 8908 8 9009 3 9014 3 9020 26 9136 9 9147 26 9263 10 9275 23 9391 6 9403 20 9531 13 9661 10 9792 5 9921 4 10049 3 10178 2 10306 1,6450 2 6577 3 6704 4 6735 2 6831 4 6863 4 6959 4 6992 4 7065 1 7087 3 7120 5 7191 4 7249 4 7317 7 7378 3 7445 7 7533 5 7572 9 7660 7 7699 10 7787 9 7827 10 7914 11 7955 10 8041 12 8082 11 8169 13 8210 11 8297 13 8338 11 8424 14 8466 12 8551 15 8595 11 8678 16 8723 12 8800 1 8805 16 8852 12 8927 3 8931 18 8981 12 9055 20 9109 13 9183 19 9239 13 9311 17 9368 12 9440 14 9498 9 9627 8 9671 4 9756 7 9786 5 9798 7 9884 6 9913 7 9925 8 10012 6 10041 7 10053 8 10086 3 10140 5 10169 8 10181 8 10213 4 10268 5 10297 8 10309 8 10341 4 10397 4 10425 8 10437 7 10468 5 10525 4 10554 6 10565 7 10596 3 10654 3 10682 6 10693 7 10723 4 10783 2 10810 5 10822 5 10850 3 10911 3 10940 3 10951 3 10977 4 11040 3 11104 3 11168 4 11232 2 11297 4 11427 1
gap_142b643de5311c1640,,,,,,,,8602 4 8727 8 8855 8 8981 10 9109 10 9237 10 9365 10 9493 9 9522 2 9566 5 9622 7 9648 4 9693 8 9751 4 9776 3 9821 9 9903 4 9949 9 10031 3 10077 10 10205 10 10261 11 10333 10 10387 14 10462 9 10515 15 10591 7 10642 18 10720 5 10770 19 10898 22 11027 22 11155 24 11227 4 11285 24 11352 13 11414 25 11479 15 11544 24 11607 15 11673 23 11727 24 11803 22 11853 25 11932 21 11980 26 12062 19 12107 26 12192 17 12235 26 12322 15 12363 25 12451 13 12490 25 12582 9 12617 23 12745 19 12872 17 13001 14 13133 7
gap_f8df4904c6710520ba,5171 3 5192 8 5296 10 5319 11 5422 13 5447 13 5549 14 5575 15 5676 15 5704 15 5803 16 5832 16 5930 17 5961 16 6057 18 6089 17 6184 19 6218 17 6312 19 6347 17 6439 20 6475 18 6566 21 6603 18 6694 21 6732 18 6821 21 6860 19 6949 21 6988 20 7076 21 7116 20 7203 22 7244 21 7331 21 7372 21 7458 22 7499 23 7586 22 7626 24 7713 22 7753 26 7841 22 7875 3 7881 26 7969 22 8002 33 8096 23 8129 34 8224 23 8257 35 8352 22 8386 34 8480 22 8516 1 8518 30 8607 23 8647 29 8735 22 8775 29 8863 22 8902 30 8991 22 9030 30 9119 22 9157 30 9247 21 9284 31 9376 20 9412 31 9504 20 9541 30 9632 21 9670 29 9760 21 9799 28 9889 20 9928 26 10017 21 10056 26 10145 23 10185 24 10274 24 10314 23 10402 24 10442 22 10531 23 10571 21 10659 23 10699 20 10787 23 10828 18 10916 21 10957 16 11045 19 11086 13 11175 16 11216 10 11304 14 11346 7 11433 12 11477 1 11562 10 11692 5,5954 6 6081 8 6209 8 6337 8 6464 9 6590 12 6716 15 6843 16 6970 10 6984 4 7098 10 7112 4 7225 11 7240 4 7353 10 7368 3 7480 11 7497 1 7608 10 7736 10 7863 10 7991 9 8119 9 8247 9 8375 9 8503 9 8630 10 8758 9 8885 10 9013 10 9141 10 9269 10 9397 10 9525 10 9653 10 9781 10 9909 9 10038 6 10168 3,,,9027 1 9155 1,,4540 8 4666 11 4793 13 4921 14 5050 4 5058 3 5720 2 5849 2 5977 4 6106 4 6235 4 6310 1 6364 3 6437 2 6493 3 6565 1 6621 3 6691 2 6750 2 6819 2 6879 1 6946 3 7073 3 7201 2 7329 2 8163 2 8292 1 8420 2 8548 2 8676 2 8804 2 8932 2 8989 2 9060 1 9117 2 9187 2 9245 2 9373 3 9501 3 9629 3 9758 2 9792 6 9887 1 9919 8 10046 10 10173 11 10300 13 10428 13 10556 12 10592 2 10684 12 10719 3 10813 11 10846 4 10913 2 10941 11 10973 4 11041 4 11069 12 11101 3 11170 4 11196 15 11229 1 11299 3 11323 20 11427 4 11451 25 11577 5 11585 3 11594 12 11706 3 11714 1 11725 9 11821 9 11948 8 12076 5,10515 4 10601 4 10643 5 10728 5 10772 5 10855 5 10902 4 10983 3 11032 2 11110 3 11161 2 11237 3 11289 3 11364 3 11418 3 11491 3 11547 3 11589 5 11618 3 11676 3 11709 4 11717 7 11745 4 11805 4 11833 9 11844 9 11870 5 11934 4 11960 10 11972 10 11997 5 12063 5 12087 11 12100 10 12124 4 12193 4 12215 11 12229 8 12253 1 12323 2 12343 10 12358 4 12473 8 12605 2
gap_5b823ee0ff3b356bca,,,,,,,10759 2 10887 2 10893 3 11021 3 11156 3 11284 4 11382 4 11413 3 11508 5 11677 2 11805 3 11933 3,6169 4 6296 6 6423 8 6551 9 6679 9 6807 9 6887 1 6934 10 7012 6 7062 10 7139 8 7191 8 7267 8 7319 8 7394 10 7447 7 7521 11 7576 5 7649 12 7705 2 7777 12 7905 12 8033 12 8161 11 8290 9 8419 8 8550 4 8598 5 8679 1 8725 7 8852 9 8980 9 9108 10 9236 12 9318 6 9364 12 9445 8 9492 13 9572 10 9621 12 9699 11 9750 12 9826 12 9879 11 9953 13 10009 10 10079 15 10138 10 10203 19 10268 13 10329 21 10398 13 10456 21 10527 14 10583 22 10657 14 10709 24 10786 14 10834 26 10915 13 10961 27 11044 13 11088 27 11173 12 11216 26 11302 11 11344 25 11431 10 11471 24 11561 8 11599 22 11690 6 11727 20 11820 3 11855 19 11983 16 12113 10 12244 3
gap_89d3f686deabd4f4f4,6977 3 7104 5 7217 5 7232 5 7246 4 7344 7 7360 5 7373 6 7471 9 7488 5 7501 6 7599 10 7617 4 7629 7 7726 11 7756 10 7853 13 7883 12 7980 15 8008 16 8107 18 8135 18 8235 19 8262 20 8362 20 8390 20 8490 20 8518 20 8618 20 8647 19 8745 20 8776 18 8873 20 8904 18 9001 19 9033 17 9129 18 9162 16 9257 18 9291 14 9386 16 9419 14 9514 16 9548 12 9642 15 9676 11 9771 14 9805 9 9899 13 9935 6 10028 11 10065 2 10158 8 10287 6,6845 1 6972 3 6982 4 7099 4 7110 6 7238 7 7353 4 7366 7 7481 4 7495 6 7609 5 7623 6 7737 5 7751 5 7866 4 7880 3,,,7744 4 7872 5 7999 6 8127 7 8255 7 8383 7 8512 3,,5563 3 5691 3 5699 6 5820 3 5827 7 5948 2 5956 2 6084 1 6212 1 6340 1 6834 1 6837 1 6960 7 6993 2 7087 2 7093 1 7121 4 7214 3 7250 5 7341 3 7379 4 7467 4 7507 4 7595 4 7636 3 7711 5 7723 2 7851 1 8282 3 8410 4 8486 3 8539 3 8614 3 8667 2 8742 3 8767 7 8870 3 8894 9 9022 10 9149 12 9277 12 9405 11 9533 11 9561 3 9661 10 9688 4 9790 9 9815 4 9896 1 9917 11 9943 3 10023 4 10045 11 10151 5 10173 12 10281 4 10301 12 10429 12 10560 5 10677 3 10689 4 10805 3 10817 4 10945 3 11074 1 11202 1 11330 1 11458 1,5560 3 5687 4 5814 6 5941 7 5958 5 6068 9 6085 6 6196 8 6213 3 6217 3 6324 7 6341 2 6345 4 6453 4 6472 5 6582 1 6602 3 8939 3 9067 3 9194 4 9320 6 9369 1 9447 7 9494 6 9574 7 9623 6 9702 6 9752 5 9829 5 9881 4 9957 4 10011 3 10085 3 10139 3 10212 3 10268 3 10339 3 10397 2 10466 3 10525 3 10555 5 10565 5 10592 4 10654 3 10682 7 10693 6 10719 4 10783 4 10810 7 10821 7 10840 10 10912 4 10937 8 10949 8 10965 12 11041 5 11064 9 11077 8 11090 14 11170 9 11192 9 11205 8 11217 14 11299 14 11321 8 11333 7 11345 14 11428 14 11450 6 11462 4 11473 14 11557 13 11608 7 11685 13 11737 6 11813 10 11867 3 11942 6
gap_87175c6af3ff608fa2,,6599 3 6726 5 6854 5 6967 4 6975 4 6981 6 7094 6 7103 12 7222 6 7231 13 7349 6 7366 7 7478 4 7495 6 7606 3 7624 5 7753 3,,,4923 11 5049 15 5176 17 5303 19 5329 10 5431 22 5455 14 5543 7 5560 40 5670 7 5689 40 5791 5 5797 8 5817 41 5918 14 5945 7 5957 30 6044 16 6072 6 6086 29 6170 17 6199 6 6218 27 6298 17 6326 5 6347 30 6426 17 6453 6 6477 2 6483 2 6488 18 6554 18 6581 5 6611 2 6616 19 6684 19 6709 4 6738 3 6743 21 6813 19 6837 3 6865 4 6871 21 6942 20 6992 3 6999 22 7070 15 7089 2 7119 4 7128 21 7199 12 7259 17 7327 9 7387 17 7455 8 7516 15 7584 5 7645 12 7773 11 7902 9 8031 7 8159 6,,7486 8 7612 11 7739 13 7866 15 7993 16 8121 17 8248 18 8375 20 8503 20 8630 21 8759 21 8888 21 9006 1 9017 16 9037 1 9133 6 9144 17 9166 2 9261 7 9271 19 9295 2 9390 29 9424 3 9520 27 9553 1 9652 23 9781 22 9910 3 9915 16 10046 4 10174 4 10302 3 10430 3 10558 3 10687 2 10815 1,6157 1 6284 3 6411 5 6539 6 6667 6 6795 7 6923 7 7051 8 7085 4 7180 8 7211 8 7308 9 7337 10 7378 4 7437 9 7465 10 7505 6 7537 3 7566 9 7593 10 7632 8 7664 4 7694 11 7721 10 7759 9 7791 5 7822 12 7849 10 7887 9 7918 5 7951 14 7977 10 8014 11 8044 6 8079 16 8105 10 8142 11 8171 7 8208 18 8234 8 8270 11 8297 8 8337 20 8363 6 8399 10 8423 9 8465 21 8528 8 8548 11 8594 22 8657 6 8672 14 8723 22 8799 15 8852 22 8925 17 8982 21 9050 19 9111 20 9177 20 9241 18 9304 19 9370 18 9431 19 9500 16 9559 18 9630 15 9687 16 9759 14 9814 14 9889 13 9942 12 10019 16 10062 2 10069 11 10148 24 10181 12 10197 8 10279 22 10307 14 10324 7 10407 22 10434 25 10537 21 10562 24 10666 20 10689 24 10795 19 10817 22 10926 16 10945 19 11056 14 11074 17 11185 12 11203 15 11316 7 11332 11 11463 2
gap_a505050595a3b064cd,4521 9 4646 19 4691 3 4772 25 4801 24 4898 57 5023 62 5150 65 5276 36 5316 30 5403 35 5446 30 5531 32 5575 31 5658 30 5705 30 5785 30 5834 30 5913 28 5963 30 6040 28 6092 29 6167 28 6221 29 6295 28 6349 30 6423 27 6478 29 6551 26 6607 29 6678 27 6735 29 6806 27 6864 29 6934 26 6992 29 7061 27 7119 31 7189 27 7247 31 7317 27 7375 31 7445 27 7503 31 7572 29 7631 31 7700 29 7759 31 7828 30 7888 30 7956 31 8020 26 8084 31 8149 25 8212 32 8276 26 8340 33 8405 25 8468 33 8527 3 8534 24 8596 32 8654 3 8662 24 8724 27 8781 4 8790 24 8853 24 8903 9 8918 24 8981 24 9029 10 9046 24 9109 24 9157 10 9174 24 9237 25 9266 3 9284 12 9301 25 9365 33 9412 42 9494 33 9540 42 9622 33 9669 41 9750 33 9798 39 9879 32 9927 38 10007 32 10055 38 10136 33 10184 37 10264 34 10312 37 10393 34 10440 36 10521 34 10569 35 10650 32 10697 34 10779 31 10825 34 10908 29 10953 33 11037 28 11082 31 11165 27 11210 31 11294 25 11339 29 11423 23 11468 27 11553 19 11597 25 11682 16 11726 23 11812 12 11855 21 11943 6 11984 19 12114 15 12244 12 12377 4,5692 2 5818 5 5943 9 5960 1 6069 12 6087 4 6196 14 6214 6 6324 25 6451 27 6579 28 6708 27 6836 27 6965 26 7093 26 7222 24 7350 3 7356 18 7477 4 7485 17 7603 6 7615 14 7731 7 7745 13 7859 8 7872 14 7988 28 8117 27 8245 26 8374 24 8503 22 8630 19 8756 18 8880 20 9008 19 9136 15 9271 8 9399 8 9527 8 9655 9 9783 10 9911 8 10039 7 10169 4,,,9151 4 9279 4 9407 4 9535 3,,4016 13 4042 1 4138 21 4168 12 4265 45 4389 2 4404 37 4515 4 4538 20 4562 9 4641 4 4667 6 4676 6 4697 6 4767 5 4827 6 4894 3 4957 4 5021 2 5085 5 5217 2 5994 2 6122 3 6251 2 6293 2 6379 2 6420 3 6507 3 6548 3 6636 2 6676 2 6764 3 6803 3 6893 1 6931 3 7059 2 7187 2 8047 1 8175 2 8302 3 8430 3 8558 3 8594 2 8686 3 8722 2 8814 3 8850 3 8942 2 8978 3 9070 2 9106 3 9198 2 9234 3 9363 2 9491 2 9619 2 9748 1 9793 4 9919 7 10046 9 10174 9 10301 10 10349 2 10429 10 10477 2 10519 2 10557 10 10604 2 10647 3 10684 11 10731 3 10776 3 10812 11 10859 2 10904 3 10940 11 10986 3 11033 3 11068 11 11113 4 11161 4 11196 11 11241 3 11291 3 11324 10 11368 3 11419 4 11451 11 11495 4 11549 3 11575 16 11623 3 11677 4 11703 17 11750 3 11807 3 11830 7 11839 11 11877 3 11936 4 11959 4 11968 4 11975 4 12004 3 12066 10 12097 2 12104 3 12130 3 12195 10 12225 2 12257 4 12326 4 12354 1 12383 4 12510 4 12634 5,11837 1 11963 4 11973 1 12085 11 12099 5 12211 14 12227 7 12338 15 12355 10 12465 16 12483 11 12594 15 12611 11 12724 11 12740 10 12869 7
gap_5d8ea6f34568222ae0,3918 13 4044 19 4172 20 4301 21 4430 23 4559 23 4688 23 4817 3 4827 13 4961 8 5092 6 5222 4 5352 3 10163 2 10291 2 10312 1 10418 3 10440 2 10545 4 10568 3 10672 5 10697 3 10799 5 10825 4 10926 6 10954 4 11052 7 11083 4 11179 7 11211 5 11304 9 11340 5 11430 10 11469 5 11552 14 11599 5 11681 11 11729 2,5166 1 5292 3 5420 3 5550 1 7877 5 8003 8 8120 1 8130 10 8246 5 8258 10 8373 7 8387 10 8501 8 8515 10 8628 9 8644 9 8756 9 8776 5 8884 9 8905 4 9012 9 9034 2 9141 7 9162 1 9273 2,4537 6 4662 13 4789 16 4916 21 4949 8 5044 26 5075 16 5171 51 5299 53 5426 55 5553 57 5680 59 5807 61 5935 62 6062 63 6189 65 6316 66 6445 66 6573 66 6701 66 6829 66 6957 66 7086 66 7218 62 7354 55 7484 53 7614 51 7744 49 7873 4 7882 39 7950 2 8001 2 8011 38 8076 5 8140 37 8204 6 8268 37 8332 7 8397 35 8460 8 8525 35 8588 8 8653 35 8716 9 8781 35 8844 10 8909 35 8973 11 9036 36 9101 13 9163 37 9229 15 9291 37 9358 17 9377 1 9385 5 9420 36 9486 33 9549 35 9614 33 9677 35 9743 32 9807 33 9872 31 9936 31 10000 31 10065 30 10129 30 10194 28 10258 29 10323 26 10386 29 10451 26 10515 28 10580 24 10644 26 10709 23 10773 25 10837 22 10901 24 10966 20 11031 21 11094 19 11160 18 11223 17 11290 14 11351 16 11421 9 11479 15 11608 13 11737 10 11868 1,,5412 3 5419 1 5539 11 5667 11 5795 9 5915 6 5923 8 6043 16 6172 15 6300 16 6429 16 6557 16 6685 16 6812 17 6938 19 7065 21 7193 21 7321 21 7343 3 7347 1 7443 1 7449 29 7568 4 7577 30 7696 1 7705 31 7833 31 7961 31 8089 31 8219 27 8349 21 8477 19 8606 17 8735 15 8865 12 8995 9 9125 6,,3276 3 3404 5 3411 4 3501 2 3533 11 3620 4 3625 8 3666 7 3746 14 3797 3 3872 15 4003 4 4454 3 4582 4 4626 3 4711 4 4753 4 4840 3 4880 4 4969 3 5007 4 5135 3 5263 2 6027 1 6154 3 6255 1 6281 4 6383 2 6409 3 6511 2 6537 3 6639 3 6665 2 6767 3 6896 2 8202 1 8305 1 8329 3 8433 2 8458 2 8561 2 8586 1 8689 2 8817 2 8945 1 9275 9 9402 11 9529 12 9656 13 9783 14 9911 14 10039 14 10127 2 10167 14 10255 3 10295 14 10383 3 10423 14 10477 1 10512 3 10551 14 10604 3 10642 1 10679 14 10732 2 10807 14 10859 3 10935 15 10987 2 11063 16 11191 16 11319 15 11447 15 11576 12 11704 10 11810 1 11837 4 11937 5 11965 4 12066 4 12093 3 12119 6 12195 2 12221 3 12247 5 12349 4 12477 3,11718 4 11824 10 11843 11 11949 15 11969 16 12074 19 12097 18 12201 20 12225 20 12329 20 12353 21 12457 19 12482 20 12588 15 12611 17 12720 8 12743 10
gap_c6833984478f48af68,,7110 2 7238 10 7366 11 7494 12 7622 12 7745 18 7872 6 7880 11 8000 5 8010 9 8128 5 8142 4 8257 3,3644 6 3771 10 3899 20 3926 2 4027 22 4051 9 4156 35 4285 37 4414 38 4543 38 4672 39 4800 40 4929 41 5058 41 5188 39 5317 39 5448 37 5577 36 5706 36 5835 36 5964 36 6093 6 6101 27 6221 3 6230 27 6359 26 6488 3 6495 19 6622 20 6736 5 6749 22 6864 10 6876 23 6996 31 7124 32 7251 33 7379 33 7508 32 7636 33 7765 32 7893 32 8021 32 8150 31 8279 30 8408 28 8538 26 8667 24 8795 24 8924 23 9053 21 9116 1 9182 20 9243 2 9310 19 9371 2 9438 19 9499 2 9566 18 9694 17 9822 16 9951 14 10080 10 10209 7 10338 5 10467 3 10595 1,8611 5 8736 9 8792 2 8863 10 8918 6 8990 11 9005 4 9045 8 9117 12 9132 7 9171 11 9245 11 9259 8 9299 11 9373 12 9387 7 9427 11 9501 20 9555 11 9628 21 9683 11 9756 21 9812 10 9885 20 9940 11 10013 21 10069 11 10142 20 10198 11 10272 18 10327 11 10401 16 10456 11 10531 12 10585 10 10661 8 10714 8 10845 4,4024 1 4146 10 4272 13 4399 15 4527 16 4649 2 4655 17 4777 3 4784 16 4905 3 4914 15 5034 1 5042 16 5170 18 5298 4 5304 13 5426 5 5434 14 5553 7 5563 14 5678 28 5804 31 5931 33 6057 18 6077 16 6184 19 6206 15 6224 4 6311 20 6334 22 6439 20 6462 22 6567 20 6590 11 6605 7 6695 20 6719 9 6734 2 6823 20 6851 5 6863 1 6951 21 6980 3 7079 22 7202 3 7206 24 7319 39 7446 40 7574 38 7702 37 7832 33 7961 27 8090 8 8101 12 8220 5 8231 4 8237 2 8350 1 8855 2 8983 3 9111 3,,5015 1 5142 1 5269 1 8645 4 8770 8 8896 11 9023 12 9151 13 9279 13 9407 13 9535 13 9663 13 9791 13 9919 12 10047 12 10175 12 10302 13 10427 16 10554 18 10683 18 10814 3 10823 8 10952 8 11086 2,8761 4 8782 2 8888 5 8909 4 9015 6 9037 6 9142 7 9165 6 9270 8 9293 6 9397 9 9421 6 9525 9 9549 6 9653 9 9677 6 9780 9 9805 7 9908 9 9933 7 10036 9 10061 6 10164 8 10189 6 10293 5 10317 6 10446 4 10937 3 10964 3 11057 21 11091 5 11183 26 11213 12 11310 44 11437 45 11565 45 11692 46 11820 46 11949 45 12078 43 12207 19 12228 20 12338 14 12358 15 12470 1
gap_b8d0fe24a608ffa3b4,,7245 3 7750 6 7878 7 7999 1 8006 7 8125 5 8134 7 8253 6 8262 7 8381 7 8391 5 8509 7 8637 6 8765 5 8894 2,5723 1 5848 5 5975 6 6102 8 6230 8 6357 9 6485 16 6614 16 6742 18 6871 18 6999 19 7127 20 7254 21 7382 22 7508 24 7576 1 7634 26 7702 5 7761 28 7830 5 7888 29 7957 7 8016 29 8085 8 8144 29 8214 8 8273 28 8342 9 8401 28 8470 9 8530 27 8599 9 8659 26 8727 9 8788 25 8855 10 8917 23 8983 10 9047 21 9112 9 9177 18 9241 9 9307 9 9369 9 9439 1 9497 10 9626 9 9755 8 9883 9 10012 8 10141 7 10269 8 10398 8 10528 1 10531 3,7990 2 8118 2 9428 5 9555 8 9683 9 9811 10 9939 10 10067 11 10196 9 10325 8 10455 5,3001 4 3125 10 3149 3 3250 14 3276 7 3375 18 3403 10 3502 20 3531 11 3628 22 3660 11 3754 24 3789 11 3880 26 3918 10 4007 27 4047 10 4134 28 4176 16 4261 30 4305 16 4387 34 4438 12 4515 35 4567 12 4642 37 4697 11 4770 37 4825 12 4897 17 4916 20 4954 13 5025 16 5045 20 5083 13 5153 15 5174 19 5211 14 5281 13 5306 15 5340 14 5409 11 5436 14 5471 12 5539 9 5565 13 5600 11 5668 7 5685 2 5694 13 5721 2 5729 11 5797 6 5813 3 5823 12 5858 10 5911 1 5925 6 5942 6 5952 11 5987 10 6038 2 6053 6 6071 5 6082 9 6116 9 6166 1 6180 8 6211 7 6245 9 6308 8 6340 5 6374 8 6435 16 6467 4 6503 7 6563 17 6594 6 6632 7 6691 18 6722 8 6760 7 6820 17 6850 9 6889 6 6949 15 6979 9 7018 5 7078 13 7108 9 7147 4 7208 10 7237 8 7275 4 7336 9 7367 5 7404 3 7465 8 7593 8 7713 1 7721 7 7841 1 7849 4 7978 1 9125 1,,7666 1 7793 2 7921 2 8049 2 9153 2 9277 11 9405 11 9532 13 9660 13 9788 13 9917 12 10045 12 10173 12 10301 11 10429 11 10470 1 10557 11 10597 2 10682 15 10724 2 10783 2 10809 17 10937 18 11067 3 11071 11 11201 3 11218 4 11311 1 11329 2 11457 2 11585 2 11713 2 11841 3 11969 3 12097 3 12225 2,11084 3 11189 4 11210 7 11315 13 11333 13 11441 15 11460 16 11565 19 11588 21 11691 21 11716 21 11818 22 11844 21 11946 21 11973 18 12075 20 12101 17 12205 18 12230 13 12335 15 12361 2 12465 11
gap_f6ed9ece9065150bbb,,5848 4 5976 4 6056 1,,,8125 1 8252 1 8766 3 8893 4 9021 2 9535 4 9662 5 9788 7 9916 7 10044 7 10172 1 10174 4 10299 6 10427 5 10554 6 10682 6 10811 4 10939 4 11068 2,,11837 9 11965 9 12093 8,5987 3 6078 7 6112 7 6173 4 6205 10 6239 8 6300 8 6332 12 6366 9 6428 9 6459 14 6494 9 6556 9 6586 16 6621 10 6685 9 6713 18 6749 10 6813 9 6841 18 6877 10 6940 10 6968 19 7005 9 7068 11 7096 4 7111 4 7133 9 7197 11 7262 8 7325 11 7388 15 7452 13 7514 19 7575 19 7641 21 7702 20 7769 22 7829 22 7897 23 7955 24 8022 27 8082 29 8148 29 8210 30 8276 29 8338 30 8404 10 8417 16 8465 30 8533 8 8546 15 8592 31 8661 8 8676 13 8719 20 8741 10 8789 8 8804 12 8847 20 8870 9 8917 8 8932 11 8976 19 8999 8 9045 8 9061 9 9105 13 9127 7 9173 8 9190 7 9200 3 9234 11 9255 7 9302 7 9326 5 9363 9 9383 7 9430 6 9453 6 9492 6 9512 6 9557 6 9577 9 9620 7 9641 5 9685 5 9700 14 9748 11 9770 5 9814 2 9825 16 9876 12 9899 3 9951 18 10004 15 10077 19 10133 17 10203 21 10262 19 10328 23 10390 21 10454 25 10520 22 10580 25 10649 23 10706 26 10779 22 10833 26 10910 21 10960 24 11040 20 11087 21 11169 21 11213 22 11299 20 11340 21 11428 20 11467 21 11558 19 11594 20 11688 18 11721 20 11819 16 11849 17 11949 14 11977 16 12078 13 12105 14 12208 11 12233 12 12337 10 12363 7 12467 7
gap_ca1b69ddef301f9c83,,7235 9 7355 3 7362 11 7482 6 7491 11 7609 8 7619 12 7736 9 7749 10 7864 9 7878 9 7992 9 8006 9 8120 9 8135 8 8248 8 8264 5 8378 3,3895 12 3927 5 4017 31 4054 9 4144 35 4181 11 4273 34 4309 12 4402 19 4425 27 4532 14 4560 21 4661 14 4688 21 4790 16 4815 23 4921 26 4948 18 5050 23 5076 19 5189 9 5205 18 5321 2 5335 17 5464 17 5594 16 5723 16 5851 16 5979 17 6107 17 6235 18 6362 19 6490 19 6617 21 6745 21 6872 22 6999 23 7127 23 7254 24 7382 24 7510 24 7638 17 7657 6 7766 17 7785 6 7894 26 8023 25 8152 24 8281 23 8411 22 8542 19 8671 18 8800 17 8929 15 9057 15 9186 14 9314 13 9443 12 9571 11 9699 11 9828 9 9956 9 10085 7 10213 6 10341 6 10470 3,6814 2 6941 6 7068 9 7195 11 7322 11 7449 11 7577 9 7704 10 7832 10 7960 10 8089 9 8222 3 8660 6 8786 11 8865 5 8910 16 8989 11 9037 18 9115 22 9164 20 9243 23 9292 21 9371 23 9420 21 9499 12 9513 9 9548 22 9627 11 9642 8 9677 6 9685 13 9755 10 9770 8 9805 6 9815 11 9883 10 9898 7 9933 7 9943 11 10011 10 10025 8 10061 9 10072 10 10139 21 10190 20 10268 19 10319 19 10396 19 10447 19 10525 17 10577 17 10653 16 10706 16 10782 13 10837 12 10911 10 10967 9 11041 3,3907 9 3919 4 4048 4 4053 1 4126 5 4179 2 4250 11 4266 7 4307 2 4374 28 4421 4 4501 31 4546 14 4629 32 4675 13 4756 33 4806 9 4884 33 5013 32 5073 2 5141 31 5187 2 5198 7 5271 29 5316 5 5323 12 5401 26 5445 19 5529 26 5573 21 5656 7 5665 17 5697 24 5783 7 5793 17 5823 26 5910 8 5921 18 5950 27 6037 9 6049 20 6078 26 6165 9 6178 5 6187 11 6206 26 6291 11 6308 1 6315 11 6335 24 6417 13 6443 11 6463 13 6477 10 6544 14 6570 11 6593 10 6606 8 6672 15 6698 11 6727 3 6734 7 6799 15 6826 10 6862 7 6926 15 6953 10 6991 6 7054 14 7081 9 7119 6 7182 8 7191 4 7206 11 7247 6 7310 7 7320 2 7333 12 7377 4 7438 6 7448 1 7460 13 7566 5 7575 2 7586 14 7694 4 7703 1 7714 14 7823 2 7831 1 7842 13 7950 3 7959 1 7970 12 8087 2 8098 11 8216 2 8225 10 8352 8,,3421 3 3550 3 3679 2 4242 3 4325 2 4370 2 4453 3 4496 1 4581 4 4709 4 4750 2 4838 3 4877 3 4967 2 5005 3 5133 2 5869 2 5997 2 6125 3 6253 3 6382 2 6537 2 6665 2 6793 2 6921 2 7655 2 7783 2 8305 2 8433 2 8457 2 8511 4 8561 2 8585 2 8636 8 8689 2 8713 2 8761 12 8817 2 8841 2 8889 13 9016 14 9144 15 9272 15 9400 15 9527 16 9655 16 9783 16 9911 15 10040 13 10169 12 10297 11 10426 10 10554 11 10601 1 10643 3 10681 12 10728 2 10772 3 10809 12 10855 3 10901 3 10937 12 10983 2 11065 11 11111 1 11194 9 11296 3 11325 4 11424 4 11454 3 11483 3 11582 3 11611 2 11710 3 11839 2 11967 2 12095 2,9545 1 9673 1 9801 1 9929 1 10057 2 10184 3 10312 3 10421 1 10440 4 10568 4 10696 5 10824 3 10952 1 11057 5 11184 7 11206 3 11310 12 11331 11 11437 15 11458 14 11560 21 11586 16 11686 23 11713 22 11813 24 11841 24 11940 25 11969 25 12068 25 12098 24 12197 24 12226 23 12327 21 12355 21 12457 18 12485 17
gap_dcdad6e90af5efd398,4687 4 4815 7 4943 18 5072 18 5202 17 5332 15 5470 6 5600 5 5730 3 5790 2 5859 3 5917 4 5988 3 6044 5 6117 4 6172 5 6245 4 6299 6 6373 5 6427 6 6502 5 6554 7 6630 5 6682 6 6758 6 6809 7 6886 6 6937 8 7014 7 7064 10 7142 7 7192 11 7270 7 7320 12 7398 7 7448 13 7526 8 7576 14 7653 9 7703 18 7781 9 7831 20 7909 9 7959 22 8036 10 8087 24 8163 11 8215 25 8290 12 8343 27 8399 4 8417 13 8471 29 8523 10 8543 15 8599 32 8647 15 8669 17 8727 33 8773 41 8855 32 8901 41 8983 31 9029 41 9111 31 9158 40 9239 30 9287 39 9367 30 9416 38 9496 29 9545 37 9624 29 9674 36 9752 29 9802 35 9881 28 9931 34 10009 29 10059 33 10138 28 10187 32 10266 29 10316 31 10395 28 10444 30 10523 29 10572 30 10652 28 10700 29 10781 27 10828 28 10909 27 10957 27 11038 26 11085 26 11167 25 11213 25 11296 23 11342 23 11425 21 11470 22 11554 19 11599 20 11683 18 11728 17 11813 14 11858 13 11943 10 11988 9 12075 2,5297 11 5423 16 5549 18 5672 25 5699 5 5799 34 5927 35 6055 35 6182 36 6310 37 6438 37 6566 37 6695 37 6823 37 6951 38 7080 19 7101 16 7209 18 7229 16 7337 17 7357 17 7465 17 7485 17 7594 16 7612 18 7723 14 7740 18 7852 13 7867 19 7981 10 7995 19 8111 7 8123 5 8129 12 8242 2 8252 1 8259 10 8387 10 8518 4 9015 5 9142 7 9269 9 9397 9 9525 9 9653 9 9781 9 9909 8 10038 6 10166 5 10296 1,5596 4 5721 9 5847 12 5973 15 6100 17 6227 18 6354 19 6481 21 6609 21 6737 21 6860 1 6865 21 6993 21 7117 1 7121 21 7245 1 7249 21 7377 21 7505 21 7633 20 7761 20 7889 20 8018 18 8146 17 8275 15 8404 13 8533 10 8663 6,,8507 2 8634 5 8762 8 8890 10 9020 8 9149 6 9278 2,,4177 12 4271 4 4305 12 4391 13 4433 6 4440 5 4518 14 4563 2 4569 4 4646 6 4655 4 4698 2 4775 3 5478 1 5606 2 5735 2 5863 2 5992 2 6042 2 6121 1 6169 2 6297 2 6425 2 6553 1 7574 1 7701 2 7790 2 7829 2 7918 3 7957 2 8046 3 8085 2 8174 3 8213 2 8302 3 8341 2 8430 2 8469 2 8559 1 9539 4 9665 7 9792 9 9919 10 10008 1 10046 12 10136 2 10173 13 10219 2 10264 2 10301 13 10347 2 10392 3 10429 12 10474 3 10521 2 10557 12 10602 2 10649 3 10685 11 10729 3 10778 3 10814 9 10856 3 10907 2 10942 9 10984 2 11036 1 11070 9 11111 3 11198 9 11239 2 11325 11 11366 2 11453 12 11580 1 11584 4 11591 3 11708 1 11713 2 11720 1 11828 2 11841 2 11854 3 11954 4 11969 2 11983 4 12080 5 12097 3 12112 6 12209 2 12225 3 12241 5 12353 3 12481 2,11710 1 11717 2 11833 8 11844 8 11959 10 11972 9 12086 11 12100 11 12213 12 12228 12 12339 14 12356 14 12465 15 12485 15 12593 11 12613 15 12722 6 12748 7
gap_252a182eb501524214,,6848 2 6974 5 7101 7 7229 12 7358 12 7486 13 7615 4 7620 7 7749 7 7877 7 8007 4 8136 3,,7707 3 7834 5 7962 6 8027 2 8089 9 8154 3 8217 10 8281 5 8345 10 8408 6 8472 11 8533 10 8600 10 8661 11 8728 10 8743 1 8788 11 8857 17 8916 12 8985 18 9044 12 9114 17 9172 13 9247 13 9300 13 9375 13 9429 12 9502 13 9557 12 9630 13 9686 11 9758 13 9814 11 9886 12 9943 10 10015 11 10072 8 10143 10 10202 5 10272 8 10401 6,4403 17 4425 10 4529 20 4552 12 4654 43 4778 48 4905 51 5032 54 5159 21 5188 28 5285 19 5319 6 5326 20 5412 17 5457 19 5540 16 5586 19 5653 5 5668 15 5693 3 5715 20 5780 7 5797 12 5820 6 5843 21 5907 9 5948 7 5972 20 6035 10 6076 9 6101 20 6162 12 6204 18 6229 20 6290 15 6309 6 6331 20 6358 19 6418 16 6438 6 6453 27 6487 18 6546 16 6567 7 6580 29 6616 17 6674 17 6699 4 6707 17 6725 13 6746 16 6802 17 6827 21 6850 1 6854 13 6875 15 6929 19 6954 17 6979 1 6983 13 7004 15 7057 8 7067 9 7081 17 7110 15 7133 14 7185 7 7195 10 7208 17 7241 13 7261 14 7313 7 7323 28 7370 12 7390 13 7441 7 7451 23 7499 11 7520 11 7569 32 7627 11 7649 10 7697 10 7710 10 7725 3 7756 10 7771 2 7777 10 7825 9 7839 9 7853 2 7887 7 7898 4 7905 10 7953 9 7968 7 8016 5 8026 1 8029 14 8081 8 8098 5 8145 3 8157 14 8209 8 8227 1 8286 12 8338 4 8343 2 8414 11 8471 1 8543 9 8672 6 8801 3,,7998 4 8124 8 8251 11 8378 13 8505 14 8633 15 8761 15 8888 16 9016 16 9144 16 9272 16 9400 16 9529 14 9657 14 9785 14 9913 14 10035 3 10040 15 10160 24 10185 1 10286 9 10296 22 10415 1 10420 1 10425 14 10441 7 10558 7 10686 3 10814 3 10943 1 11071 1 11454 1 11581 3 11710 2,8011 1 8114 5 8139 2 8241 6 8265 4 8369 7 8393 5 8497 7 8521 6 8624 7 8649 6 8752 7 8777 7 8880 7 8905 7 9008 7 9033 8 9136 7 9161 8 9263 8 9289 8 9391 8 9417 9 9519 8 9545 9 9647 7 9673 9 9775 7 9801 9 9905 2 9930 8 10060 4 10545 2 10671 13 10695 7 10798 15 10819 14 10924 17 10946 17 11049 20 11073 21 11176 21 11201 23 11303 22 11329 23 11431 22 11457 24 11559 22 11585 24 11687 22 11713 24 11816 20 11841 23 11944 19 11970 22 12073 17 12099 20 12202 15 12229 16 12333 3 12365 5
gap_5ab2140b4c7b9fe172,4015 16 4045 7 4140 21 4165 18 4266 23 4292 21 4393 24 4420 22 4519 25 4549 23 4646 25 4677 25 4773 25 4806 25 4900 24 4935 26 5027 23 5065 25 5154 22 5194 25 5281 22 5323 24 5408 22 5452 24 5535 23 5580 25 5662 23 5709 24 5790 23 5837 25 5917 24 5965 25 6045 24 6093 25 6172 25 6221 26 6300 25 6349 26 6427 26 6477 26 6555 26 6605 26 6682 27 6733 27 6810 28 6861 27 6938 28 6989 27 7065 29 7118 26 7193 29 7246 26 7321 29 7375 26 7448 29 7504 25 7576 28 7632 25 7704 27 7761 24 7832 26 7889 24 7960 26 8017 24 8088 25 8144 25 8216 25 8265 3 8271 26 8344 24 8392 5 8398 27 8472 24 8503 8 8518 35 8600 23 8631 50 8728 23 8760 6 8767 42 8857 22 8896 41 8985 23 9024 40 9113 23 9152 40 9241 24 9281 38 9369 28 9409 38 9497 28 9538 37 9625 28 9667 36 9754 27 9797 34 9882 27 9926 33 10011 26 10054 33 10139 27 10183 31 10267 29 10311 31 10396 29 10439 30 10524 30 10568 29 10653 29 10696 28 10782 28 10825 26 10910 28 10953 25 11039 26 11082 23 11168 25 11211 21 11297 23 11339 21 11426 21 11468 19 11555 19 11598 16 11684 17 11727 14 11814 14 11857 10 11945 8 11988 3,5176 7 5189 3 5303 8 5315 7 5430 10 5442 9 5558 22 5685 24 5813 24 5941 24 6069 24 6197 24 6325 24 6453 24 6582 23 6710 23 6839 22 6968 21 7097 20 7225 20 7354 20 7487 15 7609 2 7616 15 7732 8 7745 15 7860 8 7874 15 7989 8 8003 9 8013 3 8118 6 8132 5 8248 3 8369 1 8496 5 8623 7 8751 8 8879 8 9008 6 9136 5 9143 6 9265 2 9271 7 9398 9 9525 10 9653 10 9781 9 9909 9 10037 9 10166 7 10296 5,,,8766 1 8892 4 9020 4 9149 3 9278 3,,3384 4 3511 13 3635 28 3762 30 3895 23 4010 3 4032 11 4055 2 4137 3 4184 3 4313 2 4443 3 4572 3 4702 1 6632 1 6760 2 6808 2 6888 2 6935 3 7016 3 7063 2 7144 3 7191 2 7272 3 7319 2 7401 2 7447 1 7529 2 7657 1 8598 2 8725 3 8853 4 8937 1 8982 3 9064 3 9110 3 9192 3 9238 3 9319 4 9367 2 9447 3 9495 2 9575 3 9663 1 9703 3 9790 6 9831 2 9918 7 9959 1 10046 8 10173 9 10301 9 10428 10 10557 9 10685 10 10812 11 10940 11 11068 12 11165 2 11196 12 11293 4 11324 12 11361 2 11422 3 11452 13 11489 2 11551 4 11579 14 11615 3 11680 4 11703 22 11742 3 11810 4 11829 15 11847 9 11867 5 11939 5 11955 10 11967 4 11976 10 11992 7 12069 22 12096 2 12109 16 12198 15 12225 1 12239 13 12329 8 12373 2,9746 1 9838 3 9873 4 9965 4 10002 3 10093 3 10130 4 10220 3 10259 3 10347 3 10388 3 10475 2 10517 2 10602 3 10646 2 10730 2 10775 1 10857 2 10904 1 10984 3 11033 1 11111 2 11161 1 11973 3 12091 4 12099 8 12216 8 12226 11 12341 11 12354 12 12469 11 12482 12 12597 10 12611 11 12729 3 12741 5
gap_3b676990f44a5f7a2f,3502 8 3626 13 3664 5 3752 15 3781 21 3878 12 3908 24 4005 11 4037 25 4131 12 4167 25 4258 12 4297 24 4385 12 4427 24 4512 12 4556 24 4639 12 4685 24 4767 12 4815 22 4894 12 4944 22 5021 13 5072 22 5149 12 5201 22 5277 12 5329 22 5405 12 5457 23 5532 12 5586 22 5660 12 5714 23 5788 12 5841 24 5916 12 5969 24 6044 12 6097 24 6172 12 6225 24 6300 12 6353 24 6428 12 6480 25 6556 13 6608 25 6684 13 6736 25 6812 13 6864 25 6940 14 6991 27 7068 15 7119 27 7196 15 7247 27 7324 16 7374 28 7452 16 7501 28 7580 17 7628 29 7708 18 7753 32 7837 17 7879 34 7965 18 8006 35 8093 19 8133 36 8221 21 8260 37 8349 24 8388 37 8478 24 8515 38 8606 24 8644 37 8734 24 8773 35 8862 25 8902 34 8990 25 9031 33 9119 24 9160 32 9247 25 9289 30 9375 26 9417 30 9504 27 9546 29 9632 27 9674 28 9761 26 9802 28 9889 26 9930 28 10017 26 10058 27 10146 25 10186 27 10275 23 10315 25 10403 23 10443 24 10532 21 10571 24 10661 19 10700 22 10791 16 10829 19 10921 13 10958 17 11052 7 11087 15 11218 10,3897 5 4023 9 4149 14 4276 18 4402 21 4529 23 4653 28 4780 29 4907 31 5034 37 5162 38 5289 40 5417 14 5432 25 5545 15 5561 24 5673 40 5801 40 5929 40 6057 40 6185 40 6313 39 6441 39 6570 20 6591 16 6698 20 6720 15 6826 21 6848 14 6955 33 7084 23 7111 5 7212 32 7341 31 7471 27 7601 21 7732 17 7861 15 7989 13 8124 3 8377 2 8503 7 8631 8 8759 8 8887 8 9015 7 9143 7 9273 4,,,8385 2 8513 2,,3003 2 3121 6 3128 9 3143 4 3249 28 3384 28 3517 16 3535 6 3655 4 4065 1 4193 3 4255 3 4321 4 4382 3 4451 2 4510 2 4637 2 4765 2 5480 2 5530 2 5608 3 5658 2 5737 2 5785 3 5913 3 6633 2 6683 1 6761 3 6810 2 6889 3 6938 2 7018 1 7066 2 8220 1 8297 1 8348 1 8425 2 8476 2 8553 2 8604 2 8681 1 8809 1 8898 2 9022 8 9150 10 9277 11 9405 12 9533 12 9661 12 9789 11 9917 11 10045 10 10173 10 10301 10 10429 10 10531 1 10557 11 10595 1 10659 2 10685 11 10722 2 10787 4 10813 11 10848 3 10916 4 10942 9 10975 4 11045 5 11072 4 11102 3 11175 4 11201 3 11229 3 11305 3 11329 2 11355 4 11457 2 11482 4 11585 2 11713 2 11841 2,11064 7 11077 5 11189 11 11204 8 11315 14 11332 11 11442 15 11459 13 11570 14 11588 13 11699 13 11716 13 11837 2 11846 10
gap_594e17c4c493235454,4049 3 4174 10 4301 14 4428 17 4495 2 4555 21 4622 3 4683 24 4749 3 4812 25 4876 4 4941 27 5003 5 5069 30 5130 6 5197 13 5214 15 5258 6 5325 10 5349 9 5385 7 5454 6 5479 9 5513 7 5609 8 5640 8 5739 6 5768 8 5868 6 5895 9 5997 6 6023 10 6126 5 6151 10 6255 5 6279 10 6383 6 6407 10 6512 5 6535 10 6641 4 6663 10 6770 4 6791 10 6899 3 6919 9 7028 2 7047 9 7157 1 7175 8 7303 7 7431 8 7558 9 7686 9 7815 7 7943 7 8071 7 8199 6 8327 6 8455 6 8583 6 8711 5 8741 6 8840 4 8868 8 8969 2 8995 10 9123 10 9251 10 9378 11 9506 11 9633 13 9760 14 9888 14 10015 16 10142 18 10268 21 10394 24 10516 31 10642 33 10769 35 10897 35 11025 34 11153 34 11282 33 11410 32 11539 30 11669 28 11800 23 11932 18,9535 5 9648 5 9665 4 9776 6 9793 4 9904 6 9924 1 10033 4 10162 3 10291 1,4401 3 4527 6 4654 8 4782 8 4909 8 5037 7 5165 5 5171 5 5290 8 5299 5 5418 11 5546 8 5555 3 5673 8 5683 4 5801 6 5811 4 5930 4 5938 4 5945 1 6058 11 6188 9 6317 8 6445 10 6567 1 6573 12 6702 13 6830 14 6955 17 7083 17 7211 5 7223 4 7340 1 7830 4 7957 7 8085 8 8213 8 8343 7 8472 5 8601 4 9449 1 9577 3 9585 4 9705 5 9711 6 9835 10 9964 8 10085 2 10093 7 10213 1 10221 6 10347 8 10474 9 10485 1 10596 1 10601 9 10723 14 10850 14 10977 14 11108 10 11231 2 11236 10 11358 3 11364 11 11486 4 11492 11 11614 1 11616 16 11745 14 11874 8 12003 5 12131 5 12259 4,,5210 2 5335 6 5453 1 5460 6 5581 11 5708 7 5836 5 5848 1 5963 4 5974 13 6091 2 6102 14 6231 15 6359 15 6483 19 6611 5 6624 6 6739 5 6753 6 6881 7 7006 12 7132 14 7252 5 7261 13 7377 9 7389 13 7505 9 7517 14 7633 9 7645 16 7761 9 7774 6 7782 8 7890 7 7902 5 7909 10 8019 6 8031 16 8148 5 8159 16 8276 6 8287 5 8293 11 8404 15 8423 10 8533 10 8551 10 8662 9 8679 10 8792 7 8807 10 8920 7 8935 10 9045 10 9063 2 9070 2 9173 7 9190 2 9301 5 9429 5 9557 6 9570 3 9688 3 9699 2,,4109 2 4236 3 4363 3 4490 3 4618 2 4746 1 5103 2 5232 2 5361 2 5381 2 5489 2 5509 2 5636 3 5764 3 5891 4 6019 3 6519 1 6647 2 6775 2 6903 2 6916 2 7031 3 7043 3 7160 2 7171 4 7299 4 7427 3 7555 3 7684 1 8709 2 8837 2 8965 2 9093 3 9222 1 9661 4 9787 6 9914 10 10041 12 10169 13 10296 14 10424 14 10486 1 10551 15 10613 2 10679 15 10741 2 10807 15 10935 15 11063 15 11191 14 11319 14 11446 15 11573 16 11664 1 11700 18 11792 3 11828 19 11921 2 11955 20 12050 3 12080 23 12179 2 12206 25 12332 7 12340 5 12347 12 12361 2 12459 7 12469 3 12475 12 12489 3 12587 3 12593 1 12599 1 12604 11 12617 4 12732 11 12746 3 12861 9 12875 1 12989 9 13117 13 13245 14 13373 13 13505 9 13634 8 13763 2,8342 1 8440 2 8470 2 8568 3 8696 3 8825 1 11269 1 11397 1 12308 2 12437 2 12472 2 12600 2 12719 4 12727 4 12845 8 12856 3 12971 16 13097 18 13223 20 13283 2 13351 15 13409 3 13486 6 13536 3
gap_254f0a0675db139fcd,3789 13 3906 26 4032 29 4160 31 4255 2 4289 31 4380 5 4418 32 4507 5 4547 32 4633 6 4676 33 4760 6 4806 32 4887 6 4935 32 5014 6 5064 32 5141 6 5193 32 5267 7 5321 33 5394 7 5450 33 5521 7 5579 32 5649 6 5707 33 5776 7 5835 34 5903 7 5963 34 6031 7 6091 13 6113 12 6158 8 6219 10 6245 9 6286 8 6347 9 6375 7 6414 8 6475 8 6504 7 6541 9 6603 7 6633 6 6669 9 6731 6 6762 6 6797 9 6859 6 6891 5 6925 9 6987 5 7019 5 7053 9 7115 4 7148 4 7181 8 7244 3 7276 4 7309 8 7404 4 7437 9 7533 3 7565 8 7661 3 7693 8 7789 2 7821 7 7917 2 7949 5 8045 2 8077 5 8173 2 8205 5 8300 4 8333 5 8428 4 8461 5 8513 13 8556 4 8589 5 8641 14 8683 5 8717 5 8742 2 8769 14 8811 5 8846 4 8866 8 8897 14 8938 6 8974 5 8995 9 9026 14 9066 6 9103 4 9123 10 9156 13 9193 7 9231 4 9252 12 9285 12 9321 7 9359 5 9380 13 9413 13 9449 6 9488 5 9508 14 9542 13 9576 7 9616 5 9635 16 9671 12 9704 7 9744 6 9763 16 9799 13 9831 7 9873 6 9891 17 9927 14 9958 7 10001 7 10018 18 10055 15 10085 8 10129 9 10144 21 10183 16 10212 9 10257 37 10311 17 10339 9 10386 36 10439 18 10466 10 10515 35 10567 19 10593 10 10644 34 10696 20 10719 12 10773 33 10824 35 10902 31 10953 33 11031 30 11081 33 11161 27 11210 31 11290 25 11339 27 11419 24 11468 24 11549 20 11597 23 11681 15 11726 21 11810 11 11856 19 11940 5 11986 15 12118 8,4395 16 4520 22 4642 30 4768 34 4894 38 5021 40 5147 43 5274 45 5401 46 5529 46 5656 48 5783 50 5911 51 6042 48 6172 46 6301 45 6430 44 6559 42 6688 41 6817 39 6945 38 7074 37 7203 39 7331 40 7459 28 7488 11 7587 26 7616 11 7715 18 7735 5 7744 11 7843 17 7872 11 7971 17 8000 10 8100 16 8129 8 8230 13 8258 7 8359 11 8387 4 8488 9 8618 6 8748 3 8757 5 8884 7 9011 8 9138 9 9266 9 9394 10 9522 9 9651 8 9779 7 9908 5,6039 3 6104 8 6167 5 6230 14 6295 6 6356 19 6423 7 6483 21 6551 8 6610 23 6679 9 6738 24 6808 9 6865 26 6936 9 6992 27 7065 9 7120 28 7193 10 7247 29 7322 9 7375 29 7451 8 7503 30 7579 8 7631 30 7708 7 7758 31 7837 6 7886 31 7966 5 8014 31 8095 5 8142 31 8211 6 8224 6 8270 30 8339 7 8354 5 8398 30 8466 9 8527 29 8594 10 8655 28 8722 11 8783 28 8850 13 8912 26 8979 14 9041 24 9107 14 9169 24 9235 15 9298 22 9364 15 9426 22 9493 14 9555 20 9621 14 9684 19 9751 11 9813 17 9880 9 9942 15 10010 5 10071 13 10201 10 10330 7,,8122 2 8249 4 8377 5 8505 7 8633 7 8762 7 8891 6,,3265 4 3272 6 3381 2 3392 16 3500 5 3507 10 3520 16 3626 28 3656 6 3753 9 3765 10 3882 7 4063 2 4191 4 4320 5 4376 2 4450 4 4503 3 4579 4 4629 4 4709 3 4756 4 4838 2 4883 4 4967 2 5011 3 5519 2 5645 4 5740 2 5773 3 5869 2 5900 3 5997 3 6028 3 6125 3 6156 2 6254 3 6382 3 6511 2 7052 1 7179 2 7307 2 7435 2 7563 2 7692 1 7792 1 7920 1 8048 1 9101 1 9229 2 9357 2 9406 7 9486 1 9531 10 9659 11 9711 1 9786 12 9838 3 9913 13 9965 3 10040 14 10093 3 10168 14 10221 2 10296 13 10349 1 10424 13 10552 13 10680 13 10808 13 10936 13 11030 1 11064 14 11158 3 11192 14 11287 3 11320 15 11415 4 11448 15 11545 3 11575 16 11674 3 11700 19 11749 1 11805 1 11824 3 11830 14 11875 3 11958 3 11965 5 12001 4 12093 4 12127 5 12221 4 12253 6 12349 4 12381 2 12477 4 12605 4 12734 2,11846 2 11971 9 12080 13 12098 14 12204 17 12225 17 12329 20 12353 18 12457 20 12481 19 12588 17 12609 19 12719 14 12738 15
gap_a9a5dff04f83e68cff,5709 1 5837 1 7220 3 7348 3 7476 3 7604 2 7620 7 7732 1 7746 10 7873 13 8000 14 8127 16 8254 17 8381 18 8509 18 8637 3 8647 8 8765 2 8777 6 8907 4 9037 1,5847 2 5974 5 6057 4 6101 6 6185 5 6229 5 6312 7 6358 2 6442 5 6571 4,,,5441 6 5568 8 5695 9 5707 2 5823 8 5835 2 5952 5 5963 3 6080 4 6092 3 6209 3 6220 3 6348 2 7351 1 7479 2 7495 1 7606 4 7733 5 7862 5 7872 1 7990 5 7998 2 8119 8 8250 4 8378 3 8506 3 8634 3 8640 7 8757 2 8762 3 8767 10 8884 3 8890 17 9012 3 9018 9 9034 3 9146 9 9163 1 9274 8 9402 8 9530 8 9657 8 9785 8 9913 8 10041 7 10171 2,6591 5 6718 7 6845 8 6972 9 7101 7 7229 7 7357 6 7486 4 7615 2,,5853 4 5979 7 6107 8 6179 4 6234 8 6305 7 6362 8 6433 8 6492 3 6561 7 6690 6 6738 1 6743 9 6820 2 6865 17 6951 3 6993 18 7078 6 7121 19 7201 15 7250 19 7328 16 7379 19 7455 17 7507 19 7582 18 7636 18 7708 19 7764 18 7835 20 7893 17 7964 19 8021 17 8092 19 8150 17 8220 19 8278 17 8303 2 8348 18 8406 17 8425 1 8430 3 8475 19 8534 17 8553 1 8557 4 8602 19 8663 15 8685 4 8723 2 8728 21 8791 14 8813 4 8851 8 8860 17 8919 12 8940 4 8979 7 8989 16 9047 11 9065 7 9107 6 9119 13 9176 9 9192 7 9235 5 9248 12 9304 8 9319 8 9363 5 9377 11 9431 8 9446 9 9491 7 9506 10 9559 7 9572 11 9620 8 9636 9 9687 6 9698 13 9749 10 9766 7 9815 4 9825 13 9878 11 9895 6 9943 2 9953 13 10007 12 10025 4 10080 13 10136 12 10155 2 10206 14 10265 13 10331 16 10394 14 10457 16 10524 13 10580 19 10653 14 10706 20 10782 14 10832 20 10912 19 10959 20 11043 19 11085 19 11173 19 11213 16 11303 18 11340 14 11433 17 11468 12 11565 13 11597 9 11695 11 11726 6 11830 3
gap_07cc47e33d28188ef7,7747 2 7874 4 8001 6 8129 6 8257 6 8372 4 8386 5 8402 3 8499 6 8529 5 8626 7 8657 6 8753 8 8784 9 8880 10 8911 10 9007 12 9037 12 9135 12 9163 15 9262 14 9291 15 9390 15 9419 15 9517 16 9548 13 9645 15 9676 13 9773 15 9805 12 9901 14 9934 10 10030 12 10063 8 10158 12 10192 6 10287 10 10416 8 10545 7 10676 3,8008 7 8120 3 8137 6 8248 4 8253 1 8266 5 8377 5 8394 6 8506 5 8522 6 8634 5 8650 6 8762 5 8778 6 8890 5 8907 4 9019 3,,,8515 3 8642 5 8769 6 8896 7 9026 5,,8020 3 8114 2 8148 5 8240 4 8277 5 8367 5 8405 5 8494 5 8534 4 8621 5 8663 3 8749 4 8878 2 9281 5 9408 8 9535 9 9641 2 9663 10 9691 3 9768 4 9791 10 9818 4 9896 5 9918 11 9945 5 10025 4 10047 10 10072 5 10153 4 10175 10 10199 5 10282 4 10303 10 10326 4 10411 3 10430 15 10455 1 10558 15 10686 12 10699 1 10815 8 10945 5 11074 3 11203 2 11331 2 11459 2 11587 2 11715 2 11843 2 11972 1,6731 3 6858 5 6969 4 6985 7 7096 6 7113 8 7223 8 7240 9 7350 9 7369 8 7478 8 7502 1 7606 6 8818 3 8944 6 9070 8 9197 9 9324 10 9359 6 9451 10 9486 9 9579 10 9614 10 9706 10 9741 12 9833 10 9869 13 9959 12 9998 14 10086 11 10126 15 10213 10 10255 17 10340 11 10383 19 10467 5 10475 4 10514 17 10595 3 10604 4 10644 16 10723 2 10732 4 10779 2 10783 6 10824 5 10860 3 10913 5 10939 6 10951 8 10987 4 11034 2 11044 2 11066 8 11078 9 11115 4 11161 4 11194 8 11205 10 11242 4 11289 4 11322 8 11333 10 11369 4 11417 4 11450 9 11461 10 11497 3 11546 4 11578 8 11590 8 11625 2 11675 4 11707 7 11718 7 11804 4 11836 5 11847 3 11933 4 12062 3 12191 2
gap_06d9ac66f154842eab,3531 9 3657 15 3785 19 3879 1 3913 21 4005 4 4041 22 4132 5 4170 23 4259 6 4298 24 4386 6 4427 24 4512 8 4555 25 4638 9 4683 26 4765 10 4812 25 4892 11 4940 26 5020 10 5068 27 5147 10 5196 27 5274 11 5324 28 5402 11 5453 28 5529 12 5581 28 5657 12 5708 29 5785 14 5836 30 5912 16 5964 30 6040 17 6092 31 6168 17 6220 31 6295 19 6348 32 6423 20 6476 32 6550 21 6604 33 6678 22 6731 22 6757 8 6806 23 6859 21 6886 7 6934 25 6985 23 7015 6 7062 26 7109 27 7144 5 7190 28 7235 29 7272 5 7317 32 7362 30 7401 3 7445 34 7490 30 7528 3 7573 35 7618 31 7653 6 7701 34 7746 42 7830 33 7873 44 7958 31 8001 44 8086 31 8129 44 8214 30 8257 44 8341 30 8386 43 8469 30 8514 43 8597 30 8643 42 8725 30 8772 41 8853 30 8901 40 8981 31 9030 38 9110 30 9159 37 9238 32 9287 36 9366 33 9415 36 9494 34 9544 35 9622 34 9672 34 9751 33 9801 32 9879 33 9929 32 10007 33 10058 30 10136 32 10186 30 10264 31 10315 28 10393 30 10443 27 10522 29 10572 25 10651 27 10700 25 10779 27 10829 22 10908 25 10958 20 11037 23 11087 18 11166 22 11216 16 11295 20 11346 12 11424 17 11476 8 11554 14 11684 10,3758 7 3884 19 4011 22 4138 25 4265 27 4393 29 4520 33 4648 35 4775 36 4903 37 5031 37 5158 38 5286 38 5413 40 5542 39 5670 38 5799 37 5928 36 6057 35 6185 35 6314 34 6443 33 6571 33 6700 15 6717 14 6829 13 6846 13 6959 10 6978 6 7089 7 7220 3 7864 4 7989 8 8117 9 8244 10 8371 11 8499 11 8627 11 8755 10 8883 10 9012 8 9140 6 9270 3,6753 3 6880 5 7008 6 7136 6 7264 6 7392 5 7520 5 7649 3,,7356 3 7483 5 7610 7 7738 7 7868 5 7997 4 8126 3 8254 2,,2737 4 2765 4 2863 9 2892 6 2990 10 3019 12 3113 13 3147 14 3239 7 3276 14 3365 8 3411 8 3492 8 3540 8 3619 6 3674 4 3746 5 3805 1 3873 4 3935 1 4000 5 4127 5 4254 5 4381 5 4509 3 4637 1 5481 2 5609 3 5737 3 5783 1 5866 3 5910 2 5994 3 6037 3 6123 2 6165 3 6251 2 6293 2 6420 3 6549 1 7406 1 7533 2 7661 2 7700 1 7789 2 7827 3 7917 2 7955 3 8045 2 8083 3 8211 3 8339 2 8468 1 8767 4 8893 7 9020 9 9147 11 9274 12 9401 14 9529 14 9579 1 9657 14 9706 2 9785 14 9833 3 9913 14 9961 2 10042 12 10088 3 10171 11 10216 2 10263 1 10299 11 10343 3 10391 2 10427 11 10470 3 10519 3 10555 12 10597 4 10648 3 10682 13 10725 3 10776 3 10810 14 10852 3 10905 3 10938 16 10980 1 11034 3 11065 19 11163 3 11191 12 11207 7 11291 4 11316 7 11327 3 11339 5 11420 3 11443 5 11455 3 11468 5 11550 2 11570 3 11583 3 11711 2 11839 2 11967 2,11331 5 11451 3 11459 8 11575 8 11586 12 11701 10 11714 14 11826 13 11842 17 11952 15 11971 16 12078 17 12099 16 12206 16 12232 9 12335 14 12466 9
gap_f286f307c60994f599,,5047 4 5172 9 5298 12 5425 15 5552 17 5679 20 5807 20 5934 21 6062 21 6190 21 6317 22 6343 1 6445 22 6469 3 6573 26 6701 25 6829 25 6957 26 7086 25 7214 25 7343 24 7473 10 7489 6 7602 7 7731 3,,6174 3 6302 4 6431 4 6559 5 6688 5 6816 5 6945 6 7073 7 7203 5,2997 6 3120 13 3248 13 3377 13 3408 4 3492 3 3506 12 3535 7 3619 5 3635 3 3643 2 3655 4 3663 12 3747 5 3783 4 3791 14 3869 1 3875 5 3911 4 3920 15 3995 4 4003 4 4040 3 4054 11 4123 4 4181 14 4250 5 4309 16 4378 4 4437 18 4505 5 4565 19 4633 4 4694 1 4698 15 4761 4 4826 15 4889 3 4926 2 4954 4 4962 7 5016 3 5053 4 5082 3 5091 7 5139 8 5183 3 5211 2 5221 5 5266 9 5339 2 5350 5 5394 9 5467 3 5479 5 5522 9 5595 5 5608 5 5650 9 5721 8 5736 5 5778 9 5842 2 5847 11 5864 5 5906 10 5969 17 5991 6 6034 15 6097 17 6119 6 6161 13 6177 2 6226 17 6247 6 6289 13 6306 4 6354 17 6374 7 6417 14 6435 2 6483 16 6502 6 6545 14 6564 1 6611 24 6673 15 6739 23 6802 10 6813 3 6866 22 6932 8 6942 3 6993 23 7062 7 7070 3 7121 23 7190 13 7249 24 7317 20 7379 21 7445 20 7508 20 7573 11 7586 7 7638 18 7702 10 7715 5 7766 18 7831 8 7844 3 7895 16 7961 6,,7613 2 7738 9 7865 12 7992 15 8120 16 8247 17 8375 18 8503 18 8631 18 8759 18 8887 18 9016 16 9144 15 9271 16 9398 17 9525 19 9653 20 9781 21 9909 20 10043 11 10173 7 10301 6 10430 4 10558 3 10687 2 10815 2 10943 2 11071 3 11199 3 11327 2 11455 2,7497 4 7624 7 7752 9 7880 10 7984 4 8009 9 8110 7 8137 10 8236 9 8265 10 8363 10 8394 10 8490 11 8522 11 8598 2 8617 12 8650 11 8726 4 8745 12 8778 11 8801 3 8854 5 8872 13 8906 11 8927 5 8983 6 9000 12 9034 10 9053 6 9111 8 9128 10 9162 10 9180 7 9241 8 9257 8 9291 8 9307 7 9370 8 9386 5 9420 5 9433 8 9499 9 9560 7 9628 9 9687 7 9757 10 9815 5 9887 9 9942 5 10016 9 10069 5 10146 8 10161 3 10182 3 10189 4 10197 4 10276 7 10289 11 10309 19 10405 7 10416 13 10435 20 10535 6 10543 14 10563 18 10664 21 10690 19 10793 20 10818 19 10922 20 10946 19 11051 18 11074 18 11180 17 11202 18 11308 17 11330 16 11436 17 11459 14 11565 17 11587 13 11694 15 11715 11 11825 12 11843 9 11955 10 11972 6 12086 6 12216 2
gap_47b7cae7160ad0155f,3662 8 3755 15 3783 18 3881 18 3909 21 4008 19 4036 23 4134 20 4165 24 4261 18 4293 25 4388 17 4422 25 4515 16 4551 25 4642 16 4680 25 4769 17 4809 25 4896 17 4938 25 5024 17 5067 24 5151 18 5196 25 5278 19 5324 25 5405 20 5453 25 5533 20 5581 25 5660 21 5709 26 5787 22 5837 26 5915 22 5965 26 6042 23 6093 26 6169 24 6221 27 6297 24 6350 26 6425 24 6478 26 6552 26 6606 26 6680 26 6734 27 6808 26 6862 27 6936 27 6991 26 7064 27 7122 23 7191 29 7251 22 7319 29 7379 22 7447 30 7506 23 7575 30 7634 23 7703 31 7761 24 7830 32 7889 25 7958 32 8019 23 8086 32 8147 23 8214 31 8276 22 8342 31 8404 22 8471 28 8518 9 8532 22 8599 26 8643 12 8660 22 8727 26 8769 15 8786 24 8855 25 8897 41 8984 24 9024 42 9112 26 9152 41 9241 26 9280 41 9369 26 9409 40 9497 26 9539 37 9625 26 9668 36 9753 26 9797 35 9882 26 9926 33 10010 26 10054 33 10138 27 10183 32 10267 29 10311 31 10395 30 10439 30 10524 29 10568 28 10652 29 10696 28 10781 28 10825 26 10910 27 10953 25 11039 25 11082 24 11167 25 11211 22 11296 23 11340 20 11425 21 11469 19 11554 19 11598 16 11683 17 11727 14 11813 13 11857 11 11943 9 11989 5,4537 4 4663 8 4790 9 4917 11 5045 11 5173 11 5190 5 5301 11 5315 8 5429 23 5557 23 5685 24 5813 24 5941 24 6069 24 6198 23 6327 22 6461 16 6591 14 6711 5 6721 12 6836 9 6849 5 6857 4 6964 17 6986 5 7092 18 7114 6 7221 29 7349 28 7478 27 7607 26 7735 25 7864 23 7991 23 8119 13 8137 4 8246 13 8265 4 8273 2 8373 13 8401 2 8499 14 8529 2 8626 14 8754 13 8883 10 9012 8 9140 8 9267 10 9395 10 9523 9 9651 9 9779 9 9908 8 10036 7 10165 6,,,8893 2 9020 4 9148 4,,3124 4 3131 5 3138 3 3147 3 3250 21 3273 6 3377 31 3505 30 3635 5 3643 4 3651 7 4448 3 4576 4 4705 4 4834 3 4895 1 4963 2 5022 1 5091 3 5148 3 5221 2 5275 3 5349 2 5403 2 5531 2 5658 2 6761 1 6806 1 6889 2 6933 3 7017 2 7061 3 7145 2 7189 2 7273 3 7317 2 7401 3 7445 2 7529 3 7573 2 7657 3 7785 3 7914 1 8854 1 8981 3 9066 2 9109 3 9193 3 9237 4 9321 3 9366 3 9449 2 9494 3 9532 1 9576 3 9622 3 9660 7 9704 3 9751 2 9788 8 9832 3 9879 3 9916 9 9959 3 10007 2 10043 10 10087 3 10171 11 10215 2 10299 11 10343 1 10427 11 10555 11 10683 11 10811 11 10939 12 11067 12 11195 12 11323 13 11451 14 11578 18 11615 2 11702 23 11742 2 11827 17 11847 9 11868 3 11940 1 11953 10 11966 5 11976 11 11994 4 12069 3 12075 11 12095 3 12110 15 12198 15 12223 3 12240 11 12331 5 12351 2,11964 1 11972 4 12089 5 12099 9 12214 9 12227 11 12340 11 12354 14 12467 12 12482 14 12595 11 12611 12 12725 8 12740 9
gap_33202a48f041fdbf36,,,,,5168 1 5296 1,,,6939 4 7066 6 7192 9 7319 11 7446 12 7525 1 7574 13 7651 5 7701 15 7777 8 7829 15 7904 10 7957 15 8032 11 8085 15 8159 13 8213 14 8287 14 8341 13 8415 15 8470 11 8519 1 8543 15 8598 10 8632 2 8647 2 8672 15 8727 8 8759 2 8775 2 8801 14 8856 6 8886 3 8903 3 8929 15 9013 3 9032 3 9057 15 9141 3 9160 4 9186 14 9268 3 9289 4 9314 13 9367 3 9395 4 9417 4 9443 12 9494 7 9521 5 9546 4 9571 12 9623 7 9648 6 9674 5 9700 10 9752 7 9775 6 9803 6 9829 8 9881 7 9901 8 9931 7 9958 10 10010 6 10028 8 10059 9 10089 7 10141 3 10155 8 10188 10 10217 7 10282 8 10316 11 10340 12 10410 7 10445 11 10466 14 10530 1 10538 6 10574 9 10591 16 10631 4 10658 6 10665 6 10703 8 10718 17 10759 9 10787 17 10832 6 10843 20 10887 10 10915 18 10961 4 10968 23 11017 9 11044 18 11084 34 11149 10 11172 19 11211 34 11282 7 11301 18 11338 33 11411 6 11430 17 11465 33 11541 5 11559 16 11592 32 11671 3 11689 14 11720 29 11819 12 11848 25 11949 9 11976 23 12105 19 12234 16 12364 10
gap_7ad602bac9f56c8412,4428 7 4553 12 4675 20 4802 23 4908 9 4930 25 5034 12 5059 25 5160 13 5191 22 5287 14 5322 20 5413 15 5452 19 5540 15 5581 19 5667 16 5709 20 5794 16 5838 19 5921 17 5966 21 6048 18 6094 21 6176 17 6222 22 6303 18 6350 22 6431 18 6478 23 6558 19 6606 23 6686 19 6734 24 6813 20 6862 24 6941 20 6990 24 7068 21 7118 25 7196 21 7246 25 7324 21 7374 25 7451 22 7503 25 7579 22 7632 24 7707 22 7762 22 7835 22 7890 22 7963 22 8018 22 8091 23 8146 23 8219 23 8274 23 8347 24 8402 23 8475 26 8531 22 8603 27 8659 22 8731 28 8779 2 8787 22 8859 28 8905 4 8914 23 8987 27 9027 10 9042 23 9115 26 9154 12 9170 23 9244 24 9281 14 9297 24 9372 22 9409 40 9500 18 9537 39 9628 18 9670 34 9756 18 9799 33 9884 20 9928 32 10013 21 10056 32 10141 21 10184 31 10269 22 10313 30 10397 22 10441 30 10525 24 10569 29 10653 26 10697 28 10781 27 10826 27 10910 26 10954 26 11039 25 11083 24 11168 24 11211 24 11299 21 11340 22 11428 19 11469 19 11557 17 11599 16 11687 14 11728 14 11817 11 11858 10 11947 8 11988 6 12076 5,5304 4 5430 9 5447 1 5557 10 5572 7 5684 12 5698 10 5812 25 5940 26 6068 26 6196 26 6325 25 6453 25 6581 25 6709 9 6719 15 6837 8 6848 13 6963 4 6969 3 6978 11 7090 5 7108 8 7218 5 7241 3 7346 7 7369 3 7474 9 7498 2 7602 10 7627 2 7730 18 7755 6 7858 19 7883 7 7987 19 8010 8 8116 18 8137 8 8245 17 8265 8 8375 1 8379 10 8394 1 8399 1 8507 10 8635 9 8656 1 8763 9 8783 2 8890 9 8911 2 9018 7 9146 6 9268 4 9395 7 9518 13 9646 14 9777 11 9906 11 10034 10 10162 10 10291 9 10419 8 10549 5,,,9277 3 9405 4 9533 4 9662 3,,4034 5 4161 16 4280 25 4402 4 4408 16 4526 8 4537 6 4547 3 4652 8 4779 6 4955 3 5084 3 5213 3 5342 3 5471 3 5537 1 5600 3 5663 3 5729 2 5791 2 5857 3 5918 3 5987 1 6046 2 6115 1 6173 2 6300 3 6428 3 6555 3 6683 3 6811 2 6939 2 7399 2 7528 1 7656 2 7784 2 7912 3 8040 3 8169 2 8297 2 8344 2 8425 2 8472 3 8553 2 8599 4 8681 2 8727 4 8809 2 8856 3 8937 1 8984 3 9112 3 9240 3 9369 2 9497 2 9625 2 9795 3 9921 6 10044 1 10047 8 10172 12 10215 3 10300 12 10343 2 10394 1 10427 13 10471 2 10521 3 10555 13 10598 3 10650 2 10683 12 10725 4 10778 3 10811 13 10853 3 10906 3 10938 13 10980 3 11035 3 11066 13 11107 4 11164 2 11195 12 11235 3 11293 1 11323 11 11363 2 11451 12 11579 13 11707 13 11835 13 11964 10 11995 2 12096 4 12118 8 12225 2 12245 8 12353 2 12374 5 12481 2 12609 2 12737 2,11411 2 11499 2 11539 3 11625 4 11668 3 11753 4 11879 4 11974 6 12007 3 12065 3 12087 8 12101 10 12134 3 12194 4 12214 10 12228 13 12262 2 12323 4 12340 13 12356 13 12452 4 12467 14 12484 13 12583 2 12596 13 12612 12 12725 11 12741 9 12854 9 12870 5
gap_2b60a218b548db314f,,5468 1 5595 3 5669 1 5722 4 5797 1 5849 5 5976 5,,,7997 6 8124 9 8250 13 8377 14 8504 16 8632 16 8760 16 8889 15 9017 14 9146 13 9274 12 9403 10 9531 9 9659 9 9788 7 9916 7 10045 6 10173 5 10302 3 10431 1 10558 2,5564 1 5567 4 5690 12 5816 15 5943 17 6071 18 6198 20 6326 20 6453 21 6581 22 6709 22 6837 22 6965 22 7093 21 7222 20 7351 18 7485 1,11198 1 11325 3 11453 3 11582 2,5526 3 5654 3 5666 3 5683 1 5783 2 5793 4 5808 5 5857 3 5913 4 5921 4 5935 6 5964 3 5983 9 6040 7 6050 1 6061 8 6091 6 6111 10 6167 8 6188 9 6219 7 6239 10 6294 9 6316 9 6347 8 6367 10 6421 10 6444 9 6475 10 6495 10 6549 9 6573 7 6604 11 6623 10 6677 7 6702 5 6733 5 6739 4 6750 9 6798 1 6832 2 6863 1 6869 3 6877 7 6918 19 6938 4 6997 3 7004 9 7045 26 7126 3 7132 11 7172 29 7220 1 7254 3 7259 16 7299 30 7348 2 7369 1 7382 3 7387 17 7427 31 7497 2 7510 3 7514 20 7555 31 7638 29 7683 31 7766 31 7811 25 7838 4 7893 33 7939 22 7967 4 8021 34 8068 20 8096 8 8149 34 8196 17 8224 8 8277 34 8325 13 8352 8 8405 34 8454 8 8481 7 8533 13 8547 20 8583 6 8609 7 8661 11 8681 14 8713 2 8737 7 8789 10 8813 10 8848 1 8865 7 8917 10 8942 8 8968 10 8992 8 9045 9 9069 9 9094 13 9120 9 9173 9 9197 8 9223 14 9248 9 9301 8 9325 7 9351 15 9376 9 9429 8 9451 8 9480 17 9504 9 9557 8 9576 11 9609 19 9632 8 9686 7 9702 13 9738 19 9761 7 9815 5 9826 17 9868 19 9889 6 9943 4 9951 19 9999 18 10018 5 10073 2 10077 20 10130 16 10147 3 10204 19 10262 14 10280 8 10330 18 10392 26 10448 24 10523 24 10572 25 10652 24 10699 24 10783 22 10825 23 10913 21 10952 23 11045 17 11079 21 11178 13 11206 19 11310 9 11333 16 11441 6 11461 13 11589 7
gap_cc8a144f31819640a3,4004 11 4127 22 4253 25 4378 28 4413 4 4429 11 4505 28 4540 32 4631 30 4669 34 4757 31 4798 35 4884 31 4929 34 5010 32 5059 33 5137 32 5188 34 5264 32 5317 34 5392 31 5446 35 5519 32 5574 36 5646 32 5703 36 5773 33 5831 38 5901 32 5959 39 6028 33 6087 39 6156 33 6215 40 6283 34 6344 40 6411 34 6472 41 6538 34 6601 41 6665 35 6730 40 6793 35 6858 41 6921 34 6987 40 7048 35 7115 41 7176 35 7244 41 7304 34 7373 40 7431 35 7504 37 7559 34 7633 37 7687 34 7762 36 7815 33 7890 36 7943 27 8019 36 8071 27 8147 36 8200 26 8275 36 8328 28 8403 36 8456 29 8531 36 8584 30 8659 36 8712 30 8787 36 8840 30 8915 36 8969 29 9019 3 9043 36 9097 30 9147 3 9161 2 9171 36 9225 30 9287 5 9299 36 9354 29 9411 10 9427 36 9482 28 9539 10 9555 36 9611 26 9642 1 9668 10 9682 37 9739 25 9769 2 9797 9 9810 37 9867 24 9897 2 9926 48 9996 23 10054 48 10124 23 10183 47 10253 23 10311 46 10381 24 10439 46 10510 24 10568 45 10638 24 10696 44 10767 25 10825 42 10896 30 10953 42 11025 31 11081 41 11154 34 11210 39 11283 34 11338 39 11412 33 11466 38 11541 31 11595 36 11670 30 11723 36 11799 28 11852 34 11929 25 11981 32 12058 23 12111 28 12188 20 12240 26 12318 15 12369 24 12449 10 12498 21 12630 15,5182 1 5308 5 5434 8 5561 11 5688 13 5809 3 5815 14 5936 21 6063 22 6191 22 6318 23 6446 23 6574 24 6702 26 6831 26 6959 26 7087 27 7215 27 7343 27 7470 29 7596 1 7598 32 7723 9 7735 25 7850 10 7864 25 7977 12 7993 25 8105 13 8122 24 8233 14 8252 22 8362 13 8387 15 8490 13 8515 15 8619 12 8643 15 8748 9 8773 13 8881 2 8907 7 9037 6 9166 5 9295 3 9648 1 9774 5 9901 7 10029 9 10157 9 10285 9 10413 8 10541 8 10670 7 10799 5 10928 3,,,9150 1 9274 7 9401 8 9528 8 9655 7 9783 5,,3246 4 3372 6 3499 6 3511 4 3626 5 3637 13 3661 9 3765 16 3788 13 3872 1 3893 18 3916 15 4022 17 4045 14 4077 4 4152 16 4175 14 4205 5 4289 6 4308 9 4333 6 4443 3 4463 3 4881 1 5007 2 5134 3 5261 3 5388 3 5516 3 5643 3 5771 2 6256 1 6385 1 6513 3 6536 1 6642 2 6663 2 6771 2 6790 3 6899 2 6918 3 7028 2 7045 3 7173 3 7302 1 8055 2 8069 2 8183 3 8197 3 8311 3 8324 4 8439 4 8453 3 8567 4 8581 3 8695 3 8710 1 9480 2 9592 1 9607 4 9719 3 9735 4 9791 3 9847 3 9864 3 9918 6 9974 4 9992 4 10044 9 10102 4 10121 3 10171 11 10231 3 10249 3 10299 11 10359 2 10377 3 10426 12 10507 1 10554 12 10681 14 10808 15 10936 15 11063 17 11191 17 11250 3 11319 17 11377 4 11448 16 11504 4 11576 16 11631 5 11665 3 11704 15 11759 4 11794 3 11830 18 11886 5 11923 3 11957 19 12014 4 12052 4 12083 24 12141 4 12181 4 12210 26 12269 2 12310 6 12337 28 12397 1 12439 6 12464 30 12568 8 12590 13 12605 19 12697 11 12711 15 12727 4 12733 21 12827 24 12856 3 12862 4 12869 17 12957 17 12985 2 12991 2 12997 4 13003 14 13087 10 13113 2 13119 3 13123 6 13133 16 13153 3 13241 3 13246 12 13265 18 13367 5 13375 14 13396 13 13494 6 13504 1 13506 11 13529 5 13621 6 13635 9 13766 5,10372 1 10499 3 10627 4 10756 3 10884 4 11012 5 11140 5 11268 5 11386 3 11396 1 11399 3 11513 4 11524 1 11528 3 11640 5 11656 4 11768 5 11784 5 11895 6 11912 6 12022 6 12041 6 12149 6 12169 6 12276 6 12299 5 12403 6 12428 5 12530 6 12557 5 12657 6 12686 6 12784 5 12816 5 12911 4 12945 5 12980 3 13038 5 13075 4 13106 5 13165 5 13204 4 13233 7 13292 5 13334 3 13361 6 13419 4 13463 2 13490 4 13517 4 13547 3 13645 7 13774 6 13904 4
gap_43865a2fb9ceff7c3e,9292 2 9420 3 9548 4 9677 3 9805 4 9935 3 10064 3 10193 4 10322 6 10450 10 10579 12 10707 11 10799 2 10832 1 10837 6 10927 1 10959 3 11086 3 11215 2,7103 2 7229 4 7356 4 7484 4 7613 2 8627 3 8754 4 8882 4 9011 2,3384 14 3404 1 3507 40 3633 44 3760 46 3887 49 4015 50 4144 50 4274 49 4403 49 4532 49 4661 49 4790 49 4920 17 4938 29 5049 15 5065 31 5178 13 5192 33 5307 46 5436 46 5565 46 5693 46 5823 45 5952 44 6081 44 6209 44 6338 43 6471 38 6599 39 6727 39 6855 39 6983 39 7111 39 7241 37 7370 36 7499 35 7628 34 7756 34 7831 3 7884 34 7959 6 8013 33 8087 7 8141 33 8215 7 8270 32 8343 8 8398 31 8471 11 8527 30 8599 15 8655 30 8727 17 8784 28 8855 20 8912 28 8983 21 9040 27 9112 22 9168 27 9240 24 9296 26 9368 24 9425 25 9496 24 9553 24 9625 22 9682 23 9753 22 9811 21 9881 22 9940 19 10010 20 10069 17 10139 19 10198 15 10267 18 10329 10 10396 15 10525 11 10655 7 10785 4,,4009 6 4135 9 4262 12 4388 15 4516 16 4643 18 4771 19 4899 21 5027 22 5155 23 5282 25 5409 27 5535 30 5662 31 5789 32 5917 32 6044 33 6171 34 6298 35 6425 36 6553 36 6680 38 6808 40 6935 41 7064 39 7192 33 7228 1 7320 33 7449 31 7580 28 7709 26 7838 25 7967 6 7975 14 8096 5 8103 13 8233 8 8362 4,,3294 4 3423 4 3552 4 3616 2 3743 3 3870 4 3997 4 4125 3 4253 2 4381 1 4712 2 4839 4 4967 4 5096 3 5145 2 5225 2 5272 3 5400 3 5528 2 5655 2 5783 1 5997 1 6125 2 6253 2 6381 2 6509 3 6638 2 6804 2 6931 3 7059 3 7187 2 7315 2 7443 1 8763 1 8890 3 9018 3 9067 2 9146 3 9195 2 9274 4 9322 3 9402 6 9450 2 9529 10 9545 2 9577 2 9657 12 9671 4 9705 1 9751 1 9784 20 9879 2 9912 21 10007 3 10039 23 10135 3 10167 24 10264 3 10294 25 10393 2 10422 25 10522 1 10550 24 10679 8 10689 4 10694 7 10807 7 10823 6 10843 3 10936 7 10945 2 10951 5 10970 4 11064 14 11080 4 11098 2 11194 13 11306 3 11324 11 11433 4 11453 3 11457 1 11460 4 11589 3 11717 2,11479 3 11566 4 11607 3 11691 8 11817 10 11946 9 12076 7
gap_233ec98c7ce84faeee,,6980 1 7106 6 7234 7 7361 9 7482 2 7489 9 7611 1 7617 10 7748 7 7878 5,6610 2 6737 5 6865 6 6992 9 7119 10 7246 12 7374 13 7503 13 7631 13 7759 14 7886 17 8015 16 8143 16 8272 15 8400 16 8529 15 8658 14 8787 2 8794 5 8915 2 8923 4 9051 3 9180 1 9307 1,8370 3 8491 2 8497 4 8617 12 8744 13 8789 5 8872 13 8917 6 9000 14 9044 7 9129 13 9173 7 9258 11 9303 4 9388 8 9520 3,5310 8 5431 18 5556 23 5683 32 5810 37 5937 40 6065 41 6185 6 6193 41 6313 50 6440 22 6466 26 6567 22 6594 16 6612 9 6694 22 6723 14 6742 9 6822 22 6851 7 6860 5 6871 9 6949 24 6979 1 6981 4 6989 3 7001 7 7076 25 7112 2 7118 1 7129 8 7204 25 7241 5 7258 8 7332 25 7370 4 7387 7 7459 23 7498 5 7516 5 7587 24 7627 4 7644 5 7715 12 7729 4 7755 4 7773 4 7843 12 7883 3 7903 3 7971 18 8031 3 8099 18 8159 1 8227 18 8356 9 8368 2 8484 7 8613 4 8742 2 8871 1,,7745 2 7872 3 7999 7 8127 8 8253 11 8381 12 8509 12 8637 12 8765 12 8894 10 9023 9 9150 11 9277 13 9405 13 9533 13 9661 13 9772 2 9795 2 9901 2 9923 2 10051 2 10179 2 10307 2 10435 2 10563 2,6509 3 6637 3 6766 3 6894 3 7024 5 7153 4 7186 2 7281 4 7313 3 7411 1 7441 3 7569 2 7994 1 8120 4 8205 3 8247 5 8267 2 8333 3 8374 6 8395 4 8461 3 8501 7 8522 5 8589 2 8629 7 8650 5 8757 7 8779 4 8885 7 8907 4 9014 2 9037 1 9784 3 9910 6 9927 9 10036 13 10054 13 10163 15 10182 14 10291 15 10310 14 10419 15 10438 14 10547 15 10566 13 10676 15 10693 14 10805 14 10821 12 10934 13 10950 11 11064 9 11080 7 11194 5
gap_de7cae57e089fc73e7,,7353 3 7478 7 7605 7 7733 6 7861 5 7886 1 7990 3 8013 2 8141 2 8268 3 8394 3 8495 2 8520 4 8623 3 8648 3 8751 4 8775 3 8879 3 8904 1,,,3890 3 4015 7 4027 8 4040 3 4143 7 4155 22 4179 7 4273 3 4282 34 4391 1 4410 36 4517 4 4538 37 4643 6 4665 38 4770 6 4793 39 4897 6 4921 14 4938 23 5024 6 5049 8 5067 24 5152 6 5177 8 5201 19 5279 8 5305 7 5330 19 5406 9 5427 1 5434 5 5460 18 5533 10 5553 4 5563 2 5589 18 5661 9 5681 4 5718 17 5788 9 5810 3 5825 3 5853 11 5917 4 5952 5 5983 9 6080 5 6112 9 6209 4 6215 2 6240 9 6337 3 6342 8 6367 10 6469 10 6492 13 6597 11 6614 19 6724 36 6852 35 6980 35 7107 36 7235 34 7356 5 7363 8 7373 4 7393 1 7485 14 7612 14 7743 10 7872 9 8000 9 8128 8 8255 9 8383 8 8511 6 8639 4 8768 2,,9163 3 9267 2 9290 4 9394 4 9417 5 9521 5 9544 1 9547 1 9647 7 9672 2 9776 5 9800 3 9805 3 9904 6 9928 8 10032 8 10056 7 10160 9 10179 11 10288 9 10306 11 10416 10 10433 12 10544 10 10561 12 10673 27 10801 26 10929 26 11058 24 11186 24 11314 23 11443 22 11571 22 11700 21 11831 16 11960 13 12089 5 12218 3,6555 5 6682 8 6809 10 6934 14 7061 16 7143 3 7188 17 7269 5 7315 19 7394 7 7442 22 7465 2 7521 5 7569 28 7648 7 7697 29 7774 9 7824 30 7900 12 7952 30 8026 14 8080 30 8151 19 8207 31 8275 24 8335 31 8401 27 8463 32 8529 27 8591 32 8656 29 8719 32 8784 29 8847 32 8912 30 8975 30 9039 31 9103 31 9167 31 9231 31 9296 30 9359 32 9424 30 9487 32 9553 29 9616 31 9680 30 9744 32 9808 30 9872 32 9936 30 10000 32 10063 30 10128 32 10190 31 10257 31 10317 32 10385 20 10406 10 10445 32 10512 21 10535 9 10573 31 10640 15 10657 4 10664 9 10700 32 10768 16 10787 2 10793 8 10827 32 10896 22 10921 8 10955 31 11024 23 11050 8 11082 31 11153 22 11179 7 11210 8 11219 7 11228 13 11282 22 11308 6 11337 8 11347 22 11412 20 11438 3 11465 6 11475 22 11543 18 11593 5 11603 22 11673 17 11721 4 11734 18 11803 16 11826 3 11862 17 11933 17 11952 7 11984 23 12063 24 12110 24 12193 22 12224 4 12237 23 12325 18 12352 34 12455 15 12480 32 12586 8 12610 27 12740 21 12869 16 13000 9
gap_2dc957cb4eb5c2f028,,7889 1 8014 4 8116 2 8141 5 8245 2 8269 4 8374 1 8396 5 8502 2 8522 7 8631 2 8650 7 8759 3 8778 6 8887 3 8906 4 9016 2,,,5429 19 5555 24 5581 7 5682 38 5809 40 5936 42 6061 46 6188 47 6315 49 6443 49 6571 49 6699 49 6827 49 6955 26 6985 19 7084 25 7113 19 7212 24 7241 19 7340 25 7370 18 7472 23 7497 18 7601 35 7639 1 7730 14 7746 17 7858 13 7874 8 7884 5 7987 12 8002 8 8013 1 8118 1 8122 5 8130 7 8251 4 8259 6 8379 5 8386 7 8508 14 8636 14 8764 14 8893 13 9020 10 9149 9 9279 8 9408 6,,9165 5 9269 2 9292 6 9397 4 9419 7 9525 6 9547 6 9654 5 9674 7 9782 7 9795 14 9910 27 10039 26 10167 25 10295 25 10424 23 10552 23 10680 23 10808 23 10937 21 11067 12 11202 2,5607 2 5735 4 5862 6 5913 3 5990 7 6041 3 6117 10 6168 4 6245 12 6296 5 6373 12 6423 7 6436 3 6496 4 6502 12 6550 8 6563 5 6623 6 6631 11 6678 8 6691 6 6751 7 6759 10 6806 7 6818 7 6879 7 6888 8 6931 10 6945 9 7007 8 7017 7 7059 9 7072 12 7134 10 7147 4 7187 8 7199 4 7204 8 7261 11 7315 7 7327 4 7332 8 7388 12 7448 1 7455 14 7515 14 7582 16 7643 14 7710 17 7769 16 7838 19 7890 1 7895 18 7966 21 8022 19 8094 22 8148 21 8222 23 8275 22 8350 24 8403 22 8478 24 8529 23 8606 25 8657 23 8735 24 8786 21 8863 24 8914 21 8992 22 9042 20 9121 20 9170 19 9250 19 9298 18 9379 18 9426 17 9508 17 9553 17 9636 18 9681 16 9765 17 9809 16 9893 17 9937 15 10022 17 10065 14 10151 16 10192 14 10281 14 10320 12 10411 13 10447 12 10540 12 10575 11 10670 10 10703 9 10799 9 10831 5 10933 4 10958 4
gap_4242400b2dbb6361b0,,,,,,,,7196 3 7227 1 7324 3 7354 2 7368 1 7481 3 7495 4 7524 2 7575 5 7608 4 7624 3 7651 4 7699 10 7735 4 7752 4 7779 5 7826 11 7863 4 7881 3 7907 5 7952 14 7990 4 8009 4 8035 3 8079 16 8117 4 8137 5 8207 16 8244 5 8266 5 8294 7 8335 16 8371 5 8395 4 8422 9 8463 17 8497 6 8523 5 8549 12 8591 18 8624 6 8652 5 8676 14 8719 18 8750 7 8780 6 8803 16 8848 17 8876 8 8909 6 8931 16 8977 15 9002 9 9038 6 9058 17 9106 13 9129 10 9167 7 9186 17 9256 10 9295 8 9314 17 9354 7 9383 10 9424 9 9442 17 9480 12 9511 10 9552 10 9570 16 9607 16 9639 9 9681 10 9701 12 9735 20 9768 8 9809 10 9831 9 9863 24 9896 8 9938 9 9961 5 9991 26 10025 6 10066 9 10097 7 10120 28 10154 5 10194 8 10223 10 10249 31 10289 2 10323 6 10341 19 10378 31 10415 6 10444 4 10451 6 10466 22 10507 43 10570 7 10588 27 10637 42 10697 9 10713 29 10768 40 10824 44 10898 38 10951 44 11029 35 11079 42 11159 33 11207 41 11290 30 11335 38 11421 26 11463 36 11556 18 11592 32 11687 14 11720 29 11818 8 11849 21 11977 11 12107 4
gap_13bca08ab36a96234a,11353 3,6202 1 6481 1 7236 5 7364 6 7491 8 7619 8 7735 5 7747 8 7863 7 7876 7 7990 8 8005 6 8118 9 8134 4 8245 10 8373 10 8502 8 8630 7 8759 4,2509 6 2618 28 2746 34 2874 36 3003 36 3131 37 3260 37 3388 39 3517 39 3647 40 3777 38 3907 18 3926 17 4036 16 4054 17 4164 16 4181 18 4293 35 4421 35 4548 36 4676 36 4804 37 4931 39 5059 39 5188 39 5317 39 5445 8 5457 28 5574 6 5585 29 5701 6 5714 29 5828 7 5843 28 5956 7 5972 27 6084 7 6101 26 6212 8 6223 4 6229 26 6340 9 6350 33 6468 13 6482 29 6595 44 6724 43 6852 43 6981 42 7109 42 7241 38 7311 3 7370 37 7438 6 7499 36 7566 7 7627 37 7694 7 7755 37 7822 8 7883 37 7950 9 8013 35 8078 10 8141 35 8206 11 8270 34 8334 12 8398 35 8462 13 8527 34 8590 13 8656 32 8719 14 8785 31 8847 15 8914 30 8976 14 9043 28 9104 14 9172 27 9233 13 9301 25 9361 13 9429 24 9490 12 9558 22 9618 11 9686 21 9746 11 9816 18 9875 10 9945 16 10003 10 10073 15 10132 9 10202 14 10261 8 10331 12 10389 8 10460 10 10518 6 10589 9 10718 7 10847 5,7983 3 8110 4 8138 1 8238 4 8263 7 8367 3 8392 4 8870 7 8997 10 9035 4 9124 11 9162 7 9251 12 9290 8 9378 13 9418 9 9506 13 9547 9 9633 14 9675 10 9761 14 9804 9 9889 14 9932 9 10017 13 10062 7 10145 12 10192 4 10274 10 10402 9 10531 7,2742 4 2867 7 2993 10 3119 12 3246 14 3373 15 3485 3 3500 17 3612 5 3628 19 3739 6 3755 22 3866 7 3883 24 3993 8 4010 26 4120 9 4138 26 4247 10 4266 27 4375 9 4394 27 4502 10 4521 8 4533 15 4630 10 4649 7 4662 14 4758 10 4777 7 4791 13 4886 10 4905 8 4919 12 5014 9 5033 8 5048 11 5141 10 5161 8 5178 8 5269 9 5289 6 5308 4 5397 9 5418 4 5434 5 5525 9 5546 4 5560 7 5653 10 5668 3 5674 3 5685 10 5781 10 5795 10 5812 11 5909 10 5923 10 5938 13 6037 10 6051 9 6064 14 6166 9 6179 19 6294 9 6307 18 6422 8 6436 17 6550 8 6565 15 6678 8 6697 10 6806 7 6825 9 6934 7 6952 10 7063 6 7080 9 7191 6 7207 10 7320 5 7335 9 7449 3 7463 8 7591 7 7715 2 7719 5 7841 9 7968 9 8095 9 8223 8 8350 8 8479 4 8607 3,,2398 3 2527 4 2655 5 2784 5 2838 3 2913 5 2964 5 3043 3 3091 5 3172 3 3219 4 3301 2 3346 4 3430 2 3474 3 3558 2 3601 3 3687 2 3729 3 3815 3 3857 2 3943 3 3984 3 4071 4 4112 3 4199 4 4240 2 4328 4 4367 3 4456 4 4495 3 4585 3 4622 4 4713 4 4750 3 4842 2 4878 3 5006 2 6383 2 6511 2 6639 3 6767 3 6796 1 6895 3 6924 2 7023 3 7051 3 7151 3 7179 3 7279 3 7308 2 7407 2 7436 2 8637 1 8765 1 8892 6 9017 10 9144 12 9271 14 9399 14 9527 15 9654 16 9782 17 9835 1 9873 2 9910 17 9962 2 10001 2 10038 17 10089 3 10130 2 10166 17 10216 3 10258 3 10295 15 10343 4 10387 2 10423 15 10471 3 10517 1 10551 16 10598 3 10679 17 10806 19 10932 21 11059 22 11187 22 11314 9 11324 6 11331 4 11442 7 11454 2 11461 2 11603 5 11731 6 11810 8 11859 6 11938 8 11989 2 12070 2,11337 4 11458 3 11463 7 11570 11 11584 15 11696 32 11822 35 11948 39 12074 42 12201 20 12226 19 12329 19 12356 17 12458 17 12485 15 12587 15 12616 10 12718 10
gap_b7d80cf00bd789ff9a,,7110 3 7222 2 7238 3 7349 4 7366 3 7475 8 7495 2 7604 9 7623 2 7732 10 7751 4 7861 9 7878 5 7989 9 8006 6 8118 8 8134 6 8247 7 8262 6 8376 5 8390 6 8519 5,,,4548 3 4675 6 4802 12 4915 5 4926 17 5042 5 5052 20 5158 7 5172 2 5179 12 5195 6 5203 7 5284 10 5307 12 5331 9 5411 11 5435 11 5459 10 5539 10 5557 2 5564 9 5587 9 5667 10 5684 4 5696 2 5715 9 5794 11 5811 6 5842 9 5922 22 5970 7 5981 6 6048 24 6098 6 6109 7 6174 26 6226 5 6236 9 6301 27 6339 4 6354 5 6364 9 6429 27 6467 4 6482 4 6493 9 6557 26 6594 5 6611 2 6623 7 6685 26 6722 6 6739 2 6752 6 6813 26 6850 6 6881 6 6941 6 6950 16 6979 5 7009 6 7068 7 7080 9 7091 1 7107 3 7137 6 7196 7 7211 2 7235 3 7265 6 7323 8 7339 1 7364 2 7387 2 7393 6 7451 8 7514 5 7521 6 7579 8 7641 13 7707 8 7769 13 7836 7 7898 11 7964 6 8026 11 8093 5 8155 9 8223 1 8283 8 8414 3,,8511 4 8636 9 8759 16 8885 21 9013 22 9140 23 9268 23 9395 24 9523 25 9649 29 9775 36 9902 38 10028 39 10156 38 10285 36 10415 33 10544 31 10672 23 10696 6 10803 1 10810 11 10825 3 10939 7 11068 5 11197 4 11326 2,7058 4 7185 6 7276 4 7312 7 7340 4 7377 4 7403 6 7440 8 7466 9 7503 8 7530 7 7568 9 7593 11 7630 11 7657 8 7696 9 7720 12 7756 13 7785 8 7824 10 7848 13 7883 15 7912 9 7953 10 7975 14 8012 14 8039 10 8081 11 8103 14 8140 15 8167 9 8210 11 8231 14 8268 15 8294 10 8338 11 8359 13 8396 15 8420 11 8466 12 8488 12 8524 14 8547 12 8594 13 8617 10 8653 13 8674 13 8721 15 8745 9 8782 11 8801 14 8849 16 8874 7 8911 9 8929 14 8978 16 9002 7 9039 8 9055 16 9106 17 9131 5 9168 6 9181 18 9235 17 9261 1 9297 3 9306 20 9363 18 9432 22 9492 18 9559 22 9621 18 9686 23 9750 19 9813 23 9879 20 9940 23 10008 20 10067 23 10137 19 10194 23 10267 18 10321 23 10396 19 10448 23 10526 18 10576 22 10655 17 10704 21 10784 15 10832 19 10914 13 10960 18 11045 21 11076 27 11175 20 11202 27 11304 21 11329 26 11433 20 11457 23 11564 18 11584 21 11694 16 11712 20 11823 14 11840 16 11952 13 11969 13 12083 8 12098 10 12215 2 12230 2
gap_68c3f8cbed4388d93e,4430 3 4554 12 4681 16 4808 19 4937 19 5066 20 5196 19 5288 3 5326 18 5414 6 5455 18 5541 6 5584 18 5667 8 5713 18 5794 8 5841 19 5921 8 5969 20 6048 9 6098 20 6175 10 6226 21 6302 10 6354 21 6429 11 6482 21 6556 12 6610 22 6684 12 6738 22 6811 13 6865 24 6939 13 6993 24 7067 13 7121 24 7194 15 7249 25 7322 15 7376 26 7450 15 7503 27 7577 16 7631 28 7705 17 7758 29 7833 17 7885 30 7961 18 8013 30 8089 19 8140 31 8217 19 8268 31 8345 20 8397 30 8473 21 8525 30 8601 22 8653 30 8729 24 8782 29 8857 26 8910 29 8985 27 9027 5 9038 29 9113 27 9154 41 9241 26 9282 41 9369 26 9411 39 9497 24 9543 35 9625 24 9671 35 9754 24 9800 34 9882 24 9928 33 10010 25 10057 32 10138 25 10185 32 10266 26 10313 31 10395 26 10441 31 10523 28 10569 30 10651 28 10698 29 10780 27 10826 28 10909 26 10954 27 11037 26 11083 26 11166 25 11212 24 11296 22 11341 22 11425 21 11470 20 11555 18 11599 18 11684 16 11728 15 11813 14 11858 12 11942 11 11988 7 12073 5,4923 4 5049 8 5175 12 5302 14 5428 16 5555 16 5681 16 5708 3 5807 18 5835 6 5934 23 5962 7 6059 27 6090 8 6186 29 6218 8 6314 14 6329 14 6345 9 6441 13 6457 14 6473 9 6569 13 6583 17 6601 9 6697 30 6729 9 6825 30 6857 8 6953 30 6984 9 7081 30 7112 8 7209 28 7241 7 7337 28 7369 6 7466 26 7499 3 7594 27 7723 29 7851 30 7980 31 8109 30 8238 30 8367 4 8375 21 8504 21 8634 19 8766 15 8898 11 9268 7 9395 9 9521 11 9649 12 9778 11 9906 11 10035 9 10163 9 10292 7 10421 5,,,9150 3 9277 4 9405 3,,3908 7 4034 9 4045 6 4151 6 4161 10 4172 9 4276 11 4289 10 4301 9 4397 19 4417 8 4434 3 4439 2 4522 12 4535 8 4567 3 4648 13 4775 9 4901 6 5028 6 5155 5 5216 2 5283 4 5344 3 5411 2 5473 4 5602 3 5731 3 5860 3 5989 2 6118 1 6299 2 6426 3 6553 3 6681 3 6808 3 6936 3 7064 3 7192 2 7320 2 7448 1 7659 1 7787 1 7915 2 8043 2 8171 2 8299 2 8343 1 8427 2 8470 3 8555 3 8598 3 8683 3 8726 3 8811 2 8854 3 8939 2 8982 3 9067 2 9110 3 9195 2 9239 2 9323 1 9367 2 9495 2 9665 5 9792 7 9919 8 10045 11 10172 12 10300 12 10345 1 10392 2 10427 13 10472 2 10520 3 10555 13 10599 3 10648 3 10683 13 10727 3 10777 3 10810 14 10854 3 10905 4 10938 14 10981 4 11034 3 11066 13 11109 3 11163 2 11195 12 11236 3 11291 3 11323 12 11363 4 11451 13 11491 3 11579 14 11619 1 11707 13 11835 12 11964 9 12096 3 12118 5 12225 2 12245 8 12323 5 12373 7 12452 7 12502 4 12583 4 12609 1 12737 1,11960 2 11973 9 12085 10 12100 12 12211 13 12227 14 12337 15 12355 15 12464 16 12483 15 12592 16 12611 15 12721 14 12740 13 12849 13 12870 2
gap_05d7efeef9acaefe97,,7343 1 7504 6 7631 7 7758 7 7886 6 7985 2 8014 1 8113 2 8241 2 8368 2 8496 2,,,4297 1 4403 11 4423 8 4530 16 4549 15 4657 37 4784 40 4911 42 5034 1 5038 13 5057 11 5069 12 5160 3 5166 12 5187 7 5202 7 5287 3 5295 10 5315 8 5330 7 5415 1 5427 5 5441 11 5456 7 5568 22 5695 23 5826 20 5957 18 6086 17 6108 3 6215 5 6225 5 6344 4 6473 3 6602 2 6730 2 6858 1 7993 1 8250 1 8380 1 8388 1 8509 1 8515 2 8639 5 9407 3 9534 5 9661 6 9788 6 9916 6 10042 7 10169 8 10296 9 10424 9 10551 11 10679 12 10807 12 10935 12 11063 11 11192 10 11320 10 11449 8 11580 3,5694 1 5821 5 5948 9 6075 11 6202 13 6329 15 6457 16 6585 17 6712 18 6840 18 6968 19 7096 19 7224 18 7352 18 7481 17 7609 16 7737 16 7865 15 7994 13 8122 12 8251 10 8381 7 8510 5,11698 3 11825 14 11953 20 12083 19 12214 16 12343 14 12476 4,6430 6 6557 8 6685 10 6814 9 6943 9 7071 11 7134 2 7190 6 7199 13 7262 2 7316 9 7327 15 7389 4 7442 31 7513 10 7569 32 7638 14 7697 33 7765 15 7824 34 7892 16 7951 34 8015 17 8078 35 8143 16 8206 35 8270 17 8290 9 8333 35 8398 30 8461 35 8525 32 8589 35 8653 33 8717 32 8781 33 8846 31 8909 34 8974 31 9038 33 9102 30 9166 33 9231 29 9295 33 9359 29 9423 33 9487 28 9551 33 9615 28 9680 32 9743 21 9765 6 9807 33 9871 21 9895 3 9935 16 9953 15 9998 23 10063 10 10081 14 10126 10 10137 12 10192 9 10209 13 10254 10 10273 3 10320 7 10335 14 10381 12 10449 4 10458 19 10509 14 10584 20 10636 18 10711 21 10764 22 10839 21 10892 25 10967 21 11021 27 11102 14 11150 27 11230 13 11281 26 11354 17 11411 25 11475 23 11541 24 11599 27 11672 21 11725 28 11803 19 11852 29 11933 19 11979 29 12063 20 12106 29 12193 19 12232 29 12325 16 12358 29 12455 14 12484 28 12586 11 12611 24 12717 7 12738 13 12753 6 12866 12 12995 9
gap_2133d9a191fdaac313,,,,,,,5951 6 6078 8 6205 10 6332 11 6460 12 6587 13 6715 14 6843 14 6970 15 7098 15 7226 16 7354 16 7482 16 7610 16 7738 16 7866 15 7995 14 8123 14 8252 12 8381 10 8511 4,
gap_c8b105688fde86ee93,5040 3 5164 21 5290 24 5416 27 5453 4 5543 27 5578 13 5669 28 5705 17 5796 28 5833 19 5923 27 5961 21 6050 27 6089 22 6177 27 6217 23 6305 26 6346 23 6432 26 6474 24 6559 26 6602 24 6686 27 6731 24 6814 26 6859 25 6941 27 6987 25 7069 26 7115 26 7196 27 7241 28 7324 27 7369 29 7452 27 7491 35 7580 27 7618 36 7707 28 7745 37 7835 29 7873 37 7963 29 8001 38 8091 29 8130 37 8219 29 8259 36 8347 28 8387 36 8475 28 8514 37 8603 27 8642 36 8732 26 8770 36 8860 26 8898 36 8988 25 9026 36 9116 25 9154 35 9244 25 9283 34 9372 26 9412 33 9501 25 9541 32 9629 26 9669 31 9757 26 9798 30 9886 27 9926 29 10014 28 10055 28 10143 28 10183 28 10272 26 10312 26 10400 26 10440 25 10529 24 10569 24 10657 24 10697 23 10786 22 10826 21 10915 20 10955 19 11044 18 11085 16 11174 15 11214 14 11303 13 11343 12 11433 9 11473 8,5699 4 5825 7 5950 10 6077 12 6204 13 6331 14 6458 15 6585 17 6713 18 6840 19 6968 19 7095 20 7223 13 7237 4 7351 12 7479 10 7607 10 7736 8 7864 7 7993 3 8377 4 8503 8 8630 10 8758 10 8886 11 9013 12 9141 11 9269 11 9398 10 9526 9 9655 7 9783 6 9913 2,,,8255 3 8382 4 8511 3 8640 2 8768 1,,4667 8 4788 17 4916 19 5047 20 5187 10 5318 8 6241 1 6369 2 6498 2 6557 2 6626 3 6684 2 6755 2 6812 2 6884 1 6939 2 7012 2 7067 2 7141 1 7269 1 8473 2 8601 2 8729 3 8807 1 8857 3 8934 2 8985 3 9062 2 9113 3 9189 3 9242 2 9317 3 9445 2 9536 4 9573 2 9663 6 9790 7 9917 8 10045 9 10173 9 10300 10 10428 10 10556 10 10684 10 10812 11 10913 1 10940 11 11041 3 11067 13 11170 3 11194 17 11229 2 11299 4 11318 24 11355 4 11427 6 11443 9 11455 17 11482 5 11557 7 11568 10 11584 3 11593 20 11686 18 11713 2 11723 17 11816 11 11841 2 11857 9 11969 2 12097 2,9748 1 9835 4 9875 4 9962 5 10003 5 10089 5 10132 4 10217 3 10261 3 10345 2 10390 3 10473 1 10519 2 10600 2 10647 3 10727 2 10775 4 10854 3 10904 3 10981 4 11033 3 11108 4 11161 4 11235 4 11290 5 11362 3 11419 5 11452 1 11489 3 11549 3 11578 5 11588 5 11679 1 11704 8 11715 7 11830 10 11843 9 11957 11 11971 10 11995 1 12086 10 12100 9 12122 3 12196 3 12218 5 12229 6 12249 3 12324 4 12378 1 12453 3
gap_326c3893e44510207e,5817 2 5826 15 5937 11 5953 19 6062 12 6081 22 6188 11 6212 21 6314 11 6342 21 6439 12 6471 22 6566 12 6600 21 6693 12 6729 21 6820 12 6857 22 6948 12 6985 23 7075 12 7114 22 7203 12 7242 23 7331 12 7370 23 7459 12 7498 23 7587 12 7625 25 7715 12 7753 25 7843 12 7881 24 7971 13 8009 24 8099 13 8136 25 8227 14 8263 27 8355 14 8390 28 8483 15 8517 29 8611 16 8646 28 8739 17 8776 26 8867 18 8905 25 8995 21 9021 4 9033 25 9124 29 9162 23 9252 30 9290 23 9381 28 9418 23 9509 28 9545 24 9637 27 9673 24 9765 27 9801 24 9893 26 9929 23 10022 25 10057 23 10151 24 10185 22 10279 24 10313 22 10408 23 10441 21 10536 22 10569 20 10665 21 10698 18 10794 19 10827 16 10924 16 10955 15 11054 12 11085 11 11184 8 11216 5,6200 5 6326 15 6452 18 6579 21 6706 23 6833 24 6960 25 7087 26 7215 27 7343 27 7471 27 7599 26 7727 26 7855 26 7984 25 8112 24 8241 20 8370 17 8499 15 8627 15 8757 12 8886 9 8899 6 9027 6 9155 7 9283 7 9412 5 9543 1,,,,,5305 14 5430 25 5556 29 5682 9 5694 22 5809 3 5841 4 6435 4 6493 3 6563 3 6621 3 6690 3 6750 3 6817 3 6879 2 6945 3 7008 1 7073 2 7265 2 7393 2 7522 1 7650 1 7778 1 7905 2 7970 1 8033 2 8098 1 8161 2 8226 1 9185 2 9250 2 9313 2 9379 2 9411 1 9441 1 9507 2 9538 5 9635 2 9665 7 9792 8 9920 8 10048 8 10176 8 10304 8 10432 7 10560 7 10688 7 10816 7 10944 7 11073 6 11096 3 11202 4 11222 4 11311 5 11330 3 11349 4 11440 4 11459 2 11477 2,7279 2 7406 4 7534 4 7662 4 7790 4 7917 4 8045 2 8173 2 8301 1 8464 3 8591 4 8719 4 8847 4 8976 3 11195 6 11206 6 11322 8 11333 8 11449 10 11461 9 11577 9 11589 9 11706 7 11718 7
gap_6e1c9cc6c037d549a2,,6463 3 6589 6 6717 7 6844 8 6972 8 7100 8 7111 3 7228 7 7238 5 7357 6 7365 6 7493 6 7621 6 7749 6 7877 6 8007 2,,6431 8 6558 10 6685 12 6812 13 6940 12 7067 13 7086 1 7195 7 7204 3 7323 7 7333 1 7385 5 7451 8 7512 8 7579 9 7640 9 7707 10 7768 11 7835 9 7897 10 7963 9 8027 8 8092 8 8155 9 8220 9 8230 6 8283 9 8348 16 8401 4 8411 9 8477 14 8529 6 8538 10 8605 14 8657 18 8734 12 8785 18 8863 10 8913 18 8994 5 9041 17 9170 15 9299 13 9428 11 9558 6,2751 3 2876 12 3003 15 3115 7 3129 19 3242 10 3254 28 3370 43 3497 47 3623 57 3749 29 3780 35 3873 29 3912 1 3915 30 3999 14 4015 13 4044 30 4126 13 4149 6 4178 26 4253 14 4306 13 4320 13 4380 16 4434 11 4449 13 4507 17 4562 11 4577 13 4635 17 4690 10 4714 4 4763 17 4818 10 4843 4 4891 17 4916 6 4947 9 4971 3 5019 16 5044 6 5055 2 5065 4 5076 8 5099 1 5149 13 5175 2 5183 2 5189 9 5205 12 5219 9 5281 9 5310 3 5318 8 5334 23 5409 10 5437 3 5450 4 5463 24 5538 10 5560 3 5564 4 5579 3 5592 24 5653 4 5666 18 5686 10 5721 23 5780 5 5795 29 5851 21 5907 7 5924 22 5949 2 5980 19 6035 6 6054 15 6110 4 6115 11 6164 5 6184 12 6246 6 6292 3 6313 11 6385 3 6442 8 6513 4 6640 5 6766 7 6879 3 6891 10 7007 22 7135 22 7265 19 7394 18 7523 17 7652 16 7781 15 7909 14 8038 12 8166 11 8295 9,,7737 5 7865 9 7991 13 8118 14 8245 16 8373 16 8501 17 8629 17 8757 16 8885 16 9013 16 9141 16 9269 16 9396 18 9523 20 9650 21 9776 24 9903 26 10031 2 10038 13 10053 5 10167 11 10183 4 10298 5 10312 3 10427 4 10555 4 10683 4 10811 4 10939 4 11067 4 11196 2,7987 2 8113 5 8239 6 8367 6 8494 7 8519 3 8621 8 8647 4 8749 8 8774 6 8877 8 8902 7 9004 9 9030 7 9132 9 9158 8 9260 8 9286 8 9389 7 9414 8 9517 6 9543 8 9646 4 9671 8 9800 7 9929 5 10058 3 10290 6 10306 5 10416 10 10432 8 10539 15 10559 10 10666 16 10687 12 10793 17 10815 14 10921 17 10943 15 11049 17 11072 15 11177 17 11200 16 11305 16 11328 16 11434 15 11457 15 11563 13 11585 15 11693 10 11713 15 11825 5 11841 14 11971 10
gap_ac4071ac5a058dcd5f,3541 1 3667 7 3796 9 3926 10 4055 10 4184 11 4313 11 4441 12 4570 12 4699 12 4828 12 4958 10 5087 10 5216 9 5345 8 5474 8 5603 7 5731 8 5860 7 5988 7 6116 7 6244 7 6372 8 6417 1 6500 8 6545 1 6628 8 6673 1 6756 8 6801 1 6884 8 6929 1 7011 9 7057 2 7139 9 7185 2 7267 9 7313 2 7359 3 7394 10 7440 3 7486 10 7521 11 7568 3 7614 14 7649 11 7697 2 7742 18 7776 12 7825 2 7870 20 7903 12 7999 20 8029 14 8118 1 8127 22 8155 16 8246 1 8256 43 8373 2 8384 43 8467 1 8501 2 8513 41 8595 2 8627 4 8642 40 8723 2 8755 4 8771 39 8851 3 8883 3 8900 38 8979 4 9011 3 9028 38 9108 3 9139 2 9157 36 9236 5 9285 36 9365 6 9414 35 9493 7 9542 34 9622 8 9671 33 9750 9 9799 33 9879 10 9927 32 10007 11 10055 32 10135 12 10165 1 10184 30 10264 12 10293 2 10312 30 10393 12 10420 3 10440 29 10522 12 10547 4 10569 27 10650 13 10675 4 10697 26 10779 14 10802 5 10825 25 10908 14 10929 6 10954 23 11037 25 11083 21 11166 23 11212 19 11295 21 11340 18 11425 18 11470 14 11556 13 11599 11 11729 5,6851 2 6977 7 7105 8 7233 9 7363 7 8379 4 8505 8 8632 10 8760 11 8888 11 9016 10 9144 10 9273 8 9401 7,3641 7 3651 4 3765 21 3892 23 4019 26 4146 32 4274 34 4401 37 4528 40 4656 42 4784 44 4912 45 5040 47 5168 48 5296 49 5424 50 5552 51 5680 51 5809 51 5937 51 6065 51 6194 50 6322 50 6451 49 6580 4 6589 39 6718 38 6847 4 6853 31 6975 2 6984 27 7104 1 7113 26 7242 25 7370 24 7500 21 7630 19 7760 16 7890 13 7962 4 8020 9 8089 6 8150 4 8217 8 8345 11 8473 14 8602 15 8730 17 8859 18 8987 18 9116 17 9244 17 9373 15 9502 14 9632 11 9761 9 9892 4,,5292 3 5416 8 5543 9 5670 10 5798 11 5926 11 6054 11 6181 13 6309 11 6321 1 6436 10 6564 9 6691 10 6819 10 6946 7 6956 2 7074 6 7084 3 7202 6 7212 3 7330 15 7458 20 7481 2 7586 27 7715 19 7735 7 7844 18 7863 7 7973 24 8102 16 8231 12 8359 10 8487 7 8617 4 8747 2,,2378 3 2474 5 2504 7 2601 7 2632 8 2726 10 2760 10 2851 13 2888 15 2977 15 3021 12 3103 10 3152 12 3230 10 3281 13 3357 9 3414 9 3484 6 3544 8 3611 2 3675 6 3738 2 3805 5 3865 2 3992 1 4583 2 4628 1 4711 3 4755 2 4840 3 4882 3 4968 3 5010 3 5097 3 5137 3 5225 3 5265 2 5353 3 5392 3 5482 3 5520 3 5610 3 5647 3 5739 2 5775 2 5867 2 5904 1 5995 2 6124 1 7310 2 7437 3 7532 2 7565 3 7660 3 7693 3 7788 3 7822 3 7915 4 7950 3 8043 3 8078 3 8171 3 8207 3 8299 3 8335 3 8427 2 8463 3 8554 3 8592 2 8682 2 8810 2 9662 5 9788 9 9915 11 10042 13 10169 14 10297 14 10425 14 10519 2 10553 14 10596 2 10647 3 10681 14 10723 3 10775 4 10809 14 10850 3 10904 4 10938 12 10977 4 11033 4 11067 11 11104 4 11161 5 11195 10 11231 4 11291 4 11323 10 11358 4 11419 5 11451 10 11486 3 11549 4 11578 12 11613 3 11678 4 11705 15 11740 3 11807 4 11833 10 11845 5 11854 4 11867 2 11937 2 11949 5 11959 4 11965 5 11974 5 11982 6 11995 1 12074 8 12086 4 12095 2 12103 3 12111 5 12203 6 12215 3 12231 2 12240 3 12344 1 12479 1 12607 2,11971 3 12091 3 12098 5 12106 4 12211 3 12218 5 12225 6 12233 7 12337 6 12345 6 12353 16 12464 15 12481 6 12489 8 12591 9 12602 4 12610 4 12618 7 12721 6
gap_1a2391d59418825643,3489 1 3612 11 3737 16 3863 18 3989 20 4050 3 4116 19 4174 13 4242 18 4300 18 4369 17 4419 32 4496 17 4546 35 4623 17 4675 36 4750 17 4803 37 4877 16 4933 37 5004 17 5062 38 5131 16 5191 38 5258 17 5320 38 5385 17 5449 38 5513 16 5577 39 5640 17 5705 40 5768 16 5834 40 5895 17 5962 40 6023 16 6091 40 6151 16 6219 41 6279 16 6347 42 6406 17 6475 42 6534 17 6603 43 6662 17 6731 43 6790 17 6859 44 6918 17 6987 44 7046 17 7115 44 7174 17 7243 45 7302 17 7371 45 7430 17 7499 45 7558 18 7627 14 7651 21 7686 18 7755 13 7781 19 7814 19 7882 13 7911 17 7942 19 8010 13 8040 16 8071 19 8138 12 8169 15 8199 20 8265 12 8297 15 8327 21 8392 12 8426 14 8456 21 8520 12 8555 13 8584 22 8647 12 8683 13 8713 22 8774 14 8811 13 8841 22 8901 15 8939 13 8969 24 9027 18 9067 13 9097 26 9154 19 9195 13 9225 28 9283 19 9323 12 9353 30 9411 19 9451 12 9482 30 9540 19 9578 13 9610 31 9669 18 9706 12 9739 31 9798 18 9834 12 9867 31 9927 18 9961 12 9996 31 10055 19 10089 12 10124 31 10184 19 10216 13 10253 30 10312 20 10342 15 10381 30 10440 23 10467 17 10510 30 10568 44 10638 31 10697 43 10767 31 10825 42 10895 35 10954 40 11024 36 11082 40 11153 35 11211 38 11282 34 11340 36 11411 33 11468 36 11540 31 11597 34 11669 29 11727 32 11799 26 11857 29 11929 23 11986 27 12059 20 12116 24 12190 3 12198 7 12245 23 12329 2 12374 20 12504 17 12640 6,4144 1 4270 5 4396 9 4523 13 4649 16 4775 19 4901 21 5026 24 5152 26 5279 26 5405 28 5532 28 5570 4 5659 29 5696 6 5786 30 5823 7 5914 31 5951 8 6042 31 6078 10 6169 32 6206 11 6297 32 6333 13 6425 31 6461 13 6553 31 6587 15 6681 31 6714 16 6809 49 6937 49 7064 50 7192 33 7231 10 7320 30 7359 10 7448 29 7487 10 7577 28 7615 9 7705 29 7740 11 7834 43 7963 38 8091 37 8220 36 8349 34 8478 31 8607 22 8631 6 8736 21 8759 6 8866 18 8890 2 8999 13 9128 11 9257 4 9519 4 9527 1 9647 4 9773 7 9900 9 10028 9 10156 9 10284 9 10413 8 10541 8 10671 5,8667 1 8794 3 8921 5 8929 2 9049 5 9055 4 9176 11 9304 14 9432 15 9561 14 9690 12 9820 5,,9021 1 9148 3,,2854 1 2861 1 2981 2 2987 5 3102 2 3115 10 3229 3 3243 12 3277 7 3371 15 3393 2 3399 15 3499 55 3629 4 3635 25 3665 18 3730 3 3763 25 3796 17 3857 4 3894 4 3902 14 3927 15 3984 4 4032 12 4058 13 4111 4 4166 5 4189 8 4238 4 4320 1 4365 4 4492 4 4619 4 4747 3 4843 1 4874 3 4971 3 5100 3 5229 4 5358 3 5487 3 5511 1 5616 3 5637 3 5745 3 5765 3 5874 2 5892 3 6003 2 6020 3 6148 3 6276 2 6647 1 6775 2 6903 3 6916 1 7031 3 7043 3 7159 3 7171 3 7288 3 7299 3 7416 3 7427 3 7545 2 7555 3 7684 2 8441 2 8568 3 8581 3 8696 3 8709 4 8824 3 8837 4 8952 3 8965 4 9080 3 9094 3 9209 2 9222 3 9351 1 9664 1 9790 6 9916 9 9974 3 10043 10 10101 4 10171 11 10229 4 10298 12 10357 3 10425 14 10485 3 10507 2 10553 14 10613 3 10635 3 10681 14 10741 2 10763 4 10808 15 10869 2 10892 3 10936 15 11020 4 11063 16 11149 4 11191 16 11278 3 11320 15 11407 3 11449 14 11535 4 11577 12 11664 3 11705 12 11793 3 11831 14 11923 1 11959 15 12087 16 12215 16 12270 1 12335 3 12343 16 12396 3 12462 4 12471 16 12523 3 12587 4 12599 15 12649 4 12714 4 12726 11 12739 3 12775 5 12850 1 12853 6 12861 4 12869 2 12877 1 12902 5 12982 5 12989 4 12997 2 13003 4 13029 5 13110 5 13116 5 13125 2 13131 4 13156 4 13238 5 13244 5 13253 6 13283 3 13366 11 13380 7 13410 2 13495 3 13500 5 13507 3 13623 1 13636 1 13764 1,10759 1 10887 1 11002 1 11015 1 11129 2 11257 3 11384 4 11511 5 11639 4 11766 4 11894 3 12022 2 12029 1 12149 3 12156 2 12277 4 12404 6 12531 6 12658 5 12786 4 12847 3 12859 1 12866 3 12914 2 12972 7 12987 1 12993 4 13098 10 13122 3 13225 12 13250 3 13353 8 13362 3 13379 1 13387 1 13483 4 13491 2 13514 4 13538 1 13642 4 13771 3
gap_402548b58fc38e13b5,,7244 4 7368 1 7371 6 7470 2 7495 11 7597 5 7623 11 7725 6 7751 11 7852 9 7881 9 7981 10 8010 9 8114 1 8117 2 8139 8 8268 5,,,5190 6 5317 11 5411 7 5445 13 5466 4 5537 10 5574 26 5661 14 5704 25 5788 16 5834 24 5915 18 5936 3 5964 28 6043 31 6093 29 6170 32 6211 2 6221 30 6298 32 6338 4 6351 28 6426 31 6466 4 6482 25 6555 30 6594 3 6612 23 6683 3 6688 25 6740 23 6817 5 6827 14 6869 21 6959 11 6998 20 7088 11 7128 17 7218 3 7222 5 7263 9 7351 4 7392 8 7480 3 7523 3,,8115 2 8125 8 8243 2 8251 12 8370 4 8378 15 8489 35 8617 37 8746 43 8875 44 9003 43 9132 42 9260 41 9389 40 9517 39 9646 38 9774 37 9903 36 10032 34 10161 32 10290 28 10421 19 10553 14 10687 3 10815 2,4880 3 5007 5 5134 6 5262 7 5390 7 5518 7 5646 7 5774 7 5902 7 6030 8 6130 4 6156 1 6158 8 6257 6 6283 2 6286 9 6385 6 6410 13 6512 8 6538 14 6640 8 6665 15 6767 9 6793 16 6825 2 6895 9 6921 17 6952 5 6997 1 7022 10 7049 18 7079 6 7124 4 7149 11 7177 21 7207 7 7251 6 7276 11 7305 23 7335 7 7378 7 7403 12 7433 25 7462 8 7506 8 7530 12 7562 26 7589 8 7634 8 7657 12 7690 35 7762 8 7784 15 7818 34 7890 9 7911 16 7947 33 8019 9 8029 6 8037 18 8075 32 8147 35 8204 28 8275 35 8333 27 8405 33 8462 27 8534 31 8591 26 8663 30 8721 25 8791 29 8850 25 8919 28 8980 23 9046 27 9110 22 9174 26 9237 23 9301 25 9364 25 9429 23 9491 26 9556 21 9619 27 9684 19 9748 26 9811 19 9877 26 9939 19 10005 27 10066 21 10135 26 10193 21 10265 25 10320 22 10395 24 10447 22 10526 21 10569 4 10575 20 10655 28 10693 29 10786 28 10819 29 10915 28 10945 29 11045 26 11073 27 11175 24 11201 22 11310 2 11316 11 11329 20 11446 7 11459 9 11472 3
gap_20c8234a3aff917b1e,,7636 1 7763 2 7891 2 8019 1 8147 1 8239 1 8367 1 8494 2 8529 2 8623 1 8656 4 8756 1 8784 4 8883 2 8911 4 9009 5 9039 2 9137 5 9265 5 9394 4,,,4155 4 4163 3 4282 19 4408 24 4533 28 4655 36 4778 2 4782 37 4904 20 4927 20 5030 22 5055 6 5065 16 5156 24 5184 4 5195 6 5203 8 5284 24 5312 4 5325 2 5331 9 5412 25 5441 3 5459 9 5540 14 5555 10 5570 3 5586 10 5667 14 5685 9 5699 4 5713 11 5794 15 5816 6 5828 4 5840 11 5921 19 5946 5 5957 4 5968 9 6055 14 6075 6 6085 5 6095 9 6185 13 6204 6 6213 5 6224 7 6314 13 6332 7 6341 6 6352 7 6442 14 6461 6 6469 6 6481 6 6570 15 6589 7 6598 5 6610 4 6698 9 6709 4 6717 7 6726 5 6826 8 6838 3 6845 7 6855 3 6955 6 6967 2 6973 7 7085 3 7096 1 7100 7 7228 6 7356 5 7485 4 7614 2 7752 1 7880 1 8648 2 8775 4 8902 5 9029 6 9156 6 9284 5 9411 5 9539 5 9667 4 9794 5 9922 5 10050 5 10179 3,,9937 1 10064 2 10192 2 10290 2 10319 3 10418 2 10446 3 10546 2 10573 4 10674 3 10701 4 10802 3 10828 6 10930 3 10955 6 11058 3 11063 1 11081 8 11186 7 11202 15 11314 7 11324 21 11442 8 11451 23 11570 8 11580 16 11597 6 11698 9 11708 10 11720 5 11829 25 11957 25 12085 18 12105 4 12214 3 12219 11 12234 3,6114 2 6237 8 6364 8 6430 5 6491 9 6558 7 6618 9 6686 8 6745 10 6813 10 6872 11 6884 5 6938 14 6999 18 7065 16 7127 19 7149 2 7193 18 7254 20 7275 6 7321 19 7381 29 7442 5 7449 19 7509 30 7569 7 7578 19 7637 31 7697 8 7707 19 7765 32 7824 9 7835 19 7893 32 7952 10 7963 20 8020 34 8080 31 8148 34 8208 31 8275 36 8335 32 8403 36 8463 31 8531 35 8591 32 8660 34 8719 32 8788 33 8846 33 8917 31 8974 30 9045 31 9103 29 9173 30 9231 30 9301 29 9360 29 9428 29 9489 29 9555 30 9618 29 9683 29 9747 29 9810 29 9875 30 9938 29 10004 29 10066 27 10132 30 10194 26 10261 29 10322 25 10390 28 10449 26 10520 26 10577 10 10589 13 10649 25 10705 9 10717 12 10778 13 10792 10 10834 7 10844 12 10907 12 10921 9 10961 8 10971 11 11036 12 11050 8 11089 8 11098 11 11165 11 11179 7 11217 7 11225 11 11294 11 11307 7 11345 6 11352 10 11423 11 11435 7 11474 3 11479 9 11553 11 11565 5 11607 7 11683 15 11734 6 11813 9 11862 5 11943 8 11989 4 12073 7 12081 3 12111 4 12202 5 12209 3 12239 4
gap_dee767bdf0d6d0cbc1,6035 3 9518 1 9646 2 9774 2 9904 1 10032 3 10160 3 10288 3 10416 3 10543 4 10671 4 10798 5 10926 5 11053 6 11180 6 11307 6 11434 6 11561 6 11689 5,8466 6 8594 7 8723 7 8853 5 8982 5 8999 3 9119 13 9248 11 9380 7,8229 5 8344 2 8351 3 8356 6 8472 19 8601 18 8730 18 8860 16 8990 4 8997 2 9002 2 10225 1 10351 3 10480 1,,5470 1 5598 1 5726 3 5855 2 5984 1 6760 5 6889 4 7404 1 7532 1 8037 2 8165 1 8541 2,,6276 1 6404 1 6532 1 6935 3 7058 7 7312 1 9592 1 10169 2 10296 3 10423 5 10429 3 10551 11 10679 13 10807 14 10935 14 11064 13 11194 10 11703 5 11831 14 11959 14 12087 14 12215 14 12347 10 12476 3 12604 2 12611 1 12702 3 13137 4 13266 4 13396 3,7065 2 7185 12 7313 15 7440 18 7568 20 7696 11 7713 3 7824 6 7952 4 8081 3 8209 3 8338 3 8994 3 10633 2 10761 2 10890 1 12270 1 12397 2 12524 2 12571 2 12599 3 12651 2 12699 3 12727 4 12778 3 12855 4 12983 3 13112 1
gap_55293f20ef85bf30a0,,7734 1 7743 8 7861 3 7870 10 7990 2 7998 11 8126 12 8255 11 8384 11 8513 10 8642 8,,7335 6 7462 7 7590 7 7718 2,2881 2 3007 6 3134 14 3261 17 3285 4 3389 18 3412 7 3499 3 3514 22 3539 10 3624 6 3640 14 3655 10 3667 13 3750 7 3767 12 3785 8 3795 14 3876 7 3895 7 3913 8 3923 15 4002 8 4023 6 4041 8 4052 15 4128 9 4151 6 4169 8 4181 5 4191 4 4255 9 4281 2 4297 7 4310 2 4382 6 4401 5 4425 7 4509 6 4528 6 4552 8 4638 2 4651 11 4680 11 4778 11 4808 12 4905 7 4937 9 5033 6 5066 5 5094 4 5161 6 5221 7 5279 3 5289 5 5349 7 5406 16 5477 7 5533 12 5549 1 5605 6 5662 11 5677 2 5728 3 5735 2 5789 12 5837 2 5855 4 5917 12 5950 3 5964 3 5981 6 6045 10 6078 3 6093 1 6107 8 6166 2 6172 10 6205 5 6233 7 6293 3 6300 10 6334 4 6361 5 6421 4 6428 9 6462 4 6488 6 6549 4 6556 9 6591 4 6615 6 6678 3 6684 8 6718 6 6740 8 6806 3 6813 7 6841 12 6866 9 6934 3 6942 5 6965 10 6976 6 6994 8 7063 3 7071 3 7092 10 7105 6 7122 7 7192 3 7199 3 7219 11 7235 7 7250 5 7321 3 7348 9 7365 6 7378 4 7452 2 7493 7 7622 6 7720 5 7753 3 7846 6 7974 5,,8895 7 9022 11 9148 14 9275 15 9402 16 9528 19 9655 20 9783 20 9911 20 10039 20 10167 20 10193 5 10296 15 10313 2 10317 8 10427 25 10542 3 10548 3 10553 26 10670 37 10799 35 10928 1 10931 28 11063 21 11191 20 11319 5 11328 3 11336 3 11448 3 11841 2 11969 2 12097 2,6509 2 6635 5 6761 7 6888 8 7017 7 7144 7 7270 8 7398 7 7526 7 7654 7 7781 9 7833 2 7909 9 7959 4 8037 9 8086 6 8111 3 8144 5 8165 9 8214 6 8238 5 8271 7 8292 11 8342 7 8365 7 8399 8 8420 11 8469 8 8493 8 8526 9 8548 10 8597 8 8621 8 8653 10 8675 11 8725 9 8749 8 8781 9 8803 10 8853 10 8877 8 8909 9 8930 11 8982 10 9005 8 9037 8 9057 12 9110 11 9134 6 9166 7 9183 14 9239 11 9263 4 9295 5 9307 18 9367 14 9425 1 9434 19 9496 14 9561 19 9624 15 9688 19 9752 16 9815 19 9880 18 9943 19 10008 20 10069 20 10137 19 10198 17 10266 19 10325 17 10395 18 10452 17 10525 17 10579 16 10654 16 10707 14 10784 15 10834 14 10913 15 10961 14 11042 15 11088 13 11172 17 11213 15 11302 16 11341 13 11433 14 11451 4 11460 4 11469 12 11563 13 11579 5 11587 6 11596 12 11691 21 11715 20 11821 19 11843 19 11952 16 11971 15 12080 15 12100 14 12209 13 12229 12 12341 8 12358 9 12471 4 12487 6
gap_6949a812712b424fa8,5399 1 5527 1 5654 3 5781 3 5909 3 6036 4 6164 3 6292 3 6420 3 6547 4 6675 4 6803 4 6931 4 7059 4 7187 4 7315 4 7443 4 7571 4 7698 4 7826 4 7954 4 8082 4 8210 4 8242 3 8338 5 8369 4 8466 5 8497 4 8594 5 8624 5 8722 6 8752 5 8850 6 8879 6 8978 7 9007 6 9106 8 9134 7 9234 9 9262 7 9284 2 9362 10 9388 9 9412 3 9491 12 9513 12 9541 3 9619 15 9637 16 9669 4 9747 34 9798 4 9876 32 9926 5 10004 32 10055 5 10094 2 10133 31 10183 6 10221 3 10261 31 10311 7 10348 4 10390 30 10439 8 10475 5 10519 29 10567 10 10602 5 10648 28 10695 12 10729 6 10777 26 10824 13 10854 8 10905 26 10952 16 10978 11 11035 24 11080 37 11163 24 11209 35 11292 22 11337 35 11422 19 11465 34 11552 16 11594 32 11682 12 11723 30 11813 6 11852 27 11980 26 12109 23 12239 20 12369 15 12499 10,6728 1 6854 5 6981 6 7109 6 7237 5 7246 3 7364 6 7374 6 7492 6 7619 7 7747 9 7875 10 7993 2 8003 10 8119 6 8132 9 8246 8 8260 8 8374 8 8390 6 8501 10 8519 5 8629 10 8648 4 8757 9 8776 4 8885 9 8904 4 9014 7 9033 3 9143 5 9161 2 9289 2 9417 1 9545 2,3278 2 3405 5 3533 7 3661 7 3788 8 3915 6 4041 8 4164 14 4290 17 4417 18 4545 19 4673 20 4695 1 4800 25 4926 27 5053 29 5190 20 5308 1 5318 20 5447 19 5563 1 5575 19 5690 1 5703 18 5818 1 5832 17 5945 2 5961 16 6073 2 6090 15 6219 14 6348 13 6372 6 6478 11 6500 8 6607 9 6628 9 6737 6 6754 11 6866 5 6877 17 7004 19 7131 20 7236 1 7242 1 7258 21 7370 2 7373 1 7380 1 7386 22 7491 1 7498 12 7513 23 7587 1 7626 13 7640 25 7707 5 7715 2 7756 37 7834 11 7885 37 7961 13 8013 37 8088 15 8141 37 8216 18 8268 38 8344 20 8396 38 8472 19 8524 38 8600 19 8652 38 8729 18 8780 38 8857 18 8908 37 8986 17 9036 37 9114 17 9163 38 9243 15 9291 38 9373 12 9418 39 9503 8 9547 38 9674 38 9803 37 9931 36 10060 34 10189 32 10319 29 10448 27 10578 23 10707 20 10838 14 10970 3,,2620 8 2741 19 2868 23 2995 25 3122 28 3249 29 3375 30 3499 34 3624 37 3668 1 3752 36 3796 4 3805 3 3879 36 3921 7 3932 5 4007 34 4049 7 4059 7 4135 29 4178 6 4187 8 4263 27 4307 5 4315 8 4390 27 4435 6 4443 8 4518 27 4564 5 4571 8 4646 27 4693 2 4696 1 4701 5 4773 27 4829 4 4901 25 5029 24 5156 25 5284 24 5412 24 5471 5 5540 23 5599 7 5668 22 5726 9 5796 22 5854 10 5923 22 5982 10 6051 22 6110 9 6179 20 6239 6 6306 19 6369 1 6434 19 6562 19 6689 20 6817 21 6945 23 7074 23 7099 3 7202 24 7227 4 7330 29 7459 28 7588 3 7594 15 7611 3 7717 2 7723 8 7845 2 7850 7 7974 1 7977 7 8105 6 8234 4,,2849 1 2974 5 3101 6 3228 6 3355 5 3482 5 3610 5 3687 3 3737 5 3815 5 3865 4 3944 5 3993 4 4073 4 4120 3 4201 5 4247 3 4330 5 4376 1 4382 1 4458 5 4503 2 4587 5 4631 2 4716 4 4759 1 4845 3 4886 2 4974 3 5013 3 5102 3 5141 2 5231 2 5268 2 5359 2 5396 1 5487 2 5523 2 5615 2 5651 2 5743 3 5779 2 5871 3 5907 1 5999 3 6127 3 6255 3 6384 2 6513 1 6641 2 6674 1 6769 2 6802 1 6897 2 6930 1 7025 2 7057 2 7154 1 7185 2 7313 2 7441 2 7569 2 7697 1 8690 2 8818 2 8945 3 9073 3 9201 2 9329 2 9457 2 9529 10 9585 2 9656 12 9713 1 9782 14 9841 1 9910 15 9969 1 10038 16 10166 16 10260 1 10295 15 10388 2 10424 14 10517 2 10552 14 10645 3 10680 13 10774 3 10809 12 10903 2 10937 12 11031 4 11065 12 11160 3 11193 12 11289 3 11319 15 11419 2 11444 19 11569 8 11581 11 11695 6 11709 2 11714 7 11822 4 11844 6 11950 3 11977 1 12093 2 12221 2 12349 2 12384 2 12509 5 12632 9 12758 9 12886 6,11706 1 11828 9 11839 5 11953 13 11967 8 12078 15 12095 10 12202 19 12223 12 12328 20 12352 13 12456 19 12480 14 12585 17 12609 14 12715 12 12737 15 12867 13 12997 10
gap_9696f14c53a04a1fef,,,,,,,,6336 1 6339 2 6463 7 6590 8 6627 1 6717 10 6753 12 6845 10 6880 14 6973 11 7008 15 7068 4 7100 13 7135 17 7190 11 7227 15 7263 18 7317 13 7354 6 7363 8 7391 18 7443 15 7481 5 7493 6 7519 18 7571 16 7608 5 7623 5 7647 18 7698 17 7735 4 7752 4 7776 17 7825 18 7863 4 7881 4 7905 15 7953 18 7990 3 8010 3 8034 13 8081 17 8117 3 8139 3 8163 11 8209 16 8244 3 8267 4 8289 11 8338 13 8371 3 8396 3 8416 9 8466 12 8497 4 8524 4 8546 5 8595 10 8625 3 8653 4 8675 2 8726 6 8751 4 8781 6 8856 2 8878 3 8910 7 9003 5 9039 11 9129 6 9168 11 9189 4 9238 6 9254 9 9297 11 9315 7 9366 7 9381 9 9426 10 9443 7 9494 8 9508 9 9555 9 9570 8 9623 8 9635 10 9683 9 9698 8 9752 7 9763 10 9812 8 9825 9 9880 8 9891 9 9941 6 9951 11 10009 8 10019 9 10070 5 10078 11 10139 16 10199 2 10205 10 10268 14 10331 11 10398 12 10458 12 10527 6 10535 1 10579 18 10656 5 10706 18 10785 14 10832 18 10914 16 10959 18 11043 17 11086 17 11171 18 11214 15 11300 18 11342 13 11429 17 11471 10 11559 15 11688 13 11819 7
gap_dce84719814d616a6d,,,,,,8767 4 8893 7 9021 7 9146 1 9153 3,,6843 2 6846 10 6965 19 7093 20 7134 2 7222 18 7261 4 7350 18 7388 6 7478 18 7515 8 7580 4 7606 18 7642 10 7707 6 7734 18 7770 11 7834 7 7862 18 7898 11 7961 8 7990 18 8028 10 8088 10 8117 19 8154 11 8216 10 8245 7 8259 4 8281 5 8289 3 8344 10 8374 5 8388 2 8409 6 8473 8 8503 2 8536 12 8602 6 8664 19 8731 4 8792 22 8857 7 8920 23 8977 16 9050 22 9104 17 9173 2 9179 22 9230 19 9300 3 9307 22 9357 20 9427 5 9436 22 9484 21 9551 8 9566 20 9611 21 9678 9 9695 19 9739 20 9773 1 9806 9 9825 17 9867 19 9898 5 9934 9 9955 15 9995 18 10025 6 10062 9 10084 13 10123 16 10152 8 10190 9 10213 12 10251 15 10279 9 10318 9 10342 10 10380 13 10407 9 10446 9 10471 8 10508 12 10535 9 10574 9 10600 6 10637 10 10662 10 10702 9 10729 3 10766 9 10790 10 10831 8 10851 9 10863 3 10896 6 10918 10 10959 7 10976 16 11027 3 11047 8 11087 6 11100 18 11155 7 11175 8 11215 5 11225 20 11281 11 11304 7 11344 3 11350 22 11409 15 11433 6 11477 22 11537 19 11562 5 11603 22 11666 21 11691 3 11723 4 11729 23 11795 23 11826 1 11849 28 11924 23 11951 7 11977 26 12055 33 12105 23 12185 32 12233 21 12317 28 12362 16 12447 26 12491 9 12579 22 12715 12
gap_a41f28968092944dbd,4158 6 4166 10 4277 32 4395 45 4520 50 4643 56 4769 60 4895 25 4923 35 5022 25 5052 36 5148 26 5182 35 5274 27 5312 34 5400 28 5442 33 5527 28 5572 32 5654 29 5701 32 5781 29 5829 33 5908 29 5958 33 6036 29 6087 32 6163 29 6215 33 6291 29 6343 34 6418 29 6472 34 6546 29 6600 34 6673 30 6729 34 6801 30 6859 32 6928 30 6988 32 7056 30 7117 31 7183 31 7245 31 7311 30 7373 32 7439 30 7501 32 7567 30 7630 31 7695 30 7760 29 7824 29 7889 28 7952 29 8017 28 8080 28 8145 28 8208 28 8273 29 8336 29 8400 30 8465 28 8520 2 8528 30 8593 29 8646 5 8655 30 8721 30 8772 41 8850 30 8899 42 8978 33 9026 43 9107 23 9133 7 9153 44 9235 22 9263 4 9282 42 9364 21 9392 2 9410 42 9493 20 9540 39 9621 20 9669 38 9749 21 9771 4 9777 1 9798 37 9878 29 9926 37 10006 30 10055 35 10135 29 10183 35 10264 30 10311 35 10392 33 10440 33 10521 33 10568 33 10650 32 10696 32 10779 30 10825 30 10908 29 10953 30 11037 28 11081 29 11165 27 11210 27 11294 25 11338 26 11423 24 11467 24 11552 22 11596 22 11681 20 11725 20 11811 17 11854 17 11942 12 11983 14 12075 2 12114 9,5567 3 5693 7 5821 8 5940 3 5948 10 6066 7 6075 11 6193 22 6320 23 6448 23 6576 23 6704 25 6832 26 6961 13 6976 11 7089 13 7106 10 7218 13 7234 10 7347 13 7362 10 7476 24 7605 23 7733 22 7855 27 7982 9 7995 16 8109 10 8124 16 8237 11 8254 15 8365 12 8384 8 8494 11 8514 3 8623 10 8754 4 9142 3 9258 3 9268 7 9385 5 9396 8 9513 5 9523 9 9641 4 9651 10 9770 1 9779 9 9907 9 10036 8 10164 7 10294 4,,,8890 6 9018 7 9146 7 9275 7 9404 5 9532 3,,3644 4 3764 14 3885 22 4011 22 4134 22 4261 7 4388 5 4517 3 4959 2 5088 2 5144 3 5217 3 5271 3 5346 3 5398 2 5475 3 5525 2 5604 2 5733 2 5862 2 5991 2 6119 2 6249 1 6543 2 6671 2 6798 3 6926 2 7662 1 7693 2 7789 3 7821 3 7917 3 7949 3 8045 3 8078 2 8173 3 8206 2 8302 2 8430 2 9106 1 9197 2 9233 2 9324 3 9361 3 9452 3 9490 3 9579 3 9618 3 9663 5 9707 3 9747 2 9789 8 9835 2 9875 2 9917 8 10004 1 10044 10 10172 10 10299 11 10427 12 10555 11 10684 10 10729 2 10812 10 10855 3 10940 10 10983 3 11067 12 11110 3 11195 12 11237 4 11322 13 11365 2 11450 14 11492 3 11550 1 11577 15 11619 3 11678 3 11704 16 11747 2 11807 4 11831 18 11874 2 11936 4 11957 21 12065 8 12079 12 12094 5 12106 5 12194 23 12223 3 12237 5 12325 15 12351 3 12367 5 12457 10 12479 2 12607 2,9996 3 10124 4 10227 2 10253 4 10354 4 10381 4 10481 4 10511 3 10609 4 10639 4 10736 4 10769 3 10864 3 10897 4 10991 4 11026 4 11119 2 11155 3 11246 2 11285 1 11373 2 11499 3 11625 4 11753 3 11881 2 12091 2 12100 4 12217 5 12227 7 12343 8 12354 10 12469 10 12482 11 12596 11 12610 12 12724 11 12738 11 12854 7 12867 7
gap_afa48b36cf9bb16c57,,7124 1 7252 1 7342 2 7470 3 7599 2 7721 3 7849 3 7888 1 7892 2 7978 3 8015 8 8107 2 8143 8 8272 6 8400 4 8528 2,,,5028 3 5155 5 5282 7 5293 4 5300 3 5320 1 5331 8 5409 8 5419 15 5439 30 5535 28 5567 32 5663 5 5672 18 5695 34 5791 4 5800 18 5824 34 5919 4 5928 17 5954 7 5965 22 6048 2 6056 15 6083 4 6094 21 6185 11 6211 4 6222 21 6314 9 6339 4 6351 20 6442 9 6466 5 6483 15 6571 7 6593 6 6612 14 6699 7 6719 8 6739 4 6745 7 6827 8 6845 10 6867 2 6875 3 6956 7 6972 11 6995 1 7085 7 7099 13 7213 8 7227 15 7344 6 7356 14 7473 5 7485 4 7493 5 7601 5 7621 5 7728 6 7750 5 7857 4 7879 4 7986 3 8007 4 8114 3 8135 4 8242 5 8264 3 8370 8 8392 3 8498 13 8521 2 8627 14 8649 2 8756 16 8775 4 8885 22 9016 2 9022 14 9152 11 9283 8 9412 6 9541 3 9669 2,,9004 2 9042 1 9132 2 9169 2 9261 2 9295 4 9389 2 9422 5 9517 2 9550 4 9646 2 9678 4 9774 4 9805 5 9902 5 9931 7 10030 7 10058 7 10159 9 10183 10 10287 34 10415 34 10543 23 10567 10 10671 23 10695 10 10799 23 10823 10 10928 32 11059 29 11187 28 11315 25 11444 2 11449 18 11580 7 11711 2,4884 2 5011 5 5102 2 5139 7 5229 4 5263 11 5356 6 5389 13 5484 6 5516 15 5611 7 5643 17 5739 8 5770 21 5866 10 5897 22 5994 11 6025 22 6120 14 6152 23 6247 16 6280 23 6374 18 6407 25 6501 19 6535 28 6565 1 6629 20 6663 33 6743 2 6756 21 6790 35 6869 6 6883 22 6918 35 6996 7 7009 24 7046 35 7125 7 7135 26 7174 35 7253 36 7302 35 7381 36 7430 35 7510 36 7558 36 7638 36 7686 35 7766 36 7815 34 7894 36 7943 35 8023 35 8072 32 8151 34 8200 32 8278 35 8329 31 8407 34 8457 32 8535 33 8585 32 8662 33 8713 33 8789 33 8841 34 8916 32 8970 34 9043 30 9098 34 9171 30 9227 21 9250 11 9299 30 9356 20 9379 10 9427 31 9485 20 9508 9 9554 32 9615 18 9637 9 9682 31 9746 16 9766 8 9810 31 9876 15 9895 7 9938 10 9950 18 10007 14 10025 5 10065 10 10077 18 10137 13 10154 5 10193 10 10205 16 10267 12 10283 4 10321 8 10331 14 10396 13 10411 4 10449 7 10458 12 10526 12 10541 2 10577 5 10584 11 10656 11 10669 2 10705 4 10711 11 10787 12 10837 10 10916 12 10963 11 11046 11 11088 12 11176 10 11215 11 11305 10 11342 9 11435 9 11469 8 11564 7 11597 6 11695 3 11703 1 11725 3 11845 3
gap_695033062cb0d03fd1,5185 2 5312 4 5440 3 6337 2 6464 4 6592 4 7469 6 7596 8 7722 11 7848 14 7975 15 8018 6 8102 17 8146 7 8229 18 8274 8 8356 19 8402 9 8483 20 8530 9 8611 20 8658 10 8739 20 8787 8 8867 20 8915 8 8995 19 9044 5 9123 19 9174 1 9251 18 9380 16 9508 15 9637 13 9766 10 9895 8 10026 3,6978 1 7105 3 7233 3,,,,,7337 4 7362 2 7465 3 7592 3 7616 7 7741 12 7768 3 7868 14 7897 3 7996 15 8026 2 8124 15 8252 15 8380 15 8509 13 8606 4 8637 13 8734 4 8765 12 8861 5 8893 13 8989 4 9021 14 9118 2 9148 15 9183 1 9275 16 9400 20 9526 22 9551 3 9653 31 9781 19 9803 11 9909 8 9921 6 9931 12 10039 5 10050 4 10061 3 10066 6 10178 3 10196 4 10279 3 10307 1 10326 1 10406 4 10533 4,6931 5 7057 6 7183 8 7285 7 7311 8 7412 9 7439 7 7539 10 7567 6 7667 10 7695 5 7796 8 7814 4 7823 4 7925 6 7941 6 7952 2 8053 5 8069 6 8182 3 8196 8 8323 9 8451 10 8579 10 8707 10 8835 10 8860 1 8966 8 8987 2 9056 2 9095 7 9116 2 9184 4 9209 3 9220 9 9312 5 9336 4 9348 9 9440 5 9462 5 9475 9 9569 3 9588 7 9603 10 9698 1 9714 9 9732 13 9842 9 9860 12 9873 3 9970 9 9989 10 10002 3 10044 4 10055 4 10087 2 10098 13 10118 9 10131 4 10140 5 10171 6 10182 5 10214 3 10228 11 10247 7 10260 14 10298 7 10310 6 10341 4 10360 7 10369 2 10376 3 10389 14 10425 9 10437 7 10458 2 10469 3 10488 7 10497 4 10505 1 10519 12 10550 12 10565 7 10597 1 10611 12 10625 4 10647 11 10678 13 10693 7 10738 13 10753 4 10776 8 10808 10 10822 5 10851 1 10866 13 10881 4 10896 2 10904 7 10938 7 10950 4 10994 3 10999 7 11010 4 11024 3 11033 6 11079 2 11128 4 11138 5 11153 2 11161 6 11257 2 11267 4 11291 4 11396 3 11420 3
gap_4baa5bf5f34d797630,,4917 4 5043 9 5169 13 5296 16 5423 18 5550 21 5677 23 5804 25 5932 26 6060 27 6188 1 6190 25 6318 25 6444 1 6446 25 6572 27 6700 28 6828 29 6956 29 7085 28 7213 28 7342 26 7470 17 7488 8 7599 13 7619 5 7728 11 7857 7,,7465 2 7505 6 7521 3 7592 3 7632 9 7649 3 7720 4 7759 11 7849 3 7887 11 7978 1 8014 13 8143 13 8271 14 8399 14 8483 5 8528 13 8610 7 8657 12 8737 9 8786 11 8865 9 8915 10 8992 10 9044 8 9120 9 9172 7 9249 8 9378 6,3362 3 3404 11 3488 6 3530 14 3615 8 3641 4 3657 17 3743 8 3769 6 3784 21 3871 7 3898 9 3910 25 3994 3 4001 4 4027 37 4120 6 4162 32 4247 7 4292 31 4374 8 4422 30 4501 8 4516 5 4555 26 4629 7 4641 7 4683 26 4756 7 4767 7 4811 26 4884 5 4939 5 4946 19 5011 6 5067 4 5075 18 5139 6 5195 3 5204 17 5266 6 5323 2 5333 15 5392 8 5462 13 5519 10 5592 8 5647 12 5721 5 5733 3 5775 12 5860 6 5903 12 5987 9 6031 12 6059 1 6114 10 6160 12 6186 2 6189 1 6242 10 6289 13 6303 3 6315 3 6370 10 6421 14 6443 1 6445 1 6497 11 6549 15 6571 1 6623 13 6675 18 6750 14 6802 20 6878 14 6929 21 7006 13 7057 21 7134 13 7185 14 7201 5 7262 13 7314 12 7331 2 7336 3 7341 1 7390 14 7442 12 7463 2 7518 3 7524 8 7571 11 7591 1 7595 1 7647 2 7652 8 7699 10 7718 2 7776 12 7828 9 7847 2 7905 11 7957 6 7975 3 8035 9 8086 4 8164 8 8295 3,,7740 4 7866 9 7992 12 8119 14 8246 16 8374 16 8501 17 8629 17 8757 17 8885 17 9013 17 9142 16 9270 16 9398 16 9526 19 9654 20 9781 24 9907 27 10032 19 10054 8 10159 18 10286 6 10295 4 10301 4 10429 3 10558 2 10686 1 11198 2 11326 2 11455 1,8008 3 8136 5 8263 7 8368 3 8391 7 8495 5 8519 8 8622 7 8648 7 8749 8 8776 8 8877 8 8904 8 9005 7 9032 8 9132 8 9160 8 9260 8 9289 7 9388 8 9417 7 9516 9 9546 6 9644 8 9675 4 9772 8 9901 5 10179 3 10306 7 10433 18 10546 11 10561 21 10664 21 10689 22 10791 22 10817 22 10919 22 10945 22 11047 22 11073 23 11175 22 11201 22 11304 21 11329 22 11432 21 11457 21 11561 20 11585 20 11691 18 11714 16 11820 17 11843 8 11951 13 11973 3
gap_dee4027320039b7c29,,,,,,,1598 3 1724 7 1851 9 1978 11 2105 13 2232 6 2241 6 2359 5 2371 5 2486 5 2500 5 2614 3 2629 4 2743 1 2758 3 5559 1 5573 5 5687 1 5815 2 5943 2 5947 7 6072 11 6200 13 6328 14 6456 13 6583 15 6709 17 6837 18 6966 18 7094 20 7223 23 7352 23 7481 12 7494 8 7611 8 7623 6 7740 4 8895 1 9023 2 9151 2,6261 2 6265 3 6387 10 6514 10 6641 10 6758 1 6769 10 6787 3 6886 1 6896 11 6915 5 7023 12 7042 7 7148 15 7170 8 7274 17 7297 10 7401 18 7425 10 7529 18 7554 10 7644 3 7657 18 7683 9 7748 2 7772 4 7785 18 7811 9 7862 3 7875 5 7900 4 7913 17 7941 7 7990 5 8002 7 8028 6 8041 17 8071 5 8118 6 8129 10 8156 8 8170 16 8201 2 8248 5 8257 10 8285 7 8298 16 8377 5 8385 10 8414 7 8427 13 8507 2 8513 9 8542 6 8555 12 8591 2 8635 2 8642 6 8671 5 8684 11 8717 6 8770 5 8800 4 8812 9 8845 8 8899 3 8929 2 8941 6 8972 10 9070 4 9101 10 9198 3 9233 6 9326 3 9363 3 9451 7 9577 10 9704 11 9832 10 9960 6
gap_f1b57a1cc77ba2a931,,6720 4 6847 6 6858 5 6975 6 6985 7 7103 6 7113 8 7231 6 7241 8 7359 6 7370 7 7489 2 7499 5 7739 7 7867 7 7993 9 8009 3 8120 10 8136 4 8247 10 8264 5 8374 8 8392 5 8503 2 8520 5 8649 4,,,3517 5 3638 13 3762 19 3786 4 3889 39 4012 46 4139 52 4267 53 4395 36 4434 17 4523 27 4553 5 4564 16 4649 13 4669 9 4693 17 4776 13 4798 7 4822 17 4903 13 4926 7 4950 7 4960 8 5031 13 5054 5 5077 7 5089 7 5159 13 5183 2 5205 6 5217 8 5287 13 5332 6 5345 8 5405 3 5415 15 5460 5 5472 10 5532 5 5544 15 5588 5 5600 11 5659 6 5672 16 5716 5 5728 12 5787 5 5801 15 5834 2 5845 3 5856 13 5916 3 5930 14 5958 7 5984 13 6059 13 6086 7 6112 13 6192 7 6214 7 6240 14 6321 6 6342 7 6369 13 6451 2 6471 4 6497 13 6625 13 6754 13 6882 13 6992 1 7008 14 7130 20 7258 20 7387 18 7517 15 7648 4 7653 7 7782 6 7910 5,,8506 7 8633 11 8759 13 8886 15 9013 17 9140 20 9261 4 9267 21 9388 29 9516 29 9645 30 9774 34 9902 35 10030 36 10158 36 10287 33 10416 31 10544 31 10673 29 10801 28 10930 26 11061 22 11191 18 11322 6 11329 7 11451 2 11579 2 11707 1 11835 1,6809 1 6934 5 7061 6 7188 8 7316 9 7443 10 7571 11 7595 5 7700 11 7722 7 7827 13 7849 9 7955 14 7977 9 8082 16 8105 9 8210 17 8233 9 8271 4 8293 3 8337 22 8360 9 8397 8 8420 6 8465 32 8525 8 8547 8 8593 31 8653 8 8674 9 8721 30 8780 9 8801 10 8849 29 8908 9 8928 11 8977 28 9036 17 9055 12 9105 27 9164 31 9233 28 9293 29 9362 26 9422 28 9490 26 9553 26 9618 27 9681 26 9747 27 9810 25 9876 26 9938 25 10006 24 10066 25 10137 21 10194 25 10265 22 10320 26 10391 25 10447 27 10518 26 10575 27 10645 28 10702 27 10773 28 10829 28 10901 29 10956 28 11030 14 11045 2 11050 9 11083 26 11158 16 11179 10 11209 23 11287 18 11307 13 11336 24 11416 34 11455 5 11461 10 11473 16 11546 32 11582 16 11601 18 11675 31 11709 16 11730 17 11805 29 11837 15 11858 16 11934 16 11957 4 11966 14 11985 17 12065 12 12094 13 12111 18 12196 9 12224 3 12230 5 12237 19 12326 7 12362 21 12457 3 12489 20 12617 18 12744 17 12872 14 13002 9
gap_15b35e59de5942b440,4683 13 4810 16 4937 20 5065 21 5193 22 5322 23 5450 25 5579 25 5665 4 5707 26 5792 6 5835 27 5918 8 5964 27 6045 9 6092 27 6173 8 6221 27 6300 9 6350 26 6428 9 6478 27 6555 10 6607 26 6683 11 6735 26 6811 11 6863 27 6938 12 6991 27 7066 12 7119 27 7194 13 7247 28 7321 14 7376 27 7449 14 7504 27 7577 15 7632 27 7705 16 7760 27 7833 16 7887 28 7961 18 8015 28 8089 18 8142 29 8217 19 8270 30 8345 20 8397 31 8473 22 8525 31 8601 23 8652 32 8729 24 8780 32 8857 26 8908 32 8985 27 9035 34 9113 27 9163 34 9242 27 9290 34 9370 27 9417 35 9498 26 9545 35 9627 25 9673 35 9755 24 9802 33 9883 24 9931 32 10012 23 10059 32 10140 24 10187 31 10268 24 10315 31 10397 24 10443 30 10525 25 10572 29 10654 25 10700 29 10782 26 10828 28 10911 26 10957 26 11040 25 11085 26 11168 24 11213 25 11297 23 11342 23 11426 21 11471 21 11556 18 11600 19 11685 16 11728 17 11815 13 11858 14 11944 10 11988 10 12118 5,5172 11 5298 13 5424 16 5444 4 5551 18 5570 7 5677 29 5803 32 5930 33 6057 35 6184 37 6311 39 6438 40 6566 41 6694 41 6822 41 6950 41 7078 41 7207 40 7335 40 7463 41 7592 40 7721 38 7849 38 7979 34 8107 33 8237 30 8366 29 8501 22 8629 22 8757 22 8885 21 9014 19 9145 13 9276 6 9524 8 9652 9 9779 10 9907 10 10035 10 10164 9 10292 9 10421 7 10550 5 10679 3,,,9282 3 9405 7 9533 4,,4153 4 4167 12 4275 11 4294 15 4400 13 4417 4 4423 14 4527 13 4545 2 4553 12 4655 8 4786 1 4829 4 4957 4 5086 4 5215 4 5281 3 5345 3 5408 4 5475 1 5535 4 5662 3 5789 3 5917 1 7064 1 7147 1 7191 2 7275 2 7319 2 7403 2 7447 2 7531 2 7575 2 7659 2 7703 2 7787 2 7831 2 7915 2 8043 2 8171 2 8300 1 9112 1 9240 2 9367 3 9496 2 9581 1 9624 3 9708 2 9752 3 9794 6 9835 3 9881 2 9920 9 9963 3 10009 2 10047 11 10091 2 10175 11 10218 3 10302 12 10346 2 10430 12 10473 3 10558 11 10601 2 10686 11 10729 2 10815 9 10857 1 10943 8 11071 8 11199 8 11326 11 11453 13 11580 16 11706 4 11713 4 11720 6 11835 1 11842 2 11854 2 11984 3 12070 13 12113 5 12199 12 12226 2 12241 8 12330 6 12354 2 12373 6 12460 3 12482 2,11837 4 11846 4 11960 9 11973 7 12086 12 12100 11 12213 13 12228 12 12340 14 12356 13 12467 14 12484 14 12595 14 12613 13 12724 11 12741 13 12854 7 12871 6
gap_3187e1755ba39cc448,,6228 3 6355 6 6433 1 6482 6 6570 6 6610 6 6698 7 6737 6 6827 7 6865 6 6956 7 6993 5 7085 6 7120 6 7213 6 7248 6 7342 5 7376 5 7470 5 7505 2 7599 4 7727 4 7855 4 7983 4 8112 3 8240 2 8754 2,,6803 4 6930 6 7059 5,4687 1 4785 3 4815 1 4913 3 4943 1 5060 3 5185 7 5312 8 5440 8 5568 8 5683 9 5695 9 5808 13 5823 9 5940 10 5952 7 6068 11 6080 7 6093 2 6195 21 6220 3 6299 5 6323 14 6338 7 6346 5 6428 5 6451 14 6467 12 6579 13 6595 12 6708 7 6717 2 6723 12 6839 4 6846 1 6851 11 6968 4 6973 2 6979 10 7096 7 7108 8 7224 7 7236 2 7352 7 7479 8 7607 8 7735 7 7863 7 7991 6 8119 6 8247 6 8374 6 8499 9 8523 4 8627 8 8651 4 8756 4 8779 5 8883 4 8907 5 9012 1 9035 5 9163 5 9292 3 9420 3 9548 1 9675 2 9801 4 9929 4 10057 4 10184 5 10311 6 10437 8 10562 11 10689 13 10816 15 10943 6 10956 4 11071 5 11084 4 11200 4 11329 1,8895 3 9022 4 9150 3,11596 3 11701 2 11713 2 11722 5 11829 4 11838 7 11849 6 11957 5 11965 9 11977 6 12085 6 12093 10 12105 5 12213 6 12221 10 12233 5 12342 4 12349 9 12363 1 12477 8 12606 2,5981 6 6107 9 6233 10 6304 7 6361 10 6434 7 6488 10 6561 9 6616 10 6632 4 6689 9 6743 10 6757 8 6818 9 6871 9 6885 8 6936 5 6946 10 6998 11 7010 10 7056 3 7064 7 7075 10 7126 23 7184 19 7204 9 7254 26 7312 30 7382 29 7445 25 7509 31 7575 24 7637 32 7706 21 7764 33 7836 19 7892 34 7951 4 7968 15 8021 33 8079 6 8095 17 8149 34 8207 8 8221 19 8277 34 8335 8 8349 18 8405 34 8465 5 8477 17 8534 32 8594 4 8605 17 8662 32 8721 6 8733 17 8790 31 8846 32 8919 30 8974 31 9047 30 9102 31 9175 29 9231 29 9303 7 9311 20 9359 29 9432 5 9439 19 9487 28 9566 20 9616 21 9638 5 9694 19 9745 20 9821 20 9874 20 9948 20 10004 19 10075 4 10081 15 10133 19 10203 3 10208 15 10261 21 10334 15 10390 21 10460 16 10518 21 10587 14 10647 20 10714 14 10777 17 10841 13 10906 15 10968 13 11036 14 11094 13 11166 14 11221 13 11295 15 11348 12 11424 15 11475 11 11554 15 11601 11 11684 14 11729 9 11814 13 11856 8 11943 12 11983 8 12074 10 12111 6 12205 7 12240 4 12336 4
gap_ac7b4a740412cc55e5,4533 2 4659 6 4786 7 4806 3 4905 3 4912 9 4933 6 5030 18 5061 6 5154 22 5189 7 5280 23 5317 9 5327 3 5336 3 5405 26 5446 24 5532 26 5575 25 5659 26 5704 25 5785 27 5833 25 5912 27 5962 26 6038 28 6091 26 6165 29 6219 27 6292 29 6348 27 6419 30 6476 28 6547 29 6604 29 6674 30 6732 30 6801 31 6859 31 6929 30 6987 32 7056 31 7114 34 7184 31 7241 36 7311 32 7360 3 7368 38 7439 32 7487 5 7496 39 7566 33 7614 7 7623 40 7693 34 7742 7 7751 41 7821 34 7870 7 7879 42 7949 34 7997 8 8007 42 8076 34 8125 8 8135 43 8204 34 8253 8 8264 42 8332 34 8376 12 8392 42 8460 34 8503 8 8521 42 8588 34 8631 7 8649 42 8716 34 8760 5 8776 43 8845 33 8903 44 8973 33 9030 45 9101 33 9158 46 9229 33 9286 46 9357 33 9414 46 9485 33 9543 44 9614 32 9671 44 9742 32 9799 44 9870 32 9928 43 9999 32 10056 42 10127 32 10185 41 10256 32 10313 40 10385 32 10441 40 10513 33 10570 38 10642 36 10698 37 10771 36 10826 37 10899 36 10955 35 11028 34 11083 34 11157 33 11212 33 11286 31 11341 31 11415 29 11469 30 11544 27 11598 28 11674 24 11727 26 11803 21 11857 23 11933 18 11986 20 12064 13 12116 16 12196 7 12246 12,5562 2 5688 8 5815 11 5942 12 6069 13 6085 2 6196 23 6324 24 6451 15 6468 8 6579 14 6597 7 6706 15 6726 6 6833 16 6854 5 6961 15 6982 4 7089 10 7217 10 7344 11 7472 10 7600 10 7728 9 7856 8 7984 7 8112 6 8239 3 8367 3 8496 1 8624 1 8752 3 8880 4 9008 6 9135 8 9263 8 9391 8 9519 8 9646 9 9774 10 9902 10 10031 9 10159 8 10288 7 10417 5,,,8766 5 8892 7 9016 10 9143 8 9271 6 9399 5 9527 5 9655 4 9784 3 9912 1,,3886 22 4011 27 4137 6 4145 22 4264 6 4274 22 4299 1 4390 8 4402 3 4413 8 4424 5 4434 4 4516 11 4553 6 4562 6 4643 12 4682 6 4691 7 4770 12 4811 6 4819 8 4897 6 4939 17 5025 4 5068 17 5202 12 5331 4 6036 1 6162 3 6289 3 6417 2 6544 3 6672 2 6800 1 7278 2 7407 2 7535 3 7664 2 7691 1 7793 2 7818 3 7921 2 7945 4 8050 2 8073 3 8201 3 8329 3 8457 2 9226 2 9333 1 9354 3 9407 4 9460 3 9482 3 9534 7 9587 4 9610 4 9662 8 9715 4 9739 3 9789 9 9843 4 9867 3 9917 10 9971 3 9996 1 10044 11 10100 2 10171 12 10298 14 10426 14 10553 15 10681 15 10767 2 10809 14 10864 2 10895 3 10937 14 10991 3 11024 4 11066 14 11118 4 11152 4 11194 14 11245 5 11281 4 11321 16 11373 4 11410 4 11448 18 11500 4 11539 4 11576 19 11628 3 11667 5 11703 21 11796 4 11831 5 11837 17 11925 4 11959 4 11967 4 11974 9 12055 2 12088 1 12095 4 12102 10 12224 3 12231 12 12352 2 12359 8 12370 4 12480 2 12487 7 12500 18 12600 1 12603 2 12607 3 12614 2 12630 16 12727 2 12731 2 12734 4 12759 14 12862 5 12891 8 12990 5 13021 4 13119 3,9853 3 9980 5 10107 6 10235 5 10243 3 10362 6 10371 5 10490 5 10498 7 10617 5 10626 7 10745 4 10755 7 10872 4 10884 7 11000 3 11015 4 11127 4 11133 2 11143 5 11255 8 11273 4 11382 9 11401 4 11509 10 11523 3 11529 6 11636 11 11651 4 11658 5 11763 11 11779 5 11786 5 11891 11 11908 4 11915 5 12018 6 12025 4 12037 4 12044 5 12091 3 12145 5 12153 3 12167 2 12173 5 12218 5 12229 2 12272 5 12296 1 12301 6 12346 4 12357 1 12399 4 12430 6 12467 4 12475 3 12527 4 12560 5 12594 5 12652 6 12689 6 12722 5 12746 2 12778 7 12819 5 12850 4 12873 4 12905 5 12947 6 12979 3 13001 4 13033 4 13077 7 13130 1 13207 5 13413 2 13540 3 13662 3 13667 3 13788 7
gap_94514097c6ae618fb3,7491 2 7618 3 7746 3 7875 2,,,,,,8769 6 8896 8 9024 9 9151 10 9279 10 9407 10 9535 11 9653 22 9781 28 9909 28 10039 25 10169 16 10188 3 10304 6 10434 4 10563 2 10692 1 11204 1 11331 2 11459 2,7894 3 8022 4 8111 2 8151 4 8238 3 8280 4 8306 5 8365 3 8409 4 8432 8 8492 3 8537 4 8559 11 8619 4 8666 4 8686 17 8747 3 8794 5 8813 18 8874 3 8923 4 8941 18 8974 5 9001 4 9051 5 9069 18 9101 7 9128 4 9180 5 9196 19 9228 9 9255 5 9309 5 9324 19 9355 11 9382 5 9437 6 9452 19 9482 13 9509 6 9566 6 9580 19 9610 14 9635 7 9695 6 9709 14 9738 15 9762 7 9824 6 9837 13 9865 16 9889 8 9953 6 9966 12 9994 16 10015 9 10082 5 10095 9 10122 16 10142 9 10212 3 10224 7 10250 16 10269 9 10312 6 10341 2 10352 6 10378 16 10397 8 10424 9 10439 8 10480 5 10507 14 10524 6 10551 11 10566 9 10607 7 10636 12 10652 4 10680 10 10694 9 10734 7 10766 9 10781 2 10808 11 10822 9 10862 7 10895 8 10937 10 10950 8 10990 5 11025 8 11065 10 11078 7 11154 8 11194 8 11207 5 11282 9 11324 5 11336 2 11411 8 11540 6
gap_b8768036f47f1f992c,,,,,,,4029 6 4155 10 4283 11 4410 12 4537 5 4546 5 4665 4 4675 4 4793 4 4803 4 4921 3 4931 5 5049 2 5060 4 5177 2 5188 4 5305 2 5316 4 5433 1 5445 2 5685 3 5813 3 5833 2 5940 4 5961 2 6068 4 6089 3 6195 4 6217 3 6323 3 6346 3 6450 3 6474 3 6578 3 6602 3 6706 3 6731 2 6845 7 6859 1 6968 17 7096 17 7225 16 7353 15 7482 4 7490 5 7611 3 7618 4 7739 4 7745 4 7868 8 7997 6 8127 2,
gap_813b9ffe5bb2fd4007,,7615 2 7733 2 7742 11 7861 2 7869 12 7996 14 8124 14 8253 12 8383 2 8388 5,7665 1 7792 1 7920 1,7844 2 8368 1 8495 1,3140 5 3250 14 3267 6 3282 3 3376 18 3395 8 3409 5 3419 2 3503 29 3537 6 3545 5 3630 30 3665 6 3673 6 3756 24 3781 7 3794 4 3801 8 3883 24 3909 7 3923 2 3929 10 4011 15 4029 5 4038 5 4058 11 4138 15 4165 5 4187 11 4266 14 4293 4 4316 11 4395 13 4421 4 4448 8 4523 12 4549 4 4578 7 4651 12 4677 4 4707 6 4778 11 4806 2 4836 6 4895 1 4905 9 4946 1 4965 5 5022 3 5032 9 5074 1 5086 3 5094 5 5149 4 5159 9 5213 5 5222 5 5277 4 5287 9 5341 16 5403 5 5415 8 5462 2 5469 17 5530 6 5542 9 5588 5 5597 18 5657 8 5666 13 5715 9 5725 18 5785 15 5802 5 5843 28 5913 15 5931 5 5970 30 6040 16 6059 6 6098 30 6168 7 6177 8 6187 6 6228 3 6235 2 6240 16 6296 7 6306 7 6315 6 6368 16 6425 7 6435 5 6444 4 6455 2 6470 3 6496 16 6553 7 6564 3 6572 4 6583 3 6598 2 6625 15 6682 7 6752 16 6809 8 6880 15 6937 9 7008 14 7065 10 7137 13 7193 10 7267 10 7321 10 7396 9 7449 10 7525 7 7577 10 7654 5 7663 2 7706 11 7789 3 7835 9 7916 4 7964 4 7969 6 8043 5 8098 4 8171 5 8227 2 8298 5 8426 4 8554 4 8682 1,,8640 4 8765 10 8891 13 9019 13 9146 15 9274 15 9401 16 9529 17 9657 17 9786 15 9915 14 10045 10 10173 11 10299 15 10426 16 10554 16 10681 17 10809 17 10938 15 11071 4 11078 3 11199 4 11207 2 11328 2 11456 2 11584 2 11712 2 11839 4 11967 3,8369 3 8401 2 8496 6 8525 8 8623 8 8651 10 8750 10 8779 11 8878 10 8907 11 9006 11 9035 11 9134 11 9163 10 9263 10 9291 10 9391 9 9419 9 9519 8 9548 7 9648 7 9676 5 9777 5 9805 1 9953 2 10079 3 10206 3 10332 4 10459 4 10574 3 10587 1 10673 5 10701 6 10799 8 10828 9 10926 10 10956 11 11053 12 11083 12 11180 17 11210 14 11308 18 11331 3 11337 15 11436 19 11459 4 11465 14 11564 19 11587 4 11593 14 11693 18 11715 19 11822 17 11843 18 11951 16 11971 17 12081 13 12100 14 12211 10 12229 7 12341 7 12357 7 12485 6 12614 5
gap_10564b0cd8ab0adf62,3409 5 3530 14 3626 3 3655 19 3752 6 3783 21 3878 7 3911 22 4005 8 4039 23 4131 9 4168 23 4258 10 4297 24 4385 10 4427 22 4512 11 4555 23 4639 11 4684 23 4766 12 4813 23 4893 13 4941 24 5021 12 5069 24 5148 13 5198 23 5275 14 5326 24 5403 14 5455 24 5530 15 5583 24 5658 15 5711 25 5785 16 5839 25 5912 17 5966 27 6040 17 6094 27 6167 18 6222 27 6295 19 6350 28 6423 20 6477 29 6551 20 6605 29 6679 21 6733 30 6807 22 6860 31 6934 24 6988 31 7062 25 7116 31 7190 25 7244 31 7318 26 7372 31 7446 27 7501 30 7575 27 7629 30 7703 28 7758 29 7830 30 7887 28 7958 31 8015 28 8086 32 8143 29 8214 33 8272 27 8342 33 8390 6 8399 28 8470 33 8515 40 8598 32 8642 41 8727 28 8770 41 8855 27 8898 41 8983 26 9026 41 9111 26 9155 39 9239 26 9285 37 9367 27 9413 36 9496 26 9542 35 9624 27 9670 35 9753 27 9799 33 9881 28 9927 33 10009 30 10056 32 10138 30 10184 31 10266 30 10312 31 10395 29 10441 29 10523 29 10569 28 10652 28 10698 27 10780 27 10826 26 10909 26 10955 24 11038 24 11084 22 11167 23 11213 21 11295 22 11342 19 11424 20 11471 16 11554 17 11601 13 11683 14 11730 10 11813 11 11944 5,3770 3 3896 7 4023 10 4143 19 4269 22 4396 25 4523 30 4650 33 4778 34 4906 35 5033 36 5161 37 5289 37 5417 38 5545 38 5673 38 5801 38 5929 37 6057 37 6185 37 6314 36 6443 34 6571 34 6700 32 6829 30 6958 29 7087 28 7218 26 7347 25 7475 26 7604 25 7733 25 7862 24 7991 24 8120 23 8250 13 8266 5 8379 7 8755 7 8882 9 9009 11 9137 11 9265 11 9394 10 9522 10 9651 8 9780 7 9909 5,,,8508 5 8635 7 8763 7 8892 6,,2885 2 2891 5 2993 12 3012 5 3018 9 3118 12 3131 25 3246 10 3261 23 3376 7 3402 5 3506 4 4965 2 5093 3 5221 3 5273 2 5350 3 5400 3 5479 2 5527 3 5607 2 5655 3 5736 2 5783 2 5864 2 5911 1 7147 2 7275 3 7317 1 7403 3 7444 2 7531 3 7571 4 7659 3 7699 4 7787 3 7827 3 7915 3 7956 2 8043 3 8084 2 8172 1 9194 2 9278 5 9322 2 9404 8 9449 3 9494 2 9532 9 9577 3 9622 2 9659 10 9705 2 9750 3 9787 11 9832 3 9879 2 9915 11 9960 3 10007 2 10042 13 10088 2 10135 3 10170 13 10215 3 10264 2 10298 12 10343 2 10392 3 10427 11 10521 2 10555 11 10650 1 10683 11 10811 11 10939 12 11067 13 11194 15 11321 19 11447 22 11572 7 11581 7 11593 7 11698 8 11711 4 11724 5 11824 6 11839 4 11855 4 11951 6 11967 4 11986 1 12076 7 12095 4 12204 3 12224 2,11707 2 11716 6 11833 5 11843 10 11958 9 11971 12 12084 11 12099 14 12210 13 12227 15 12337 14 12355 14 12465 13 12484 12 12594 10
gap_ecb2e8c902bd4a391a,3871 15 3995 20 4119 24 4245 26 4285 5 4302 13 4371 25 4413 35 4497 25 4542 36 4624 23 4672 37 4751 22 4802 37 4878 22 4931 38 5005 22 5060 38 5132 22 5190 37 5259 22 5319 38 5387 21 5448 38 5514 21 5576 39 5641 22 5705 39 5769 21 5833 40 5896 21 5962 39 6024 21 6090 40 6151 22 6218 41 6279 21 6347 40 6407 21 6475 41 6535 21 6603 42 6663 20 6731 42 6790 21 6859 43 6918 21 6987 44 7046 21 7115 44 7174 21 7243 44 7302 21 7371 45 7430 21 7499 45 7558 21 7626 46 7687 20 7754 46 7815 21 7881 48 7943 21 8009 48 8071 22 8136 49 8199 23 8264 49 8327 24 8392 49 8455 24 8521 48 8584 24 8649 48 8712 25 8778 47 8841 25 8906 46 8969 27 9035 45 9097 28 9164 44 9226 28 9293 42 9354 30 9422 41 9483 30 9550 41 9611 30 9679 40 9739 31 9798 4 9807 40 9867 31 9926 5 9935 39 9995 31 10055 5 10063 39 10124 30 10183 6 10191 38 10252 30 10311 7 10319 38 10381 30 10440 44 10510 29 10568 44 10639 29 10696 43 10767 30 10825 42 10896 30 10953 41 11025 34 11081 41 11153 35 11209 40 11283 33 11338 6 11346 31 11412 32 11467 5 11474 31 11541 30 11595 4 11602 30 11670 29 11729 30 11799 27 11857 29 11928 25 11985 27 12057 22 12113 26 12186 17 12241 25 12317 4 12371 22 12502 18 12634 12 12769 3,4654 9 4781 11 4906 15 5032 17 5056 1 5159 18 5183 3 5287 17 5311 4 5415 16 5439 5 5542 17 5566 8 5669 19 5694 9 5795 22 5821 10 5921 25 5949 11 6048 28 6077 11 6175 41 6302 43 6430 43 6558 44 6685 45 6813 45 6941 45 7069 45 7197 31 7231 11 7325 30 7359 11 7453 24 7479 5 7488 9 7581 24 7607 13 7709 37 7837 37 7966 37 8095 36 8223 37 8352 37 8482 35 8614 31 8742 20 8769 4 8870 18 8898 4 8998 16 9027 5 9127 14 9156 5 9263 6 9286 4 9391 6 9399 2 9417 1 9519 4 9525 4 9547 1 9647 4 9654 2 9772 7 9899 8 10027 9 10155 9 10284 8 10412 9 10541 8 10669 7 10799 5,,,9275 3 9403 2 9529 1 9656 1 9783 1,,2980 9 3104 13 3121 3 3231 14 3249 5 3356 17 3377 9 3405 9 3483 16 3505 10 3520 3 3532 16 3551 5 3608 14 3634 19 3660 18 3679 7 3734 9 3763 19 3789 26 3861 7 3891 19 3919 18 3986 9 4030 8 4049 2 4053 12 4113 4 4162 3 4188 5 4318 3 4366 2 4452 2 4492 3 4581 1 4620 3 4747 3 4874 3 5001 4 5129 3 5256 3 5383 3 5511 2 6002 1 6131 2 6149 2 6259 3 6276 3 6387 3 6404 3 6516 3 6531 4 6645 2 6659 4 6787 3 6916 1 7417 1 7544 3 7556 1 7672 3 7684 3 7800 3 7811 4 7929 3 7939 4 8057 3 8067 4 8185 2 8196 3 8324 2 9081 1 9096 1 9208 3 9223 2 9335 4 9351 3 9463 4 9479 4 9591 4 9607 4 9719 3 9735 4 9791 4 9848 2 9863 4 9917 7 9992 3 10044 9 10121 1 10171 11 10298 12 10426 12 10554 12 10613 1 10681 13 10739 4 10809 13 10867 4 10936 14 10995 3 11064 15 11122 4 11191 16 11250 3 11319 16 11377 4 11407 3 11447 16 11505 3 11536 3 11576 15 11633 2 11664 4 11703 16 11761 2 11793 4 11830 17 11922 4 11957 18 12051 4 12083 23 12179 5 12210 25 12309 5 12338 26 12437 6 12465 10 12477 16 12567 7 12593 10 12605 4 12611 11 12696 8 12721 10 12733 4 12740 11 12825 9 12835 9 12849 10 12861 4 12867 15 12957 18 12977 10 12989 4 12995 16 13091 4 13097 11 13109 5 13117 4 13123 19 13157 1 13227 2 13231 4 13238 4 13245 4 13251 4 13256 16 13279 6 13361 2 13366 5 13374 3 13379 8 13395 17 13495 3 13507 4 13525 14 13636 2 13659 4 13764 2,10500 3 10628 3 10757 3 10885 4 11014 3 11143 3 11271 3 11385 2 11400 3 11512 3 11529 3 11640 4 11645 1 11652 1 11657 3 11767 7 11779 3 11787 1 11895 3 11899 3 11908 3 12022 3 12027 3 12037 2 12154 3 12281 3 12301 1 12404 7 12531 7 12658 6 12785 5 12912 5 13039 6 13114 1 13166 6 13235 3 13242 1 13294 4 13359 2 13363 2 13387 5 13423 1 13513 8 13641 8 13770 7 13900 3
gap_b22ecf23e0422e6f32,6611 3 6737 7 6864 9 6960 1 6991 12 7085 8 7119 12 7212 12 7247 14 7339 14 7375 14 7466 16 7503 15 7593 17 7631 16 7720 19 7758 18 7847 20 7886 18 7975 20 8004 2 8013 20 8102 22 8131 4 8140 21 8230 22 8258 6 8267 22 8357 23 8386 7 8394 23 8485 24 8515 31 8612 25 8643 31 8740 26 8773 29 8868 27 8902 28 8995 29 9030 28 9123 30 9158 28 9251 30 9285 29 9379 30 9413 29 9507 30 9541 29 9636 29 9670 27 9764 28 9799 26 9893 26 9928 25 10021 26 10057 23 10150 24 10185 22 10278 23 10314 21 10407 22 10443 19 10536 20 10571 18 10665 19 10700 16 10794 17 10828 15 10923 15 10957 13 11053 12 11086 10 11183 10 11216 6 11314 4,7103 3 7229 6 7356 8 7371 3 7483 8 7495 8 7611 8 7622 9 7739 8 7749 9 7868 6 7878 8 7997 4 8007 6 8125 4 8135 5 8253 4 8265 1 8381 4 8509 4 8638 3,,,8769 4 8897 5 9025 5 9153 5 9281 4 9409 4,,6201 15 6219 3 6328 24 6360 1 6454 27 6487 4 6581 28 6616 4 6700 4 6708 29 6745 4 6827 4 6835 28 6873 5 6954 4 6964 10 6986 4 7003 3 7081 4 7093 4 7131 4 7208 4 7261 2 7336 3 7389 2 7463 3 7518 2 7591 2 7647 1 7718 2 7846 1 9249 2 9377 2 9505 2 9633 2 9761 3 9793 4 9889 4 9920 6 10017 4 10048 7 10081 2 10146 3 10175 9 10208 3 10275 3 10303 9 10335 3 10403 3 10431 10 10462 4 10533 2 10559 9 10589 4 10687 9 10717 3 10815 9 10844 3 10943 9 10973 1 11070 11 11198 12 11326 16 11445 4 11456 19 11569 9 11586 3 11594 9 11697 8 11715 2 11843 2 11971 2 12099 2 12227 2,9710 2 9836 5 9964 5 10091 4 10219 3 10347 2 10391 4 10474 3 10518 6 10601 4 10647 5 10728 4 10777 4 10855 4 10906 4 10983 3 11035 4 11109 4 11164 4 11237 4 11293 4 11364 5 11422 4 11454 2 11484 1 11492 5 11552 4 11580 6 11589 5 11610 3 11621 4 11680 5 11706 8 11717 8 11738 3 11749 4 11809 12 11833 9 11845 10 11877 4 11937 14 11960 10 11973 10 12005 4 12065 7 12077 1 12089 9 12101 9 12193 6 12218 7 12230 6 12321 5 12349 2 12449 4
gap_b19118260511a48aeb,6445 3 6572 5 6699 6 6737 4 6826 8 6865 6 6953 10 6992 7 7080 12 7119 9 7207 14 7246 11 7334 16 7374 11 7461 18 7502 12 7589 18 7630 12 7716 20 7758 13 7843 21 7886 13 7971 21 8014 13 8098 22 8141 15 8226 21 8257 3 8269 15 8354 21 8384 5 8397 15 8481 21 8512 5 8525 16 8609 21 8641 4 8652 17 8737 20 8769 5 8780 17 8865 20 8899 5 8906 19 8993 19 9027 26 9121 19 9155 26 9249 19 9283 26 9378 19 9411 26 9506 23 9540 25 9634 23 9668 24 9763 22 9797 23 9891 22 9926 22 10019 21 10054 21 10148 20 10183 20 10277 18 10311 19 10405 18 10440 18 10534 16 10569 16 10663 14 10697 15 10793 11 10826 13 10922 10 10954 12 11052 6 11083 9 11212 6,6454 1 6582 2 6710 3 6838 3 7224 2 7352 3 7357 2 7363 4 7480 3 7484 12 7614 11 7627 2 7745 12 7874 11 8003 10 8121 4 8136 5 8249 5 8264 4 8377 6 8392 4 8505 5 8519 5 8633 5 8647 5 8761 2 8776 3 9014 2 9142 2 9270 1,,,8638 3 8765 4 8893 6 9021 6 9150 5,,5822 6 5948 11 6060 2 6076 11 6187 4 6205 8 6314 4 6323 3 6335 5 6348 3 6441 4 6450 4 6464 3 6476 5 6569 3 6578 4 6604 5 6614 2 6696 3 6706 4 6732 5 6742 3 6824 2 6835 3 6860 4 6871 3 6951 2 6999 4 7079 1 7128 3 7257 3 7385 3 7514 3 7642 3 7771 2 7899 3 8027 3 8156 2 8285 1 8413 1 8863 1 8991 1 9119 1 9277 4 9404 6 9504 1 9532 7 9632 2 9659 8 9759 3 9787 9 9888 3 9915 9 10016 3 10042 10 10145 2 10170 10 10274 2 10298 10 10426 10 10554 10 10681 12 10713 3 10809 11 10840 3 10937 11 10967 4 11066 10 11094 4 11192 1 11197 4 11221 4 11314 6 11325 4 11333 3 11349 2 11440 3 11454 3 11462 4 11582 3 11710 3 11839 2 11967 2,9324 1 9450 5 9491 3 9578 5 9618 5 9705 6 9747 4 9833 4 9876 3 9961 3 10005 2 10089 2 10134 2 10217 2 10262 3 10344 2 10391 2 10471 2 10519 3 10598 3 10647 4 10726 2 10776 3 10852 3 10905 3 10979 3 11035 1 11106 3 11193 4 11202 2 11232 5 11320 5 11329 4 11358 6 11447 6 11457 5 11484 8 11574 7 11585 7 11610 11 11679 5 11701 8 11713 9 11736 13 11805 12 11829 8 11841 9 11864 2 11872 3 11934 12 11958 7 11969 9 12063 3 12069 5 12088 4 12098 7 12199 3 12228 1
gap_13f349d74ac7137b66,3914 8 4026 28 4136 49 4262 53 4386 59 4512 23 4536 38 4638 21 4667 36 4764 22 4796 37 4891 21 4926 36 5018 20 5055 36 5144 21 5185 35 5271 21 5314 35 5398 21 5443 35 5525 21 5572 35 5652 21 5701 35 5779 22 5830 35 5906 22 5959 34 6034 21 6087 35 6161 22 6216 34 6289 21 6345 34 6416 22 6473 34 6544 21 6601 35 6671 22 6730 35 6799 22 6858 35 6927 22 6986 35 7055 21 7114 35 7183 21 7243 34 7311 21 7371 35 7439 21 7500 34 7567 21 7629 32 7695 21 7758 31 7824 20 7886 31 7952 20 8014 32 8080 21 8140 34 8209 21 8267 35 8337 22 8394 36 8465 24 8522 36 8593 25 8650 36 8721 26 8779 35 8849 27 8907 35 8978 27 9035 35 9107 26 9162 35 9235 25 9285 40 9364 22 9413 40 9493 19 9542 39 9621 18 9671 38 9749 19 9799 37 9878 19 9901 4 9928 36 10007 27 10056 35 10135 27 10184 35 10263 28 10312 35 10391 30 10440 34 10520 31 10568 33 10649 31 10697 32 10777 32 10825 31 10906 31 10953 31 11035 29 11081 30 11164 28 11210 28 11293 26 11338 27 11422 25 11467 25 11551 23 11596 23 11680 21 11725 21 11810 17 11854 19 11940 13 11983 16 12074 1 12114 10,5040 9 5166 13 5293 20 5419 23 5546 16 5565 6 5673 16 5693 8 5801 16 5821 9 5928 31 6055 32 6183 33 6311 34 6438 35 6566 35 6693 37 6821 37 6949 13 6963 23 7077 10 7092 22 7205 10 7221 21 7333 10 7349 10 7362 8 7461 11 7476 13 7490 7 7589 36 7717 39 7845 40 7973 40 8102 36 8231 33 8360 32 8489 30 8619 27 8750 23 8775 1 8880 20 8903 3 9008 18 9032 3 9135 16 9261 13 9387 14 9513 17 9641 17 9769 5 9777 10 9906 9 10034 9 10162 9 10291 7 10421 4,,,9151 3 9274 8 9402 7,,3504 19 3529 3 3628 36 3751 42 3875 23 4001 10 4021 4 4128 6 4255 6 4383 2 5268 3 5395 3 5522 3 5650 2 5736 2 5777 2 5865 2 5905 1 5993 2 6122 2 6250 3 6379 2 6414 1 6507 3 6541 2 6636 2 6669 2 6765 1 6797 2 6925 2 7053 1 7534 2 7661 3 7694 1 7789 4 7822 2 7917 4 7949 3 8046 2 8078 2 8174 2 8206 3 8334 3 8463 1 8942 2 9070 2 9197 3 9325 3 9453 3 9491 1 9581 2 9619 2 9662 7 9709 2 9747 2 9789 10 9875 3 9916 11 10003 4 10044 11 10132 3 10171 12 10261 2 10299 12 10389 2 10427 12 10518 1 10555 12 10683 12 10811 12 10857 1 10939 12 10984 2 11066 13 11111 2 11194 14 11238 3 11322 14 11365 3 11450 14 11493 3 11578 14 11620 3 11706 15 11747 3 11834 16 11874 3 11936 1 11956 4 11963 17 12001 3 12064 7 12081 8 12093 6 12107 4 12129 2 12193 23 12222 4 12236 5 12323 16 12351 3 12366 6 12453 11 12479 2 12496 4 12607 2 12735 2,10864 2 10991 3 11118 4 11246 3 11374 1 12217 5 12227 7 12342 9 12354 10 12467 12 12481 12 12594 13 12610 12 12722 13 12738 12 12853 9 12867 9 12987 1
gap_b13a3fc5ca3147bcd1,4381 3 4448 2 4508 4 4577 1 4635 5 4763 5 4890 6 5017 7 5144 8 5271 9 5399 9 5526 11 5654 11 5781 13 5909 14 6037 15 6165 16 6292 18 6420 20 6548 21 6676 22 6804 23 6931 25 7059 25 7187 26 7315 27 7442 29 7570 30 7698 31 7826 32 7955 32 8083 33 8127 4 8211 34 8255 5 8339 34 8382 7 8467 34 8510 8 8595 34 8638 9 8723 33 8766 9 8852 31 8895 9 8980 31 9023 9 9108 30 9151 10 9237 29 9280 9 9365 28 9409 9 9493 28 9539 8 9622 27 9668 8 9750 27 9798 7 9879 26 9926 8 10007 26 10055 8 10093 3 10135 26 10183 9 10220 4 10264 26 10311 10 10347 4 10393 25 10439 12 10474 5 10521 26 10567 14 10601 6 10649 27 10696 15 10727 7 10778 26 10824 19 10852 9 10907 26 10952 37 11036 25 11080 36 11164 24 11208 35 11293 23 11337 33 11423 20 11465 33 11552 19 11593 31 11682 16 11721 30 11812 12 11850 28 11941 10 11979 26 12108 24 12237 22 12366 19 12495 16 12625 11,4397 3 4525 3 4652 3 4781 2 4909 1 6189 5 6316 10 6444 10 6572 10 6700 11 6829 10 6957 11 7086 10 7215 8 7239 2 7344 7 7365 5 7473 6 7490 9 7602 5 7618 10 7731 3 7746 12 7875 12 8004 12 8133 11 8261 12 8390 11 8519 10 8647 9 8758 4 8776 8 8884 7 8904 7 9011 9 9033 6 9139 9 9161 6 9266 10 9290 5 9394 10 9419 4 9522 9 9548 3 9650 9 9677 1 9779 7 9907 6 10037 2,3392 3 3520 5 3649 5 3777 6 3903 9 4029 11 4156 10 4283 9 4293 1 4410 3 4414 4 4422 8 4543 20 4671 21 4799 22 4926 23 5053 25 5181 25 5308 26 5436 27 5564 30 5692 33 5727 2 5820 38 5859 1 5948 38 6076 38 6204 40 6332 42 6461 42 6590 42 6719 43 6847 44 6976 44 7105 44 7235 4 7241 36 7363 2 7370 36 7499 35 7628 35 7758 33 7887 32 8016 32 8144 32 8273 31 8401 31 8529 31 8656 33 8784 33 8911 34 9039 34 9167 34 9295 34 9423 33 9551 33 9678 33 9806 33 9935 31 10064 29 10193 27 10322 25 10451 22 10582 17 10712 12,,3384 8 3511 9 3638 11 3765 12 3893 10 3930 3 4021 8 4057 5 4150 6 4185 6 4279 4 4313 8 4400 1 4409 1 4441 7 4528 1 4570 7 4655 3 4698 7 4783 4 4827 6 4910 7 4956 5 5038 8 5085 4 5214 3 5343 2 5729 2 5858 1 5986 2 7994 1 8121 3 8249 4 8378 3,,2601 5 2727 10 2852 13 2979 14 3105 14 3164 1 3232 13 3292 5 3359 11 3422 7 3486 9 3551 8 3613 5 3680 8 3741 4 3808 9 3868 4 3937 9 3995 4 4067 8 4122 5 4198 5 4249 5 4327 5 4377 4 4456 4 4504 4 4585 4 4632 3 4713 4 4759 4 4841 5 4887 3 4970 4 5015 2 5099 3 5143 1 5227 3 5356 3 5484 3 5613 2 5741 3 5869 3 5998 2 6419 1 6546 2 6673 3 6801 3 6929 2 7057 2 7185 2 7313 2 7922 1 8049 2 8177 2 8305 3 8433 3 8561 3 8689 3 8817 2 8850 1 8945 2 8978 1 9073 2 9106 2 9201 2 9234 3 9329 2 9363 2 9491 2 9619 3 9748 2 9789 7 9877 2 9915 10 10005 2 10040 14 10134 1 10167 15 10262 2 10295 15 10391 2 10423 15 10520 1 10552 14 10680 14 10809 13 10937 13 11066 11 11194 11 11322 11 11450 10 11498 1 11578 10 11624 3 11705 11 11751 3 11831 14 11878 3 11958 16 12005 4 12071 7 12086 3 12094 1 12099 6 12132 4 12197 10 12214 3 12227 7 12259 4 12325 9 12349 2 12357 8 12385 5 12455 6 12477 3 12491 4 12512 4 12605 3 12620 4 12639 3 12733 2 12749 3 12766 3,12209 5 12217 4 12225 2 12335 14 12352 5 12463 14 12480 9 12590 14 12608 11 12717 15 12737 11 12846 12 12865 12 12978 4 12995 10 13126 7
gap_314ec160c918757099,11111 1 11238 2 11344 3 11360 6 11473 19 11603 16 11733 13 11865 6,5557 2 5685 3 5812 4 5940 4 6068 4 6080 3 6196 3 6207 4 6325 2 6335 3 6464 1 6706 3 6834 3 6841 4 6961 4 6969 4 7089 5 7097 6 7217 5 7226 5 7237 7 7345 4 7353 7 7365 8 7474 3 7481 8 7492 9 7603 1 7609 8 7621 8 7737 8 7751 3 7866 6 7995 3,5783 2 5909 5 6036 7 6163 8 6290 9 6418 9 6546 9 6674 9 6802 9 6930 9 7058 10 7143 8 7186 10 7202 2 7269 11 7314 11 7329 3 7395 14 7441 12 7457 3 7521 16 7569 12 7584 1 7649 16 7697 13 7711 1 7776 17 7825 15 7903 18 7954 14 8029 20 8082 14 8157 20 8210 14 8284 21 8338 15 8411 23 8466 15 8538 24 8595 15 8665 24 8723 15 8793 24 8851 16 8921 24 8979 16 9046 1 9048 25 9107 15 9174 26 9235 15 9301 27 9363 15 9429 27 9491 14 9558 25 9620 13 9686 25 9748 12 9814 24 9876 11 9942 23 10005 10 10070 22 10134 8 10198 21 10263 7 10327 20 10393 4 10455 19 10584 17 10712 15 10841 14 10970 11 11101 7,8231 3 8358 5 8486 5 8528 4 8613 5 8654 7 8741 4 8782 8 8870 3 8909 9 9037 9 9165 9 9293 8 9421 8 9550 6 9678 5,2366 6 2488 18 2610 25 2736 29 2858 41 2985 44 3112 48 3240 27 3269 21 3368 24 3404 16 3497 21 3533 18 3626 7 3635 5 3662 18 3746 2 3790 19 3871 6 3919 18 3999 6 4047 2 4051 16 4126 7 4181 16 4254 6 4298 1 4312 14 4382 6 4443 12 4510 6 4575 8 4638 6 4703 8 4766 5 4787 5 4832 7 4894 5 4912 9 4961 6 5022 4 5039 9 5089 6 5150 3 5166 9 5219 3 5279 2 5294 8 5318 4 5422 5 5445 6 5454 3 5476 2 5550 4 5563 6 5573 6 5582 3 5604 5 5676 6 5691 7 5701 6 5729 9 5741 2 5803 7 5820 7 5829 5 5856 12 5869 2 5929 10 5952 3 5957 5 5983 15 6056 10 6086 4 6111 15 6184 10 6214 5 6239 16 6311 10 6342 7 6359 2 6366 18 6433 1 6439 10 6470 11 6485 6 6493 19 6567 8 6599 11 6612 28 6695 7 6729 39 6823 5 6858 38 6951 3 6987 19 7007 16 7076 4 7115 18 7136 6 7204 4 7244 1 7254 5 7332 3 7460 3,,4592 1 5649 2 5776 3 5904 2 6032 2 6160 1 6288 1 6416 1 6543 2 6671 2 6799 2 6900 1 7028 1 7156 1 7284 1 7412 1 7540 2 7668 1 8179 2 8249 7 8307 2 8375 10 8435 2 8502 12 8563 1 8630 13 8691 1 8758 14 8818 2 8885 15 8946 2 9013 15 9074 2 9141 16 9202 2 9268 17 9329 3 9396 17 9457 2 9525 16 9585 2 9653 17 9713 1 9782 14 9797 2 9911 13 9925 2 10003 2 10039 13 10053 2 10132 1 10167 16 10260 1 10295 15 10423 16 10546 3 10550 17 10674 3 10678 5 10685 10 10807 2 10815 3 10821 2 10943 2 11040 1 11168 3 11323 2 11451 2 11579 2 11597 3 11725 3 11871 3 11998 4 12125 3,9651 1 9778 3 9906 3 10034 3 10163 2 11053 17 11176 23 11203 5 11302 21 11327 11 11429 21 11455 12 11557 21 11583 13 11685 21 11711 13 11813 20 11839 14 11942 19 11968 14 12071 17 12096 20 12200 15 12225 20 12330 10 12354 19 12461 3 12483 18 12614 13
gap_86830845f0ef763b00,5200 9 5294 7 5326 13 5420 14 5452 17 5546 19 5578 20 5673 21 5700 27 5800 22 5827 29 5927 23 5956 29 6053 24 6085 29 6180 25 6214 29 6307 25 6344 28 6435 24 6473 27 6562 25 6602 27 6689 25 6731 26 6817 24 6860 25 6944 24 6989 25 7072 24 7117 25 7199 24 7246 24 7327 24 7375 24 7454 25 7504 23 7582 24 7632 23 7710 23 7760 23 7838 23 7888 23 7966 22 8016 23 8094 21 8144 24 8221 22 8272 24 8349 22 8402 22 8477 22 8532 20 8605 22 8660 20 8734 21 8788 20 8862 21 8900 6 8910 3 8914 22 8990 21 9024 40 9119 20 9151 41 9247 20 9279 5 9287 33 9375 20 9409 1 9416 31 9503 20 9544 31 9631 20 9672 31 9760 25 9801 30 9888 25 9929 29 10016 25 10058 28 10145 24 10187 27 10273 24 10315 26 10402 23 10444 25 10531 23 10572 24 10659 24 10700 23 10788 25 10828 23 10917 24 10956 22 11046 23 11084 21 11174 23 11213 19 11304 20 11341 18 11433 18 11470 16 11562 16 11599 14 11692 12 11728 12 11823 6 11857 10 11988 5,6468 3 6594 6 6721 8 6849 8 6970 3 6976 9 7097 17 7224 18 7352 22 7479 24 7607 25 7736 15 7753 7 7864 8 7874 4 7881 6 7992 7 8010 4 8120 7 8138 3 8248 7 8267 1 8374 9 8395 1 8501 10 8522 4 8629 10 8651 3 8757 10 8885 10 9012 10 9140 10 9267 9 9395 9 9524 11 9653 11 9785 8 9913 8 10041 8 10169 8 10297 8 10425 8 10554 6 10683 4,,,9284 2 9407 2 9410 6 9535 9 9664 8 9793 5 9921 3,,4917 3 4941 6 5043 31 5171 29 5301 25 5434 18 5574 4 6051 2 6178 2 6243 1 6305 2 6372 1 6432 3 6501 1 6560 2 6629 2 6687 2 6757 2 6815 2 6885 2 6942 2 7014 2 7070 2 7142 2 7198 1 7271 1 7399 2 7527 2 7655 2 7783 2 7911 3 8039 3 8168 2 8296 2 8424 2 8552 2 8681 1 8732 1 8860 1 8988 2 9116 3 9244 3 9372 3 9501 2 9629 2 9758 2 10053 4 10180 6 10306 9 10433 10 10561 10 10597 1 10688 11 10723 3 10816 11 10851 3 10944 11 10978 3 11072 10 11105 4 11201 9 11233 4 11328 10 11361 2 11429 2 11456 10 11558 4 11583 12 11687 5 11708 15 11817 5 11833 21 11945 8 11959 8 11971 4 11977 10 12075 9 12091 3 12100 2 12107 13 12228 1 12236 13 12356 1 12372 3 12484 1 12612 1,9585 1 9712 3 9839 4 9967 4 10094 4 10222 3 10348 4 10390 1 10475 4 10517 4 10603 3 10645 5 10730 3 10774 5 10857 3 10903 5 10985 2 11033 5 11111 4 11162 5 11239 2 11292 4 11366 2 11421 4 11551 3 11680 3 11809 3 11967 3 12094 5 12103 4 12218 10 12230 6 12344 12 12358 8 12472 12 12486 9 12607 4 12615 8 12744 4
gap_fe74509c2f76a92c44,,6465 4 6592 5 6600 5 6720 5 6727 7 6849 4 6855 7 6977 3 6984 6 7113 4,4441 2 4568 6 4696 7 4823 9 4951 11 5078 13 5205 15 5333 16 5461 17 5536 1 5589 17 5663 1 5717 18 5790 2 5845 18 5918 2 5973 18 6045 2 6101 18 6173 1 6230 18 6301 1 6358 18 6429 1 6487 17 6616 17 6745 16 6873 16 7001 16 7130 15 7260 13 7390 11 7514 1 7518 11 7643 13 7772 11 7901 3 7907 2 8029 2 8036 1 8158 1 8164 1 8864 2 8992 2 9120 2 9249 1,7123 1 7129 1 7257 3 7385 5 7515 3 7904 3 7979 5 7988 4 8019 5 8031 5 8106 7 8115 5 8147 6 8159 5 8234 7 8242 7 8275 7 8286 7 8361 8 8370 7 8403 7 8413 8 8489 8 8498 7 8531 18 8616 17 8659 18 8740 1 8742 18 8788 16 8867 21 8916 16 8994 21 9045 14 9122 20 9173 14 9250 19 9302 12 9378 18 9431 9 9507 5 9520 3 9560 6 9637 3 9650 1 9689 3 9777 3,3644 13 3767 25 3893 31 4018 36 4143 41 4270 42 4396 45 4519 49 4645 34 4681 15 4773 34 4809 14 4900 24 4927 8 4937 14 5028 24 5056 22 5155 24 5185 20 5283 24 5313 20 5410 24 5439 22 5537 26 5567 22 5664 53 5792 53 5920 30 5954 19 6047 31 6083 18 6174 31 6213 17 6302 31 6343 15 6430 30 6471 15 6557 30 6605 3 6609 4 6685 29 6734 1 6813 29 6943 27 7071 27 7124 1 7200 26 7251 2 7328 26 7454 28 7582 20 7604 5 7709 18 7837 13 7965 11 8093 10 8222 8 8350 8 8479 6 8607 6 8736 4 8866 1,,7234 3 7360 8 7487 12 7614 14 7742 15 7870 15 7998 15 8126 15 8254 15 8383 14 8511 13 8639 13 8767 13 8895 13 9023 14 9150 18 9278 20 9405 18 9533 17 9661 16 9789 12 9917 3 9923 5 10052 3 10180 3 10308 3 10436 3 10564 3 10692 3 10820 3 10948 2,7630 2 7758 3 7886 3 8013 5 8121 3 8141 5 8249 3 8269 6 8377 3 8397 6 8505 3 8525 6 8633 3 8654 5 8760 4 8782 5 8888 4 8911 3 9015 5 9145 2 9807 2 9930 8 10040 3 10057 10 10167 5 10175 3 10185 12 10293 14 10313 14 10419 16 10441 15 10546 16 10569 16 10673 17 10697 17 10800 18 10825 17 10928 18 10953 17 11056 18 11080 18 11184 17 11209 16 11313 16 11337 13 11442 14 11467 9 11573 10 11596 6 11704 5
gap_17d8261a7af74c8c61,4402 7 4526 15 4651 23 4685 5 4778 25 4807 17 4904 27 4934 20 5031 28 5062 22 5158 28 5191 22 5285 28 5319 24 5412 28 5448 24 5539 28 5577 24 5666 28 5706 24 5794 27 5834 25 5921 27 5963 24 6048 28 6091 25 6176 27 6219 26 6303 27 6347 26 6431 27 6475 26 6558 27 6603 27 6686 27 6731 27 6813 28 6859 28 6941 28 6987 28 7068 29 7115 28 7195 30 7242 29 7323 30 7370 30 7450 31 7498 30 7578 24 7626 30 7706 23 7754 30 7834 23 7873 4 7883 29 7962 23 8000 5 8014 26 8090 24 8128 6 8143 25 8217 27 8256 5 8266 2 8271 25 8345 28 8384 5 8393 4 8400 24 8473 29 8513 5 8519 8 8528 24 8601 32 8642 38 8729 32 8770 38 8858 31 8898 38 8986 30 9026 37 9114 30 9153 38 9242 29 9282 37 9371 27 9410 37 9499 27 9539 35 9627 27 9669 33 9755 27 9797 33 9884 26 9926 31 10012 27 10055 30 10141 26 10183 30 10269 28 10312 28 10398 28 10440 27 10526 29 10568 27 10655 27 10697 25 10784 26 10825 24 10912 25 10954 23 11041 23 11083 21 11170 22 11212 19 11299 20 11341 17 11428 18 11470 15 11558 14 11599 13 11687 12 11729 9 11818 6,5441 6 5568 9 5695 11 5822 12 5949 14 6077 14 6205 14 6333 14 6461 14 6589 13 6717 13 6846 12 6976 11 7110 4 7239 3 7367 2 7483 2 7610 3 7732 1 7736 5 7858 12 7986 11 8117 8 8247 6 8376 4 8892 2 9018 5 9144 7 9271 8 9398 8 9526 9 9654 9 9782 9 9910 8 10039 7 10167 6 10297 2,,,8637 5 8765 5 8894 4 9023 3,,4025 7 4146 21 4269 29 4395 5 4410 19 4523 3 4541 17 4676 3 4681 1 6557 1 6683 3 6759 1 6811 2 6887 1 6938 3 7015 2 7066 2 7143 2 7194 1 7271 2 7322 1 7400 1 8727 2 8855 3 8936 2 8983 3 9063 3 9111 3 9191 3 9240 2 9319 3 9368 3 9406 1 9447 3 9497 2 9535 1 9574 3 9625 2 9663 4 9702 3 9791 6 9830 2 9918 7 10046 8 10173 10 10301 10 10429 10 10557 10 10685 10 10782 1 10812 11 10910 2 10940 11 11039 2 11068 12 11105 1 11167 3 11196 12 11232 2 11296 3 11323 14 11359 3 11424 4 11449 19 11486 4 11553 5 11575 23 11612 5 11682 5 11701 27 11738 6 11811 7 11827 9 11840 4 11849 21 11940 23 11969 2 11980 17 12071 11 12097 2 12112 11 12201 6,9710 3 9746 3 9836 5 9874 3 9964 5 10002 4 10091 4 10130 5 10219 3 10260 3 10346 3 10389 2 10473 3 10518 1 10601 2 10647 1 10728 3 10775 2 10855 3 10903 2 10983 3 11032 2 11111 2 11161 2 11290 1 11836 3 11845 4 11963 5 11971 8 12088 9 12099 10 12214 11 12227 11 12342 11 12355 11 12472 1 12474 6 12484 9
gap_8a969495d760787b53,4948 3 5072 10 5163 7 5198 14 5288 13 5324 17 5414 19 5450 21 5541 20 5578 22 5668 21 5706 23 5795 22 5835 24 5922 23 5964 25 6049 24 6092 26 6176 25 6220 27 6303 25 6348 28 6431 25 6475 29 6558 26 6602 30 6685 26 6723 38 6813 26 6850 39 6940 27 6978 39 7068 27 7106 39 7196 26 7233 40 7324 26 7361 40 7452 26 7489 39 7580 25 7617 39 7708 25 7745 38 7836 25 7874 37 7964 25 8003 36 8093 23 8132 35 8221 22 8261 33 8349 22 8390 32 8477 22 8519 30 8606 21 8647 30 8734 21 8776 29 8863 20 8904 28 8992 19 9032 28 9120 20 9161 26 9249 20 9289 26 9378 21 9417 25 9507 22 9546 23 9635 22 9674 23 9764 21 9803 21 9893 19 9931 20 10023 17 10060 18 10152 15 10189 16 10282 11 10318 13 10412 8 10447 10 10577 6,5185 1 5311 5 5438 7 5566 7 5694 7 5822 7 5831 3 5951 5 5957 7 6085 7 6202 6 6213 7 6329 7 6341 7 6457 8 6470 5 6584 9 6712 9 6839 10 6967 10 7095 10 7223 9 7351 9 7479 8 7606 9 7734 7 7861 7 7989 6 8116 7 8243 9 8371 10 8499 10 8627 10 8755 10 8883 9 9012 7 9140 7 9270 3,,,7872 2 8000 2,,4405 2 4412 1 4415 1 4530 17 4552 6 4656 19 4679 10 4782 22 4807 11 4909 17 4931 15 5037 12 5061 11 5084 1 5171 5 5194 3 5213 2 5284 3 5341 3 5411 3 5471 2 5538 3 5665 3 5793 2 5920 2 6119 2 6247 2 6376 1 6761 1 6889 2 6939 1 7017 2 7145 2 7273 1 8167 1 8294 3 8347 2 8384 5 8422 2 8475 2 8511 7 8549 3 8603 3 8639 8 8677 3 8732 2 8766 9 8805 2 8861 1 8893 10 8933 2 9021 10 9149 10 9277 10 9404 11 9504 3 9532 11 9633 2 9660 11 9761 3 9788 12 9890 3 9916 13 10019 3 10042 16 10170 16 10297 4 10305 4 10312 2 10425 2 10433 2 10562 1,8978 5 9106 6 9235 6 9323 4 9366 3 9450 5 9495 2 9578 4 9624 2 9705 3 9752 3 9881 3 10009 4 10138 3 10267 3 10301 2 10341 3 10397 2 10427 6 10436 5 10468 3 10527 1 10552 9 10564 6 10594 4 10678 12 10691 9 10721 4 10805 13 10819 10 10846 5 10933 12 10947 11 10973 4 11045 4 11062 11 11076 9 11099 4 11173 5 11191 8 11206 5 11226 2 11301 7 11351 4 11430 7 11478 4 11562 3
gap_c10e639d83e6cbcd95,,7376 1 7503 2 7604 2 7631 2 7732 3 7758 3 7860 3 7886 3 7988 3 8014 3 8116 3 8143 2 8245 2 8373 1 8379 1,,,5568 6 5686 31 5812 34 5935 40 6062 42 6190 42 6318 23 6342 18 6447 18 6467 21 6575 18 6595 20 6704 38 6835 33 6965 6 6972 22 7094 4 7101 20 7229 19 7358 18 7483 20 7611 7 7620 11 7738 9 7748 10 7866 20 7995 19 8124 19 8255 16 8385 13 8513 12 8642 9 8769 11 8896 9 9024 4,,8505 4 8632 5 8758 8 8886 8 9014 8 9023 1 9142 9 9270 10 9399 10 9527 10 9655 11 9667 2 9783 15 9912 15 10041 14 10170 14 10298 19 10426 18 10554 17 10682 19 10810 21 10938 21 11065 21 11194 15 11328 7 11457 5,5349 2 5477 3 5532 3 5604 6 5659 4 5732 7 5787 4 5860 9 5915 4 5988 10 6042 5 6116 11 6169 6 6236 3 6245 10 6296 7 6362 7 6373 10 6422 9 6489 10 6503 7 6550 8 6564 3 6569 3 6616 12 6632 5 6678 8 6690 5 6697 6 6743 14 6761 4 6807 6 6817 16 6870 16 6944 18 6997 18 7071 20 7123 21 7198 22 7250 22 7326 22 7377 24 7453 24 7505 24 7581 23 7633 24 7709 23 7761 24 7837 23 7889 24 7965 23 8017 24 8092 24 8147 23 8220 25 8275 23 8348 24 8403 22 8476 23 8531 22 8604 23 8659 22 8733 22 8787 22 8861 22 8914 22 8989 22 9042 22 9118 21 9170 21 9247 20 9298 21 9375 20 9426 20 9504 15 9553 20 9633 15 9681 19 9763 13 9782 1 9810 16 9892 14 9908 4 9941 11 10023 18 10069 8 10153 17 10196 7 10284 14 10323 6 10414 12 10450 5 10543 11 10577 4 10673 9 10705 3 10803 5 10833 1 10933 2
gap_630fc1bdda4e012a83,,7491 2 7498 1 7618 5 7625 5 7746 6 7753 7 7874 6 7881 7 8003 4 8011 5 8131 3 8139 4,4042 4 4053 8 4170 6 4179 12 4300 5 4307 15 4435 17 4564 17 4693 18 4821 19 4950 19 5079 19 5209 19 5338 19 5467 18 5596 18 5724 19 5853 19 5981 8 5990 11 6109 20 6237 21 6366 21 6496 19 6625 19 6754 19 6882 19 7009 20 7137 21 7265 21 7393 21 7521 21 7649 21 7778 20 7907 19 8035 19 8164 18 8293 16 8422 15 8551 14 8680 13 8809 12 8938 10 9066 10 9195 8 9324 7 9453 4,8027 6 8154 8 8281 11 8359 4 8409 13 8484 10 8500 1 8537 14 8610 13 8627 1 8665 15 8737 14 8755 1 8794 15 8864 15 8917 2 8923 15 8991 17 9045 2 9052 14 9118 18 9172 3 9179 16 9246 20 9300 3 9306 17 9373 21 9428 23 9501 21 9556 23 9630 20 9685 22 9759 16 9814 21 9887 16 9944 18 10016 14 10074 15 10145 11 10203 13 10275 7 10332 10 10406 2 10461 8,4016 6 4035 5 4140 13 4162 8 4266 16 4289 11 4387 24 4417 18 4513 26 4545 19 4638 28 4673 20 4765 29 4801 20 4892 29 4929 21 5019 30 5057 22 5146 31 5185 24 5274 32 5313 25 5401 33 5442 25 5528 35 5571 25 5656 35 5704 20 5783 37 5833 20 5910 38 5962 19 6037 39 6091 18 6164 39 6211 4 6219 18 6291 39 6337 14 6352 14 6419 28 6450 7 6464 13 6481 15 6547 27 6579 4 6592 13 6609 16 6675 25 6720 14 6738 16 6803 23 6848 15 6867 15 6931 21 6959 13 6976 16 6996 13 7059 20 7086 16 7103 18 7124 13 7187 20 7211 25 7241 9 7253 12 7315 20 7338 25 7370 8 7382 11 7443 46 7499 8 7511 10 7571 44 7630 5 7639 9 7703 39 7760 3 7769 6 7833 27 7888 3 7898 4 7962 24 8091 22 8213 1 8220 13 8340 4 8349 10 8468 4 8480 4 8597 4 8725 4 8854 3 8982 3,,8515 6 8640 11 8768 12 8895 13 9023 14 9151 14 9279 14 9407 14 9535 14 9663 14 9791 14 9919 13 10046 14 10172 16 10298 19 10428 8 10438 7 10557 6 10566 7 10575 2 10686 4 10694 6 10704 1 10825 2 11203 2 11330 3 11458 3 11586 3 11714 3 11843 1,8375 5 8501 8 8628 9 8654 6 8756 9 8782 8 8883 10 8910 7 9010 11 9038 7 9138 11 9166 6 9266 11 9294 6 9394 11 9422 6 9522 11 9550 6 9650 11 9678 7 9778 11 9805 9 9906 10 9933 10 10035 6 10062 8 10191 7 10679 5 10804 10 10928 17 10956 15 11056 17 11078 21 11183 19 11206 21 11311 19 11333 22 11439 19 11461 22 11567 19 11589 21 11695 19 11717 20 11823 19 11845 20 11952 17 11973 19 12081 16 12101 18 12210 14 12231 14 12347 3 12361 2 12365 6
gap_c5b9100bcd0dd7827a,,,,,,,4289 1 4416 3 4545 2 4916 2 4940 3 5043 4 5068 3 5172 4 5195 4 5300 4 5323 4 5429 4 5450 3 5558 4 5577 4 5685 9 5705 5 5813 10 5835 3 5939 4 5947 4 5957 1 5965 3 6067 3 6076 3 6084 1 6093 4 6195 2 6212 1 6222 3 6322 3 6350 3 6449 3 6479 3 6577 3 6607 3 6705 2 6735 4 6833 2 6864 3 6960 3 6993 2 7088 3 7121 2 7215 3 7249 2 7343 3 7377 2 7471 3 7505 2 7599 3 7633 2 7727 3 7761 2 7855 3 7889 2 7983 3 8017 2 8112 3 8145 2 8240 3 8272 3 8368 3 8399 3 8497 2 8527 3 8625 3 8654 3 8753 4 8781 4 8882 3 8909 4 9011 2 9037 3 9139 3 9164 3 9268 3 9291 3 9397 3 9418 3 9525 5 9544 4 9654 5 9664 4 9670 5 9784 18 9913 16 10044 9,
gap_8bc97414bdeccc108e,,,,,,,4286 9 4409 1 4414 12 4535 4 4546 10 4662 5 4679 6 4789 6 4808 6 4917 4 4938 5 5044 4 5067 4 5172 3 5196 4 5299 4 5325 3 5427 3 5453 4 5555 2 5582 3 5683 2 5711 2 5811 2 5839 3 5938 3 5967 3 6066 3 6095 3 6194 3 6223 3 6321 4 6352 3 6449 3 6480 3 6577 3 6608 3 6705 3 6736 3 6832 3 6864 3 6960 3 6993 2 7088 3 7121 2 7216 3 7249 2 7344 3 7377 3 7471 4 7505 3 7599 4 7633 2 7728 3 7761 2 7856 3 7889 2 7984 3 8017 2 8112 3 8145 2 8241 2 8272 3 8369 3 8400 2 8497 3 8527 3 8625 4 8655 2 8754 3 8782 3 8882 4 8909 3 9011 4 9037 3 9139 5 9164 3 9268 5 9290 4 9397 6 9416 5 9526 22 9656 19 9786 15 9916 11,
gap_581a4d28395da83fd2,,5410 4 5537 6 5665 7 5673 2 5721 4 5794 8 5848 5 5926 3 5976 4 6102 6 6227 6 6354 6 6482 4 6609 4 6737 3 6865 2 6993 2 7122 1,,,5563 4 5688 9 5701 3 5815 11 5827 11 5943 25 6072 24 6200 2 6207 14 6336 9 6465 7 6594 6 6722 6 6852 4 7498 3 7626 4 7733 3 7754 5 7857 7 7882 5 7985 7 8010 5 8114 6 8138 5 8266 6 8395 6 8501 6 8526 3 8629 6 8757 7 8771 2 8885 10 8897 8 9013 21 9140 23 9268 23 9395 24 9523 23 9651 21 9782 9 9912 4 10430 3 10556 9 10683 11 10811 11 10939 11 11067 10 11196 8,6586 8 6713 9 6841 11 6970 15 7099 14 7233 9 7363 8 7492 6 7620 6 7748 6 7877 5 8005 5 8132 6 8253 8 8263 3 8379 10 8507 10 8635 9 8764 7 8895 2,11580 6 11707 8 11835 3 11840 3 11963 2 11969 2,5147 1 5274 4 5402 5 5473 7 5529 7 5600 9 5654 11 5727 10 5782 12 5853 12 5910 12 5980 12 6039 12 6055 1 6108 12 6174 1 6176 7 6236 12 6304 8 6360 1 6364 12 6382 1 6429 12 6486 2 6491 8 6509 5 6515 2 6554 15 6613 14 6637 10 6679 18 6743 12 6765 11 6806 20 6871 13 6893 12 6933 21 6998 15 7022 11 7060 21 7126 16 7153 9 7182 3 7188 21 7227 6 7254 17 7281 9 7310 3 7315 22 7354 8 7383 16 7409 10 7428 1 7433 2 7437 27 7482 9 7511 17 7538 9 7556 1 7560 4 7565 27 7610 9 7639 23 7666 9 7684 1 7687 5 7694 26 7739 7 7767 24 7795 8 7812 1 7814 6 7823 24 7896 23 7923 8 7940 7 7952 23 8024 23 8051 8 8067 8 8082 21 8152 22 8179 8 8195 8 8213 18 8280 21 8307 7 8323 8 8343 16 8408 15 8424 3 8434 8 8452 7 8474 13 8536 14 8561 9 8580 10 8603 12 8664 13 8687 11 8708 14 8732 11 8792 12 8814 12 8837 15 8861 10 8920 11 8941 12 8966 16 8991 9 9047 11 9069 12 9095 18 9120 8 9175 10 9195 14 9224 19 9250 7 9303 8 9319 17 9352 21 9380 5 9431 5 9445 19 9481 21 9510 2 9571 20 9611 21 9697 21 9742 20 9821 23 9872 20 9947 24 10004 18 10073 23 10135 18 10199 22 10266 18 10326 17 10396 16 10452 17 10526 15 10578 16 10656 14 10705 15 10785 15 10832 13 10915 14 10959 12 11045 13 11085 12 11175 13 11211 13 11305 12 11337 13 11435 12 11463 13 11566 10 11590 12 11696 8 11718 11 11827 5 11846 8 11957 2 11975 3
gap_56be907e2b759e0f8c,,5826 5 5953 8 6080 13 6208 14 6336 14 6463 17 6592 16 6727 6 6842 3 6855 6 6969 4 6977 4 6985 3 7096 5 7104 5 7114 2 7223 5 7231 7 7242 3 7351 4 7359 8 7369 5 7478 3 7487 8 7497 5 7606 1 7615 8 7625 5 7744 5 7753 6 7873 3 7881 6 8010 5 8139 3,4442 2 4569 5 4697 14 4824 16 4952 16 5079 17 5207 18 5335 18 5462 19 5590 19 5718 20 5846 20 5973 22 6101 22 6225 26 6352 28 6480 28 6608 29 6736 29 6864 29 6992 29 7120 29 7248 29 7375 30 7502 32 7578 5 7630 32 7705 9 7759 31 7833 10 7845 3 7887 31 7961 17 8015 31 8089 15 8142 31 8217 13 8270 31 8345 13 8398 31 8473 13 8527 30 8602 15 8655 30 8730 14 8783 29 8859 13 8911 29 8987 13 9039 28 9116 12 9168 27 9245 11 9296 26 9373 11 9424 26 9502 10 9553 24 9631 9 9681 24 9760 8 9810 22 9889 6 9938 22 10067 20 10196 17 10325 14 10455 10,8239 6 8269 1 8365 9 8490 13 8617 14 8744 15 8872 15 9000 15 9128 15 9256 15 9384 14 9512 14 9640 13 9768 12 9898 9 10027 5,3763 5 3888 11 4015 14 4048 6 4140 20 4175 9 4266 25 4303 10 4392 30 4431 10 4519 33 4559 10 4647 34 4687 10 4774 36 4815 9 4901 38 4944 8 5028 39 5072 7 5155 40 5201 6 5283 40 5329 6 5410 26 5457 5 5537 26 5585 5 5664 15 5680 10 5713 5 5791 15 5808 10 5841 5 5917 18 5936 10 5969 4 6045 17 6064 12 6097 4 6173 16 6192 13 6301 6 6308 8 6320 12 6429 14 6448 11 6557 14 6577 10 6685 14 6705 10 6814 13 6833 9 6942 13 6960 9 7070 13 7088 8 7201 9 7215 8 7331 6 7343 8 7471 7 7600 6 7730 3,,3753 2 3805 3 3935 5 4064 5 4131 3 4193 5 4258 3 4323 3 4385 3 4452 2 5148 1 5225 2 5275 2 5353 3 5402 3 5481 4 5530 3 5609 4 5658 3 5739 1 6297 1 6424 3 6509 1 6552 3 6637 2 6680 2 6765 2 6893 2 7959 2 7999 5 8087 2 8126 9 8173 2 8215 2 8253 11 8301 2 8344 1 8380 13 8429 2 8507 14 8557 2 8635 15 8685 1 8762 16 8890 16 9018 16 9146 15 9275 14 9403 14 9531 13 9660 12 9787 12 9915 12 10043 14 10172 12 10187 1 10302 9 10315 2 10431 6 10465 2 10560 3 10592 2 10689 1 10709 2 11201 1 11328 2,9143 1 9271 2 9291 1 9399 2 9418 3 9527 2 9546 3 9674 3 9803 2 10292 1 10416 13 10540 18 10564 11 10666 21 10691 15 10793 22 10819 17 10921 22 10947 19 11050 21 11075 21 11179 20 11203 22 11309 18 11331 21 11439 15 11459 20 11571 9 11588 17 11718 13
gap_f8cc6a1d4b6620b5e0,,,,,,,5693 4 5820 6 5947 8 6074 10 6201 12 6329 12 6457 13 6584 14 6712 10 6723 4 6839 11 6851 5 6965 20 7088 27 7215 31 7343 32 7474 23 7605 19 7735 15 7864 12 7994 10 8123 8 8252 6 8381 5 8395 1 8510 3 8638 3 8767 2,7073 3 7160 1 7173 3 7200 4 7284 7 7299 7 7327 5 7410 10 7426 10 7455 5 7534 15 7554 11 7582 6 7661 16 7681 16 7710 6 7788 17 7809 17 7831 3 7837 6 7916 18 7937 18 7959 12 8043 19 8065 18 8087 12 8118 4 8133 3 8158 3 8171 5 8177 12 8193 19 8216 10 8245 6 8260 5 8285 5 8299 18 8321 19 8344 10 8373 7 8387 6 8413 6 8427 18 8449 20 8471 9 8501 8 8515 6 8541 8 8555 17 8577 30 8629 8 8643 7 8669 9 8683 17 8705 28 8757 8 8771 7 8797 12 8812 15 8833 28 8885 8 8899 7 8926 11 8940 15 8961 28 9014 8 9027 7 9054 11 9069 13 9089 21 9142 8 9155 6 9183 5 9189 4 9197 13 9217 18 9271 7 9283 6 9312 4 9317 3 9326 10 9346 13 9399 7 9411 6 9441 6 9455 8 9476 10 9527 7 9539 6 9570 4 9583 5 9606 8 9656 5 9667 5 9698 3 9711 4 9736 5 9785 3 9796 3 9838 5 9865 5 9963 9 9992 7 10090 11 10120 8 10218 11 10248 10 10345 12 10376 11 10473 11 10505 11 10602 9 10634 11 10731 7 10767 6
gap_e78a866d1d6f3699ac,,7751 4 7872 11 7999 13 8127 13 8255 13 8383 12 8519 3,,7508 3 7634 7 7720 6 7760 11 7847 7 7888 12 7975 6 8015 14 8103 6 8143 15 8231 5 8242 1 8271 16 8358 6 8400 5 8407 9 8486 7 8528 4 8536 9 8614 7 8657 2 8664 9 8742 7 8793 9 8870 7 8921 9 8999 6 9045 13 9127 6 9172 14 9256 4 9300 14 9428 14 9556 13 9685 12 9813 10 9943 6,2878 7 3003 12 3129 16 3257 16 3385 16 3513 16 3542 3 3642 15 3669 6 3772 12 3796 8 3902 9 3925 8 3934 3 4031 7 4053 13 4181 14 4310 13 4414 5 4421 4 4439 4 4445 6 4540 18 4567 3 4573 6 4662 24 4702 5 4789 26 4831 6 4907 2 4917 26 4960 6 5033 6 5045 27 5088 7 5160 9 5174 8 5190 10 5215 9 5288 10 5302 7 5342 11 5416 11 5431 5 5469 14 5545 10 5559 4 5597 14 5674 16 5712 4 5722 18 5811 7 5839 29 5940 7 5953 4 5966 29 6068 18 6094 29 6196 18 6222 27 6324 18 6351 6 6360 16 6425 4 6452 9 6464 9 6489 14 6551 7 6571 3 6580 10 6593 10 6620 11 6678 9 6693 10 6709 12 6723 10 6805 10 6820 10 6838 12 6851 13 6933 10 6948 9 6966 28 7016 5 7061 11 7075 9 7095 27 7143 7 7189 10 7203 7 7224 25 7271 8 7317 10 7331 6 7357 9 7371 6 7399 8 7446 7 7460 3 7527 9 7655 10 7726 1 7783 10 7854 1 7911 10 7981 2 8040 8 8089 3 8109 1 8169 6 8216 5 8297 6 8344 6 8426 4 8472 7 8555 2 8600 8 8728 8 8856 8 8985 7 9113 6 9243 3,,8512 3 8637 7 8763 11 8890 14 9018 15 9145 17 9273 17 9401 18 9529 18 9657 17 9785 17 9913 16 10043 14 10172 13 10301 11 10429 11 10557 11 10685 12 10813 12 10941 12 11069 12 11200 9 11329 2 11457 2 11585 2 11712 3 11839 4 11968 3 12096 3,8630 2 8757 4 8884 5 9012 5 9036 2 9139 6 9163 4 9267 5 9291 5 9394 6 9419 6 9522 6 9547 6 9650 6 9675 7 9778 6 9803 7 9906 6 9931 7 10035 6 10059 6 10164 6 10187 6 10293 6 10315 5 10421 6 10443 4 10549 5 10571 4 10676 6 10699 6 10707 2 10800 10 10827 13 10923 15 10955 14 11050 17 11082 16 11177 20 11210 16 11305 22 11336 18 11433 23 11461 21 11561 23 11589 20 11689 22 11717 20 11818 21 11845 19 11947 19 11973 18 12076 17 12102 16 12205 15 12232 12
gap_5c3c5f53afe7e1bd61,,6335 5 6461 9 6588 11 6716 11 6843 12 6971 12 7099 12 7227 12 7355 12 7484 14 7614 8 7623 3 7751 4 7879 3,,6306 6 6431 11 6558 13 6685 15 6812 16 6940 9 6951 6 7067 8 7080 5 7195 8 7208 5 7255 8 7323 9 7336 5 7382 10 7451 9 7464 5 7509 12 7580 9 7591 6 7637 13 7708 17 7765 14 7837 16 7893 14 7965 15 8021 14 8094 13 8149 13 8223 11 8277 13 8353 8 8405 12 8534 10 8663 8 8792 5,2756 4 2881 9 3006 12 3131 15 3152 3 3257 17 3279 6 3369 8 3383 18 3407 7 3496 9 3510 14 3535 15 3623 11 3638 11 3663 17 3750 12 3766 11 3791 18 3877 14 3894 9 3920 22 4001 18 4023 6 4048 23 4127 14 4143 4 4152 4 4175 25 4254 13 4272 3 4303 15 4320 9 4381 9 4400 4 4432 14 4449 8 4508 9 4530 1 4560 15 4577 9 4635 10 4665 2 4694 10 4705 9 4763 11 4793 3 4804 1 4823 9 4833 11 4890 15 4931 3 4951 9 4961 12 5019 14 5060 2 5079 8 5089 12 5147 17 5208 7 5219 11 5275 20 5337 5 5351 8 5405 19 5459 3 5464 7 5479 9 5527 2 5537 16 5587 11 5607 10 5653 5 5666 16 5722 1 5735 10 5781 5 5795 16 5815 2 5863 11 5909 5 5928 18 5993 9 6037 4 6058 15 6124 7 6188 11 6224 4 6238 2 6252 7 6317 8 6351 6 6364 5 6382 5 6448 1 6478 7 6491 6 6513 2 6607 5 6619 7 6641 2 6736 2 6747 7 6876 8 7010 5 7138 6 7267 6 7282 1 7396 6 7410 1 7524 7 7538 1 7653 5 7665 3 7781 4 7792 4 7918 6 8045 6 8173 6 8301 6 8430 4,,7737 9 7864 12 7991 14 8118 16 8246 16 8374 17 8502 17 8630 17 8758 17 8886 17 9014 16 9142 16 9270 16 9397 17 9526 16 9654 16 9782 15 9911 13 10042 9 10170 6 10298 5 10328 2 10427 4 10451 3 10555 4 10578 3 10683 4 10811 4 10939 4 11067 3,7856 4 7983 6 8110 7 8237 8 8265 2 8364 9 8393 3 8491 11 8521 4 8619 10 8648 6 8746 11 8776 7 8874 11 8904 8 9003 9 9031 10 9132 8 9159 10 9261 6 9287 11 9377 3 9391 1 9415 11 9507 3 9543 10 9635 4 9671 10 9765 2 9773 3 9799 8 9899 9 9927 7 10026 12 10054 8 10154 15 10181 10 10283 14 10305 14 10326 2 10411 15 10432 15 10454 3 10540 14 10560 16 10581 2 10668 14 10687 17 10796 14 10815 16 10924 15 10943 15 11053 14 11071 15 11181 14 11199 14 11310 13 11327 14 11439 11 11455 13 11568 10 11583 12 11698 7 11711 11 11841 7
gap_fb33f485d41a1bd5d4,,6482 3 6609 4 6736 5 6864 6 6992 6 7120 3 7124 2 7248 3 7252 3 7380 3 7465 5 7508 3 7593 5 7636 3 7721 5 7850 3,,,5157 5 5284 7 5332 5 5412 7 5442 12 5458 8 5541 11 5566 29 5670 11 5692 31 5800 10 5818 33 5930 10 5943 36 6059 34 6098 8 6188 25 6227 5 6317 23 6355 2 6446 22 6574 22 6703 25 6832 25 6962 23 6991 1 7090 24 7119 1 7219 23 7347 24 7476 22 7604 22 7732 20 7860 9 7871 9 7988 21 8116 22 8244 23 8373 28 8501 29 8630 29 8758 29 8886 28 9014 13 9029 12 9143 10 9158 10 9272 6 9287 2 9292 3 9401 4 9415 1 9421 2 9520 4 9542 3 9549 1 9648 5 9670 4 9776 6 9789 3 9797 5 9904 7 9914 16 10032 26 10160 26 10289 25 10418 24 10547 23 10676 22 10805 22 10934 4 10942 7,7869 2,11442 26 11570 26 11698 26 11828 1 11833 13 11848 3 11962 4 11968 5,5015 4 5143 6 5271 7 5393 4 5400 7 5478 3 5517 8 5529 7 5604 6 5643 10 5657 9 5730 7 5770 12 5785 10 5857 8 5897 13 5912 13 5983 9 5996 7 6024 30 6110 11 6123 9 6151 32 6237 12 6251 11 6278 34 6364 27 6405 36 6490 30 6533 36 6617 31 6660 38 6744 33 6788 38 6871 35 6916 38 6998 36 7044 11 7057 26 7126 36 7172 12 7185 26 7255 35 7300 12 7314 25 7383 35 7427 14 7442 20 7463 2 7511 35 7555 14 7570 19 7639 2 7642 32 7683 34 7770 32 7811 34 7898 33 7939 34 8026 33 8068 33 8154 33 8196 21 8218 11 8282 33 8325 20 8347 10 8410 33 8454 19 8477 8 8538 10 8549 22 8583 18 8606 7 8666 9 8677 21 8711 19 8736 4 8794 8 8804 21 8840 18 8865 2 8922 7 8932 20 8969 18 9052 3 9059 4 9066 14 9097 20 9187 20 9226 19 9315 20 9355 20 9442 20 9484 21 9569 21 9614 21 9695 22 9745 20 9821 23 9876 18 9948 23 10007 16 10074 21 10137 16 10200 19 10268 15 10327 16 10397 15 10454 14 10528 13 10580 13 10657 12 10707 12 10787 11 10834 11 10917 9 10961 11 11046 9 11088 10 11175 9 11215 10 11305 8 11343 8 11434 7 11470 7 11564 5 11597 6 11693 4 11725 4 11853 2
gap_cccfc72c6e6a7b3c45,,6354 2 6448 3 6481 4 6575 5 6608 5 6703 5 6737 3 6831 5 6961 2,,,8518 1 8638 9 8765 11 8892 11 9021 10 9149 10 9277 10 9405 10 9533 10 9661 10 9790 8 9919 6 10049 4 10178 1,6210 1 6334 8 6461 10 6588 12 6715 14 6843 14 6971 15 7098 16 7226 17 7354 17 7481 19 7609 19 7736 20 7864 20 7993 19 8122 16 8251 14 8381 11 8511 7,10563 1,6488 5 6585 1 6602 1 6614 9 6694 4 6711 4 6729 5 6740 12 6821 7 6838 5 6857 8 6868 12 6948 10 6963 8 6986 24 7075 11 7091 7 7114 25 7202 13 7219 6 7243 21 7266 2 7330 14 7346 7 7372 19 7395 2 7462 17 7501 18 7523 3 7591 15 7630 18 7651 3 7717 17 7758 24 7844 18 7886 23 7967 23 8015 22 8094 24 8143 23 8222 24 8271 23 8350 23 8400 23 8478 23 8528 24 8606 23 8656 25 8734 24 8784 25 8862 24 8912 25 8990 23 9040 8 9049 16 9119 22 9168 25 9247 15 9263 6 9296 24 9375 22 9424 23 9503 22 9553 21 9632 20 9684 17 9761 17 9810 15 9891 16 9936 14 10022 17 10062 13 10154 15 10188 13 10286 12 10315 12 10416 12 10442 11 10548 9 10570 9 10681 2 10699 6
gap_5436fb8ca494441737,5931 4 6057 7 6092 5 6184 9 6203 4 6213 13 6310 12 6331 5 6339 16 6436 15 6459 6 6466 20 6562 17 6587 29 6688 20 6715 31 6814 23 6843 32 6941 25 6972 33 7068 28 7102 32 7195 30 7231 32 7322 32 7359 33 7449 34 7487 34 7577 34 7615 34 7704 36 7743 35 7831 37 7871 35 7959 37 7999 36 8087 37 8128 35 8214 38 8258 33 8343 37 8387 32 8471 36 8516 31 8599 36 8645 30 8727 35 8773 30 8856 34 8902 29 8984 33 9030 29 9113 32 9159 28 9241 32 9287 28 9369 32 9415 27 9498 30 9544 26 9626 30 9672 25 9755 29 9800 25 9884 28 9929 23 10013 26 10057 22 10142 25 10186 21 10271 23 10315 19 10400 21 10444 17 10530 18 10573 15 10660 15 10703 12 10790 12 10833 7 10920 8,5683 1 5809 4 5829 3 5936 5 5952 10 6065 4 6081 8 6194 3 6324 5 6452 5 6580 5 6708 5 6837 3,,,7357 1 7484 2 7612 2 7741 2 7869 2,,5800 2 5926 4 5969 2 6053 4 6097 4 6180 4 6226 5 6308 2 6355 5 6486 3 6810 3 6937 4 7065 3 7193 2 7264 3 7393 2 7521 2 7649 2 7778 1 8212 2 8340 2 8382 3 8468 3 8508 7 8596 3 8636 8 8725 2 8763 10 8891 10 9018 11 9146 11 9188 1 9274 12 9315 2 9402 12 9443 2 9495 2 9530 12 9623 3 9658 12 9751 4 9787 10 9880 4 9915 10 10009 4 10044 9 10138 3 10171 11 10298 13 10426 13 10554 12 10589 3 10682 11 10716 4 10813 7 10842 6 10943 4 10970 5 11053 8 11071 4 11087 2 11173 15 11199 3 11302 11 11327 3 11429 10 11455 3 11558 1 11583 4 11712 2,4655 2 4781 6 4808 2 4909 8 4934 6 5036 9 5061 8 5163 10 5189 9 5292 8 5317 9 5426 1 5447 6 9227 5 9326 6 9355 6 9453 7 9483 6 9581 7 9613 4 9708 7 9744 1 9836 3 9873 1 9963 3 10001 2 10091 2 10129 2 10218 3 10257 4 10345 4 10386 3 10473 3 10515 4 10600 3 10643 4 10693 4 10727 3 10772 5 10808 5 10820 6 10854 3 10901 4 10935 7 10947 8 10981 3 11031 4 11063 8 11075 8 11108 3 11159 5 11190 9 11203 9 11235 3 11289 4 11316 11 11331 9 11362 3 11419 4 11444 11 11459 9 11489 4 11549 5 11556 2 11571 11 11587 8 11615 5 11677 10 11699 11 11716 6 11735 3 11741 7 11805 9 11829 7 11845 3 11863 13 11934 8 11996 8 12063 4 12126 6 12255 5
gap_1c8ec4dcb227d59df0,,6059 2 6185 8 6225 2 6312 9 6353 5 6440 10 6481 9 6572 6 6609 10 6702 3 6738 8 6866 7 6995 4,,,10555 7 10683 8 10810 9 10939 8 11067 8 11195 8 11324 6 11453 5 11583 2,6205 11 6331 14 6459 15 6586 17 6713 18 6841 18 6968 20 7096 20 7223 21 7351 21 7479 21 7607 21 7735 21 7863 21 7991 21 8119 21 8247 21 8375 21 8504 20 8632 20 8760 20 8889 18 9018 17 9147 15 9277 12,12351 3 12478 5 12606 6 12735 3,6181 1 6305 7 6367 4 6432 8 6493 7 6559 10 6619 9 6687 10 6746 11 6815 10 6873 12 6944 9 6964 3 6999 15 7072 9 7090 5 7128 13 7200 9 7213 10 7244 4 7256 13 7328 9 7340 11 7372 7 7384 4 7391 4 7455 24 7500 14 7582 25 7628 16 7645 3 7709 25 7756 22 7836 25 7885 22 7963 25 8014 23 8090 25 8143 22 8175 3 8218 25 8271 23 8302 4 8345 25 8400 23 8429 5 8470 28 8528 23 8554 8 8598 27 8657 23 8681 9 8725 4 8731 22 8785 32 8854 3 8860 20 8913 32 8984 2 8990 18 9041 33 9119 17 9169 33 9247 17 9297 33 9375 17 9425 34 9508 12 9553 22 9576 11 9636 13 9681 15 9699 2 9704 11 9765 12 9809 14 9832 11 9894 10 9937 14 9960 11 10024 8 10065 12 10087 12 10154 7 10193 10 10214 13 10268 7 10284 5 10321 8 10341 14 10396 9 10413 4 10449 6 10469 13 10501 5 10525 10 10543 2 10576 5 10596 14 10629 6 10654 12 10704 3 10722 16 10758 6 10782 13 10842 23 10886 7 10911 14 10968 25 11015 6 11041 13 11094 26 11143 6 11170 13 11219 28 11272 5 11299 14 11346 27 11401 4 11409 1 11428 19 11472 28 11535 4 11558 18 11597 28 11664 4 11688 17 11723 28 11793 3 11818 15 11850 26 11947 15 11977 25 12077 13 12104 23 12207 11 12231 22 12336 10 12359 19 12466 8 12486 17 12597 5 12614 13 12743 8 12872 2
gap_6ac7ea5701e04f75cf,,7373 2 7500 4 7595 4 7628 4 7720 1 7723 5 7756 4 7852 4 7884 4 7981 3 8012 4 8109 4 8139 5 8237 4 8267 6 8365 4 8395 6 8493 4 8528 1 8621 4 8778 2 8906 2,,,4810 4 4937 7 5034 4 5065 11 5160 7 5191 16 5286 10 5316 20 5339 2 5412 12 5436 3 5443 9 5454 16 5539 13 5563 15 5583 16 5666 14 5691 10 5711 16 5793 14 5818 11 5839 16 5921 13 5945 12 5966 17 6048 12 6072 13 6094 17 6176 10 6199 14 6221 16 6304 9 6327 14 6347 6 6360 5 6432 8 6454 14 6474 3 6489 3 6560 7 6581 14 6601 4 6617 3 6688 6 6709 13 6728 5 6743 6 6816 5 6836 14 6856 4 6870 7 6945 4 6964 14 6983 5 6997 9 7092 14 7111 4 7125 10 7220 15 7237 8 7249 14 7349 24 7375 15 7478 19 7499 1 7504 1 7509 7 7607 18 7627 1 7638 5 7735 17 7864 16 7992 15 8120 7 8131 3 8247 8 8375 8 8503 8 8631 8 8759 8 8887 8 9015 8 9144 7 9272 7 9400 8 9529 8 9658 8 9787 6 9916 5 10045 3 10174 1,,9678 2 9803 5 9931 5 10059 5 10187 5 10287 1 10315 4 10415 2 10442 5 10544 2 10569 6 10672 4 10696 7 10800 5 10823 8 10928 5 10950 9 11057 5 11077 10 11185 5 11200 15 11313 5 11322 21 11441 6 11449 22 11569 30 11697 31 11825 31 11953 30 12081 29 12210 27 12340 5 12347 11 12469 3 12476 9 12606 4,6115 5 6243 6 6370 7 6498 7 6549 4 6625 9 6677 6 6752 11 6804 8 6880 12 6932 9 7007 13 7059 11 7135 14 7186 13 7263 14 7313 14 7390 16 7440 16 7505 4 7518 17 7567 18 7591 4 7632 6 7645 18 7695 19 7718 2 7721 2 7760 7 7771 21 7822 21 7845 7 7888 7 7897 23 7950 31 8016 32 8078 31 8144 32 8205 32 8273 32 8333 32 8401 32 8461 32 8529 32 8589 32 8657 32 8717 32 8786 31 8845 31 8915 30 8973 30 9043 30 9101 30 9171 30 9229 30 9298 31 9357 31 9426 31 9485 32 9553 32 9613 32 9680 32 9741 33 9808 32 9869 33 9936 31 9998 33 10064 29 10126 33 10192 30 10255 32 10319 33 10384 31 10447 19 10468 12 10511 33 10575 18 10594 15 10639 33 10703 11 10715 22 10767 33 10831 10 10843 22 10895 22 10918 10 10959 9 10971 21 11023 22 11047 10 11087 8 11099 21 11151 22 11176 9 11215 8 11226 21 11280 21 11305 8 11343 7 11353 20 11410 20 11434 7 11471 6 11480 19 11540 20 11563 6 11599 5 11607 18 11670 19 11691 6 11728 3 11733 18 11800 18 11821 4 11859 17 11930 17 11949 4 11986 16 12061 16 12080 1 12112 15 12192 14 12239 14 12323 14 12365 12 12454 13 12493 10 12586 11 12621 5 12716 14
gap_ee5279ffcb29fa5a9c,7627 2 7755 5 7883 6 8011 6 8139 7 8266 8 8393 9 8520 10 8648 10 8776 10 8904 9 9033 8 9162 6 9292 2,5932 1 6059 2 6483 4 6610 6 6701 1 6709 1 6738 6 6829 3 6866 6 6957 3 6995 4 7085 4 7123 4 7213 4 7250 4 7342 3 7376 5 7471 2 7504 4 7633 3 7762 2,,,5055 5 5169 4 5180 9 5196 5 5296 7 5305 25 5423 36 5550 37 5677 39 5804 42 5931 1 5933 42 6061 41 6188 26 6215 14 6316 26 6344 11 6445 25 6472 10 6574 25 6601 8 6702 3 6708 1 6710 17 6732 5 6832 1 6837 18 6860 5 6960 1 6967 16 6989 3 7089 1 7095 16 7117 3 7217 1 7222 25 7345 30 7473 31 7599 28 7629 3 7728 27 7857 26 7985 26 8113 26 8241 25 8370 23 8498 13 8514 6 8626 12 8643 5 8754 11 8771 5 8882 11 8900 4 9011 13 9028 5 9141 13 9157 5 9270 13 9285 7 9294 1 9398 13 9413 10 9526 13 9541 9 9654 13 9669 9 9782 12 9797 8 9910 22 10038 18 10167 17 10295 17 10424 16 10554 14 10683 12 10813 10 10942 7,,11713 5 11842 5,5601 3 5728 5 5794 1 5855 6 5921 4 5982 6 6049 5 6109 6 6120 5 6177 6 6235 8 6247 8 6299 1 6305 7 6362 9 6375 10 6424 5 6433 8 6489 11 6503 11 6551 6 6561 9 6616 13 6631 11 6678 8 6689 10 6744 13 6759 12 6806 8 6817 10 6872 13 6887 12 6933 9 6945 12 6999 14 7015 12 7060 10 7072 13 7129 12 7143 12 7188 25 7257 12 7270 13 7315 27 7384 20 7405 6 7443 28 7512 27 7571 25 7640 27 7699 25 7767 28 7827 25 7896 26 7955 26 8024 18 8043 7 8083 26 8152 17 8171 7 8211 26 8281 12 8295 2 8300 6 8338 27 8409 11 8423 1 8428 6 8466 27 8537 10 8551 11 8594 27 8665 10 8678 12 8722 27 8793 10 8805 13 8850 27 8921 10 8933 13 8979 26 9049 8 9060 3 9066 8 9107 26 9178 6 9188 3 9194 8 9235 26 9306 5 9321 9 9364 8 9373 16 9435 3 9448 9 9492 8 9504 3 9510 6 9574 11 9621 8 9640 3 9697 16 9749 9 9823 17 9877 10 9950 17 10006 10 10077 2 10083 12 10134 11 10201 5 10210 12 10263 12 10325 6 10336 13 10392 13 10453 6 10462 14 10521 14 10587 15 10650 15 10714 14 10780 14 10840 13 10909 15 10928 1 10967 12 11039 18 11090 15 11169 17 11217 14 11299 20 11343 13 11429 19 11470 13 11561 16 11597 12 11691 14 11724 11 11821 12 11852 9 11952 8 11980 7
gap_9d722264a6b1079418,,6483 6 6565 3 6610 7 6692 7 6737 8 6820 8 6865 8 6948 8 6993 7 7076 8 7122 5 7205 6,,,10175 3 10296 13 10424 14 10552 14 10680 13 10809 11 10938 10 11067 8 11196 6 11326 3,6718 3 6843 9 6969 13 7097 14 7224 15 7351 17 7479 17 7606 18 7734 18 7862 18 7990 18 8118 18 8246 18 8374 18 8502 17 8630 17 8758 17 8886 17 9014 17 9142 17 9270 16 9399 5 9408 5,11839 1,6621 4 6747 7 6875 8 6941 3 7002 9 7067 6 7129 10 7193 9 7218 4 7240 6 7257 10 7321 10 7345 5 7368 8 7385 10 7449 11 7470 8 7496 15 7516 7 7577 11 7596 10 7624 21 7705 11 7721 13 7753 22 7833 28 7881 23 7961 28 8011 22 8094 21 8142 20 8221 18 8271 20 8348 18 8399 21 8474 20 8527 22 8601 21 8655 24 8728 22 8783 26 8854 24 8911 30 8978 29 9039 31 9104 31 9167 32 9231 32 9295 32 9359 32 9423 32 9486 33 9551 32 9614 33 9680 19 9703 8 9741 34 9808 12 9831 8 9869 34 9936 12 9959 8 9998 8 10018 13 10064 11 10087 7 10098 1 10126 8 10147 12 10191 12 10215 7 10224 3 10254 8 10275 11 10319 9 10343 6 10350 6 10383 7 10404 11 10447 8 10471 13 10511 8 10534 9 10575 6 10603 9 10635 2 10639 8 10663 8 10703 6 10721 7 10730 10 10763 4 10769 5 10792 7 10832 3 10846 21 10891 4 10897 5 10921 6 10971 23 11020 6 11029 6 11049 5 11097 23 11149 16 11179 2 11223 23 11279 16 11349 23 11408 19 11474 25 11537 23 11599 26 11666 24 11726 25 11796 30 11852 25 11926 31 11978 25 12057 30 12105 20 12187 29 12233 18 12319 26 12361 15 12449 25 12489 11 12581 21 12618 6 12721 8
gap_19e636ceb22fafc802,5935 2 5968 5 6062 5 6079 3 6095 10 6189 8 6206 6 6222 14 6316 10 6334 6 6349 17 6443 12 6462 7 6475 21 6569 15 6591 34 6695 18 6720 34 6821 21 6848 35 6948 23 6977 35 7075 25 7105 36 7202 27 7233 36 7330 27 7361 36 7457 28 7490 35 7585 28 7620 33 7713 28 7749 32 7841 28 7878 30 7970 26 8006 30 8098 26 8135 29 8226 25 8263 28 8354 25 8391 28 8482 24 8520 26 8611 23 8648 26 8739 23 8777 24 8868 21 8905 24 8997 20 9034 22 9126 18 9162 21 9255 16 9291 19 9384 15 9420 18 9514 12 9549 16 9643 9 9678 13 9773 5 9807 11 9937 7,5571 1 5698 3 5705 4 5812 3 5826 3 5832 6 5939 4 5947 1 5955 2 5959 7 6067 4 6073 4 6087 7 6199 6 6216 5 6327 6 6345 2 6456 4 6584 4,,,6975 2 7102 3 7230 3 7359 2 7489 1,,4934 1 5680 1 5714 7 5842 8 5973 5 6058 3 6184 5 6240 2 6309 7 6368 7 6437 6 6497 7 6565 4 6626 6 6816 1 6943 3 7070 4 7199 3 7269 2 7327 3 7397 2 7455 2 7526 1 7583 2 7616 2 7742 6 7870 7 7997 8 8037 1 8125 9 8164 2 8252 10 8291 3 8380 10 8419 3 8480 1 8508 10 8546 3 8608 2 8637 9 8674 2 8737 1 8765 9 8802 1 8894 8 9021 9 9148 11 9275 13 9402 15 9528 19 9655 6 9663 13 9767 2 9781 6 9792 3 9800 5 9894 5 9908 7 9921 2 9929 3 10022 8 10039 3 10151 7 10282 3,4791 3 4808 2 4916 7 4935 5 5042 9 5062 7 5169 9 5190 8 5297 9 5320 6 5424 8 5449 5 5552 7 5578 4 5681 2 7820 3 7947 5 8075 6 8204 7 8333 8 8462 8 8591 8 8719 9 8847 9 8938 5 8976 9 9065 6 9105 9 9193 5 9238 5 9321 2 9367 6 9448 3 9495 7 9575 2 9623 9 9661 2 9703 2 9751 10 9787 5 9796 4 9830 3 9879 10 9915 6 9923 6 9957 3 10008 6 10042 17 10084 3 10137 4 10166 23 10211 3 10266 3 10292 25 10336 3 10394 4 10419 14 10435 10 10462 3 10523 3 10547 14 10564 8 10588 4 10651 4 10669 2 10676 12 10694 5 10713 6 10780 4 10798 2 10805 9 10837 10 10909 4 10926 2 10936 4 10964 10 11038 3 11091 11 11218 4 11224 5
gap_7c3b4d2940f21022af,6682 3 6809 5 6936 6 7064 6 7191 5 7319 4 7447 4 7574 4 7703 2 7831 2 7959 1 8470 1 9161 2 9290 2 9418 3 9547 2 9654 1 9675 2 9782 1 9803 2 9910 1 9932 1 10008 2 10038 2 10136 3 10166 2 10264 3 10294 3 10393 3 10421 4 10521 4 10549 4 10650 4 10677 4 10778 5 10804 5 10907 5 10931 5 11037 4 11059 4 11166 4 11186 5 11296 4 11313 5 11425 5 11440 5 11473 3 11555 5 11568 3 11601 12 11685 3 11730 10 11860 5,8006 4 8134 5 8262 6 8390 6 8521 2 8762 4 8889 6 9016 8 9144 8 9272 8 9400 7 9529 5 9658 2,3905 7 4027 16 4150 23 4275 28 4400 33 4527 35 4654 37 4781 39 4909 40 5037 40 5165 41 5211 4 5293 41 5338 7 5422 40 5465 10 5550 40 5593 11 5679 38 5721 12 5807 38 5848 15 5936 37 5975 17 6065 35 6102 19 6193 35 6230 20 6322 33 6357 21 6451 32 6484 23 6579 56 6708 55 6837 54 6967 52 7096 51 7226 50 7356 48 7489 44 7618 43 7747 42 7876 42 8004 2 8010 36 8132 2 8139 35 8261 1 8268 34 8396 34 8523 35 8651 35 8779 35 8908 34 9037 33 9165 33 9255 3 9294 31 9382 6 9423 30 9504 1 9508 10 9551 30 9632 14 9680 28 9760 11 9809 27 9889 8 9938 25 10017 8 10067 24 10146 7 10196 21 10275 6 10325 17 10404 5 10454 15 10584 11 10715 5,,5678 1 5804 3 5928 8 6055 10 6184 8 6311 9 6439 9 6566 11 6692 14 6819 15 6942 1 6945 17 7070 20 7199 18 7330 15 7459 12 7587 12 7715 13 7734 7 7842 16 7860 10 7970 29 8097 30 8225 29 8353 28 8481 24 8610 19 8738 19 8867 18 8996 17 9125 16 9254 1 9258 10 9388 8 9518 6 9646 5 9771 8 9901 6,,4187 1 4314 4 4392 2 4443 6 4519 1 4571 7 4642 4 4701 5 4768 6 4832 2 4895 6 5022 6 5149 5 5276 5 5404 4 5531 4 5659 3 5865 2 5993 2 6121 3 6250 3 6378 3 6424 1 6507 3 6551 2 6635 3 6678 3 6764 2 6806 3 6933 3 7061 3 7189 2 8431 1 8559 2 8687 2 8724 1 8815 1 8852 1 8943 1 9071 1 9286 2 9412 5 9537 8 9663 11 9789 13 9917 13 10044 14 10172 13 10300 13 10428 13 10557 11 10685 11 10813 10 10941 10 11069 11 11196 12 11319 21 11364 3 11422 3 11446 4 11456 5 11467 2 11491 3 11551 4 11573 3 11585 2 11617 4 11680 4 11701 2 11744 4 11810 4 11841 1 11939 3 11969 2 12096 3 12224 3 12353 2,11578 5 11589 2 11704 8 11716 9 11830 11 11843 14 11953 16 11971 16 12077 19 12100 17 12203 21 12228 19 12331 20 12357 19 12460 17 12487 16 12591 9 12618 11 12721 3 12752 2
gap_53d1dc72e7792140b5,5053 1 5180 3 5307 5 5435 5 5563 5 5691 5 5819 4 5947 4 6575 2 6595 9 6700 11 6722 13 6827 14 6850 14 6954 15 6978 15 7081 16 7107 15 7208 17 7236 15 7335 18 7365 15 7462 18 7493 16 7589 19 7622 16 7716 19 7750 17 7843 20 7878 18 7971 20 8006 19 8098 21 8135 18 8226 21 8263 19 8354 20 8391 19 8482 20 8520 17 8610 20 8648 17 8739 18 8777 16 8867 17 8906 14 8995 16 9035 13 9123 15 9163 12 9252 13 9292 11 9380 13 9421 10 9509 10 9550 8 9639 7 9680 5,6325 1 6452 3 6821 2 6949 1 6997 1,,,6717 2,,6823 3 6950 4 6994 3 7077 4 7101 3 7123 3 7206 1 7227 7 7252 2 7354 9 7482 10 7610 10 7737 11 7838 1 7865 11 7966 3 7993 11 8094 4 8121 11 8222 3 8250 10 8351 2 8378 10 8506 11 8539 2 8633 12 8667 2 8761 12 8888 13 9016 14 9143 16 9271 16 9398 18 9504 2 9525 19 9631 4 9654 16 9760 6 9789 6 9815 2 9918 4 9943 1 10047 2 10175 2 10303 2 10431 2 10559 2 10687 2 10815 2 10943 2 11071 2,5543 3 5670 5 5798 5 5841 4 5925 5 5969 5 6052 5 6097 6 6180 3 6226 6 6355 5 6484 5 6613 3 7282 4 7409 7 7535 10 7663 10 7790 11 7815 3 7917 13 7943 4 8045 13 8070 6 8173 13 8198 8 8301 13 8326 9 8428 13 8455 10 8555 14 8583 10 8683 13 8712 10 8810 13 8841 10 8937 13 8969 10 9057 3 9063 14 9097 11 9185 19 9226 11 9313 18 9355 11 9442 16 9486 9 9570 13 9616 8 9670 2 9698 4 9706 4 9745 8 9781 7 9795 7 9825 2 9834 3 9873 10 9908 9 9922 9 9962 3 10001 8 10014 4 10035 11 10050 9 10090 3 10130 6 10142 4 10163 11 10178 9 10218 4 10258 6 10271 5 10291 12 10306 10 10332 1 10345 4 10387 4 10401 4 10419 12 10434 10 10459 2 10473 4 10516 3 10531 5 10547 12 10563 9 10601 4 10644 3 10660 5 10675 11 10691 8 10712 1 10729 3 10773 2 10789 5 10804 10 10819 7 10839 1 10856 3 10902 1 10919 2 10934 7 10947 6 10966 1 10984 3 11030 2 11064 4 11077 1 11111 3 11158 3 11239 2 11286 4 11366 3 11414 4 11493 4 11543 4 11621 4 11671 4 11749 3
gap_08c870a8acfbc11326,6593 2 6720 4 6848 4 6976 4 7104 4 7232 4 7362 2 7757 3 7858 5 7884 5 7985 8 8011 8 8113 9 8138 9 8240 11 8265 12 8367 12 8393 12 8494 13 8522 12 8622 13 8650 12 8750 13 8779 11 8878 12 8907 11 9006 12 9036 10 9134 11 9164 9 9263 10 9293 8 9391 9 9422 6 9520 7 9648 6,6843 3 6971 3 6982 3 7099 3 7110 4 7239 4 7368 4 7478 4 7497 5 7598 2 7606 5 7625 5 7634 2 7735 4 7753 3 7864 3,,,7360 2 7487 6 7615 6 7742 7 7870 7 8000 1,,7726 3 7762 3 7853 4 7890 4 7981 4 8019 3 8109 3 8129 3 8147 3 8238 1 8255 6 8382 9 8509 10 8637 11 8664 3 8765 11 8791 4 8893 11 8919 4 9001 4 9021 11 9048 2 9129 4 9149 11 9258 3 9277 11 9404 12 9532 13 9659 14 9786 15 9803 9 9910 18 9931 9 10035 20 10060 4 10159 12 10175 6 10287 4 10294 4 10305 4 10424 1 10433 3 10561 2 10690 1,5687 2 5814 4 5940 7 6067 8 6090 2 6194 8 6216 6 6321 8 6344 7 6449 6 6472 9 6577 5 6601 9 6705 4 6732 6 6861 4 7317 2 7445 3 7573 3 7701 3 7830 1 7917 4 8044 6 8171 8 8299 8 8426 9 8470 4 8552 11 8597 5 8680 11 8724 7 8807 10 8852 8 8935 10 8980 9 9062 10 9109 8 9189 11 9237 9 9316 11 9366 9 9444 10 9495 8 9571 8 9625 7 9699 6 9754 6 9826 7 9883 6 9953 7 10012 5 10056 3 10081 7 10141 5 10171 3 10182 7 10206 9 10269 7 10298 6 10309 8 10331 12 10398 10 10425 8 10437 8 10461 9 10527 12 10552 9 10564 9 10592 5 10656 13 10680 9 10692 9 10720 4 10785 13 10809 8 10820 9 10848 3 10913 6 10924 1 10937 8 10949 7 10976 3 11042 4 11065 8 11077 5 11103 4 11170 4 11230 4 11298 4 11357 5 11427 4 11484 5 11555 4 11612 4 11684 3
gap_132c9c684e6c2bedee,,6464 6 6591 8 6719 9 6846 8 6855 2 6974 7 6983 3 7103 6 7111 4 7232 3 7240 3,,7252 5 7378 8 7506 11 7634 12 7762 13 7890 14 8018 15 8146 16 8233 2 8274 17 8360 3 8402 17 8488 2 8531 17 8659 17 8788 16 8917 15 9046 14 9175 12 9305 9 9434 7,4661 7 4787 10 4814 4 4911 15 4941 11 5037 17 5069 14 5165 17 5198 13 5292 18 5326 14 5420 17 5454 14 5548 16 5583 13 5676 15 5711 13 5805 13 5840 13 5857 3 5934 4 5941 4 5957 4 5969 21 6049 8 6063 2 6071 1 6083 9 6102 17 6173 14 6212 11 6231 17 6299 16 6341 12 6359 18 6426 18 6456 1 6470 13 6487 18 6553 20 6583 3 6599 15 6615 19 6680 35 6728 34 6808 35 6857 33 6935 33 6986 32 7063 32 7115 13 7130 16 7192 30 7249 3 7259 15 7320 29 7386 1 7388 13 7448 28 7517 12 7577 24 7646 11 7705 23 7775 9 7834 20 7904 7 7964 16 8033 1 8035 3 8093 13 8222 11 8351 9 8481 2,,7484 10 7610 14 7738 14 7865 16 7993 16 8121 16 8249 16 8377 16 8505 16 8634 15 8762 15 8891 13 9020 10 9148 10 9275 12 9402 14 9529 16 9656 18 9784 18 9912 18 10048 10 10176 2 10183 2 10303 2 10431 2 10559 2 10687 2 10814 3 10942 3 11070 3 11199 1,7500 1 7604 2 7628 2 7730 5 7756 3 7857 6 7884 4 7984 7 8012 5 8111 8 8139 6 8239 8 8267 7 8366 10 8395 7 8494 10 8523 8 8622 10 8651 8 8750 11 8778 9 8879 10 8906 9 9009 7 9033 10 9138 6 9162 9 9268 3 9290 8 9419 5 9548 3 9676 3 9776 5 9804 5 9901 9 9932 8 10028 11 10059 10 10155 18 10187 12 10282 20 10308 20 10410 20 10435 21 10539 19 10562 22 10668 18 10690 22 10797 17 10818 21 10926 16 10946 20 11057 12 11074 18 11188 8 11203 13 11318 5 11332 8 11463 3
gap_357419da31f1989bfe,6191 2 6208 3 6317 5 6335 5 6439 13 6463 6 6563 17 6590 7 6688 21 6718 8 6740 1 6815 22 6846 8 6864 8 6941 24 6974 8 6989 14 7068 25 7102 7 7115 18 7195 26 7231 6 7242 21 7322 26 7359 5 7370 23 7450 26 7486 6 7497 25 7577 27 7613 7 7625 26 7704 29 7741 8 7753 27 7831 31 7868 8 7881 28 7959 31 7996 8 8008 30 8086 33 8125 6 8136 31 8213 34 8254 2 8263 33 8340 36 8391 33 8468 37 8518 35 8596 39 8647 34 8723 41 8775 35 8851 41 8904 34 8980 40 9033 34 9108 40 9162 33 9236 39 9291 32 9364 39 9419 32 9492 39 9547 32 9621 37 9675 32 9749 37 9804 30 9877 36 9933 29 10005 36 10061 28 10134 34 10190 27 10262 33 10319 25 10391 32 10447 24 10520 30 10576 22 10649 28 10705 21 10778 26 10834 19 10907 24 10963 18 11036 22 11092 16 11165 20 11221 13 11295 17 11350 10 11424 14 11481 3 11555 8,6346 1 6348 5 6471 10 6599 10 6727 9 6856 6 6985 2 7227 2 7354 3 7481 4 7609 3 7738 1,,,8131 2 8256 5 8381 7 8509 3,,6059 2 6186 3 6486 3 6557 2 6614 4 6683 4 6743 4 6810 5 6873 2 6937 4 7065 3 7192 3 7320 2 7395 3 7523 4 7651 5 7781 4 7910 4 8039 3 8167 4 8296 3 8425 2 8465 1 8512 3 8592 3 8639 5 8720 3 8767 6 8848 3 8894 8 8977 2 9022 9 9150 10 9277 12 9405 12 9453 2 9532 13 9580 3 9660 13 9707 4 9788 13 9835 4 9917 12 9963 3 10001 2 10045 11 10091 3 10129 3 10173 11 10219 2 10257 4 10302 10 10386 3 10429 12 10515 2 10557 12 10684 13 10812 13 10939 14 11068 12 11187 8 11198 10 11313 10 11327 8 11364 4 11440 11 11456 6 11490 6 11567 9 11585 4 11601 4 11618 5 11677 5 11693 7 11713 4 11731 3 11805 10 11817 5 11841 3 11934 15 11969 3 12064 10 12097 3 12195 4 12225 2 12353 2 12481 2 12609 2,4657 3 4785 4 4911 5 4940 2 5037 7 5067 3 5163 8 5194 4 5205 2 5291 7 5323 2 5333 4 5418 7 5461 6 5547 4 5589 7 5716 9 5845 8 6148 4 6276 3 6404 2 6532 2 6653 1 6660 1 6781 2 6788 1 6909 2 6916 1 7044 1 8189 1 8317 2 8444 4 8572 4 8580 1 8699 5 8707 2 8827 5 8835 2 8955 5 8963 2 9083 5 9091 3 9211 5 9219 3 9339 6 9347 4 9467 6 9474 5 9594 7 9602 5 9722 7 9730 6 9849 8 9859 5 9977 8 9987 6 10105 7 10116 5 10233 6 10245 4 10360 6 10373 5 10379 1 10488 5 10502 8 10615 5 10631 8 10743 4 10759 8 10870 4 10887 8 10997 5 11015 7 11124 5 11142 9 11252 4 11261 2 11269 10 11324 2 11368 3 11379 4 11388 3 11396 5 11403 4 11451 4 11462 3 11496 2 11506 4 11515 3 11524 5 11532 4 11578 5 11589 4 11623 2 11632 5 11642 3 11652 5 11660 5 11703 9 11717 4 11750 1 11759 5 11769 4 11780 7 11789 7 11829 11 11845 10 11886 5 11897 4 11910 5 11919 6 11933 1 11955 13 11973 11 12012 6 12023 6 12039 4 12049 5 12082 14 12101 12 12138 6 12148 7 12168 2 12178 5 12209 14 12229 12 12264 8 12275 8 12308 5 12337 14 12357 12 12391 10 12403 6 12437 5 12466 7 12475 4 12486 1 12490 6 12519 9 12531 2 12565 6 12596 2 12605 1 12647 5 12694 5 12776 3 12822 7 12952 5 13081 4 13210 3
gap_032e5bc031930a6f27,3629 10 3755 14 3777 5 3787 5 3881 18 3903 27 4008 19 4031 29 4134 12 4160 29 4261 11 4289 29 4388 11 4418 29 4515 11 4547 29 4642 11 4676 29 4769 12 4805 28 4897 11 4934 28 5024 12 5063 27 5151 12 5192 17 5214 5 5279 12 5320 15 5344 3 5406 12 5449 12 5474 1 5533 13 5578 10 5661 12 5706 9 5788 13 5835 7 5916 13 5963 5 6043 13 6092 3 6171 13 6298 14 6426 14 6554 14 6681 15 6809 15 6937 15 7065 16 7117 1 7193 16 7244 3 7321 16 7372 3 7448 17 7499 4 7576 18 7627 4 7704 18 7755 4 7832 19 7883 4 7960 20 8011 4 8088 21 8140 3 8216 22 8344 22 8472 23 8600 24 8680 1 8729 23 8807 2 8857 24 8908 5 8935 3 8985 24 9034 8 9062 4 9113 23 9161 10 9189 5 9241 23 9288 12 9316 6 9370 21 9416 13 9443 7 9498 21 9539 20 9569 9 9626 21 9666 24 9695 11 9754 21 9793 7 9803 2 9808 26 9883 26 9922 7 9931 1 9936 25 10011 28 10052 8 10064 25 10139 28 10182 7 10192 25 10268 26 10311 6 10319 25 10396 20 10439 33 10525 18 10567 32 10653 18 10695 32 10782 17 10823 32 10910 17 10951 31 11039 16 11079 30 11167 16 11207 30 11296 16 11336 28 11425 16 11464 28 11554 16 11592 27 11683 17 11721 25 11812 16 11849 25 11941 15 11978 23 12070 13 12106 22 12200 9 12235 20 12364 18 12493 15 12623 11 12753 8,5045 5 5169 11 5295 14 5422 17 5549 19 5676 20 5802 22 5930 21 6057 21 6185 20 6213 4 6313 20 6341 5 6441 23 6469 5 6568 25 6597 6 6696 14 6712 11 6725 6 6825 12 6840 19 6953 12 6967 20 7081 12 7095 20 7209 34 7337 34 7466 33 7594 33 7723 32 7851 31 7980 16 7999 3 8004 5 8109 5 8115 9 8133 4 8243 13 8262 2 8371 14 8390 3 8499 16 8516 9 8627 26 8755 25 8884 23 9013 19 9141 17 9268 16 9393 17 9520 16 9648 15 9781 8 9912 3 10546 5 10673 7 10800 9 10928 9 11056 9 11184 9 11313 7 11442 5,7125 10 7252 13 7379 14 7507 15 7634 17 7761 18 7889 18 8017 18 8145 19 8274 18 8402 18 8529 19 8658 18 8786 18 8915 17 9043 17 9172 16 9301 14 9430 12 9560 8,,,,2999 8 3029 2 3118 20 3150 11 3245 44 3371 36 3412 5 3498 7 3511 23 3542 3 3625 3 3644 6 3653 7 3752 2 5149 1 5276 2 5403 3 5531 2 5658 3 5785 3 5913 3 5991 1 6041 2 6119 2 6169 2 6248 1 6297 1 6376 2 6504 2 6632 2 6760 2 6889 1 7017 1 7145 2 7273 1 7401 1 7958 1 8086 2 8214 2 8342 2 8470 2 8598 2 8726 3 8854 3 8982 3 9111 2 9239 2 9368 1 9835 1 9962 2 10090 1 10176 4 10217 2 10303 6 10345 1 10430 7 10472 2 10557 9 10599 3 10685 9 10727 3 10813 9 10855 2 10940 10 10982 3 11068 9 11109 3 11196 9 11237 3 11294 1 11324 9 11364 3 11422 1 11452 9 11492 3 11551 2 11580 8 11619 3 11680 1 11708 8 11747 2 11835 9 11874 2 11962 11 12002 1 12067 2 12089 12 12129 2 12196 3 12216 14 12257 1 12325 4 12343 3 12351 2 12356 4 12454 10 12485 5 12584 8 12607 1 12614 7 12715 3 12743 2 12747 4 12877 7 13006 9 13136 7,10002 1 10097 2 10130 2 10225 2 10259 2 10352 2 10388 1 10479 2 10606 2 10733 3 10860 2 12346 3 12471 7 12481 4 12595 12 12608 6 12723 20 12851 12 12864 10 12979 11 12993 10 13110 6 13121 10 13251 6
gap_cb846053b7748d7de9,,7234 2 7243 4 7361 5 7369 7 7490 15 7618 15 7747 14 7875 13 8004 5 8011 4 8122 3 8133 1 8251 2,5740 1 5868 2 5996 4 6124 5 6175 8 6252 6 6299 12 6380 6 6424 16 6508 7 6552 16 6636 7 6679 18 6764 8 6807 18 6892 8 6935 18 7020 8 7063 18 7148 9 7191 18 7276 9 7320 17 7404 9 7448 18 7531 10 7576 18 7659 10 7704 19 7787 10 7832 17 7915 10 7960 16 8043 10 8088 12 8172 9 8217 9 8300 9 8346 6 8429 7 8557 7 8685 6 8814 4 8943 3,7513 6 7640 8 7768 10 7849 3 7896 11 7976 5 7986 4 8025 11 8104 6 8114 6 8153 12 8232 7 8240 6 8280 14 8360 14 8403 3 8408 15 8490 2 8493 8 8531 22 8621 7 8660 21 8750 6 8788 22 8877 7 8917 21 9005 7 9045 22 9134 5 9173 22 9262 5 9301 21 9391 3 9429 21 9520 2 9557 20 9685 6 9693 12 9814 4 9822 9 9942 3 9952 6,3776 4 3903 8 4030 10 4149 4 4158 11 4171 8 4275 7 4286 28 4400 11 4414 30 4527 14 4542 31 4655 14 4670 31 4766 5 4772 3 4782 15 4798 32 4892 33 4927 37 5019 34 5056 37 5145 35 5185 37 5272 36 5313 41 5399 36 5441 8 5450 33 5527 36 5569 9 5579 6 5589 23 5654 35 5697 14 5720 20 5782 32 5826 12 5849 19 5910 31 5955 11 5976 20 6038 18 6058 11 6084 7 6092 2 6103 21 6166 9 6187 9 6221 2 6230 22 6294 5 6315 9 6329 4 6349 2 6357 23 6422 2 6443 9 6456 6 6478 1 6484 24 6551 1 6571 8 6583 7 6611 25 6699 8 6709 9 6721 10 6738 26 6806 1 6827 8 6837 24 6866 6 6874 18 6933 2 6955 7 6965 26 6995 4 7003 17 7061 2 7084 5 7093 27 7132 16 7187 4 7221 13 7236 1 7241 2 7247 1 7262 14 7315 5 7350 11 7376 1 7393 11 7442 6 7480 5 7523 8 7570 6 7653 6 7699 5 7783 4 7827 5 7852 1 7912 3 7959 1 7981 1 8041 2 8100 4 8170 2 8226 6 8352 8 8475 3 8482 8 8611 6,,8260 3 8384 11 8511 13 8638 15 8766 15 8894 15 9022 15 9150 15 9278 15 9407 14 9535 13 9663 13 9790 14 9917 15 10045 15 10173 16 10301 16 10430 15 10561 11 10691 5 10819 3 10947 3 11075 3 11203 3 11331 3 11459 3 11587 2 11715 2,8120 2 8246 5 8374 7 8400 3 8501 8 8527 4 8628 9 8655 5 8756 9 8782 6 8884 9 8910 7 9012 9 9038 7 9139 10 9165 8 9267 10 9293 8 9394 11 9421 8 9522 11 9549 8 9649 11 9677 8 9777 9 9805 9 9905 7 9934 8 10033 6 10063 7 10161 5 10192 5 10422 4 10548 8 10579 3 10675 11 10703 10 10801 16 10825 18 10929 17 10952 18 11056 18 11079 19 11183 19 11207 19 11311 19 11334 19 11439 19 11462 19 11568 18 11590 19 11697 17 11718 18 11826 15 11846 17 11955 13 11974 16 12085 10 12103 13 12216 6 12232 9
gap_d34b5de2dd7db15056,,7873 3 7994 11 8122 11 8250 9 8377 5 8507 1 8522 1,7639 1 7768 1 7896 1 8024 1 8153 1 8280 2 8408 2,,5310 3 5427 26 5553 32 5680 36 5807 39 5931 48 6057 50 6184 52 6312 53 6439 55 6567 56 6694 34 6730 22 6822 33 6858 23 6949 29 6979 4 6986 23 7076 19 7097 15 7113 25 7204 18 7227 39 7332 18 7356 39 7460 18 7487 36 7589 18 7622 13 7640 11 7717 18 7751 9 7769 10 7846 15 7879 6 7897 9 7977 5 8025 8 8106 2 8154 7 8282 5 8410 1 8537 1,,8259 1 8382 11 8508 14 8635 15 8763 14 8891 14 9020 13 9148 13 9275 15 9402 19 9523 29 9651 30 9683 2 9780 28 9811 1 9909 26 10041 4 10046 14 10176 7 10305 4 10434 3 10563 1,5994 3 6121 4 6250 4 6378 4 6422 1 6507 3 6549 3 6641 2 6676 4 6768 4 6804 3 6896 4 6932 3 7025 2 7061 1 7441 1 7457 1 7568 3 7584 3 7635 4 7695 4 7711 5 7735 2 7760 8 7823 4 7839 6 7861 5 7885 11 7952 2 7967 7 7982 12 8011 13 8096 7 8108 14 8139 14 8163 2 8225 7 8235 15 8268 12 8290 3 8353 24 8396 12 8417 4 8481 23 8525 12 8543 6 8609 21 8658 7 8669 8 8737 20 8788 5 8795 9 8865 20 8918 14 8993 19 9048 12 9122 18 9176 12 9250 16 9303 13 9379 15 9430 13 9508 15 9557 14 9637 14 9685 13 9766 14 9812 13 9895 14 9939 13 10025 13 10062 16 10154 19 10189 15 10284 19 10311 16 10417 16 10438 15 10546 16 10565 15 10675 16 10693 13 10805 27 10936 11 10949 11 11066 9 11077 9 11195 6 11207 5
gap_74a515cb8a2c591a5c,,7491 4 7619 4 7747 5 7869 3 7875 7 7996 4 8004 7 8124 4 8134 5 8252 4 8263 3,5829 6 5839 2 5956 16 6079 4 6085 17 6209 1 6215 16 6344 17 6473 17 6602 16 6730 17 6859 17 6988 16 7116 17 7245 17 7375 15 7505 14 7632 15 7760 16 7887 17 8014 18 8141 20 8270 19 8398 19 8526 19 8620 1 8654 19 8747 7 8783 18 8874 7 8911 18 9002 4 9040 17 9130 3 9169 16 9254 1 9259 1 9301 12 9387 1 9429 1 9431 9 9560 8 9689 6 9817 5,8782 1 8881 2 8910 1 9006 7 9038 2 9133 9 9167 2 9260 5 9267 2 9388 4 9396 1 9422 3 9430 1 9515 4 9525 2 9550 4 9557 3 9643 5 9652 4 9678 5 9685 4 9771 6 9779 5 9806 11 9899 13 9935 10 10028 11 10065 7 10156 10,5682 6 5808 9 5934 12 6061 14 6188 21 6210 1 6316 28 6443 30 6571 31 6698 32 6826 33 6953 35 7081 35 7209 23 7233 10 7337 22 7363 4 7464 24 7592 17 7611 5 7719 18 7739 5 7847 18 7867 2 7975 18 7995 1 8011 1 8102 20 8123 1 8229 21 8356 21 8484 21 8611 9 8621 6 8629 3 8739 8 8868 4 8873 1 8997 2 9126 1,,8385 5 8512 8 8640 8 8767 10 8866 2 8894 11 8995 2 9022 11 9123 3 9150 11 9252 2 9279 10 9381 2 9407 9 9535 8 9663 8 9791 9 9920 7 10049 6 10178 4 10306 3 10435 2 10563 2 10691 2 10819 2 10947 2,7026 3 7153 5 7280 6 7408 6 7536 6 7663 7 7791 7 7918 8 8046 8 8174 8 8302 5 8331 3 8431 2 8458 5 8585 7 8713 7 8841 8 8970 8 9098 9 9227 8 9275 2 9355 8 9402 3 9418 1 9483 8 9530 3 9612 7 9658 3 9787 2 9915 2 10043 3 10057 4 10170 6 10183 7 10193 5 10294 11 10310 15 10419 15 10437 17 10547 15 10565 17 10675 15 10693 16 10803 15 10821 16 10932 14 10950 14 11061 12 11079 11 11191 9 11212 2
gap_5df57ac0568c3bee18,,8011 1 8138 4 8246 2 8266 7 8367 2 8374 2 8394 7 8495 2 8502 1 8522 6 8623 2 8629 2 8650 6 8756 4 8778 5 8883 6 8906 5 9011 7 9034 5 9140 6 9163 5 9269 6 9292 3 9398 4,,,3393 3 3518 9 3644 19 3760 3 3771 21 3887 4 3899 32 4015 4 4027 11 4040 21 4154 10 4169 9 4182 8 4261 4 4279 11 4297 9 4313 6 4388 5 4401 12 4426 9 4446 2 4517 3 4527 14 4555 8 4575 2 4654 15 4683 8 4703 3 4782 15 4811 8 4831 3 4896 2 4909 16 4938 10 4960 1 5023 4 5037 16 5066 11 5088 1 5150 6 5166 7 5178 1 5194 12 5215 3 5278 11 5295 4 5322 13 5343 4 5406 12 5450 13 5466 1 5469 6 5534 12 5584 7 5593 10 5662 12 5714 3 5721 9 5790 13 5849 4 5920 11 6049 10 6179 8 6307 8 6436 7 6565 6 6586 3 6615 3 6695 1 6713 5 6743 3 6841 5 6871 3 6969 6 6999 2 7096 7 7224 7 7353 6 7481 5 7610 3 7754 1 7882 2 8010 1,,9411 5 9538 7 9665 9 9789 24 9903 38 10030 38 10159 37 10287 36 10415 36 10544 35 10672 35 10801 33 10929 32 11058 29 11187 28 11316 26 11445 24 11577 15 11707 11,5988 3 6115 4 6242 4 6369 6 6426 2 6496 9 6554 4 6624 9 6682 5 6751 11 6809 7 6879 13 6936 10 7006 15 7064 10 7134 16 7192 11 7262 17 7318 13 7390 18 7444 15 7518 19 7571 16 7645 20 7699 16 7764 2 7773 21 7826 18 7891 4 7901 22 7954 19 7981 4 8018 6 8028 23 8082 20 8108 5 8145 8 8154 25 8210 21 8236 6 8273 34 8338 22 8363 4 8369 1 8401 34 8466 23 8491 4 8497 1 8529 34 8594 29 8659 31 8722 30 8788 29 8850 28 8916 29 8978 28 9044 28 9106 28 9171 29 9234 29 9299 28 9362 29 9428 26 9491 27 9557 24 9619 27 9686 22 9749 24 9813 22 9878 24 9941 21 10007 23 10068 21 10136 23 10196 20 10266 21 10323 20 10395 20 10451 20 10525 19 10579 20 10654 18 10707 19 10782 19 10834 19 10911 18 10961 20 11039 19 11088 20 11168 19 11215 20 11296 20 11343 18 11425 20 11470 18 11555 19 11597 18 11684 20 11723 18 11815 21 11844 21 11946 22 11970 22 12076 43 12205 33 12241 4 12335 4 12341 11 12356 8
gap_04666075328e55a6b9,10085 1 10211 2 10337 3 10463 4 10588 6 10715 6 10844 1,6347 5 6474 7 6602 8 6727 2 6731 7 6853 11 6981 6 7110 6 7225 2 7231 4 7238 6 7352 3 7358 6 7367 6 7480 3 7485 8 7495 6 7607 4 7613 8 7623 6 7735 4 7741 8 7752 4 7862 5 7870 7 7881 3 7989 6 7999 4 8117 6 8245 5 8373 4,3003 3 3130 6 3258 5 3276 2 3385 4 3513 4 3533 7 3640 5 3661 11 3766 10 3787 16 3892 40 4018 47 4145 49 4272 52 4400 52 4528 53 4657 52 4786 52 4916 51 5045 50 5174 50 5303 50 5432 50 5537 2 5560 50 5664 4 5688 51 5791 5 5817 50 5919 5 5947 48 6046 6 6077 46 6174 7 6209 43 6301 8 6339 8 6352 28 6429 7 6468 6 6481 28 6557 7 6596 6 6610 28 6685 7 6725 2 6729 2 6738 28 6813 7 6864 30 6942 6 6987 35 7070 5 7116 34 7244 34 7373 33 7452 2 7501 32 7579 5 7629 33 7706 8 7756 34 7834 10 7884 34 7962 13 8012 34 8090 15 8140 34 8218 17 8268 34 8347 24 8395 34 8475 23 8523 34 8603 23 8651 34 8732 23 8779 33 8860 23 8907 32 8988 23 9035 32 9117 23 9163 32 9245 23 9291 31 9374 21 9420 29 9503 19 9548 29 9631 18 9677 27 9760 16 9805 25 9889 14 9933 24 10019 11 10062 22 10148 9 10191 19 10278 4 10320 17 10451 12 10583 5,8009 3 8138 2 8266 2,4392 8 4518 10 4645 12 4772 14 4899 17 5027 18 5154 20 5282 21 5410 22 5539 21 5668 20 5796 21 5924 21 6052 21 6181 19 6309 20 6436 21 6564 22 6692 22 6820 23 6948 23 7075 24 7202 23 7331 21 7461 19 7591 16 7725 10 7853 9 7982 7 8110 7 8240 5 8371 2,,2091 2 2218 4 2346 3 2475 2 2657 3 2785 3 3125 4 3249 9 3283 3 3376 9 3411 6 3503 7 3540 7 3630 5 3672 3 3758 1 4384 1 4454 1 4511 3 4581 4 4638 3 4709 5 4765 4 4838 4 4893 3 4967 3 5021 2 5096 2 5657 2 5739 2 5785 2 5867 3 5912 3 5995 3 6040 3 6123 3 6169 1 7063 2 7191 2 7278 2 7319 2 7406 2 7447 2 7533 3 7662 2 8256 4 8382 9 8509 11 8636 12 8763 14 8891 14 8985 2 9019 14 9113 3 9147 14 9195 1 9242 3 9275 15 9322 2 9371 2 9403 15 9450 2 9531 14 9577 2 9660 13 9789 11 9917 10 10045 10 10173 10 10293 2 10301 10 10420 3 10429 10 10444 1 10533 3 10558 9 10572 3 10661 4 10687 5 10701 1 10791 2 10816 3 10944 3 10971 1 11073 2 11098 3 11201 1 11328 3 11456 2,10552 3 10673 13 10697 2 10796 19 10820 12 10923 20 10947 17 11050 22 11075 20 11178 22 11203 21 11307 20 11331 21 11436 19 11459 21 11566 17 11587 20 11697 12 11716 18 11831 1 11847 10
gap_a3e3b1d28e503cf096,,7507 4 7634 5 7728 4 7762 6 7856 5 7890 6 7984 6 8018 6 8112 6 8147 5 8240 6 8275 4 8368 6 8404 2 8497 4 8627 2,,,4671 8 4793 18 4915 37 5041 40 5168 43 5295 45 5419 51 5545 54 5672 32 5714 14 5799 33 5843 13 5926 34 5971 14 6054 34 6091 2 6097 16 6182 59 6310 58 6438 29 6469 27 6567 28 6601 22 6696 27 6730 20 6825 26 6859 16 6954 25 6987 14 7083 25 7115 13 7213 23 7243 12 7343 23 7371 11 7477 18 7499 8 7605 18 7626 8 7733 19 7753 9 7861 29 7990 1 7992 26 8121 25 8249 25 8377 25 8505 25 8632 27 8760 27 8888 28 9016 28 9144 28 9273 26 9401 26 9529 27 9657 26 9785 25 9913 25 10041 25 10170 23 10299 21 10428 19 10556 18 10684 17 10812 15 10941 14 11069 14 11198 12 11327 11 11459 6,,11721 7 11841 17 11962 24 12089 24 12217 20 12348 1 12350 14 12480 11 12609 9 12738 7,5989 4 5995 3 6117 10 6244 12 6298 3 6306 1 6371 14 6425 5 6433 5 6499 14 6552 7 6560 7 6626 15 6680 16 6753 17 6807 17 6879 19 6935 18 7004 22 7062 20 7128 27 7190 21 7256 27 7317 24 7383 28 7445 25 7511 28 7573 27 7639 28 7701 27 7768 27 7829 27 7896 26 7957 27 8024 26 8085 27 8152 26 8213 27 8282 23 8341 27 8410 23 8470 25 8538 23 8598 25 8665 23 8726 25 8793 23 8854 26 8921 23 8982 26 9049 22 9110 27 9176 23 9238 27 9305 22 9366 28 9433 23 9494 28 9561 23 9623 27 9689 23 9751 28 9817 23 9879 28 9944 24 10008 17 10026 10 10072 7 10081 15 10136 11 10148 5 10155 10 10200 6 10209 14 10265 12 10279 1 10283 10 10329 4 10338 13 10393 12 10412 8 10457 3 10466 13 10522 13 10541 7 10585 2 10593 13 10651 13 10670 5 10719 14 10780 13 10800 3 10845 14 10909 13 10972 13 11038 14 11100 10 11167 14 11227 9 11296 14 11354 8 11426 14 11481 7 11556 13 11608 4 11686 12 11736 2 11816 11 11945 11 12074 11 12203 10 12334 4
gap_edbc19e60caa49519b,4681 14 4809 16 4937 20 5066 22 5196 21 5325 21 5454 22 5583 22 5666 1 5712 22 5792 4 5840 23 5919 5 5969 23 6046 6 6097 23 6173 7 6226 23 6301 7 6354 23 6428 8 6482 24 6555 9 6610 24 6682 10 6737 26 6809 11 6865 26 6937 12 6993 26 7065 12 7120 27 7192 13 7248 27 7320 14 7375 28 7447 15 7503 28 7575 16 7630 29 7703 17 7757 30 7832 16 7885 31 7960 17 8011 33 8088 18 8138 34 8215 20 8263 37 8343 21 8389 39 8471 22 8516 40 8599 24 8643 41 8727 26 8771 41 8855 28 8898 41 8983 29 9026 41 9111 29 9154 41 9239 29 9283 40 9367 29 9412 39 9495 29 9542 37 9623 29 9671 36 9751 30 9801 34 9880 29 9929 33 10008 29 10057 33 10136 30 10186 32 10265 29 10314 31 10393 29 10442 31 10521 29 10570 31 10649 29 10698 30 10778 28 10827 29 10906 28 10955 28 11035 27 11084 26 11164 25 11213 24 11293 23 11341 23 11422 21 11470 21 11552 18 11600 17 11685 12 11729 14 11815 9 11859 10 11945 5 11989 5,4923 5 5048 14 5171 20 5294 26 5418 30 5544 32 5671 32 5798 33 5926 33 5964 5 6053 44 6181 45 6309 45 6437 45 6565 45 6693 44 6821 44 6950 43 7078 23 7103 17 7206 24 7232 16 7334 24 7360 15 7463 40 7591 39 7720 37 7849 35 7977 18 8006 4 8106 15 8235 11 8365 7 8495 5 8760 6 8887 8 9014 9 9141 10 9268 11 9396 11 9524 11 9652 10 9781 7 9909 6 10553 1,,,8382 1 8509 4 8637 5 8767 2,,4039 6 4155 5 4166 14 4275 14 4294 18 4398 19 4424 19 4524 14 4560 13 4650 9 4695 7 4776 9 4825 6 4901 8 4957 1 5027 7 5154 6 5281 5 5408 4 5535 4 5663 2 5790 1 5863 2 5992 2 6120 3 6249 2 6377 2 6506 2 6552 3 6634 2 6679 3 6763 1 6807 2 6934 3 7062 3 7189 3 7317 3 7445 2 7573 2 7701 2 7830 1 8300 1 8428 2 8556 2 8597 1 8684 2 8724 3 8812 2 8852 3 8939 3 8980 3 9067 3 9108 3 9195 3 9236 3 9323 3 9364 3 9451 3 9493 2 9579 2 9621 2 9662 8 9788 12 9915 13 10042 15 10170 15 10298 15 10426 15 10554 14 10682 14 10729 1 10776 1 10811 12 10856 2 10904 2 10940 11 10983 3 11032 3 11068 10 11110 3 11161 3 11196 10 11237 3 11289 4 11324 10 11364 4 11418 3 11451 12 11491 4 11547 2 11579 12 11619 3 11707 12 11746 2 11837 7 11967 4 11986 1 12096 3 12113 6 12202 5 12225 1 12242 5 12328 6 12373 1 12456 6 12609 2 12737 1,11962 4 11972 10 12083 4 12088 7 12099 12 12210 14 12227 14 12337 15 12355 15 12464 16 12483 15 12591 17 12611 15 12720 9 12731 4 12740 14 12848 6 12870 2
gap_dc6d21fe4251dc7c5d,3503 7 3628 18 3753 46 3879 52 4005 23 4031 31 4132 22 4160 32 4258 22 4290 31 4385 20 4420 31 4512 20 4551 29 4639 20 4682 27 4767 19 4811 26 4894 19 4941 25 5021 20 5069 25 5149 19 5198 25 5276 19 5327 24 5404 19 5455 25 5531 20 5583 25 5659 19 5712 24 5787 19 5840 24 5914 20 5968 25 6042 20 6096 25 6170 19 6224 25 6298 19 6352 25 6427 18 6480 25 6555 18 6607 26 6683 19 6735 26 6811 19 6863 26 6938 20 6990 27 7067 20 7118 27 7195 20 7245 28 7323 21 7373 28 7452 21 7500 29 7580 22 7628 29 7709 22 7756 28 7837 22 7885 27 7965 22 8014 26 8093 22 8144 24 8221 21 8273 4 8278 18 8349 16 8402 3 8407 17 8477 16 8518 1 8534 18 8606 15 8645 5 8662 18 8734 16 8773 7 8790 17 8862 17 8902 9 8917 18 8991 21 9031 10 9045 18 9119 22 9160 9 9172 18 9248 21 9289 29 9376 21 9417 29 9505 21 9545 28 9633 23 9673 28 9762 25 9802 26 9891 24 9930 26 10019 24 10058 25 10148 23 10186 25 10277 22 10314 24 10405 21 10443 22 10534 20 10571 22 10663 18 10699 21 10792 16 10828 19 10922 13 10957 17 11052 8 11086 14 11216 10,4534 6 4661 9 4787 12 4805 5 4915 12 4933 7 5042 12 5061 8 5170 11 5189 8 5297 12 5316 10 5425 12 5444 11 5553 15 5572 11 5681 17 5700 11 5809 30 5938 29 6067 28 6200 13 6214 9 6328 13 6343 8 6455 13 6471 7 6583 13 6599 7 6712 11 6727 6 6840 12 6855 5 6967 17 7093 20 7219 23 7347 24 7475 24 7603 24 7731 24 7860 24 7989 24 8118 24 8248 24 8370 2 8378 23 8497 4 8522 7 8625 10 8651 6 8757 8 8782 1 8885 8 9013 9 9141 9 9269 8 9398 7 9527 5,,,,,3134 2 3255 2 3261 12 3389 12 3518 11 3652 3 4966 2 5094 3 5223 2 5351 2 5401 2 5529 2 5657 2 5785 2 6249 2 6377 2 6425 2 6505 2 6552 3 6634 1 6680 3 6808 3 6936 2 7529 1 7657 2 7784 3 7835 2 7912 3 7963 2 8040 2 8091 2 8219 2 8347 2 8476 1 9025 4 9151 8 9278 9 9406 10 9534 10 9661 11 9701 1 9789 11 9829 1 9917 11 9956 2 10017 2 10045 11 10083 2 10145 2 10174 10 10211 2 10273 3 10302 8 10338 2 10401 4 10430 8 10466 1 10531 3 10557 10 10659 3 10685 11 10788 3 10813 12 10848 1 10918 1 10941 12 10975 1 11072 5 11201 3 11330 1,9238 1 9365 3 9494 3 9622 4 9751 4 9881 2 10009 4 10138 3 10218 2 10268 3 10345 2 10397 3 11066 5 11078 3 11192 8 11205 6 11319 10 11332 9 11446 11 11460 10 11574 11 11588 10 11705 8 11717 8 11847 5
gap_5291e53be54abab4f4,5292 1 5321 11 5414 13 5447 15 5540 17 5574 18 5667 18 5702 19 5794 19 5831 19 5921 20 5959 20 6047 22 6088 20 6173 24 6216 21 6300 25 6343 23 6426 26 6470 26 6552 29 6595 30 6679 30 6723 32 6806 31 6850 34 6933 32 6978 35 7060 33 7102 40 7188 32 7229 42 7315 33 7356 44 7443 32 7484 44 7571 32 7612 45 7699 32 7741 44 7826 32 7869 44 7954 32 7998 43 8082 32 8127 42 8210 31 8256 41 8339 30 8384 41 8467 30 8513 40 8595 31 8641 40 8723 31 8770 39 8852 30 8899 38 8980 31 9028 37 9109 30 9157 36 9237 31 9285 36 9365 34 9414 35 9494 37 9542 34 9623 36 9671 33 9751 36 9799 32 9880 35 9927 32 10009 33 10056 30 10137 33 10184 30 10266 31 10313 28 10395 30 10441 27 10524 29 10569 27 10653 27 10698 25 10782 25 10827 23 10911 24 10955 22 11040 22 11085 19 11170 19 11214 16 11300 16 11343 14 11430 12 11473 10 11560 6 11604 4,5436 4 5562 8 5689 10 5817 11 5946 13 6074 14 6201 15 6329 14 6456 8 6583 8 6710 8 6838 4 6966 3 7094 3 7222 3 7349 4 7476 6 7603 7 7731 7 7858 8 7986 9 8114 9 8241 10 8369 10 8497 10 8626 9 8754 9 8882 9 9011 8 9139 8 9269 5,,,8125 2 8253 3 8381 3 8508 5 8637 3,,4278 3 4286 6 4403 6 4415 8 4527 9 4543 10 4652 10 4671 13 4779 11 4799 16 4905 14 4927 17 5033 13 5057 16 5160 13 5189 11 5289 3 5664 2 5722 2 5791 3 5850 3 5918 3 5979 3 6045 2 6108 3 6237 3 6366 2 6804 1 6931 2 7059 1 7186 1 7529 1 7657 1 7785 2 7824 2 7913 2 7952 2 8041 2 8079 3 8169 2 8208 2 8297 2 8336 3 8464 2 9022 5 9150 6 9235 2 9277 8 9363 2 9405 8 9491 3 9532 9 9577 2 9619 4 9660 10 9704 3 9748 3 9788 10 9831 4 9877 2 9916 11 9959 3 10006 1 10043 12 10087 2 10171 12 10299 11 10427 11 10556 9 10684 10 10724 2 10811 12 10850 4 10938 14 10977 4 11037 2 11066 14 11104 5 11165 4 11192 17 11231 5 11294 5 11319 19 11359 3 11423 6 11445 6 11454 5 11463 5 11552 7 11568 9 11583 4 11592 10 11680 22 11711 3 11724 11 11812 16 11840 1 11855 10 11943 9 11987 4,9611 4 9739 5 9840 4 9867 5 9967 5 9997 4 10094 6 10127 3 10221 6 10256 3 10349 2 10385 3 10476 3 10514 2 10603 3 10642 3 10731 2 10771 3 10859 2 10899 3 10986 3 11028 3 11113 4 11157 3 11240 4 11286 3 11367 4 11415 3 11451 3 11460 3 11494 4 11544 4 11577 6 11587 5 11620 5 11674 4 11704 7 11714 8 11747 5 11805 4 11830 9 11842 10 11873 5 11934 3 11956 12 11969 12 12000 4 12083 13 12097 12 12125 5 12211 12 12225 12 12252 5 12341 10 12354 9 12381 3 12473 2 12484 3
gap_4e37cd734d42d687c3,,7858 1 7987 1 8019 1 8115 2 8147 1 8243 4 8371 5 8499 6 8526 1 8627 7 8653 6 8757 5 8781 6 8887 2 8909 6,,,4812 1 5052 4 5069 5 5173 2 5179 27 5291 4 5297 40 5419 48 5547 50 5675 50 5804 50 5855 1 5933 51 6061 49 6190 48 6321 44 6455 38 6583 37 6712 35 6840 34 6968 33 7096 32 7225 29 7356 24 7487 20 7617 16 7746 14 7874 13 8003 11 8135 7 8265 5 8395 3 8523 3 8651 2 8779 2 8908 1 10307 2 10432 8 10559 9 10687 8 10815 6 10942 7 11071 5 11199 4 11327 4,,11057 2 11088 1 11215 2 11343 2 11470 3 11574 1 11597 4 11701 4 11723 7 11829 13 11849 8 11957 28 12085 26 12214 24 12342 24 12471 22 12605 10 12619 1 12735 1 12739 3,6053 1 6180 5 6308 6 6436 8 6498 3 6559 2 6564 9 6625 4 6686 3 6693 9 6751 7 6814 3 6821 10 6878 8 6936 2 6941 4 6947 12 7005 10 7062 25 7131 12 7146 1 7190 26 7258 13 7273 5 7317 27 7385 23 7445 28 7512 25 7573 29 7639 27 7701 29 7765 29 7829 29 7892 31 7957 30 8020 31 8084 31 8148 31 8212 31 8275 32 8340 31 8403 32 8468 31 8531 31 8595 32 8659 31 8723 29 8787 31 8850 30 8915 30 8978 31 9046 27 9106 31 9174 27 9234 31 9301 28 9363 30 9429 28 9491 31 9556 29 9619 31 9684 29 9747 31 9811 30 9875 22 9899 7 9939 30 10003 22 10028 6 10067 31 10132 21 10157 5 10195 9 10205 21 10260 22 10285 5 10322 9 10333 20 10388 22 10413 5 10450 9 10461 20 10517 14 10536 1 10542 4 10578 9 10588 20 10646 14 10670 4 10705 9 10716 20 10775 15 10799 3 10833 8 10844 19 10904 16 10928 2 10961 8 10972 19 11034 16 11089 7 11100 18 11163 17 11217 6 11228 17 11293 16 11345 5 11356 15 11422 17 11473 4 11482 16 11553 16 11601 3 11608 16 11683 15 11730 1 11735 16 11814 13 11861 16 11944 12 11988 15 12074 11 12113 15 12203 11 12240 14 12333 9 12367 12 12462 9 12494 11 12593 9 12622 8 12724 6 12751 4
gap_875e76c67368017dd0,,6320 1 6441 4 6447 2 6568 6 6575 2 6696 9 6824 7 6953 4 6993 2 7121 8 7250 8 7379 7 7508 6 7637 4,,,5447 7 5572 11 5696 16 5822 17 5949 17 6076 16 6209 10 6341 6 6471 3 6600 2 6729 1 9788 3 9915 5 10042 6 10169 8 10297 8 10425 8 10553 8 10681 8 10809 8 10937 8 11065 8 11193 8 11321 8 11449 7 11578 6 11707 3,6203 6 6330 11 6457 14 6584 16 6712 17 6839 19 6967 19 7095 19 7222 20 7350 20 7478 19 7606 19 7734 19 7862 19 7990 18 8118 18 8246 18 8374 18 8501 18 8629 18 8758 17 8886 17 9015 16 9143 15 9272 14 9401 12 9532 6,12087 2 12215 8 12343 8 12473 6,6431 4 6558 6 6686 8 6814 9 6942 11 7070 12 7198 18 7326 22 7454 23 7517 3 7583 4 7590 15 7642 7 7716 16 7755 4 7768 9 7826 2 7843 17 7882 12 7896 9 7953 8 7969 18 8010 23 8080 9 8096 18 8139 22 8208 10 8222 20 8267 22 8335 11 8349 20 8395 21 8463 10 8477 20 8524 15 8541 2 8591 9 8605 20 8652 15 8682 3 8720 4 8732 20 8780 16 8806 1 8808 6 8848 4 8860 20 8909 15 8933 10 8977 3 8982 5 8989 19 9036 19 9060 11 9105 2 9109 6 9118 18 9164 20 9187 12 9234 1 9236 8 9248 15 9292 21 9315 12 9364 8 9377 14 9420 21 9443 12 9492 9 9505 14 9548 21 9574 9 9620 9 9635 12 9676 20 9703 8 9749 9 9763 12 9804 19 9827 1 9832 7 9869 4 9878 8 9893 10 9932 16 9949 1 9953 4 9959 8 9997 4 10007 7 10022 9 10060 14 10081 13 10124 7 10135 6 10151 8 10188 14 10208 13 10252 9 10266 1 10281 6 10316 13 10336 11 10379 11 10411 4 10444 11 10463 10 10507 13 10571 10 10591 9 10635 15 10699 9 10718 9 10764 19 10827 6 10845 9 10892 23 10956 1 10973 8 10983 5 11021 28 11102 6 11109 7 11150 30 11230 5 11236 8 11280 30 11362 10 11411 27 11472 2 11486 13 11541 27 11595 32 11671 26 11723 30 11801 25 11850 30 11932 22 11977 29 12064 19 12102 31 12193 18 12229 31 12324 15 12355 32 12454 12 12483 30 12610 25 12738 21 12867 17 12996 11
gap_45728b0dfed4ad5c39,11607 7 11736 6,7742 5 7870 6 7997 8 8125 8 8253 9 8381 8 8509 8 8637 7,3641 14 3767 22 3894 30 4022 34 4151 35 4279 37 4407 38 4536 38 4664 39 4792 40 4921 40 5049 41 5177 42 5305 42 5433 43 5561 44 5689 45 5817 45 5946 45 6074 45 6202 45 6331 45 6460 44 6589 44 6720 42 6850 40 6979 40 7108 39 7237 39 7317 6 7365 39 7445 6 7494 39 7573 7 7623 38 7700 8 7752 37 7828 8 7881 36 7955 9 8010 35 8083 10 8139 35 8211 10 8267 35 8339 10 8396 34 8467 10 8524 34 8595 10 8652 34 8723 11 8740 3 8781 33 8851 11 8868 3 8909 33 8980 11 9037 33 9108 12 9165 33 9236 13 9293 33 9364 16 9422 32 9492 20 9513 2 9550 32 9620 23 9679 31 9749 22 9807 30 9877 22 9936 29 10005 22 10064 28 10134 21 10193 27 10262 20 10321 26 10391 17 10450 24 10520 15 10579 23 10649 14 10708 21 10778 12 10837 19 10907 10 10966 16 11036 8 11096 13 11165 6 11225 11 11295 1 11354 8,8245 2 8372 3 8499 4 8523 1 8627 4 8651 1 8779 2 8908 1 9036 1 9137 3 9261 8 9387 10 9515 10 9643 10 9771 10 9899 10 10027 9 10155 8 10283 7 10413 3,3887 5 4012 10 4138 13 4265 14 4392 15 4519 17 4646 18 4772 20 4899 22 5027 22 5154 23 5281 24 5409 24 5537 24 5665 24 5793 24 5921 25 6050 24 6178 24 6306 24 6434 23 6562 23 6690 23 6817 24 6944 25 7072 24 7200 23 7328 23 7456 22 7584 21 7712 21 7841 19 7970 18 8099 16 8228 15 8356 14 8485 11 8617 5,,4190 2 4317 4 4382 4 4446 4 4509 4 4576 3 4636 4 4705 3 4763 4 4834 3 4891 3 4963 2 5019 2 5091 3 5146 2 5220 2 5274 1 5349 2 5477 2 5605 3 5734 3 5862 3 5991 2 6119 2 6294 2 6422 2 6549 3 6677 2 6932 1 7789 2 7917 2 8045 3 8174 2 8209 2 8302 2 8337 2 8430 2 8465 2 8559 1 8593 2 8721 2 8850 1 8897 3 8978 1 9022 9 9149 11 9276 13 9404 13 9531 14 9659 14 9787 14 9915 14 10044 13 10172 12 10300 12 10428 12 10555 13 10683 14 10810 16 10937 19 11066 18 11204 5 11292 2 11333 3 11363 3 11420 3 11439 3 11490 3 11549 4 11565 5 11616 4 11678 4 11693 4 11744 3 11808 2 11871 3,11339 2 11446 3 11452 6 11465 6 11572 17 11592 8 11699 30 11825 32 11944 3 11951 36 12071 24 12099 23 12198 24 12228 23 12326 24 12356 24 12455 22 12485 23 12584 19 12614 21 12714 15 12744 17 12846 8 12874 12 13005 4
gap_c9f10e4b082c0db22a,,,,,,,,8805 4 8932 7 8980 4 9058 10 9106 7 9186 11 9233 9 9313 12 9360 11 9441 13 9487 12 9569 13 9615 12 9697 13 9743 12 9826 11 9871 12 9955 10 10000 11 10085 6 10128 10 10215 3 10257 7 10387 3 10593 6 10719 11 10845 14 10903 6 10972 15 11028 11 11099 16 11155 13 11227 16 11282 15 11355 15 11410 16 11483 14 11539 15 11608 16 11667 16 11735 17 11796 16 11860 19 11926 15 11987 19 12055 16 12114 19 12185 16 12241 18 12314 17 12370 13 12444 16 12499 9 12580 8 12711 3
gap_bcfb0e649badcb51be,3745 8 3869 17 3995 23 4122 26 4177 3 4248 29 4283 5 4303 12 4375 30 4411 8 4423 23 4501 32 4539 37 4628 31 4669 37 4755 30 4798 37 4882 29 4928 37 5009 28 5058 37 5135 28 5187 37 5263 27 5316 38 5390 28 5445 38 5517 28 5574 38 5644 29 5702 39 5771 30 5831 39 5899 30 5959 40 6026 31 6087 41 6154 31 6216 41 6281 32 6344 41 6409 32 6472 42 6536 33 6601 41 6664 32 6729 42 6791 33 6857 42 6919 33 6986 42 7047 33 7114 43 7175 33 7243 42 7303 33 7373 41 7431 33 7504 38 7559 33 7633 38 7687 33 7762 37 7815 34 7891 36 7943 34 8019 36 8071 34 8148 36 8199 35 8276 36 8327 36 8404 36 8455 36 8531 37 8584 36 8659 37 8712 36 8787 37 8840 35 8915 37 8969 34 9043 37 9097 33 9155 4 9172 36 9225 32 9282 11 9300 36 9353 32 9410 12 9429 35 9482 30 9538 13 9557 35 9610 29 9667 12 9685 34 9738 28 9796 11 9813 34 9867 27 9925 10 9941 34 9995 26 10054 9 10069 33 10124 24 10183 8 10196 34 10252 24 10277 1 10311 8 10324 33 10381 25 10439 9 10451 34 10509 25 10568 8 10579 33 10638 24 10665 2 10696 9 10707 33 10767 23 10793 3 10824 43 10896 22 10921 4 10953 42 11025 29 11081 42 11153 32 11209 41 11282 34 11338 39 11411 33 11466 38 11540 32 11595 36 11670 29 11723 36 11799 27 11853 33 11928 25 11982 31 12058 21 12112 28 12189 16 12242 25 12326 5 12371 22 12501 19 12633 13 12768 4,5168 5 5293 9 5419 12 5436 6 5547 12 5562 10 5675 25 5802 27 5931 26 6059 26 6187 26 6316 25 6444 25 6573 25 6699 28 6826 11 6839 17 6953 10 6969 15 7081 10 7098 15 7208 12 7231 10 7336 13 7362 7 7464 19 7491 12 7592 20 7620 12 7721 20 7748 12 7849 20 7875 13 7977 21 8003 12 8106 20 8132 10 8235 20 8261 8 8363 20 8390 6 8492 18 8621 17 8750 16 8878 8 8888 6 9007 6 9017 5 9040 1 9135 6 9168 1 9259 11 9386 12 9513 12 9640 12 9768 13 9896 13 10025 12 10154 11 10283 10 10412 9 10541 8 10669 8 10798 7 10927 5,,,,,2856 5 2983 9 3116 6 3246 5 3374 10 3503 11 3631 20 3760 23 3891 20 3945 4 4021 19 4074 7 4117 2 4157 11 4203 7 4244 3 4290 3 4334 5 4370 4 4497 4 4624 4 4751 4 4878 3 5005 4 5226 2 5355 3 5483 4 5612 4 5741 4 5870 3 5897 1 5999 3 6023 3 6128 2 6151 3 6257 2 6278 3 6405 4 6534 2 7286 1 7414 3 7428 3 7542 3 7555 4 7671 3 7683 4 7799 3 7812 3 7927 3 7940 3 8057 1 8069 1 8838 2 8952 3 8965 4 9080 4 9093 4 9208 4 9221 4 9336 3 9350 3 9464 3 9478 3 9593 2 9607 2 9790 4 9918 5 10045 8 10172 9 10299 11 10427 11 10485 3 10554 12 10613 3 10635 2 10681 13 10740 4 10763 4 10809 14 10867 4 10892 3 10937 14 10995 4 11021 3 11064 15 11123 4 11149 4 11192 15 11251 3 11277 5 11320 15 11379 2 11406 5 11448 15 11535 4 11577 14 11664 4 11705 13 11793 4 11833 13 11922 4 11960 15 12051 4 12087 16 12180 3 12214 18 12268 2 12309 3 12341 20 12394 4 12439 1 12468 22 12521 4 12594 24 12647 5 12719 28 12774 5 12848 27 12900 6 12977 25 13026 7 13104 25 13153 7 13232 26 13280 6 13360 11 13373 14 13406 7 13488 11 13502 3 13507 9 13616 10 13635 10 13763 10 13894 7,10756 1 10883 3 11004 2 11011 5 11132 2 11139 6 11259 2 11267 7 11386 3 11395 7 11513 4 11523 8 11640 6 11651 9 11767 7 11779 10 11895 6 11908 10 12022 6 12037 10 12149 7 12167 9 12276 7 12295 10 12404 6 12424 9 12531 6 12554 1 12556 6 12658 6 12685 6 12785 6 12815 5 12912 6 12945 4 13039 5 13074 4 13165 5 13203 4 13292 5 13333 4 13419 4 13461 5 13547 4 13591 2 13675 2
gap_272470562221780932,,7237 4 7364 8 7491 10 7618 11 7745 12 7873 12 8001 12 8130 2 8134 7,,8416 1 8544 2 8672 3 8801 2,4032 3 4150 3 4158 7 4167 5 4175 3 4277 6 4285 23 4404 34 4531 37 4569 4 4657 27 4685 21 4784 27 4813 22 4893 3 4912 27 4943 21 5020 5 5039 27 5073 21 5148 6 5167 27 5203 20 5275 8 5295 27 5331 23 5403 9 5423 25 5461 4 5470 14 5531 12 5550 13 5566 10 5590 2 5599 14 5658 14 5677 12 5697 7 5727 15 5785 18 5804 10 5827 5 5856 14 5912 31 5956 4 5985 14 6039 30 6115 12 6166 26 6243 13 6293 26 6329 5 6371 13 6421 27 6457 7 6499 14 6549 27 6584 10 6627 14 6677 27 6712 11 6755 14 6805 28 6839 13 6863 3 6883 15 6933 5 6942 20 6965 16 6989 6 7012 14 7061 4 7071 39 7117 7 7140 14 7199 35 7245 7 7269 14 7329 31 7374 6 7385 2 7396 15 7460 20 7503 5 7512 4 7523 16 7589 18 7640 5 7649 17 7718 16 7770 3 7775 19 7847 4 7903 19 8031 17 8159 16 8288 13 8417 11 8546 8 8675 6 8803 5 8930 5,,8259 3 8385 9 8511 13 8638 15 8766 16 8894 16 9022 16 9150 16 9279 14 9407 14 9535 14 9663 13 9790 13 9917 13 10044 17 10172 18 10300 19 10429 18 10561 11 10690 7 10819 4 10947 4 11075 4 11203 4 11331 3 11460 1,7839 2 7855 8 7966 4 7983 12 8018 5 8093 6 8110 15 8143 10 8212 6 8221 7 8238 15 8270 12 8343 3 8349 8 8365 17 8398 13 8472 3 8477 9 8493 17 8526 13 8606 9 8621 16 8654 14 8735 9 8749 16 8782 14 8864 10 8877 16 8910 14 8992 11 9006 15 9038 14 9121 10 9134 15 9166 14 9248 12 9263 14 9295 13 9376 13 9392 13 9423 13 9504 14 9521 12 9550 13 9633 13 9650 10 9678 12 9761 14 9779 8 9806 11 9829 2 9890 14 9910 3 9935 9 9956 3 10019 13 10066 3 10082 4 10149 12 10209 3 10280 9 10335 4 10410 7 10422 3 10462 4 10540 5 10549 8 10579 2 10589 3 10671 2 10676 12 10704 8 10717 2 10802 16 10825 16 10930 16 10952 18 11058 17 11079 19 11186 17 11207 19 11314 17 11335 18 11442 17 11462 18 11571 16 11590 18 11700 16 11717 18 11829 32 11958 13 11973 15 12088 10 12102 12 12217 8 12231 9 12361 2
gap_3a9f95c49838c8cad7,4639 5 4766 6 4893 6 5020 7 5147 8 5222 2 5273 10 5348 6 5400 11 5476 7 5527 12 5603 9 5654 14 5731 10 5782 14 5859 11 5909 15 5988 11 6037 16 6117 10 6164 17 6245 11 6291 18 6374 10 6419 10 6502 10 6547 7 6630 11 6675 5 6758 11 6803 4 6886 12 6931 2 7000 1 7015 11 7059 2 7125 5 7143 11 7252 6 7271 12 7379 8 7400 11 7493 4 7504 11 7528 11 7607 4 7620 24 7656 11 7733 7 7748 24 7784 11 7860 9 7876 25 7913 10 7988 9 8004 25 8041 10 8116 9 8132 25 8169 10 8244 9 8260 26 8297 10 8372 8 8388 27 8425 10 8500 8 8517 26 8552 11 8629 6 8645 27 8680 11 8757 6 8774 28 8807 12 8886 6 8903 44 8978 1 9014 6 9032 43 9106 2 9143 5 9161 42 9233 3 9272 5 9290 41 9362 3 9400 5 9418 41 9490 3 9529 4 9547 40 9618 3 9657 4 9675 40 9747 3 9785 4 9803 39 9875 4 9913 3 9931 38 10004 3 10041 3 10060 37 10132 4 10169 3 10188 37 10262 3 10296 4 10316 36 10391 2 10423 4 10444 35 10520 3 10551 4 10572 35 10649 3 10678 5 10700 34 10777 4 10805 5 10828 33 10906 4 10931 6 10957 31 11036 5 11057 7 11085 30 11165 6 11182 9 11214 28 11295 23 11343 25 11425 19 11472 23 11554 15 11602 19 11684 10 11732 16 11862 12 11993 5,5297 4 5424 6 5548 1 5550 9 5676 11 5804 11 5933 9 6062 7 6191 6 6320 6 6449 6 6577 7 6706 7 6834 7 6857 4 6963 7 6984 7 7093 4 7111 10 7239 10 7368 9 7497 6 8380 6 8508 7 8635 9 8763 9 8892 7 9020 7 9149 5 9278 4,4029 6 4153 17 4280 22 4406 29 4534 38 4663 39 4791 40 4919 41 5046 42 5170 46 5301 43 5430 42 5559 41 5687 38 5815 36 5942 36 6069 37 6197 37 6242 2 6326 36 6369 4 6455 35 6496 6 6584 34 6623 7 6713 11 6726 19 6750 8 6841 4 6855 2 6861 10 6877 9 6983 1 6991 6 7004 11 7121 2 7131 12 7249 1 7259 12 7387 13 7515 13 7644 12 7772 12 7831 4 7901 12 7957 7 8029 12 8085 8 8157 12 8213 9 8286 11 8340 10 8415 10 8468 11 8543 9 8596 11 8672 8 8724 12 8802 5 8852 12 8980 13 9108 13 9237 14 9365 17 9493 29 9622 29 9751 28 9879 28 10008 27 10136 26 10265 25 10394 23 10523 22 10652 21 10782 18 10912 15 11042 12 11172 7,,6433 5 6562 4 6689 6 6817 5 7488 3 7595 5 7616 3 7723 6 7743 4 7850 8 7871 5 7978 8 8001 2 8105 9 8233 10 8361 10 8489 10 8617 10 8746 9 8874 9 9002 8 9131 2,,3625 3 3633 1 3749 8 3803 4 3875 10 3923 4 3931 6 4001 11 4059 7 4127 12 4189 7 4254 11 4318 7 4380 8 4448 6 4507 6 4577 6 4633 6 4706 6 4761 5 4835 6 4888 4 4965 5 5015 5 5096 2 5142 5 5270 3 5397 3 5525 2 6128 1 6162 1 6256 2 6289 2 6384 3 6416 3 6513 2 6544 3 6641 2 6671 4 6769 2 6799 3 6898 1 6928 2 7795 1 7923 2 8051 2 8079 2 8179 2 8207 2 8307 2 8335 3 8435 2 8463 3 8592 1 9283 5 9409 8 9535 11 9663 11 9790 13 9918 13 9969 2 10046 12 10097 2 10173 13 10225 2 10260 1 10301 14 10352 3 10388 3 10429 13 10479 3 10516 3 10557 13 10607 2 10645 3 10685 12 10735 1 10774 3 10814 11 10902 3 10942 10 11031 3 11069 11 11161 1 11197 11 11326 11 11451 1 11456 8 11585 3 11714 1 11814 9 11942 8 11998 2 12071 5 12121 8 12249 8 12379 4,11453 2 11579 5 11591 7 11703 10 11717 11 11827 15 11843 15 11953 35 12079 38 12206 19 12226 20 12334 17 12356 18 12462 14 12486 16 12593 7 12616 14 12746 8
gap_0e6865ba962fcf8fdb,,6337 2 6465 2 6593 2 6716 1 6842 5 6968 7 6981 2 7094 10 7107 6 7115 1 7222 9 7235 6 7244 2 7350 9 7363 6 7372 2 7478 7 7491 6 7606 6 7619 6 7749 2,5348 1 5476 2 5603 4 5731 5 5858 7 5985 9 6112 10 6238 13 6364 15 6491 16 6619 16 6747 16 6874 17 7002 18 7129 19 7257 19 7385 19 7514 18 7642 18 7770 18 7898 17 8027 16 8155 16 8283 16 8411 16 8540 15 8669 13 8798 12 8926 12 9055 10 9183 10 9311 9 9439 9 9567 8 9695 7 9823 7 9953 3,7592 7 7719 9 7846 10 7889 1 7974 10 8016 4 8101 15 8143 6 8227 10 8239 5 8271 7 8355 9 8367 5 8399 12 8482 18 8527 13 8609 19 8655 14 8737 18 8783 15 8865 18 8911 15 8993 18 9039 16 9122 17 9167 5 9174 9 9250 16 9295 5 9302 9 9378 15 9423 6 9430 9 9507 13 9551 16 9636 11 9680 15 9765 8 9809 14 9895 4 9937 13 10067 10 10200 2,4172 4 4272 6 4299 9 4396 11 4427 20 4522 14 4555 22 4649 16 4683 22 4776 22 4811 23 4901 28 4939 23 5027 38 5067 24 5154 40 5195 24 5282 66 5410 66 5541 62 5673 24 5701 30 5803 21 5830 28 5927 24 5958 27 6054 24 6086 26 6177 28 6214 24 6303 28 6341 12 6355 7 6430 23 6469 12 6485 4 6557 23 6598 12 6685 20 6727 14 6813 19 6856 13 6941 18 6987 11 7069 8 7080 7 7116 11 7197 6 7210 2 7218 4 7246 10 7325 5 7342 8 7374 11 7453 5 7463 15 7505 9 7581 5 7591 1 7599 7 7633 9 7708 6 7728 1 7762 8 7836 6 7891 5 7965 4 8093 3 8221 2 8349 2 8478 1,,4195 2 4323 3 4451 4 4580 3 4710 2 4839 2 4967 2 5096 1 5660 1 5787 2 5867 2 5915 1 5995 2 6123 2 6252 1 7192 1 7319 2 7405 1 7533 2 7661 2 7743 2 7789 2 7869 8 7996 11 8123 13 8251 14 8379 14 8507 15 8635 15 8763 14 8891 14 9019 14 9147 13 9276 12 9403 13 9531 13 9658 15 9780 22 9908 23 10043 18 10175 12 10304 2 10310 3 11072 1 11200 1,8246 3 8373 4 8501 4 8524 1 8628 6 8651 4 8756 6 8779 4 8884 6 8907 4 9011 7 9034 5 9139 7 9162 5 9267 6 9290 5 9395 6 9418 5 9524 4 9547 4 9675 3 10031 7 10156 13 10282 20 10315 6 10409 22 10435 3 10441 11 10537 22 10563 22 10665 22 10690 24 10794 21 10818 24 10923 20 10946 24 11053 18 11075 22 11183 16 11203 21 11315 10 11331 19 11446 5 11460 16 11590 12
gap_6654054bdbec84360a,7487 2 7614 4 7742 5 7869 6 7997 6 8126 5 8241 1 8254 3 8367 5 8494 7 8521 7 8621 9 8648 9 8749 10 8776 10 8877 11 8904 11 9004 12 9033 10 9132 12 9161 10 9260 11 9290 9 9389 10 9419 8 9518 8 9550 4 9647 6 9776 4,7620 3 7627 3 7749 2 7753 5 7877 2 7881 5 7994 1 8010 3 8117 6 8139 1 8245 5 8373 5,,,8257 2 8382 6 8509 7 8638 5,,8108 3 8235 4 8276 1 8363 4 8403 4 8491 3 8531 4 8619 2 8659 4 8767 4 8787 4 8894 7 8917 1 9021 8 9148 10 9276 10 9383 2 9403 11 9432 2 9511 4 9532 10 9558 5 9639 5 9659 11 9685 5 9768 4 9786 13 9811 6 9898 3 9913 15 9930 2 9938 6 10041 19 10066 4 10169 19 10301 7 10311 5 10431 4 10440 3,6451 3 6481 1 6576 7 6607 7 6702 9 6730 2 6735 9 6829 10 6863 10 6957 9 6992 9 7036 3 7044 5 7087 4 7125 3 7163 4 7171 9 7187 3 7289 6 7299 11 7314 5 7416 7 7427 13 7441 6 7543 8 7555 20 7661 3 7670 9 7685 19 7789 4 7797 11 7814 18 7916 21 7942 19 8044 21 8070 19 8172 21 8198 19 8300 21 8326 19 8429 20 8453 20 8559 18 8580 21 8688 17 8708 21 8817 16 8836 21 8946 14 8964 21 9076 6 9084 3 9094 20 9202 2 9207 2 9231 12 9321 2 9329 4 9361 7 9369 2 9448 3 9456 5 9489 7 9497 2 9572 1 9575 2 9583 5 9618 8 9700 1 9703 1 9710 6 9746 9 9836 6 9875 9 9959 2 9963 5 10006 8 10086 6 10136 7 10207 2 10213 6 10267 5 10334 4 10340 6 10397 4 10425 5 10435 5 10461 12 10527 4 10552 7 10562 9 10589 11 10656 4 10680 8 10689 11 10717 11 10786 4 10808 20 10844 11 10914 5 10936 20 10972 10 11043 6 11064 19 11101 6 11172 5 11194 5 11203 7 11231 3 11301 5 11332 4 11430 4
gap_0970c67092e89f28db,4435 3 4561 10 4687 15 4813 18 4940 20 5069 20 5199 21 5327 22 5456 22 5585 22 5714 9 5727 8 5843 3 5859 5 5918 2 5989 3 6044 5 6118 2 6171 6 6298 7 6425 8 6553 9 6680 11 6807 12 6935 13 7063 14 7146 2 7190 15 7274 3 7318 15 7401 4 7446 16 7529 4 7574 16 7657 4 7702 17 7757 5 7785 4 7829 20 7883 8 7913 4 7957 22 8005 14 8042 3 8085 14 8101 7 8132 15 8171 2 8213 12 8230 7 8261 15 8299 2 8341 11 8359 8 8389 15 8427 3 8469 11 8487 14 8517 16 8555 3 8597 10 8616 15 8646 15 8683 3 8724 11 8744 15 8774 16 8811 3 8852 11 8872 15 8902 16 8939 3 8980 11 9000 15 9031 16 9066 4 9108 12 9127 16 9159 17 9194 4 9237 13 9253 18 9288 17 9321 5 9365 34 9417 17 9448 5 9493 34 9545 19 9575 6 9621 34 9673 21 9702 7 9749 33 9802 21 9830 7 9877 33 9930 23 9956 8 10006 32 10058 34 10134 31 10186 33 10263 30 10315 32 10391 30 10443 32 10520 29 10571 31 10649 28 10699 30 10777 27 10827 30 10906 26 10955 29 11034 26 11084 27 11163 24 11212 27 11292 22 11341 24 11422 18 11470 22 11553 14 11599 19 11727 17 11857 13 11986 7,5300 10 5423 18 5548 24 5674 27 5801 29 5928 31 6056 31 6184 32 6312 35 6440 36 6569 36 6697 36 6825 22 6851 10 6953 20 6982 6 7082 17 7110 7 7211 14 7237 8 7340 12 7365 8 7468 10 7493 9 7597 8 7621 9 7726 6 7750 7 7855 4 7879 4 7997 5 8123 8 8250 10 8377 12 8505 12 8633 12 8761 12 8888 12 9016 12 9145 10 9274 7,5723 4 5849 10 5976 13 6104 14 6231 16 6359 17 6486 19 6613 21 6741 21 6868 22 6996 22 7123 23 7251 23 7378 23 7506 23 7634 23 7762 23 7891 22 8019 23 8147 24 8276 23 8404 23 8480 3 8533 22 8607 6 8661 22 8735 7 8790 21 8863 8 8918 21 8991 8 9047 19 9120 7 9176 18 9250 3 9305 16 9435 13 9565 9 9695 6,,,,3922 5 4018 4 4047 11 4145 5 4175 13 4268 9 4303 2 4307 11 4394 7 4439 2 4442 6 4521 8 4572 6 4648 7 4702 5 4777 5 4831 5 4905 2 4960 5 5089 4 5152 1 5220 2 5278 3 5405 3 5532 4 5660 3 5787 3 5914 2 6041 2 6168 3 6507 1 6635 2 6763 2 6891 2 7019 2 7148 2 7188 2 7316 2 7443 3 7571 3 7699 3 7827 2 7955 2 8083 2 8815 1 8943 1 8978 2 9070 2 9106 2 9198 2 9234 3 9326 1 9362 3 9409 5 9453 2 9490 3 9533 10 9581 2 9618 3 9660 12 9709 2 9747 2 9787 14 9875 2 9914 15 10003 2 10042 15 10169 15 10297 15 10425 15 10554 14 10682 13 10811 12 10939 12 11068 11 11196 12 11291 1 11323 13 11419 3 11451 13 11547 4 11579 11 11618 3 11676 4 11708 8 11744 4 11805 4 11826 1 11839 3 11854 2 11870 5 11934 3 11952 3 11968 1 11982 3 11997 5 12079 3 12111 3 12124 4 12208 1 12253 1 12480 1 12608 2,11719 4 11834 3 11844 8 11957 10 11971 10 12083 12 12098 12 12209 14 12226 14 12332 19 12354 17 12459 20 12483 21 12587 19 12611 21 12716 16 12742 16 12846 9 12877 6
gap_5a27f80f7d4cebf5e1,5170 2 5292 11 5418 18 5451 9 5544 22 5574 16 5671 23 5701 19 5799 24 5829 20 5926 24 5957 21 6053 24 6085 22 6180 25 6214 22 6307 25 6342 23 6435 24 6471 22 6562 24 6599 23 6690 24 6727 24 6817 24 6856 23 6945 24 6985 23 7072 24 7113 23 7200 23 7242 22 7328 23 7370 23 7455 24 7499 22 7583 23 7627 22 7711 23 7755 22 7839 22 7883 23 7966 23 8010 24 8094 22 8137 25 8222 22 8263 27 8350 22 8390 28 8478 21 8518 28 8606 21 8645 29 8734 21 8767 4 8773 29 8862 20 8894 36 8990 20 9023 35 9118 19 9151 34 9247 18 9281 32 9375 17 9410 31 9503 17 9538 31 9631 16 9667 29 9760 15 9795 29 9888 15 9923 29 10017 14 10052 27 10145 14 10181 26 10273 14 10309 25 10402 13 10438 24 10530 14 10567 22 10659 14 10695 22 10788 15 10824 20 10917 15 10953 18 11046 15 11081 17 11175 13 11210 15 11305 11 11338 14 11435 8 11467 12 11564 4 11596 9 11725 6,6974 9 7101 12 7227 15 7354 16 7481 18 7608 19 7735 20 7863 20 7990 15 8008 1 8118 14 8246 13 8374 12 8502 10 8630 8 8758 6 8884 7 9011 7 9138 8 9265 9 9392 10 9520 10 9647 11 9775 11 9903 11 10031 11 10159 10 10287 10 10416 8 10545 6 10674 4,,,9277 4 9405 5 9533 4 9662 1,,4658 4 4784 6 4798 8 4909 8 4925 11 5036 8 5052 14 5163 2 5180 16 5308 16 5439 7 5721 1 5849 2 5978 2 6107 2 6236 1 6365 1 6751 1 6879 2 7008 1 7136 2 7265 2 7393 2 7521 2 7649 2 7778 1 8034 2 8092 2 8162 2 8220 2 8290 2 8348 2 8418 2 8476 1 8547 1 8604 1 8675 1 8732 1 8860 2 8988 2 9116 2 9244 3 9372 3 9500 3 9629 2 9758 1 9790 2 9886 1 9917 5 10014 2 10045 6 10143 1 10172 8 10271 2 10300 8 10399 2 10427 9 10528 1 10555 9 10682 10 10718 1 10810 10 10845 2 10938 10 10972 3 11065 11 11099 3 11192 13 11226 4 11319 14 11353 4 11445 16 11481 3 11572 4 11581 4 11589 5 11608 2 11699 5 11710 3 11718 5 11823 8 11846 6 11974 5 12094 2 12110 2 12222 2,9617 3 9709 3 9745 4 9836 4 9873 4 9964 4 10003 2 10092 2 10132 2 10219 2 10261 1 10347 1 10390 1 10474 2 10518 1 10601 2 10646 2 10729 2 10775 2 10855 3 10903 3 10983 3 11032 3 11109 4 11161 3 11236 4 11291 3 11362 4 11419 4 11489 3 11549 3 11576 5 11587 2 11616 2 11678 4 11704 5 11713 5 11743 2 11808 3 11831 7 11840 6 11869 4 11937 4 11959 7 11968 6 11996 4 12066 3 12087 7 12096 6 12125 1 12196 1 12216 5 12225 5 12355 1
gap_9450b4d245916d29be,3870 14 3996 22 4122 25 4157 3 4178 10 4248 27 4284 7 4304 15 4374 28 4412 13 4428 21 4501 27 4541 37 4627 27 4671 37 4753 26 4800 38 4880 25 4930 38 5007 25 5059 38 5134 25 5188 39 5261 25 5317 39 5388 26 5446 39 5515 26 5575 39 5643 26 5703 40 5770 26 5832 40 5897 27 5961 39 6025 27 6089 40 6152 27 6217 41 6280 27 6345 41 6407 28 6473 42 6535 28 6602 42 6663 27 6730 42 6791 27 6858 43 6919 27 6986 43 7047 26 7114 44 7175 26 7242 45 7302 27 7370 45 7430 27 7498 45 7558 27 7626 46 7686 27 7753 47 7815 26 7881 47 7943 27 8009 47 8071 28 8137 48 8199 28 8265 48 8327 29 8393 48 8456 29 8523 2 8530 39 8584 30 8657 40 8712 31 8784 41 8840 31 8911 42 8968 32 9038 43 9097 31 9166 42 9225 31 9296 40 9354 31 9425 39 9482 30 9553 38 9611 29 9681 38 9739 29 9798 5 9809 38 9867 29 9926 6 9936 38 9996 24 10054 48 10124 23 10183 47 10253 21 10279 2 10311 11 10323 34 10381 21 10407 4 10439 10 10453 32 10510 21 10534 5 10568 8 10581 32 10638 30 10696 8 10709 31 10767 30 10824 8 10836 31 10896 29 10953 7 10964 31 11025 30 11081 7 11092 30 11154 34 11209 7 11219 30 11284 33 11338 6 11347 30 11413 31 11466 7 11474 30 11542 30 11595 36 11671 28 11724 35 11799 27 11853 33 11928 25 11982 31 12058 22 12111 29 12187 19 12240 27 12318 13 12373 21 12504 16 12638 7,4912 6 5037 10 5053 2 5164 11 5181 4 5291 12 5309 5 5418 12 5437 5 5546 14 5564 7 5674 27 5802 28 5930 29 6058 30 6186 30 6315 29 6443 29 6573 27 6703 25 6832 24 6950 1 6960 24 7077 2 7088 25 7205 2 7215 14 7232 8 7333 2 7337 20 7361 7 7462 23 7490 3 7590 25 7718 29 7846 30 7974 32 8102 32 8230 32 8358 32 8486 22 8512 6 8615 20 8641 6 8744 17 8769 8 8873 15 8899 8 9002 13 9027 7 9130 14 9156 6 9259 14 9285 6 9388 2 9395 7 9415 4 9525 5 9546 1 9654 4 9774 4 9900 7 10027 9 10155 10 10283 10 10412 10 10541 8 10669 8 10798 7 10928 4,,,9148 4 9276 5 9405 2,,2727 4 2849 14 2977 17 3109 14 3238 13 3367 19 3403 9 3496 20 3529 14 3544 10 3609 4 3627 44 3675 13 3736 5 3757 4 3763 36 3804 3 3813 5 3862 6 3893 27 3923 3 3945 2 3987 8 4023 4 4029 18 4114 7 4168 6 4241 6 4368 6 4496 5 4710 3 4839 3 4969 3 5097 4 5131 1 5227 4 5258 2 5356 3 5385 2 5485 2 5512 3 5639 4 5767 3 5895 2 6023 1 6644 3 6661 1 6772 3 6788 3 6901 3 6915 4 7029 4 7043 4 7158 3 7171 4 7287 2 7299 3 7428 2 8069 2 8185 2 8196 3 8313 3 8324 3 8441 3 8452 4 8569 3 8580 4 8697 3 8708 4 8825 3 8837 3 9719 2 9737 1 9790 4 9847 3 9864 3 9917 7 9974 4 9992 4 10044 9 10102 4 10121 3 10171 10 10230 3 10249 4 10298 12 10358 3 10377 4 10426 12 10486 3 10506 3 10553 14 10634 4 10681 14 10763 3 10808 15 10891 4 10936 15 11021 2 11064 15 11150 1 11192 15 11320 15 11377 3 11449 13 11505 2 11577 12 11632 3 11705 12 11759 4 11833 13 11886 4 11960 15 12013 5 12083 2 12088 15 12141 4 12209 3 12216 15 12268 4 12334 5 12343 15 12395 4 12440 3 12460 7 12471 15 12523 3 12569 3 12582 12 12598 16 12651 2 12698 24 12726 5 12732 11 12828 21 12854 5 12861 4 12867 4 12876 4 12958 18 12982 5 12989 4 12995 5 13005 5 13089 10 13104 5 13113 2 13117 11 13134 6 13232 5 13245 12 13264 6 13359 5 13373 13 13394 10 13487 5 13502 12 13528 4 13635 6 13764 1,11130 1 11133 1 11258 4 11268 1 11388 2 11395 3 11400 2 11516 2 11523 9 11644 2 11651 9 11768 2 11771 3 11779 5 11895 4 11908 4 12022 5 12037 6 12149 5 12166 6 12276 5 12296 7 12403 5 12425 8 12530 6 12554 8 12657 7 12684 7 12784 7 12814 6 12911 7 12944 5 13039 6 13073 5 13109 4 13165 7 13203 4 13237 6 13259 2 13292 6 13332 5 13365 6 13386 5 13419 6 13461 4 13493 5 13514 6 13547 5 13621 4 13643 5 13771 5
gap_2cca034efa314136f7,,7625 3 7739 1 7753 4 7865 4 7881 4 7994 3 8001 1 8009 5 8123 2 8127 5 8137 6 8251 2 8254 6 8265 6 8380 1 8382 6 8393 5 8508 1 8511 4 8521 5 8636 1 8640 3 8649 5,,,4270 8 4396 10 4413 3 4428 7 4523 11 4540 6 4556 10 4652 10 4668 12 4684 17 4779 11 4795 13 4812 19 4906 12 4922 15 4940 22 5033 14 5048 16 5069 24 5153 3 5161 31 5198 24 5280 6 5288 32 5327 24 5407 18 5429 20 5462 19 5534 18 5558 19 5591 19 5661 19 5688 6 5695 10 5719 7 5728 11 5789 18 5816 5 5825 7 5847 7 5857 10 5918 15 5944 5 5976 5 5987 8 6053 8 6064 3 6071 6 6105 4 6116 7 6181 8 6191 6 6199 6 6219 7 6234 4 6245 7 6309 8 6319 14 6346 9 6362 5 6373 7 6438 23 6470 1 6472 10 6490 18 6566 24 6599 11 6618 11 6631 6 6695 24 6728 9 6745 12 6759 6 6823 26 6856 9 6873 5 6879 6 6887 6 6952 27 6985 7 7000 5 7008 13 7081 27 7112 8 7126 6 7136 13 7210 27 7239 9 7254 6 7263 13 7339 26 7367 8 7385 2 7390 12 7468 2 7484 8 7495 7 7515 12 7616 3 7623 2 7628 1 7644 10 7752 1 7773 8 7901 7 8029 6 8157 6 8285 5 8414 3,,8769 9 8896 11 9023 13 9150 15 9277 16 9405 17 9533 17 9661 17 9777 7 9790 16 9905 10 9917 16 10034 26 10162 26 10291 28 10419 32 10548 19 10568 11 10677 30 10709 1 10815 18 10944 15 11073 6 11202 4 11331 3 11460 1,6299 1 6426 2 6431 1 6553 3 6558 4 6681 2 6684 7 6804 1 6809 2 6812 7 6932 1 6937 2 6940 8 7060 2 7065 2 7068 9 7189 2 7193 2 7196 10 7321 13 7449 14 7577 15 7705 17 7727 8 7787 2 7833 18 7854 11 7892 5 7913 5 7962 32 8016 10 8041 6 8090 33 8143 14 8168 7 8218 33 8271 14 8295 8 8346 34 8398 16 8422 9 8474 34 8526 14 8549 10 8602 34 8654 14 8676 11 8730 34 8782 14 8803 12 8858 34 8911 13 8929 14 8986 33 9039 13 9055 16 9114 31 9167 13 9181 17 9242 29 9296 30 9370 27 9425 29 9499 22 9553 30 9628 21 9682 5 9689 22 9757 20 9812 1 9817 22 9886 19 9945 21 10015 19 10073 20 10144 18 10201 19 10273 18 10328 19 10402 17 10455 18 10531 17 10582 18 10658 19 10710 17 10785 21 10837 17 10913 21 10965 16 11042 30 11088 19 11171 30 11207 4 11214 20 11300 30 11334 27 11429 30 11461 26 11559 28 11589 25 11690 51 11821 3 11826 41 11956 36 12087 30 12217 25 12347 6 12357 11 12487 7
gap_a1b38212b46c864c06,,7476 3 7604 3 7615 2 7732 3 7742 12 7869 14 7997 14 8125 14 8254 12 8384 1 8389 4,,7076 3 7203 5 7331 5 7458 6 7586 6 7715 4 7764 3 7890 7 8018 8 8146 9 8274 9 8402 10 8530 10 8659 9 8787 9 8916 7 9047 3,3126 7 3253 9 3283 2 3381 10 3393 4 3410 4 3509 18 3537 6 3637 19 3666 5 3675 3 3766 18 3794 5 3803 3 3882 1 3895 17 3924 1 3931 5 4007 6 4023 3 4031 9 4060 7 4133 9 4149 4 4159 9 4189 8 4260 11 4275 6 4287 9 4317 9 4386 13 4402 8 4416 13 4444 12 4514 13 4529 9 4544 13 4571 15 4641 14 4657 9 4672 7 4681 4 4697 18 4768 25 4800 6 4809 5 4824 19 4895 24 4929 5 4938 3 4952 20 5022 23 5057 4 5066 3 5079 22 5150 21 5194 2 5207 22 5278 22 5322 1 5335 22 5406 4 5413 19 5449 2 5463 22 5541 20 5577 3 5591 22 5669 20 5704 4 5719 22 5797 20 5832 5 5847 23 5913 4 5925 21 5961 4 5976 22 6040 7 6050 3 6054 21 6089 4 6105 22 6167 14 6184 6 6199 4 6235 20 6294 16 6328 4 6366 17 6422 18 6467 4 6498 13 6549 20 6594 5 6627 12 6677 21 6723 5 6755 13 6805 21 6853 3 6884 12 6933 20 6983 1 7012 12 7061 15 7079 2 7140 13 7190 8 7200 3 7268 13 7322 3 7329 2 7397 12 7450 3 7457 1 7525 12 7578 3 7585 1 7653 12 7705 5 7714 1 7782 10 7833 6 7843 3 7911 8 7960 7 8040 7 8087 8 8169 5 8215 9 8298 3 8343 9 8427 1 8471 8 8600 7 8729 5,,8514 1 8638 10 8762 15 8889 17 9016 18 9143 10 9156 6 9270 8 9284 6 9398 10 9411 7 9526 20 9654 20 9782 20 9911 19 10044 13 10173 11 10300 12 10428 12 10555 13 10683 14 10811 14 10940 12 11071 5 11199 4 11328 3 11456 2 11584 2 11711 3 11839 3 11967 3 12095 2,8628 3 8754 5 8780 4 8881 5 8907 6 9008 6 9035 8 9136 6 9163 8 9264 5 9291 8 9392 5 9419 8 9520 5 9547 8 9649 4 9676 6 9777 3 9804 5 9906 2 9933 2 10296 2 10314 3 10423 3 10442 3 10549 5 10571 3 10673 9 10699 5 10706 5 10798 12 10827 14 10922 16 10955 15 11049 19 11083 15 11177 20 11210 16 11305 21 11332 21 11433 22 11460 21 11561 22 11588 20 11690 21 11716 19 11819 19 11844 18 11949 17 11975 14 12079 13 12104 8 12214 2 12233 6
gap_443f4c31aa58a3902e,6705 3 6734 4 6831 7 6862 5 6958 9 6990 7 7085 10 7117 9 7212 12 7234 2 7245 11 7339 14 7361 4 7373 12 7466 15 7488 5 7500 14 7593 17 7616 6 7628 15 7721 17 7745 5 7755 16 7848 19 7873 5 7881 19 7976 20 8004 24 8103 22 8133 24 8231 22 8261 24 8359 23 8389 24 8486 24 8516 25 8614 24 8644 25 8742 24 8772 25 8870 24 8901 24 8998 24 9030 23 9126 23 9159 22 9254 22 9288 20 9382 22 9417 19 9510 21 9545 19 9639 20 9674 17 9767 19 9803 15 9896 18 9931 15 10024 17 10060 13 10153 16 10189 11 10282 14 10319 8 10411 12 10449 4 10539 10 10668 8,6456 4 6583 6 6597 2 6711 8 6724 4 6839 8 6852 5 6859 1 6967 8 6980 9 7101 1 7108 9 7229 1 7237 8 7355 4 7366 7 7482 5 7495 5 7610 5 7623 5 7738 5 7752 3 7867 3,,,8000 4 8128 5 8255 6 8383 6 8510 6 8638 6 8767 5 8896 2,,5306 13 5430 20 5556 24 5684 28 5812 30 5935 3 5940 30 6062 16 6079 20 6190 11 6212 15 6318 6 6343 3 6349 6 6446 5 6479 5 6574 5 6608 4 6701 4 6738 3 6828 3 6867 2 6956 1 7386 2 7514 3 7643 3 7771 4 7846 2 7900 3 7973 3 8029 2 8100 3 8157 1 8228 3 8357 2 8926 1 9024 5 9053 3 9151 7 9181 3 9277 10 9309 2 9380 1 9405 10 9437 1 9507 3 9532 12 9635 4 9660 12 9764 3 9788 12 9892 3 9916 12 10045 11 10173 11 10300 12 10428 13 10555 14 10577 8 10683 14 10705 8 10795 4 10802 4 10816 5 10836 3 10922 11 10945 3 11050 8 11073 2 11179 5 11202 1,6201 1 9704 4 9750 5 9831 6 9878 5 9959 5 10006 6 10086 4 10136 4 10214 3 10265 3 10341 3 10395 2 10469 2 10523 2 10596 3 10652 2 10723 3 10780 3 10811 4 10822 5 10850 3 10909 3 10937 7 10949 8 10977 3 11038 4 11064 9 11076 9 11102 5 11167 4 11191 10 11204 9 11229 4 11297 4 11319 10 11332 9 11354 5 11426 5 11447 10 11460 8 11479 7 11556 5 11576 9 11588 7 11603 10 11685 5 11706 6 11717 4 11731 9 11814 8 11861 6 11943 8 11990 4 12071 8 12200 7
gap_fea2704990f54318e3,,6207 2 6334 9 6463 10 6592 11 6721 9 6851 5 7108 3 7234 8 7351 2 7362 9 7478 5 7490 9 7605 7 7618 9 7733 8 7747 7 7860 9 7876 5 7988 9 8116 9 8245 8 8373 7 8502 5,2622 15 2749 22 2877 24 2906 5 3005 25 3033 8 3134 36 3264 35 3394 34 3523 34 3654 31 3784 30 3916 26 4050 21 4177 23 4305 23 4433 24 4561 24 4689 25 4817 25 4945 26 5074 25 5202 26 5330 26 5458 27 5585 28 5708 1 5713 29 5835 1 5841 29 5969 30 6097 30 6224 31 6352 31 6480 31 6603 1 6613 27 6731 1 6741 27 6869 27 6992 33 7118 35 7246 35 7374 35 7502 35 7631 34 7759 34 7888 33 8018 31 8081 2 8148 28 8208 5 8277 27 8335 7 8406 26 8463 8 8536 23 8591 8 8665 21 8719 9 8794 20 8848 8 8924 17 8976 8 9052 17 9104 9 9180 16 9233 8 9310 14 9361 8 9439 13 9489 7 9568 11 9618 6 9696 11 9748 3 9825 9 9954 8 10082 7 10211 4,8229 2 8269 2 8352 10 8394 8 8479 13 8520 16 8606 16 8647 18 8733 18 8775 19 8861 18 8903 20 8989 11 9002 5 9032 6 9040 12 9117 10 9131 5 9160 6 9169 11 9245 10 9259 5 9289 6 9297 12 9373 10 9386 6 9417 8 9426 11 9501 8 9514 6 9545 20 9629 8 9641 6 9674 19 9757 7 9767 8 9803 18 9885 18 9931 18 10013 17 10060 16 10142 15 10189 14 10271 13 10320 10 10399 12 10453 2 10529 7,3001 4 3124 10 3231 7 3251 13 3358 9 3379 15 3485 10 3507 16 3611 12 3636 13 3738 13 3764 14 3865 13 3893 13 3993 13 4022 16 4121 12 4151 18 4249 12 4280 19 4379 8 4409 20 4508 6 4538 20 4668 19 4780 7 4799 16 4906 10 4931 12 5014 4 5029 16 5060 11 5141 6 5156 17 5189 10 5269 5 5283 19 5317 9 5397 4 5411 19 5445 9 5525 4 5539 18 5567 2 5573 8 5667 18 5694 4 5701 7 5795 18 5817 10 5830 5 5910 7 5923 33 5959 4 6037 9 6052 33 6164 11 6179 28 6209 5 6292 11 6307 20 6419 12 6435 14 6547 12 6563 13 6675 12 6691 13 6803 12 6820 11 6931 12 6949 10 7059 12 7077 9 7188 11 7206 7 7316 11 7334 7 7444 10 7460 8 7573 8 7586 9 7702 5 7713 9 7841 7,,2915 3 3043 4 3091 2 3172 4 3218 3 3300 5 3345 4 3429 4 3473 3 3558 3 3601 3 3687 2 3728 3 3856 3 3984 3 4112 2 4460 1 4588 1 4845 1 4973 2 5101 2 5228 4 5356 4 5390 1 5485 3 5518 2 5613 3 5645 3 5742 2 5773 3 5870 3 5901 3 5999 2 6029 2 6127 2 6157 2 6255 2 6285 2 6412 3 6541 1 8559 2 8687 2 8718 1 8763 6 8814 3 8846 2 8889 10 8942 3 8974 2 9016 12 9069 3 9102 2 9143 14 9197 3 9231 2 9270 15 9325 2 9359 2 9398 16 9452 3 9488 1 9526 16 9580 2 9616 1 9653 17 9781 17 9909 17 10038 15 10166 15 10295 14 10423 13 10552 12 10680 12 10808 13 10936 13 11064 13 11084 3 11192 13 11212 5 11290 4 11309 3 11320 10 11341 6 11357 3 11419 4 11435 5 11449 2 11453 3 11471 3 11483 5 11549 4 11561 6 11581 3 11609 5 11678 4 11690 2 11709 3 11737 3 11837 4 11965 4 12093 4 12221 3,9928 1 10055 2 10183 2 10311 2 10439 2 11059 1 11187 2 11314 4 11334 5 11441 7 11458 11 11568 12 11585 14 11695 14 11713 17 11816 21 11841 22 11942 23 11969 23 12069 23 12097 23 12197 23 12226 21 12326 21 12355 19 12456 19 12484 15 12586 16 12615 9 12718 10
gap_afd25155703f222357,,5431 2 5439 2 5557 6 5567 3 5681 12 5694 5 5809 20 5936 22 6064 22 6192 20 6320 20 6448 20 6576 14 6592 5 6704 14 6720 6 6832 15 6848 6 6960 23 7088 24 7217 23 7346 22 7475 10 7488 6 7604 7 7617 4,7020 3 7148 3 7275 4 7403 4 7531 4 7659 4 7787 3 7915 3 8043 2,7080 3 7209 3 7338 2 7467 1 7504 8 7630 12 7757 15 7885 16 8012 18 8101 1 8140 19 8224 12 8268 7 8279 8 8351 14 8396 7 8407 9 8478 15 8525 7 8535 10 8605 17 8653 8 8662 11 8732 18 8782 19 8860 18 8911 18 8988 18 9039 18 9115 19 9168 17 9244 18 9297 15 9372 17 9425 15 9501 16 9554 12 9630 14 9684 8 9759 12 9889 8,3123 26 3250 32 3377 38 3491 4 3503 42 3618 6 3629 45 3739 4 3746 6 3757 46 3867 5 3874 6 3886 47 3994 6 4003 4 4029 34 4122 6 4132 2 4159 34 4250 5 4289 33 4379 3 4421 30 4551 28 4629 5 4681 26 4756 6 4815 8 4825 11 4884 7 4923 2 4954 11 5011 8 5051 2 5082 12 5139 7 5209 14 5266 8 5281 2 5285 4 5337 14 5393 10 5413 4 5465 14 5520 11 5593 14 5648 13 5720 16 5776 14 5848 17 5904 16 5974 6 5985 9 6032 22 6086 1 6102 4 6113 9 6161 23 6212 4 6230 3 6241 12 6291 21 6340 5 6369 13 6420 20 6447 1 6468 7 6496 14 6548 20 6575 1 6597 6 6622 16 6675 21 6726 7 6746 20 6803 22 6854 8 6873 21 6931 10 6945 9 6983 8 7000 20 7058 11 7074 6 7112 7 7129 19 7186 11 7202 7 7240 7 7259 16 7314 11 7331 7 7368 7 7389 14 7442 11 7460 7 7468 1 7497 5 7518 13 7571 10 7589 8 7647 12 7699 9 7720 5 7776 11 7828 7 7905 10 7957 4 8034 9,,7995 7 8119 12 8246 15 8374 16 8501 17 8629 18 8758 17 8815 1 8886 17 8943 1 9015 17 9143 17 9270 17 9397 17 9525 16 9653 15 9782 14 9911 13 10040 13 10168 13 10296 13 10424 13 10553 9 10682 7 10813 3 10941 3 11069 3 11197 3 11325 4 11453 4 11581 4 11710 3,8394 1 8497 3 8521 3 8623 6 8649 4 8751 7 8777 4 8879 7 8905 4 9006 9 9033 4 9134 9 9161 5 9262 8 9288 6 9390 7 9415 7 9518 6 9541 10 9646 6 9669 9 9774 6 9797 9 9902 6 9926 8 10030 7 10055 7 10159 6 10184 1 10188 2 10287 6 10315 4 10416 6 10442 6 10544 7 10566 11 10671 9 10691 15 10797 14 10817 19 10921 19 10945 21 11048 21 11073 21 11175 22 11201 22 11303 22 11329 22 11431 22 11457 22 11559 22 11585 21 11687 22 11714 20 11816 20 11842 19 11945 19 11971 17 12074 17 12102 12 12204 8 12213 3
gap_0346901ecc05c8a34d,3765 2 3883 22 4008 42 4134 53 4261 56 4387 26 4415 33 4514 25 4544 33 4641 26 4672 35 4768 26 4801 35 4895 26 4930 36 5022 26 5060 35 5149 26 5189 34 5277 26 5318 34 5404 26 5447 33 5531 26 5576 32 5659 25 5705 32 5786 26 5833 32 5914 25 5962 31 6042 25 6091 30 6170 25 6219 30 6298 25 6348 29 6425 26 6477 28 6553 26 6607 26 6681 26 6736 25 6809 27 6865 24 6937 27 6994 23 7065 26 7123 22 7193 25 7251 22 7322 23 7381 20 7450 22 7509 20 7578 21 7638 19 7707 18 7765 20 7835 18 7893 20 7963 18 8021 19 8092 18 8140 3 8149 19 8220 17 8266 6 8276 20 8348 17 8371 3 8388 36 8477 16 8499 4 8516 35 8605 16 8627 4 8645 34 8734 14 8755 3 8775 32 8862 15 8883 2 8904 30 8991 14 9032 30 9119 15 9161 28 9248 19 9289 28 9376 20 9417 28 9505 19 9545 27 9633 20 9673 27 9762 20 9802 25 9891 24 9930 25 10020 23 10058 24 10148 23 10186 24 10277 22 10315 22 10406 21 10443 21 10535 19 10571 20 10664 18 10700 18 10793 16 10829 16 10923 12 10958 13 11054 7 11087 10,5314 2 5439 7 5566 9 5686 5 5693 11 5813 6 5821 12 5940 21 6068 21 6196 22 6323 24 6452 24 6580 25 6708 26 6836 10 6847 17 6965 9 6977 3 6983 10 7094 8 7111 11 7224 7 7239 12 7354 5 7367 13 7473 4 7490 3 7494 14 7601 10 7618 19 7729 12 7748 17 7858 12 7880 12 7987 11 8016 4 8116 10 8145 2 8245 8 8366 3 8376 3 8493 5 8621 5 8749 5 8759 4 8877 4 8885 7 9012 9 9140 9 9268 9 9397 8 9525 8 9654 6,,,8383 4 8509 5 8637 4 8766 2,,3518 9 3532 4 3646 10 3659 11 3775 9 3788 12 3917 3 3922 8 4052 6 4837 2 4966 2 5020 2 5095 2 5147 2 5223 2 5274 3 5352 1 5402 2 5530 1 5737 1 5865 2 5993 2 6121 2 6552 1 6679 2 6807 2 6935 2 7063 2 7273 2 7401 2 7529 2 7657 2 7833 2 7961 2 8089 3 8217 3 8346 2 8770 3 8897 5 9024 7 9062 1 9151 9 9189 2 9279 9 9317 2 9407 9 9445 2 9535 9 9572 3 9632 1 9663 9 9700 2 9760 2 9790 10 9827 2 9888 3 9918 10 9955 2 10017 3 10045 11 10083 1 10145 3 10174 10 10274 3 10303 9 10403 2 10432 8 10532 1 10558 10 10661 1 10685 12 10788 2 10812 14 10940 14 11073 4 11082 1 11202 3,9237 2 9364 3 9492 4 9620 4 9708 3 9835 4 9963 4 10090 4 10218 3 10267 2 10345 2 10395 3 10473 1 10524 3 10599 2 10653 3 10726 2 10783 5 10851 4 10913 4 10979 3 11069 3 11078 3 11107 1 11195 7 11205 5 11320 11 11332 8 11447 12 11460 9 11575 12 11588 9 11703 11 11717 8 11833 7 11846 6
gap_246e012dd6fc2c49c8,4012 16 4138 28 4265 44 4391 49 4518 51 4645 26 4673 26 4772 26 4802 26 4899 26 4931 26 5026 26 5059 27 5153 25 5188 27 5281 24 5317 27 5408 23 5445 28 5535 23 5574 27 5663 22 5702 28 5791 21 5831 27 5918 21 5959 28 6045 21 6087 28 6173 20 6215 28 6301 20 6344 28 6428 21 6472 28 6556 20 6601 27 6684 20 6730 27 6811 21 6859 26 6939 21 6987 26 7067 21 7116 25 7195 21 7244 25 7322 22 7372 26 7450 21 7500 26 7578 21 7628 26 7706 21 7756 26 7834 21 7884 26 7962 21 8013 25 8090 20 8141 25 8218 20 8270 24 8346 19 8398 24 8474 18 8526 24 8602 17 8654 24 8730 17 8782 24 8859 16 8910 24 8987 16 9038 24 9115 16 9166 24 9243 17 9266 3 9293 25 9371 17 9394 4 9415 1 9420 26 9500 16 9522 4 9541 4 9547 27 9628 16 9650 4 9663 38 9756 17 9777 5 9790 39 9885 16 9905 5 9917 40 10013 25 10045 40 10141 24 10181 31 10270 22 10310 30 10398 20 10439 29 10527 17 10567 28 10655 17 10695 28 10784 15 10824 26 10913 14 10952 26 11041 14 11080 25 11170 14 11208 25 11298 14 11337 23 11427 14 11465 23 11556 15 11593 22 11685 14 11721 21 11814 14 11850 20 11943 12 11979 18 12073 9 12108 15 12237 13 12366 10 12496 7,6072 3 6198 6 6325 8 6452 9 6580 9 6593 5 6707 10 6719 9 6835 10 6846 11 6963 22 7091 22 7219 23 7347 23 7475 23 7604 7 7612 14 7733 5 7741 14 7862 4 7869 14 7990 3 7999 12 8118 3 8127 12 8245 4 8255 4 8261 5 8374 13 8390 4 8395 1 8495 4 8504 21 8623 5 8634 19 8752 5 8763 18 8880 5 8892 17 9010 2 9021 16 9150 14 9261 3 9282 2 9389 4 9516 5 9644 5 9773 4 9901 3 10418 5 10545 7 10672 9 10800 9 10927 10 11056 9 11184 9 11313 7 11441 7,,,9657 5 9784 6 9911 6 10039 6 10168 5,,3517 13 3636 28 3764 31 3899 26 4030 1 4035 11 4049 5 4180 4 4310 2 4571 2 4700 2 4828 3 4898 1 4958 1 5025 1 5087 1 5151 2 5215 2 5279 2 5344 2 5405 3 5473 2 5533 2 5601 2 5660 3 5730 2 5788 3 5858 3 5915 3 5987 2 6043 2 6115 2 6171 2 6243 3 6299 2 6372 2 6427 1 6500 3 6554 1 6628 3 6757 2 6885 2 7013 2 7141 2 7269 2 7398 1 7526 2 7654 2 8600 2 8728 2 8856 3 8984 3 9112 3 9240 3 9369 2 9497 2 9625 3 9754 2 9830 1 9882 2 9957 2 10011 1 10085 2 10139 2 10213 2 10267 2 10303 6 10341 2 10396 1 10430 8 10468 3 10557 9 10595 3 10685 9 10723 3 10813 10 10851 2 10941 10 10978 3 11069 10 11105 4 11196 11 11233 3 11324 10 11361 2 11452 9 11488 3 11580 8 11615 3 11708 8 11743 2 11810 2 11835 10 11871 2 11939 2 11961 12 11998 2 12068 3 12088 14 12125 2 12197 4 12211 2 12215 4 12222 9 12326 15 12351 2 12358 7 12456 11 12479 2 12487 7 12587 6 12607 1 12619 8 12749 8 12879 7 13009 3,9359 2 9458 1 9487 2 9586 1 9615 2 9713 3 9743 3 9841 2 9872 2 9969 2 10001 2 10096 3 10129 2 10223 4 10351 3 10479 3 10606 2 10733 2 10773 2 10860 1 10901 4 10987 2 11031 3 11113 3 11159 4 11240 3 11289 2 11367 3 11494 3 12219 2 12345 6 12354 3 12470 9 12481 6 12596 11 12609 7 12723 12 12737 8 12851 11 12865 9 12979 10 12993 9 13109 6 13123 6
gap_8ffcb2a5cfb730f7ae,4961 2 5090 1 7749 2 7877 3 8005 4 8134 4 8263 3 8391 3 8519 3 8647 3 8775 3 8903 3 9032 3 9160 3 9289 2 9418 1 10059 2 10187 3 10315 4 10443 5 10571 7 10699 8 10827 9 10854 2 10956 10 10982 1 11085 12 11213 15 11342 21 11471 20 11600 17 11729 15 11859 12 11990 8,7871 4 7997 7 8124 9 8251 10 8379 11 8508 10 8636 9 8764 9 8893 7,4025 4 4149 14 4275 31 4402 36 4530 38 4658 39 4787 40 4915 42 5044 45 5172 46 5300 47 5429 47 5557 47 5686 48 5814 49 5943 49 6071 50 6199 50 6327 51 6457 49 6586 49 6717 46 6849 42 6978 42 7107 41 7236 40 7365 40 7494 39 7624 37 7703 3 7753 37 7831 4 7882 36 7958 5 8011 35 8085 6 8139 35 8213 7 8267 36 8341 7 8396 35 8469 7 8524 35 8597 7 8652 35 8724 9 8781 34 8852 10 8909 34 8980 13 9037 34 9108 16 9165 34 9236 26 9293 33 9364 28 9421 33 9493 28 9550 32 9621 28 9678 31 9749 27 9806 31 9878 26 9934 30 10006 26 10062 30 10135 24 10191 28 10263 24 10320 27 10392 22 10449 25 10521 20 10579 21 10650 19 10708 19 10779 17 10838 15 10908 15 10968 12 11037 14 11099 8 11167 11 11229 4 11297 9 11426 8 11554 7 11683 5,9143 1,4525 5 4651 7 4778 9 4904 11 5031 13 5157 15 5283 17 5409 20 5536 21 5663 23 5791 23 5919 24 6048 23 6176 23 6305 22 6434 23 6562 19 6690 19 6713 3 6817 21 6840 5 6945 29 7072 31 7200 31 7328 31 7456 30 7584 24 7609 4 7712 24 7840 15 7858 6 7968 13 7985 7 8097 12 8112 8 8225 23 8354 22 8483 20 8612 18 8742 16 8872 12 9002 8 9131 6 9262 2,,3928 5 4008 1 4056 6 4131 7 4186 7 4258 7 4315 6 4385 4 4446 3 4511 4 4639 3 4767 2 5093 1 5221 2 5349 3 5478 2 5911 2 6039 2 6166 3 6293 4 6421 3 6549 3 6677 2 6805 2 7020 1 7148 2 7276 3 7405 2 7533 2 7661 2 7698 2 7825 3 7953 3 8081 2 8209 2 9152 4 9278 9 9405 11 9532 13 9659 14 9709 1 9787 14 9837 2 9875 2 9914 15 9965 2 10003 2 10042 15 10092 2 10131 3 10170 15 10219 3 10259 4 10298 15 10347 2 10388 3 10427 14 10475 2 10517 2 10555 13 10602 2 10645 3 10683 12 10730 2 10775 1 10811 12 10857 2 10936 1 10939 12 11063 16 11191 16 11211 1 11323 12 11339 2 11454 9 11584 2 12069 5 12118 5 12197 5 12246 5 12327 2 12376 1,11593 3 11701 9 11716 10 11827 12 11842 13 11954 14 11969 15 12081 15 12097 16 12208 15 12225 18 12334 17 12354 18 12461 16 12483 19 12588 16 12613 18 12716 15 12742 17 12845 12 12872 14 12976 6 13003 8
gap_e53893d3a0c9ae1948,,7107 5 7231 9 7358 10 7486 10 7613 12 7740 13 7868 5 7876 6 7996 1 8006 3,6610 5 6737 8 6865 10 6993 11 7121 12 7248 14 7376 14 7503 16 7631 16 7759 17 7887 17 8014 18 8142 18 8271 18 8399 18 8527 18 8658 15 8787 13 8916 12 9000 1 9047 9 9128 1 9176 7 9305 6 9433 5 9563 1,8654 4 8753 5 8781 6 8874 3 8879 8 8909 7 9001 14 9037 10 9129 14 9165 11 9256 15 9294 11 9384 15 9423 10 9513 13 9553 8 9642 11 9682 7 9772 9 9812 4 9901 7 9941 3 10030 5,5438 4 5558 18 5683 23 5809 26 5937 26 6064 27 6098 4 6192 27 6224 8 6320 26 6352 8 6447 26 6481 8 6573 27 6609 1 6615 2 6699 15 6715 13 6827 15 6845 12 6955 16 6973 13 7083 4 7089 10 7101 6 7112 2 7210 5 7218 9 7230 1 7240 3 7338 5 7346 8 7368 4 7461 2 7465 16 7496 7 7588 21 7625 6 7715 21 7753 6 7843 21 7882 5 7971 21 8010 4 8098 22 8140 2 8227 20 8355 17 8483 15 8611 12 8739 9 8867 7 8996 4 9127 1,,8127 8 8254 10 8381 11 8509 12 8637 12 8765 11 8893 11 9023 8 9151 9 9278 10 9406 10 9534 11 9662 11 9791 8 9922 3 10051 2 10179 2 10307 2 10435 2 10563 2 10691 2 10819 2,6897 1 7023 4 7151 4 7280 4 7409 4 7538 4 7666 4 7795 3 7951 1 8078 3 8205 4 8250 1 8333 4 8377 3 8461 3 8504 5 8589 2 8632 5 8716 4 8760 5 8778 3 8843 5 8887 6 8906 3 8971 5 9016 5 9034 3 9099 5 9144 4 9163 2 9228 2 9273 2 9784 6 9911 9 9927 10 10037 12 10054 13 10164 13 10182 14 10291 15 10310 15 10419 15 10438 15 10547 15 10566 15 10675 15 10694 14 10804 14 10823 13 10933 12 10951 12 11062 11 11081 8 11191 7
gap_4233e676463e7bacf2,4257 3 4384 7 4511 11 4638 14 4765 15 4888 20 5007 3 5014 22 5135 28 5263 28 5391 28 5518 29 5645 29 5773 29 5901 29 6030 28 6160 25 6306 6,,9583 2 9705 2 9710 3 9832 5 9839 1 9960 5 10089 3 10217 3 10345 3 10473 3 10601 2 11109 2 11237 2,,4676 3 4804 2 4941 3 5069 2,,3492 2 3620 2 6559 2 6683 12 6805 19 6941 13 7074 8 7205 5 7335 3 7464 2 10296 1 10424 2 10435 1 10551 14 10679 14 10807 14 10934 16 11062 16 11189 6 11197 9 11317 4 11325 2 11329 4 11445 6 11452 4 11457 4 11574 15 11702 15 11830 16 11949 2 11958 17 12075 4 12091 4 12097 6 12105 2 12202 5 12220 3 12227 4 12232 4 12329 4 12355 10 12483 11 12610 6 12618 5 12737 2 12741 3 12748 3 12870 4 12990 2 12998 4 13115 5 13126 5 13244 3 13255 4,6930 11 7057 17 7185 18 7313 18 7442 16 7571 11 7699 10 7828 6 7957 4 8086 2 8569 2 9604 1 9733 1 9861 2 11124 1 11251 2 11379 2 11506 2 11922 1 12050 3 12179 2 12309 1 13405 2
gap_708382906a0957cdd0,,6210 3 6337 5 6464 7 6592 11 6720 13 6848 13 6977 12 7110 7 7237 8 7363 9 7490 9 7618 9 7746 9 7875 8 8004 7 8134 4,,6565 1 6691 5 6818 6 6946 6 7074 6 7202 5 7331 3,3259 2 3380 11 3396 5 3408 3 3502 17 3523 6 3535 6 3629 18 3651 7 3662 10 3756 19 3779 7 3790 12 3882 21 3907 6 3918 19 4008 22 4035 6 4047 18 4135 22 4162 6 4176 17 4262 21 4289 7 4307 14 4389 19 4417 7 4436 13 4516 10 4529 5 4545 7 4564 14 4583 3 4640 13 4673 7 4692 14 4711 3 4767 15 4802 6 4819 15 4839 4 4894 18 4922 3 4930 6 4947 15 4968 4 5022 19 5048 7 5059 5 5075 14 5096 5 5150 20 5175 8 5189 3 5203 5 5224 6 5278 20 5302 10 5318 1 5321 2 5331 4 5353 6 5400 4 5407 20 5429 11 5481 7 5527 6 5536 19 5557 11 5610 7 5655 6 5664 31 5739 6 5784 5 5793 30 5857 2 5867 6 5913 3 5923 26 5986 1 5995 6 6052 24 6091 2 6122 8 6184 19 6219 4 6247 11 6315 15 6346 6 6374 12 6444 13 6474 7 6501 14 6573 12 6604 7 6629 14 6701 10 6733 6 6755 16 6831 7 6862 6 6881 18 6991 4 7006 21 7120 2 7135 20 7264 19 7393 17 7524 14 7656 9 7785 7 7915 3,,7995 6 8121 10 8247 15 8374 17 8502 18 8629 20 8757 20 8885 20 9013 19 9141 19 9265 23 9392 24 9519 27 9645 30 9773 31 9902 30 10033 28 10162 35 10292 30 10421 27 10553 20 10682 17 10810 5 10824 1 10939 3 11067 3 11196 1,7726 5 7851 10 7957 4 7978 11 8085 5 8106 11 8212 7 8233 12 8268 1 8340 9 8361 12 8395 5 8468 10 8489 12 8522 8 8597 11 8618 10 8650 9 8725 12 8746 10 8778 10 8854 13 8875 8 8906 10 8983 14 9003 6 9034 10 9111 18 9132 4 9162 10 9238 19 9291 8 9316 4 9366 20 9420 7 9443 6 9495 22 9549 5 9568 9 9623 22 9685 20 9752 21 9812 20 9880 22 9940 19 10010 21 10068 18 10139 21 10161 1 10197 16 10270 21 10324 17 10400 20 10448 21 10532 17 10573 24 10662 19 10700 25 10795 15 10826 26 10924 14 10943 36 11044 6 11053 14 11070 36 11171 8 11182 13 11198 34 11299 8 11311 12 11326 30 11429 5 11440 11 11454 25 11569 10 11582 15 11599 3 11697 9 11710 12 11727 2 11827 6 11839 9 11854 5 11968 7 11982 6 12098 2 12111 4
gap_4077306ba29f00146e,,,,,,,4668 10 4795 13 4921 17 5048 20 5175 8 5188 9 5302 8 5318 7 5430 6 5448 6 5557 6 5577 5 5685 5 5706 5 5812 5 5835 4 5940 4 5964 3 6068 3 6092 4 6195 4 6221 3 6323 4 6349 3 6451 4 6477 4 6579 3 6605 4 6707 3 6733 4 6835 3 6862 3 6962 4 6990 3 7090 4 7118 3 7218 3 7246 3 7346 3 7374 3 7474 3 7502 3 7602 3 7630 3 7730 3 7758 3 7858 4 7886 3 7986 4 8014 3 8115 3 8141 4 8243 4 8269 4 8371 4 8396 4 8500 4 8524 4 8628 5 8651 4 8757 6 8777 5 8886 7 8904 6 9015 22 9144 20 9273 18 9403 14 9536 6,
gap_18023af3b05c71744f,3399 17 3527 18 3654 21 3783 21 3911 23 4040 23 4169 23 4298 23 4427 23 4556 23 4685 22 4813 23 4942 23 5070 24 5198 25 5270 1 5326 25 5397 2 5454 25 5524 3 5582 26 5651 4 5710 26 5779 5 5838 27 5907 5 5965 28 6035 6 6093 28 6162 7 6221 29 6290 8 6348 30 6418 9 6476 30 6546 10 6604 30 6674 12 6731 31 6802 14 6859 31 6929 16 6987 31 7057 17 7115 31 7185 18 7242 32 7313 20 7369 33 7442 20 7496 34 7570 21 7622 36 7698 23 7744 42 7826 24 7871 43 7954 27 7996 46 8082 31 8125 45 8210 38 8254 44 8339 37 8382 43 8467 37 8511 42 8595 36 8640 41 8723 36 8769 40 8852 35 8897 40 8980 34 9026 39 9109 33 9154 38 9237 33 9283 36 9365 33 9412 35 9494 32 9540 35 9622 32 9669 33 9751 31 9798 32 9879 32 9927 30 10007 32 10055 30 10136 31 10183 30 10264 31 10311 29 10393 30 10440 28 10521 30 10568 27 10650 29 10696 26 10779 28 10825 24 10908 27 10953 23 11037 25 11082 21 11166 24 11211 20 11295 22 11340 18 11425 17 11470 14 11554 13 11599 12 11684 9 11729 9 11814 5,3886 7 4010 14 4136 19 4263 22 4389 25 4516 27 4643 30 4770 32 4897 35 5025 36 5152 38 5280 39 5408 39 5536 39 5664 40 5793 39 5921 39 6049 38 6177 38 6306 19 6327 16 6434 19 6456 15 6563 18 6584 15 6691 18 6713 13 6819 18 6840 14 6948 17 6967 5 6974 9 7076 18 7095 4 7103 8 7205 21 7230 10 7335 19 7359 8 7464 9 7477 5 7489 5 7593 7 7605 4 7723 5 7733 4 7861 3 8633 5 8759 8 8887 9 9014 10 9142 10 9270 10 9398 10 9527 8 9656 6,,,8122 3 8250 4 8378 4,,2499 3 2609 5 2625 13 2736 7 2752 17 2855 6 2864 8 2873 2 2877 1 2881 17 2981 9 2992 6 3010 16 3108 10 3121 4 3145 7 3233 2 3236 9 3274 4 3368 3 3611 2 3738 3 3806 2 3865 4 3934 4 3992 4 4063 4 4119 4 4192 4 4247 3 4321 3 4374 3 4450 3 4501 3 4579 3 4629 2 4707 3 4757 2 4836 3 4965 2 5094 1 6033 1 6122 2 6160 2 6250 2 6287 3 6378 3 6415 3 6506 3 6543 3 6634 3 6671 3 6762 3 6799 3 6890 3 6927 2 7018 3 7055 2 7146 3 7183 2 7274 3 7311 2 7402 3 7439 3 7530 2 7567 3 7658 2 7695 2 7824 1 8850 1 8978 2 9065 2 9106 3 9192 3 9234 3 9319 3 9362 3 9447 3 9491 3 9575 3 9619 3 9702 3 9748 3 9787 5 9830 3 9876 3 9915 10 9957 4 10005 2 10042 12 10085 3 10133 3 10169 14 10213 2 10262 2 10297 14 10341 2 10390 2 10425 14 10469 1 10519 2 10553 13 10681 13 10810 12 10938 12 11066 12 11195 11 11323 11 11451 12 11577 15 11705 15 11834 12 11865 1 11963 9 11988 7 12068 9 12094 4 12115 8 12196 9 12223 3 12244 6 12326 7 12351 3 12456 4 12479 2,11974 8 12081 11 12099 13 12208 14 12226 15 12335 15 12354 15 12463 15 12482 15 12591 15 12611 13 12721 5 12731 2 12740 4
gap_5331fbe93846083209,,6845 5 6973 6 6983 2 7101 13 7229 14 7357 14 7486 13 7615 13 7732 3 7747 9 7860 4 7876 7 7989 3 8005 6 8135 3,6293 1 6420 2 6549 1,8098 3 8224 6 8351 8 8361 1 8479 12 8607 12 8734 13 8862 14 8919 3 8990 14 9046 6 9118 13 9175 6 9247 12 9304 4 9375 10 9434 1 9504 8 9633 6,4671 16 4797 20 4922 29 5049 16 5066 14 5162 3 5177 14 5195 16 5288 10 5305 4 5310 9 5322 19 5409 18 5440 6 5449 22 5534 21 5568 6 5577 22 5661 23 5687 1 5695 7 5704 24 5786 30 5822 7 5832 22 5857 3 5911 33 5949 8 5960 19 5985 4 6038 33 6077 7 6089 16 6114 4 6166 17 6186 11 6206 5 6217 15 6243 4 6294 17 6318 6 6346 13 6371 4 6422 18 6446 3 6474 13 6548 1 6550 12 6565 3 6574 2 6602 14 6630 2 6676 12 6694 1 6702 1 6708 4 6731 9 6741 4 6750 12 6804 12 6836 5 6860 5 6869 5 6877 13 6932 14 6964 5 6997 3 7004 14 7060 16 7092 5 7125 2 7135 12 7188 17 7221 3 7253 2 7263 12 7315 18 7380 3 7393 10 7442 19 7466 4 7508 3 7522 9 7569 20 7594 4 7654 5 7697 19 7722 3 7782 5 7825 19 7910 5 7953 20 8022 7 8037 6 8081 17 8151 7 8164 7 8210 14 8280 6 8291 8 8338 13 8410 4 8419 8 8466 13 8547 8 8594 13 8674 8 8723 11 8800 9 8851 11 8927 9 8980 3 8985 5 9052 11 9114 4 9181 10 9308 9 9435 8,,7996 8 8123 11 8250 13 8378 13 8505 15 8633 15 8760 16 8888 16 9016 16 9144 17 9272 17 9400 17 9528 17 9655 20 9778 27 9905 30 10035 27 10165 23 10294 3 10300 15 10429 5 10438 4 10558 3 10687 2 11198 1 11325 3 11453 3 11581 2,7857 3 7883 4 7984 5 8011 5 8111 9 8138 6 8239 9 8265 8 8367 9 8393 9 8494 9 8521 10 8622 9 8649 10 8749 10 8778 10 8876 11 8906 12 9004 11 9034 12 9131 11 9163 11 9259 11 9291 10 9388 9 9419 10 9517 7 9547 9 9646 3 9675 9 9805 5 9935 1 10412 7 10538 18 10573 7 10664 21 10691 4 10699 10 10792 21 10817 22 10919 22 10945 22 11047 22 11073 23 11175 22 11201 23 11303 21 11329 23 11432 20 11457 23 11560 20 11585 23 11689 19 11713 22 11817 19 11841 22 11947 16 11970 20 12082 8 12100 9 12213 3 12230 4
gap_bb45dcc71c02074426,5972 1 6099 4 6228 4 6313 3 6358 3 6439 5 6566 5 6619 2 6693 5 6748 1 6820 5 6948 4 7075 4 7203 3 7330 4 7458 3 7586 3 7714 2 7842 2 7969 3 8098 1 10076 3 10203 4 10297 2 10329 4 10420 6 10445 4 10454 6 10542 11 10573 13 10671 10 10702 11 10801 6 10831 7,8005 5 8132 6 8255 4 8260 6 8382 5 8389 5 8509 6 8519 2 8637 6 8766 5 8894 5 9023 3,5690 14 5815 23 5941 27 6068 30 6196 32 6323 35 6450 38 6577 41 6705 42 6834 43 6957 4 6962 44 7083 5 7091 43 7209 7 7221 42 7336 8 7351 40 7463 9 7486 34 7591 9 7615 34 7719 4 7724 3 7744 33 7848 2 7873 32 7976 2 8002 3 8010 24 8105 1 8131 1 8138 24 8266 24 8394 24 8485 3 8521 26 8612 6 8648 27 8740 8 8777 26 8868 10 8906 25 8996 15 9034 25 9124 21 9162 24 9253 20 9291 23 9381 20 9419 22 9510 19 9547 22 9638 19 9675 21 9767 17 9803 20 9896 16 9932 18 10025 14 10060 16 10154 13 10189 14 10284 10 10319 9 10415 5 10449 5,,7088 2 7216 5 7344 7 7472 9 7600 9 7723 1 7727 11 7850 16 7978 16 8106 16 8233 17 8362 17 8491 16 8620 15 8749 14 8878 12 9011 7,,5323 4 5451 7 5579 9 5683 4 5708 9 5810 5 5838 6 5929 3 5939 2 5976 3 6055 5 6105 3 6182 3 6234 3 6363 1 8931 2 9026 2 9153 6 9280 8 9408 8 9535 10 9663 10 9791 10 9920 9 10048 8 10176 8 10304 7 10432 7 10560 8 10683 1 10689 6 10699 2 10818 4 10946 3 11075 2 11203 2,7537 3 7665 4 7792 5 7920 4 8049 2 8718 2 8845 4 8972 5 9100 5 9229 4 9359 1 10811 6 10823 4 10937 9 10950 8 11063 11 11077 12 11189 13 11205 14 11318 12 11333 14 11447 10 11461 12
gap_ec31a3bdadf8b12e7b,3788 9 3898 4 3905 4 3912 15 4005 12 4024 33 4131 15 4152 35 4257 16 4281 36 4384 13 4412 35 4510 13 4542 35 4636 13 4672 35 4762 14 4802 34 4888 14 4932 33 5015 14 5062 31 5141 14 5191 31 5268 13 5320 31 5395 13 5449 31 5522 12 5578 31 5650 11 5707 30 5777 11 5836 30 5905 11 5964 31 6032 11 6093 30 6160 11 6221 30 6287 11 6349 31 6415 11 6477 32 6543 11 6605 32 6671 11 6733 33 6799 11 6861 33 6927 11 6989 33 7055 11 7117 34 7182 12 7244 35 7310 12 7372 35 7438 13 7500 35 7566 13 7627 36 7694 13 7755 36 7822 14 7882 37 7951 13 8010 37 8079 14 8137 38 8208 14 8264 39 8336 15 8391 40 8465 15 8517 42 8593 16 8644 43 8721 17 8772 43 8849 18 8900 42 8977 20 9027 43 9105 22 9156 41 9233 25 9284 41 9361 28 9413 40 9490 29 9542 39 9618 30 9670 39 9747 30 9799 38 9875 30 9927 37 10004 30 10055 37 10132 31 10183 37 10261 30 10311 36 10390 31 10440 35 10518 32 10568 34 10647 32 10696 34 10776 31 10825 32 10904 31 10953 32 11033 30 11082 30 11162 28 11210 29 11291 26 11339 27 11420 25 11468 25 11550 22 11597 23 11679 20 11726 21 11809 16 11855 18 11939 11 11985 14 12115 10 12247 3,4400 9 4525 14 4651 18 4777 22 4903 27 5029 31 5155 34 5282 37 5408 40 5534 43 5661 46 5788 47 5916 48 6043 50 6171 50 6298 51 6426 51 6554 51 6682 51 6810 51 6938 51 7066 51 7194 50 7322 50 7451 48 7579 48 7707 48 7836 46 7964 45 8093 43 8222 41 8351 32 8480 30 8609 29 8739 26 8868 24 8999 10 9129 6 9267 6 9394 7 9521 9 9649 9 9777 10 9905 10 10034 8 10163 6 10291 5 10421 1,,,8892 6 9017 10 9145 9 9273 7,,3270 9 3374 5 3383 5 3397 14 3499 22 3524 17 3624 25 3652 20 3751 13 3766 11 3782 4 3798 4 3885 2 3928 3 4000 3 4057 3 4127 3 4254 3 4319 2 4380 3 4448 3 4507 2 4577 3 4707 1 5393 1 5519 3 5647 3 5738 1 5774 3 5866 3 5902 3 5995 2 6030 2 6123 3 6251 3 6380 3 6509 2 6637 1 6669 2 6796 3 6924 3 7052 3 7180 2 7279 2 7407 2 7535 3 7663 3 7791 3 7919 2 8048 1 8334 2 8462 3 8590 3 8719 2 8847 2 8975 2 9197 3 9325 3 9453 2 9535 5 9581 2 9661 9 9709 2 9788 10 9837 2 9915 11 9965 1 10043 11 10131 1 10170 12 10259 2 10298 12 10387 3 10425 13 10515 3 10553 12 10644 3 10681 12 10773 2 10809 13 10937 13 11064 15 11192 16 11320 16 11366 3 11448 17 11493 4 11577 16 11620 4 11704 18 11747 4 11831 20 11874 4 11955 8 11964 17 12002 3 12072 17 12094 4 12103 9 12129 2 12197 19 12222 4 12233 9 12325 10 12351 3 12367 6 12456 5 12479 2 12497 4 12607 2 12735 2,12091 1 12100 1 12216 6 12226 6 12341 9 12354 10 12464 15 12481 14 12591 16 12609 15 12719 15 12738 14 12855 6 12867 12
gap_c5b7f36ad044ebc93b,,,,,,,7998 5 8124 8 8252 9 8379 11 8507 12 8635 12 8763 12 8874 1 8890 13 9002 1 9017 17 9129 1 9144 18 9271 20 9292 4 9393 31 9520 31 9649 5 9658 19 9780 1 9789 6 9919 3 10048 1,7214 3 7341 4 7468 5 7506 3 7596 4 7634 4 7723 4 7762 5 7783 3 7851 4 7891 4 7911 3 7979 4 8019 4 8039 3 8106 4 8147 4 8167 6 8234 3 8276 3 8295 9 8335 6 8362 3 8404 4 8423 10 8461 10 8477 1 8489 3 8533 3 8550 12 8588 12 8604 4 8617 3 8661 3 8677 13 8714 14 8732 5 8744 3 8789 3 8805 14 8841 16 8860 5 8872 2 8918 3 8932 15 8969 17 8989 4 8999 3 9046 4 9052 3 9060 15 9097 18 9117 5 9127 2 9175 8 9187 16 9225 19 9246 4 9254 3 9303 8 9315 16 9353 20 9374 5 9381 4 9432 8 9443 15 9481 32 9561 24 9609 31 9689 24 9737 30 9782 5 9798 3 9818 22 9865 21 9889 6 9909 8 9924 7 9947 20 9994 18 10018 3 10036 10 10051 9 10084 10 10123 15 10164 11 10179 9 10214 7 10252 10 10292 11 10306 10 10381 8 10421 10 10434 9 10511 5 10550 9 10563 7 10641 2 10679 7 10691 6 10770 3 10808 5 10820 4 10897 6 10985 3 11025 7 11111 6 11153 7 11238 7 11282 7 11366 6 11411 6 11494 5 11542 1 11623 2
gap_ce1a35d32a9ea95bda,,7751 4 7878 6 7992 3 7999 14 8119 4 8127 14 8249 1 8255 13 8382 7 8391 4 8511 6 8521 1 8639 5,,7893 5 8020 8 8106 3 8148 10 8233 5 8275 12 8360 7 8403 13 8488 7 8531 14 8615 8 8658 15 8743 7 8786 3 8791 11 8870 8 8920 10 8998 7 9008 4 9048 11 9126 7 9135 5 9170 1 9176 11 9254 14 9297 3 9305 11 9382 14 9425 4 9434 10 9510 13 9552 7 9563 9 9639 12 9680 20 9767 11 9809 19 9895 10 9937 18 10024 7 10066 17 10152 6 10195 15 10281 3 10325 12 10455 9,3141 9 3256 4 3269 10 3382 7 3396 11 3510 7 3524 11 3626 1 3638 9 3653 10 3753 2 3767 9 3781 10 3896 9 3910 8 4025 7 4038 8 4065 1 4168 5 4402 3 4528 7 4655 10 4782 11 4909 12 5037 12 5165 12 5292 6 5420 6 5548 6 5675 8 5702 1 5803 9 5828 5 5931 12 5954 7 6059 14 6081 9 6171 4 6188 14 6209 9 6298 6 6316 14 6337 13 6425 8 6445 4 6452 7 6464 17 6553 8 6580 7 6592 18 6630 3 6681 9 6702 2 6708 6 6720 19 6757 8 6808 10 6828 4 6836 6 6848 19 6884 11 6936 10 6955 8 6964 5 6975 2 6980 16 7012 12 7064 10 7083 3 7103 1 7109 15 7136 1 7140 12 7192 11 7238 14 7264 1 7269 11 7319 12 7367 5 7377 1 7398 10 7447 12 7527 9 7575 12 7655 8 7703 12 7783 8 7831 12 7912 7 7959 13 8041 5 8087 13 8169 4 8216 12 8344 12 8367 2 8472 12 8601 10 8730 8 8859 6 8987 5 9116 3 9245 2 9373 1,,9023 8 9150 10 9273 16 9400 18 9528 18 9656 18 9784 18 9912 18 10043 14 10173 12 10301 12 10424 2 10428 13 10551 18 10679 18 10809 17 10827 1 10940 16 11069 4 11075 6 11205 3 11585 2 11712 3 11840 4 11968 4 12097 2,9140 1 9268 2 9396 3 9419 2 9523 4 9547 4 9651 4 9675 5 9780 4 9802 6 9909 3 9930 5 10037 4 10059 4 10165 4 10187 4 10293 4 10315 4 10421 2 10444 1 10958 6 11084 11 11187 8 11210 15 11307 18 11336 17 11434 24 11460 22 11562 22 11588 22 11690 22 11716 21 11818 21 11845 19 11947 20 11973 18 12076 19 12101 16 12206 16 12230 14 12337 11
gap_e078773414c87eeeda,4700 4 4827 7 4956 7 5085 7 5214 7 5343 7 5473 5 5603 4 5733 2 6425 3 6552 4 6680 4 6807 4 6935 4 7063 3 7190 3 7319 2 7403 1 7447 1 7531 2 7659 2 7748 6 7876 8 8004 9 8133 9 8261 9 8390 9 8518 9 8646 9 8775 8 8903 9 9031 9 9069 1 9160 8 9197 1 9288 9 9324 2 9417 8 9545 9 9673 9 9801 10 9930 10 10058 12 10186 13 10315 14 10345 2 10413 2 10443 15 10471 4 10539 4 10571 17 10597 6 10664 6 10699 19 10721 9 10786 11 10827 30 10914 11 10956 28 11043 9 11084 27 11213 25 11341 24 11470 21 11599 19 11728 16 11857 13 11987 9 12119 1,7997 6 8123 9 8251 10 8379 10 8507 10 8635 10 8763 10 8891 10 9020 7 9149 5,4559 2 4669 7 4683 8 4797 10 4808 12 4924 25 5052 26 5179 5 5185 21 5307 5 5314 20 5436 26 5469 4 5564 26 5592 11 5693 40 5822 40 5950 42 6078 43 6205 44 6332 45 6460 46 6589 45 6723 40 6851 40 6980 39 7108 39 7236 39 7365 38 7494 5 7501 30 7624 1 7629 30 7757 31 7886 31 8014 32 8142 32 8270 32 8399 31 8527 31 8601 3 8655 31 8728 12 8783 30 8855 16 8912 29 8983 20 9040 29 9112 21 9169 28 9240 22 9297 27 9368 23 9426 26 9497 22 9554 26 9626 21 9683 25 9754 21 9812 23 9883 19 9941 22 10012 18 10070 21 10140 16 10199 19 10270 12 10329 16 10399 9 10458 13 10589 8,,4275 5 4402 9 4529 11 4656 13 4783 14 4911 13 5038 14 5166 13 5184 1 5294 4 5301 4 5312 2 5422 4 5429 5 5551 3 5557 7 5685 8 5812 10 5938 12 6066 12 6181 8 6194 11 6308 10 6323 9 6436 11 6451 9 6556 1 6565 10 6579 8 6684 1 6693 10 6707 6 6811 2 6821 19 6939 2 6949 19 6969 3 7066 3 7077 24 7193 3 7199 31 7321 3 7328 30 7448 5 7458 28 7576 6 7587 26 7705 5 7715 23 7843 22 7972 21 8100 20 8229 18 8359 16 8488 14 8617 13 8745 13 8874 13 9003 12 9133 11 9262 2 9266 6 9395 5 9523 5 9652 3 9780 2 9909 1 10037 1,,3925 5 4014 4 4053 8 4139 6 4184 7 4265 8 4313 7 4390 5 4443 6 4517 5 4573 5 4643 5 4704 2 4769 6 4895 5 5023 4 5150 3 5277 3 5405 1 5532 1 6121 2 6249 2 6377 3 6422 1 6506 2 6549 2 6634 2 6677 2 6804 3 6932 3 7059 3 7187 3 7918 1 8046 2 8174 2 8302 2 8338 1 8431 1 8465 2 8559 1 8593 2 8721 2 8849 2 8978 1 9408 4 9533 10 9660 12 9787 13 9915 14 10042 15 10170 15 10298 15 10426 15 10553 17 10681 17 10775 2 10809 17 10857 2 10903 2 10938 15 10984 3 11031 3 11067 13 11111 3 11160 2 11195 13 11238 3 11289 2 11323 13 11365 3 11418 1 11451 13 11491 4 11579 13 11618 4 11708 12 11746 2 11839 3 11847 1 11967 3 12076 2 12095 3 12114 4 12202 4 12223 3 12242 4 12331 1 12350 5 12372 1 12479 3,11700 4 11723 2 11827 10 11844 2 11849 5 11954 12 11971 12 12081 14 12099 13 12209 14 12226 15 12335 15 12355 16 12461 17 12483 18 12503 2 12588 17 12612 22 12716 16 12743 18 12845 12 12874 13 12975 7 13008 2
gap_df27c2d8c943369c5a,,5846 2 5972 4 6100 4 6187 2 6227 5 6314 4 6355 3 6442 4 6571 2,,,,6334 5 6460 10 6588 11 6715 13 6842 14 6970 15 7098 15 7225 16 7353 16 7481 16 7609 16 7738 15 7866 14 7995 13 8123 12 8252 10 8381 8,,5831 3 5947 1 5956 8 6047 2 6072 5 6082 11 6108 5 6175 3 6199 6 6210 12 6235 8 6303 4 6326 7 6339 12 6363 9 6432 5 6453 6 6471 8 6491 10 6559 7 6580 7 6600 7 6618 11 6686 9 6707 7 6729 6 6746 11 6814 9 6834 7 6857 6 6874 20 6941 10 6962 6 6986 5 7002 22 7069 11 7091 4 7115 3 7133 21 7198 10 7261 21 7317 6 7325 10 7388 23 7442 17 7515 24 7569 19 7642 25 7696 21 7723 1 7769 26 7823 22 7851 2 7897 26 7951 23 7978 3 8024 27 8079 26 8106 3 8152 26 8207 26 8234 3 8276 16 8293 12 8335 30 8404 14 8422 11 8463 30 8532 13 8549 11 8592 29 8660 12 8677 10 8720 29 8788 11 8810 5 8848 10 8860 1 8866 11 8916 10 8938 4 8977 7 8996 9 9044 9 9065 6 9106 6 9124 9 9173 8 9192 6 9236 7 9252 9 9301 8 9319 6 9367 5 9381 8 9429 8 9445 8 9494 8 9509 8 9557 8 9570 11 9622 9 9637 8 9685 8 9697 12 9750 10 9765 8 9813 7 9824 13 9878 11 9893 8 9942 5 9951 13 10007 11 10021 8 10072 1 10078 14 10137 9 10150 7 10205 15 10266 9 10279 4 10332 15 10395 9 10458 16 10524 10 10580 20 10654 10 10703 23 10784 11 10829 23 10913 21 10956 23 11042 22 11083 21 11171 23 11211 19 11300 22 11339 15 11429 21 11468 12 11563 15 11598 5 11693 11
gap_f2dc3c5540177b89f8,,4789 4 4915 10 5041 14 5168 15 5295 17 5426 14 5554 16 5682 18 5810 18 5938 19 6065 20 6193 20 6320 21 6448 21 6576 22 6703 24 6831 24 6959 24 7086 25 7214 26 7342 26 7470 26 7598 13 7622 3 7727 8 7859 2,,6692 3 6820 4 6948 5 7076 6 7204 6 7333 6 7461 6 7589 5 7717 5 7846 3 9559 7 9686 8 9813 9 9941 8 10069 7 10198 5 10328 2,3253 2 3380 4 3501 2 3508 4 3615 4 3627 5 3636 3 3656 1 3741 6 3754 6 3765 1 3783 3 3868 7 3882 6 3911 3 3919 11 3995 8 4010 5 4039 2 4047 13 4123 7 4139 3 4175 13 4250 8 4267 1 4304 13 4376 9 4394 3 4436 9 4503 10 4522 3 4568 5 4631 9 4649 2 4698 10 4758 9 4826 11 4886 5 4954 12 5013 5 5081 13 5140 5 5191 1 5206 16 5267 6 5319 2 5333 17 5394 7 5421 5 5460 18 5521 8 5548 6 5588 20 5649 8 5676 6 5717 21 5777 11 5803 7 5846 21 5905 17 5931 7 5974 21 6032 19 6058 7 6102 22 6160 20 6186 7 6230 22 6288 20 6314 6 6357 23 6416 20 6443 5 6484 24 6545 20 6571 5 6612 23 6674 3 6680 3 6688 4 6699 4 6740 23 6803 2 6807 4 6818 2 6828 3 6869 22 6931 10 6947 1 6956 3 6998 20 7058 11 7085 1 7127 19 7186 12 7213 1 7256 18 7314 12 7388 15 7443 11 7517 14 7571 11 7646 13 7700 10 7775 12 7829 8 7904 10 7958 7 8033 9 8087 5 8162 7,,7739 6 7865 12 7991 15 8119 16 8246 18 8374 18 8502 19 8630 19 8757 20 8885 20 9014 19 9143 18 9271 17 9400 17 9528 20 9655 23 9783 18 9802 4 9911 16 10039 15 10167 12 10296 9 10429 4 10558 3 10686 3 10814 3 10942 3 11069 4 11197 4 11325 4 11454 3 11583 1,7754 1 7858 1 7881 4 8009 6 8114 2 8137 6 8240 5 8265 7 8366 7 8393 8 8493 8 8521 8 8621 8 8649 9 8748 8 8778 8 8875 9 8906 8 9003 9 9034 8 9131 9 9162 8 9259 10 9290 8 9387 9 9419 6 9515 9 9549 1 9644 7 10061 4 10185 10 10286 6 10310 14 10413 8 10435 17 10540 11 10553 2 10562 19 10667 17 10690 19 10795 18 10818 19 10922 19 10946 19 11050 19 11074 19 11178 19 11202 18 11307 18 11330 17 11435 18 11458 16 11564 17 11586 14 11693 16 11714 11 11823 14 11843 8 11954 10 11974 2 12085 5
gap_e80b20444333fc5207,,6847 4 6975 8 7097 2 7102 11 7224 4 7230 11 7351 6 7358 12 7479 19 7605 8 7614 12 7631 1 7734 5 7743 11 7862 4 7871 11 7991 1 8001 9,,,4403 6 4525 13 4548 11 4651 15 4676 12 4777 16 4806 17 4904 14 4937 16 5028 6 5035 8 5052 2 5067 2 5073 10 5154 7 5179 4 5204 9 5280 9 5307 4 5333 9 5406 11 5426 2 5436 3 5462 11 5533 12 5554 3 5565 2 5591 12 5660 12 5719 13 5788 12 5847 14 5915 12 5943 2 5955 2 5976 14 6043 10 6069 6 6084 1 6104 15 6171 8 6195 9 6220 4 6231 16 6298 9 6322 11 6348 3 6359 16 6425 9 6448 13 6489 2 6494 9 6552 10 6575 14 6617 4 6622 9 6679 14 6702 14 6732 2 6744 14 6807 14 6830 8 6840 4 6858 5 6871 15 6935 15 6958 7 6969 2 6986 5 6999 8 7008 9 7063 18 7087 5 7114 6 7126 8 7137 9 7191 19 7217 1 7245 2 7255 6 7268 6 7319 20 7383 6 7396 6 7446 21 7511 6 7524 7 7573 22 7638 6 7652 7 7700 23 7766 5 7779 9 7828 22 7895 3 7906 10 7956 21 8023 3 8030 14 8084 21 8152 2 8157 14 8212 21 8280 15 8340 20 8410 11 8470 17 8538 11 8599 7 8608 7 8667 9 8729 4 8737 5 8796 7 8866 3 8926 3,,7997 3 8123 7 8249 14 8377 15 8504 16 8631 18 8759 18 8886 19 9014 19 9142 20 9269 22 9397 22 9523 25 9650 27 9774 32 9902 34 10034 28 10164 25 10294 22 10423 20 10556 6 10685 5 10813 4 10941 4 11069 4 11197 4 11326 3 11454 3,7595 10 7632 1 7723 11 7756 10 7850 12 7883 12 7977 14 8010 13 8105 14 8138 14 8233 14 8266 14 8361 14 8394 14 8489 13 8522 14 8617 12 8650 14 8745 12 8779 13 8873 12 8907 13 9002 10 9036 12 9061 3 9130 9 9164 11 9188 4 9260 6 9294 8 9314 5 9390 3 9423 6 9441 6 9567 7 9629 1 9694 7 9757 3 9820 8 9885 4 9946 9 10015 3 10073 9 10143 4 10200 9 10273 4 10327 9 10402 3 10412 3 10455 8 10531 3 10537 12 10583 6 10660 23 10691 4 10711 5 10790 22 10818 11 10830 12 10918 22 10946 22 11047 22 11074 22 11175 22 11202 21 11304 21 11330 21 11433 20 11457 21 11562 19 11585 20 11691 18 11713 19 11821 15 11842 16 11952 12 11970 14 12084 6 12100 7
gap_331130100333bdab5e,,6845 4 6973 5 6983 5 7101 6 7111 5 7229 6 7239 6 7357 6 7367 5 7486 3 7495 5 7624 3,,,3903 10 4027 16 4150 27 4275 33 4400 38 4527 41 4654 45 4782 46 4910 13 4927 30 5038 12 5056 29 5166 48 5294 49 5421 51 5549 52 5668 7 5677 53 5795 36 5832 26 5922 36 5962 1 5964 23 6050 36 6093 23 6177 40 6221 23 6305 41 6350 2 6356 17 6433 29 6465 4 6471 5 6485 17 6561 28 6599 6 6613 17 6688 27 6718 1 6727 6 6741 18 6816 21 6855 6 6870 17 6943 22 6988 1 6999 16 7071 23 7116 1 7128 15 7200 23 7256 15 7328 23 7386 13 7457 23 7515 12 7586 20 7644 11 7716 17 7773 10 7845 12 7901 9 7974 11 8031 5 8103 10 8232 10 8360 11 8489 10 8618 8 8747 6 8878 1,,7619 5 7745 11 7873 12 8000 14 8128 14 8255 16 8383 16 8511 17 8639 17 8768 15 8897 14 9026 11 9154 11 9281 14 9408 17 9428 4 9535 19 9557 3 9662 20 9790 19 9918 19 10048 1 10050 14 10180 5 10310 3 10439 2 10567 2 10695 2 10822 3 10950 3 11078 3 11206 3 11334 3 11463 1,7248 4 7375 6 7480 3 7503 8 7606 6 7631 8 7733 8 7759 8 7839 2 7861 8 7887 9 7967 4 7988 9 8015 9 8095 5 8115 9 8144 8 8224 5 8243 9 8272 8 8353 5 8371 8 8401 7 8482 6 8499 7 8529 7 8551 2 8611 6 8627 7 8657 6 8678 3 8740 7 8756 5 8784 5 8805 4 8869 9 8913 1 8932 4 8998 9 9058 6 9127 8 9185 6 9256 8 9311 7 9384 9 9438 7 9513 8 9565 8 9642 8 9693 7 9772 7 9820 8 9901 6 9939 2 9948 6 10029 7 10066 6 10075 6 10158 6 10194 7 10203 5 10288 5 10297 11 10315 2 10323 6 10330 5 10417 5 10423 14 10442 4 10451 12 10546 19 10570 5 10579 11 10676 17 10698 18 10803 18 10826 17 10932 17 10954 17 11060 17 11082 16 11189 16 11210 15 11318 14 11338 14 11447 13 11466 12 11577 10 11594 11 11706 8 11723 8 11837 4 11852 5
gap_18f8632bc530d5392c,6065 2 6093 6 6190 7 6220 9 6317 9 6348 10 6444 11 6476 11 6571 13 6604 12 6698 14 6732 13 6826 15 6860 13 6953 16 6988 14 7081 16 7116 15 7208 17 7244 16 7336 17 7371 17 7463 18 7490 3 7499 18 7591 19 7617 5 7626 19 7718 20 7745 6 7753 21 7845 21 7873 30 7973 22 8002 29 8101 22 8131 28 8228 23 8260 27 8356 23 8388 27 8484 23 8516 27 8612 24 8644 27 8739 26 8771 28 8867 27 8900 27 8995 27 9029 26 9124 26 9158 25 9252 25 9286 25 9380 25 9415 24 9508 25 9543 24 9636 24 9672 22 9764 24 9801 21 9893 22 9930 20 10021 22 10058 19 10149 21 10187 17 10278 19 10316 16 10406 19 10445 14 10535 16 10574 11 10664 15 10704 8 10793 12 10833 5 10922 10 11052 7 11183 2,6203 4 6330 6 6457 7 6467 4 6585 8 6594 6 6714 6 6722 7 6843 4 6850 8 6971 4 6979 8 7099 4 7107 8 7226 5 7235 8 7354 5 7365 5 7483 4 7612 2 8256 1 8383 1,,,8257 2 8384 4 8511 5 8638 6 8766 5 8894 4,,5054 4 5176 15 5303 19 5429 22 5555 27 5680 32 5807 34 5934 29 5967 2 6061 3 6069 12 6189 1 6359 2 6487 3 6569 1 6616 3 6697 1 6745 2 6824 2 6873 3 6951 2 7002 3 7078 3 7131 2 7205 3 7260 2 7333 3 7389 1 7461 2 7589 2 8287 2 8415 3 8543 3 8609 2 8671 3 8737 2 8799 2 8865 2 8927 2 8993 2 9121 3 9152 4 9249 3 9279 7 9378 1 9406 8 9533 10 9661 10 9789 10 9917 10 10045 11 10077 3 10173 11 10205 3 10301 11 10332 3 10429 11 10459 4 10532 3 10557 12 10586 4 10660 3 10684 16 10714 3 10788 4 10811 20 10917 4 10936 25 11046 3 11061 16 11080 12 11187 10 11201 3 11210 10 11313 11 11330 1 11440 10 11458 1 11568 2 11586 1 11714 1 11842 2 11970 1,9961 3 10006 3 10088 5 10133 5 10215 5 10261 6 10343 3 10390 5 10470 3 10521 2 10598 2 10649 3 10725 2 10778 3 10852 3 10907 2 10979 3 11035 4 11078 2 11106 3 11164 4 11197 3 11204 6 11233 4 11293 5 11324 5 11332 8 11358 5 11422 5 11450 8 11459 10 11485 5 11553 4 11576 10 11588 9 11610 5 11682 4 11703 10 11716 9 11737 4 11812 4 11831 10 11845 6 11863 4 11941 4 11961 7 11975 1 11990 5 12070 4 12117 4 12199 4 12246 2 12327 4 12457 1
gap_28600760b8e17c8bbb,,6443 2 6483 2 6571 2 6610 5 6737 7 6822 4 6865 7 6950 6 6992 8 7077 8 7120 7 7206 7 7249 4 7335 7 7465 4,,,5948 10 6074 2 6085 3 6216 1 9786 3 9913 8 10041 10 10169 10 10298 10 10427 9 10557 7 10685 7 10813 9 10942 8 11070 9 11198 10 11326 11 11454 10 11582 6 11711 3,6076 9 6200 16 6327 19 6454 21 6581 22 6709 23 6836 24 6963 25 7091 25 7219 25 7347 25 7474 26 7602 27 7730 27 7857 28 7985 28 8113 28 8241 28 8369 27 8498 26 8626 26 8755 24 8883 24 9013 21 9148 13 9277 11 9407 8 9537 4,12223 3 12351 5 12479 4,6365 6 6492 7 6618 10 6683 6 6745 10 6810 8 6872 11 6938 9 7000 11 7066 10 7127 12 7194 12 7255 11 7322 12 7383 8 7400 6 7451 12 7506 13 7527 8 7580 16 7597 1 7632 15 7655 9 7710 17 7759 17 7783 9 7842 14 7886 18 7910 11 7968 16 8014 19 8038 11 8078 6 8095 17 8143 18 8164 14 8205 8 8222 17 8271 19 8291 16 8332 9 8349 18 8399 19 8419 16 8460 10 8476 19 8528 35 8587 11 8603 19 8656 35 8715 11 8730 20 8784 35 8843 12 8857 21 8912 35 8971 12 8984 22 9040 35 9099 35 9169 34 9227 35 9297 34 9355 34 9425 34 9483 34 9553 34 9611 34 9681 24 9707 9 9739 34 9809 15 9826 4 9833 11 9867 7 9876 25 9937 14 9960 12 9995 7 10005 24 10065 12 10087 13 10122 9 10135 5 10142 15 10193 11 10215 14 10250 11 10271 14 10320 11 10343 14 10378 12 10401 13 10448 10 10470 15 10506 13 10530 12 10576 6 10595 18 10634 14 10660 10 10705 2 10720 21 10762 16 10791 8 10845 23 10891 18 10921 6 10971 24 11019 20 11051 3 11096 26 11148 22 11222 26 11278 23 11349 24 11408 23 11476 23 11537 24 11602 23 11667 25 11728 23 11796 27 11853 24 11926 27 11981 21 12057 25 12108 16 12187 24 12236 14 12319 21 12363 12 12454 16 12491 10 12585 13 12619 7 12717 9
gap_044d32185c61a499b9,4677 15 4802 20 4916 7 4930 22 5038 14 5058 23 5163 17 5187 24 5289 19 5317 23 5416 19 5449 20 5543 20 5579 19 5669 21 5708 19 5797 20 5837 19 5924 20 5965 20 6051 20 6094 19 6178 21 6222 20 6305 22 6350 21 6433 21 6478 21 6560 22 6606 22 6688 22 6733 23 6816 22 6861 24 6943 23 6989 24 7071 23 7117 24 7199 23 7246 23 7327 23 7375 23 7455 23 7505 21 7582 24 7634 20 7710 25 7762 20 7837 26 7889 21 7965 26 8017 22 8093 26 8145 22 8221 25 8273 22 8348 21 8392 3 8401 22 8476 20 8519 8 8529 22 8604 19 8646 33 8732 19 8764 2 8774 33 8860 19 8890 4 8900 35 8988 19 9015 7 9027 36 9116 19 9144 5 9154 37 9244 19 9281 38 9373 18 9409 38 9501 19 9538 37 9630 19 9667 36 9758 19 9797 33 9886 20 9926 32 10015 19 10055 30 10143 20 10183 30 10271 20 10312 29 10399 21 10440 28 10528 21 10569 27 10656 23 10697 26 10784 25 10826 25 10912 25 10954 24 11041 24 11083 22 11169 24 11212 20 11298 22 11341 18 11426 22 11470 16 11555 20 11600 13 11684 18 11730 10 11813 16 11860 5 11943 13 12073 8,5574 2 5699 8 5819 1 5826 10 5945 5 5953 12 6072 7 6081 13 6199 8 6208 14 6327 23 6455 23 6582 24 6710 23 6838 23 6966 22 7094 13 7110 5 7222 13 7240 4 7351 12 7368 5 7479 13 7495 8 7607 25 7736 24 7865 6 7877 10 7994 3 8006 9 8122 3 8135 7 8250 3 8266 1 8377 3 8503 5 8630 4 8759 1 8881 3 9008 5 9135 7 9263 7 9391 12 9520 12 9649 12 9779 10 9907 10 10035 10 10163 10 10292 9 10420 8 10549 6 10679 2,,,9022 2 9149 4 9275 6 9403 6 9532 6 9662 2,,4284 9 4302 5 4411 10 4430 7 4539 10 4559 7 4693 4 4822 4 4952 4 5081 4 5160 1 5211 3 5287 2 5340 3 5413 2 5469 2 5540 3 5598 2 5667 2 5727 1 5794 3 5921 3 6049 2 6176 2 6303 2 6431 2 6559 1 7013 1 7141 2 7269 2 7398 1 7526 2 7654 2 7782 3 7910 3 8039 2 8091 2 8167 2 8218 3 8295 2 8346 2 8423 1 8473 3 8551 1 8601 3 8729 3 8857 3 8985 3 9114 2 9242 1 9920 5 9958 2 10047 7 10085 3 10173 10 10213 3 10268 3 10301 10 10341 3 10396 3 10428 11 10468 3 10524 3 10556 11 10596 3 10653 2 10684 12 10723 4 10781 3 10812 12 10851 3 10909 3 10940 12 10979 2 11037 4 11068 11 11107 1 11165 4 11196 11 11294 3 11325 11 11453 11 11580 13 11708 13 11810 2 11837 10 11865 5 11938 4 11966 7 11990 8 12067 5 12083 3 12097 4 12117 8 12196 5 12210 3 12226 2 12246 5 12325 5 12337 2 12454 3,11025 3 11153 4 11243 3 11282 5 11370 4 11411 4 11497 4 11540 4 11624 4 11669 4 11751 4 11799 4 11848 3 11878 4 11928 3 11962 4 11974 7 12005 4 12088 8 12101 11 12131 4 12215 10 12229 12 12259 3 12341 13 12357 12 12469 13 12485 11 12597 13 12613 10 12725 12 12742 7 12855 9 12872 3
gap_8d5d988a4c0647bb04,5566 1 5694 2 5822 2 6731 5 6857 9 6984 13 7090 4 7111 16 7216 6 7239 18 7343 7 7367 18 7471 7 7496 18 7599 7 7624 19 7727 6 7753 18 7854 6 7881 18 7982 4 8009 18 8138 16 8266 16 8395 15 8524 13 8653 11 8782 9 8912 5,6212 2 6349 2 6476 3,,,6334 2 6461 3,,6719 2 6741 2 6842 1 6844 7 6869 3 6970 10 6998 3 7084 1 7098 11 7211 3 7226 11 7338 4 7355 10 7467 1 7484 9 7612 10 7645 3 7740 10 7772 3 7866 13 7900 3 7992 15 8119 16 8232 5 8246 17 8360 5 8373 18 8502 17 8540 3 8636 11 8666 4 8765 7 8792 5 8894 5 8919 5 9023 3 9035 7 9046 4 9151 3 9162 7 9279 3 9407 3 9535 3 9663 3 9791 3 9919 2,5316 2 5429 2 5444 5 5557 2 5572 6 5686 1 5700 6 5713 4 5829 5 5841 4 5969 5 6098 5 6109 3 6185 2 6226 4 6237 3 6312 3 6356 1 6365 3 6439 3 6493 3 6514 3 6566 4 6622 2 6632 3 6641 4 6667 2 6693 4 6758 5 6769 3 6795 2 6821 4 6885 6 6896 4 6949 3 7013 4 7023 6 7051 4 7077 2 7150 8 7177 9 7204 3 7277 9 7304 11 7332 2 7404 10 7431 12 7460 1 7532 11 7558 14 7579 1 7588 1 7660 11 7684 17 7707 2 7787 12 7811 19 7835 3 7915 11 7939 20 7963 3 8042 12 8067 21 8091 4 8170 12 8195 21 8218 5 8297 12 8323 28 8424 12 8451 28 8550 11 8579 29 8676 13 8710 26 8758 7 8774 1 8803 13 8839 19 8861 2 8885 9 8900 4 8931 12 8968 16 9012 11 9027 6 9058 8 9096 11 9140 11 9155 6 9186 7 9226 8 9268 11 9283 7 9312 3 9316 5 9355 5 9396 11 9410 9 9445 4 9524 11 9538 9 9573 4 9653 10 9667 8 9701 4 9738 7 9781 9 9795 7 9818 1 9829 4 9866 9 9912 6 9923 6 9945 1 9956 4 9995 11 10043 1 10051 6 10084 3 10125 9 10180 3 10211 4 10256 7 10338 3 10386 4 10465 4 10592 4 10720 3 10848 2
gap_cfedc43d9bb50f3144,,6463 2 6590 4 6718 5 6846 5 6855 4 6975 4 6982 7 7104 3 7110 7 7233 2 7239 5,5158 1 5284 3 5411 5 5538 6 5665 7 5793 7 5921 7 6049 7 6178 5 6307 3 7269 1 7398 1 7526 1,7002 6 7129 11 7256 13 7384 14 7511 7 7519 7 7598 6 7639 6 7648 7 7727 5 7767 6 7776 7 7856 4 7895 6 7904 7 7985 3 8023 7 8031 8 8151 16 8280 15 8408 15 8537 14 8621 4 8665 13 8747 6 8793 13 8874 7 8922 11 9002 4 9051 8 9130 2 9182 2 9257 2,3651 6 3773 15 3895 26 4021 30 4146 35 4273 37 4399 40 4526 41 4653 42 4779 19 4802 21 4906 19 4931 20 5032 20 5061 19 5159 20 5190 10 5202 7 5287 15 5303 3 5320 7 5332 8 5341 3 5416 17 5441 4 5449 6 5461 13 5544 16 5567 6 5577 6 5586 17 5672 16 5693 9 5705 6 5713 18 5800 17 5820 11 5833 27 5928 60 6056 61 6177 1 6183 62 6306 1 6310 64 6434 22 6461 2 6465 37 6562 23 6589 1 6594 36 6690 9 6701 13 6723 1 6726 31 6817 9 6829 13 6859 13 6874 11 6945 9 6957 14 6989 10 7001 1 7008 5 7072 27 7120 6 7140 1 7200 27 7327 28 7455 25 7583 15 7604 1 7710 17 7732 1 7838 18 7860 1 7967 18 8095 21 8224 14 8239 3 8353 11 8482 9 8610 9 8738 9 8866 8 8995 7 9123 7 9251 6 9380 5 9509 3,,7361 5 7488 8 7615 14 7742 16 7870 16 7998 16 8126 15 8255 14 8383 14 8512 13 8640 13 8769 12 8897 12 9024 14 9152 16 9280 15 9407 16 9535 16 9663 16 9791 16 9924 5 10054 2 10182 2 10310 2 10437 4 10565 4 10693 4 10821 3 10949 3,7247 3 7374 5 7502 5 7630 6 7738 2 7758 7 7865 4 7886 7 7991 6 8014 7 8119 6 8142 7 8246 7 8270 7 8374 7 8398 7 8502 7 8527 6 8630 7 8655 6 8758 7 8783 6 8886 7 8912 4 9016 4 9785 3 9809 2 9911 6 9936 5 10038 8 10049 2 10059 2 10064 8 10166 14 10186 4 10191 10 10293 15 10314 16 10420 17 10442 16 10547 17 10570 17 10674 18 10698 17 10802 18 10826 17 10930 18 10954 17 11058 18 11081 17 11186 18 11209 16 11315 16 11337 14 11444 11 11468 9 11575 7 11598 5 11706 2
gap_6e3d3454e9c0a41b61,10572 2 10700 3 10828 5 10957 4 11085 6 11214 6 11344 11 11473 16 11602 15 11731 14 11861 8,7743 4 7870 6 7997 8 8125 9 8252 10 8380 10 8508 10 8637 9 8766 6 8895 4,3769 7 3895 13 4021 29 4148 36 4277 38 4405 39 4534 39 4662 39 4791 39 4919 40 5047 40 5175 42 5303 43 5432 44 5560 45 5688 45 5816 46 5945 46 6073 46 6202 46 6330 47 6459 46 6588 46 6719 44 6849 42 6978 42 7107 41 7236 41 7319 2 7365 40 7446 5 7494 40 7573 6 7623 39 7701 7 7752 39 7829 7 7881 38 7957 7 8010 37 8084 8 8139 36 8212 9 8267 36 8340 9 8395 36 8468 8 8523 36 8595 9 8652 35 8723 9 8780 34 8851 10 8908 34 8979 11 9036 34 9107 13 9127 9 9164 34 9235 14 9253 11 9293 33 9364 28 9421 32 9492 28 9549 32 9620 28 9677 32 9748 27 9806 31 9877 26 9934 31 10005 26 10063 29 10134 24 10191 29 10262 23 10319 28 10391 22 10448 27 10520 20 10577 25 10648 19 10706 23 10777 18 10835 22 10906 16 10964 20 11035 13 11093 18 11164 11 11224 13 11294 8 11355 7,8630 1 8757 1 8779 1 8883 3 8907 1 9035 1,4142 5 4268 9 4394 11 4520 14 4647 15 4774 17 4901 18 5028 19 5155 20 5283 20 5410 22 5538 22 5666 22 5793 23 5920 25 6049 24 6178 24 6306 24 6434 25 6561 26 6689 26 6816 27 6943 28 7071 29 7199 29 7327 26 7455 24 7583 23 7711 24 7839 24 7967 25 8096 24 8224 24 8353 22 8481 22 8611 19 8741 16 8872 11 9002 7,,4060 1 4130 4 4188 5 4257 5 4317 5 4382 7 4447 4 4509 7 4575 5 4636 4 4705 4 4763 4 4834 4 4891 3 4963 3 5019 2 5092 3 5221 2 5349 2 5401 2 5478 1 5528 3 5655 4 5783 3 5911 3 5992 1 6039 2 6119 3 6248 2 6377 1 6506 2 6634 2 6763 2 6891 2 7059 2 7187 2 7315 2 7443 2 8559 1 8687 1 8814 2 8942 2 8978 1 9025 2 9070 2 9106 1 9151 6 9198 2 9234 1 9277 10 9326 2 9362 2 9404 12 9453 2 9490 2 9531 14 9581 2 9618 2 9659 14 9709 1 9747 1 9787 14 9875 2 9915 14 10004 1 10043 14 10171 14 10299 13 10428 12 10556 12 10685 10 10813 10 10940 11 11067 12 11195 12 11315 3 11322 14 11443 3 11451 13 11470 2 11571 1 11583 4 11589 3 11598 3 11711 3 11727 2 11809 3 11839 3 11869 3 11937 4 11967 3 11995 5 12067 3 12095 3 12122 4 12196 1 12223 2 12251 1,11700 10 11716 9 11827 12 11843 12 11954 13 11971 14 12080 15 12099 16 12206 17 12227 19 12330 20 12355 22 12457 20 12484 21 12585 19 12613 20 12714 16 12742 19 12844 12 12873 14 12975 6 13003 9
gap_b83e40728c115068cd,5585 4 5711 9 5809 7 5838 12 5935 11 5963 16 6061 15 6088 21 6188 18 6213 25 6314 21 6341 26 6441 22 6470 26 6567 24 6599 26 6694 25 6729 24 6821 26 6858 24 6948 27 6987 24 7075 28 7117 22 7203 27 7246 22 7330 27 7374 22 7458 27 7502 23 7585 27 7630 23 7713 27 7757 24 7841 26 7884 26 7968 27 8011 27 8096 27 8139 27 8224 26 8267 27 8352 26 8395 27 8480 26 8516 4 8522 28 8608 25 8643 35 8736 25 8771 35 8864 25 8899 35 8992 25 9027 35 9120 25 9156 34 9248 25 9285 33 9376 25 9414 32 9505 24 9542 31 9633 24 9670 31 9761 24 9799 30 9890 23 9927 29 10018 24 10056 28 10147 25 10185 26 10275 27 10314 25 10404 27 10443 23 10533 26 10571 22 10661 25 10700 20 10790 24 10828 20 10919 22 10956 19 11048 21 11085 17 11177 19 11213 16 11306 17 11343 12 11436 13 11472 10 11566 8 11602 6,6981 6 7108 9 7235 11 7360 14 7487 15 7614 16 7741 9 7754 3 7869 8 7996 9 8123 10 8251 10 8379 9 8506 9 8634 9 8762 8 8889 9 9017 9 9145 10 9273 10 9401 9 9529 9 9657 9 9785 8 9913 8 10042 6 10172 3,,,9283 2 9410 4 9538 4 9666 3,,5439 10 5566 13 5693 15 5721 3 5822 13 5850 4 5932 1 5952 10 5979 4 6057 4 6082 4 6109 3 6183 4 6238 3 6310 4 6367 3 6437 4 6496 3 6564 3 6625 2 6691 3 6753 3 6819 2 6882 2 6947 1 7011 2 7074 1 7139 2 7268 2 7396 2 7525 1 7653 2 7781 2 7910 1 8038 1 8862 1 8990 1 9118 2 9246 2 9374 2 9502 3 9630 3 9758 3 9887 3 10015 3 10050 5 10144 3 10177 8 10272 3 10305 8 10401 2 10432 10 10560 10 10594 2 10688 11 10721 3 10816 11 10848 3 10944 11 10975 4 11072 10 11102 4 11200 10 11230 3 11327 11 11358 1 11433 2 11454 13 11561 4 11576 25 11690 6 11702 30 11820 18 11843 4 11851 12 11950 15 11971 3 11983 8 12100 1 12228 1 12356 1 12484 1,9712 2 9838 5 9965 6 10093 5 10221 3 10348 2 10476 1 10518 5 10603 2 10646 5 10730 2 10775 4 10856 4 10905 3 10983 4 11035 2 11111 2 11164 2 11238 2 11292 3 11421 4 11550 5 11618 3 11680 4 11744 4 11810 3 11838 4 11848 3 11871 4 11939 4 11965 6 11975 6 11999 3 12069 4 12089 10 12102 8 12198 4 12216 11 12230 8 12344 11 12358 9 12474 8 12487 5
gap_d6bc0b33820ca2feda,4273 7 4399 10 4517 20 4548 3 4643 22 4674 10 4769 24 4801 12 4819 6 4895 26 4929 27 5021 27 5058 27 5147 29 5186 29 5274 29 5315 29 5401 29 5443 31 5527 30 5572 31 5654 31 5701 31 5781 31 5830 31 5909 30 5959 32 6036 30 6088 32 6163 31 6217 32 6290 31 6346 32 6417 32 6475 32 6545 31 6603 32 6672 32 6731 33 6799 33 6859 34 6926 34 6987 35 7054 33 7115 36 7181 34 7243 37 7309 34 7370 38 7436 35 7497 40 7564 34 7625 40 7691 34 7743 4 7753 41 7819 34 7870 5 7881 41 7947 33 7997 7 8009 42 8075 28 8124 8 8138 41 8203 27 8251 10 8267 41 8331 26 8378 11 8395 41 8459 26 8505 12 8523 42 8587 26 8632 13 8651 42 8715 26 8760 6 8778 43 8843 26 8888 5 8904 45 8971 26 9017 4 9030 47 9099 27 9146 2 9158 47 9228 27 9285 48 9356 27 9413 48 9484 28 9542 46 9613 32 9670 46 9741 32 9799 45 9870 31 9927 45 9998 32 10055 44 10127 31 10184 43 10255 32 10312 42 10384 31 10441 41 10512 32 10569 40 10641 32 10697 40 10770 33 10826 38 10899 35 10954 37 11028 34 11082 36 11157 33 11211 35 11286 32 11340 33 11415 30 11468 32 11543 29 11597 30 11672 27 11726 29 11802 24 11855 27 11931 22 11984 25 12060 19 12113 22 12190 16 12243 19 12321 8 12373 14 12504 5,5563 5 5688 9 5815 10 5942 12 6069 14 6197 14 6325 15 6453 16 6581 21 6709 22 6837 22 6965 13 6981 6 7093 12 7110 5 7220 7 7241 1 7349 1 7729 4 7855 6 7982 6 8110 6 8237 6 8365 6 8493 6 8621 5 8748 5 8876 5 9004 3 9267 3 9393 6 9519 8 9647 8 9775 9 9903 9 10031 9 10159 9 10287 9 10415 9 10544 7 10673 5,,,9273 3 9399 6 9527 5 9655 4 9784 2,,3760 12 3885 20 3908 2 4011 30 4139 6 4150 27 4267 5 4281 25 4365 3 4396 3 4411 23 4492 4 4553 8 4685 3 5017 2 5143 3 5270 3 5396 4 5523 4 5651 3 5778 3 5905 3 6033 3 6379 1 6507 2 6636 2 6765 2 6893 3 7023 2 7151 2 7178 3 7280 2 7305 4 7409 1 7433 3 7560 3 7688 3 7817 1 8565 2 8584 2 8693 2 8711 4 8821 3 8839 4 8949 3 8967 4 9077 3 9096 3 9205 3 9224 3 9333 3 9353 1 9408 1 9461 3 9535 4 9590 1 9662 6 9789 8 9917 9 10045 9 10124 1 10171 11 10228 2 10251 4 10299 12 10355 3 10379 4 10426 13 10482 4 10508 4 10554 13 10610 3 10636 4 10682 14 10737 4 10765 4 10811 12 10865 4 10894 3 10939 12 10994 2 11023 2 11067 12 11152 1 11195 11 11323 11 11451 12 11578 13 11705 15 11757 2 11833 15 11883 4 11961 15 12010 5 12089 15 12137 5 12217 11 12229 3 12264 5 12313 2 12336 3 12344 10 12358 2 12391 5 12442 3 12459 8 12472 9 12486 3 12494 2 12519 3 12571 24 12599 6 12614 3 12621 5 12701 21 12727 6 12743 1 12750 4 12832 13 12854 2 12862 3 12962 8 12981 3 12990 4 13015 2 13107 5 13118 4 13235 4 13247 2,10237 2 10364 4 10491 6 10618 7 10628 4 10745 7 10755 6 10873 6 10883 7 11000 6 11012 7 11127 5 11140 8 11255 4 11270 7 11383 2 11399 6 11510 3 11528 6 11637 4 11654 1 11658 4 11764 4 11780 5 11786 5 11891 5 11897 4 11908 6 11915 5 12019 5 12025 4 12037 6 12045 4 12146 4 12153 4 12165 6 12174 4 12273 5 12280 4 12294 6 12303 4 12400 5 12407 4 12423 5 12431 4 12527 5 12535 3 12553 4 12559 5 12654 4 12663 2 12687 6 12780 6 12816 7 12853 1 12906 6 12945 7 13004 2 13033 6 13076 6 13131 7 13161 4 13206 5 13260 8 13289 3 13336 3 13389 7 13521 3 13540 2
gap_3c4648d34568750b21,7231 3 7349 4 7358 6 7365 6 7475 7 7487 14 7602 8 7615 16 7726 13 7743 19 7851 16 7871 21 7977 20 7999 22 8104 21 8127 23 8231 23 8255 24 8359 22 8384 24 8486 23 8513 23 8614 22 8642 23 8742 22 8771 22 8870 21 8899 22 8999 20 9028 21 9127 20 9156 21 9255 20 9285 19 9384 18 9413 19 9512 18 9542 17 9641 17 9670 17 9770 15 9799 15 9899 14 9929 12 10028 12 10058 9 10158 9 10188 6 10288 5,7108 1 7227 2 7355 2 7483 2 7612 1,,,,,7244 3 7373 3 7471 2 7502 3 7599 1 7847 2 7974 3 8022 2 8102 2 8151 2 8279 2 8638 3 8765 5 8893 6 9020 7 9148 7 9276 7 9404 7 9532 7 9660 7 9788 7 9815 1 9916 7 9942 2 10045 6 10070 1 10174 5 10303 2 10312 6 10431 2 10442 6 10574 2,6376 3 6501 9 6628 11 6733 8 6755 12 6831 3 6861 8 6883 12 6958 4 6988 9 7011 12 7085 4 7117 4 7139 12 7193 3 7268 11 7321 4 7396 10 7450 3 7524 10 7579 2 7651 10 7779 9 7831 2 7907 7 7958 6 8035 6 8086 7 8162 6 8214 8 8290 4 8343 8 8417 4 8473 6 8545 4 8602 5 8673 4 8731 5 8801 3 8860 5 8929 2 8989 4 9057 2 9117 4 9185 1 9246 4 9312 2 9374 4 9440 1 9503 4 9567 2 9632 3 9694 2 9761 3 9821 2 9889 3 9948 3 10019 2 10076 1 10147 3 10171 2 10277 2 10298 5 10306 4 10405 3 10425 6 10433 6 10535 2 10553 6 10561 7 10664 2 10681 6 10690 6 10793 2 10810 3 10819 4 10922 2
gap_20e35293d88e2dacf0,6326 1 6344 5 6450 14 6467 14 6575 17 6594 20 6701 18 6723 22 6826 20 6852 22 6952 21 6981 22 7079 21 7110 22 7206 21 7239 21 7333 22 7367 22 7460 23 7496 22 7587 24 7624 23 7715 23 7753 22 7843 23 7881 23 7970 23 8009 23 8098 20 8128 4 8138 22 8226 19 8253 8 8266 22 8354 19 8381 9 8394 22 8483 19 8509 36 8611 19 8643 30 8739 19 8771 29 8867 20 8899 29 8995 24 9027 29 9124 23 9155 29 9252 23 9284 28 9380 24 9412 28 9508 25 9541 26 9637 25 9669 26 9765 25 9797 26 9893 26 9925 25 10022 24 10054 24 10151 23 10182 23 10280 22 10310 23 10408 22 10439 21 10537 20 10567 20 10666 19 10695 20 10795 17 10824 18 10925 14 10953 15 11054 11 11083 12 11184 6 11213 7,6847 3 6973 7 7100 9 7227 12 7355 12 7483 13 7611 13 7740 12 7868 12 8005 3 8118 4 8245 7 8264 1 8374 6 8502 6 8630 5 8759 4 8766 3 8893 5 9020 7 9147 8 9275 8 9404 6 9533 4,,,8639 4 8769 1,,5951 4 6076 10 6091 4 6202 13 6220 5 6321 2 6332 1 6351 5 6696 3 6745 2 6824 2 6874 2 7003 2 7203 2 7330 3 7458 2 7585 2 7775 1 7904 1 8097 1 8225 1 8545 1 8673 2 8800 3 8866 1 8928 3 8993 2 9056 2 9121 3 9185 1 9250 2 9312 1 9378 2 9410 1 9440 1 9507 1 9537 2 9567 2 9664 4 9695 2 9791 6 9823 2 9919 6 9951 2 10047 6 10175 6 10303 6 10404 1 10431 6 10534 3 10559 6 10588 3 10663 3 10687 6 10715 4 10792 3 10815 6 10842 4 10921 3 10942 7 10970 3 11050 3 11070 7 11097 2 11179 3 11199 6 11311 2 11329 2 11441 1 11457 2,7018 4 7146 4 7273 6 7401 6 7529 5 7657 3 7701 1 7785 3 7827 4 7914 1 7955 5 8083 5 8211 5 8340 4 8470 1 10082 2 10209 3 10273 3 10337 3 10402 2 10465 2 10592 2 10719 1 11205 3 11324 5 11331 7 11450 7 11459 7 11577 8 11588 6 11706 6 11717 3
gap_af1ce2cdf4e4bd442a,5441 2 5568 5 5695 6 5823 7 5951 7 6080 5 6464 4 6591 5 6719 5 6846 7 6956 5 6974 7 7083 7 7102 6 7209 10 7231 5 7336 12 7359 4 7378 6 7462 15 7501 12 7588 18 7628 14 7715 20 7755 16 7841 23 7883 17 7968 25 8011 18 8096 25 8139 20 8223 27 8267 21 8350 28 8396 20 8478 28 8524 21 8605 29 8653 20 8733 29 8781 21 8860 30 8910 20 8988 30 9038 21 9116 29 9167 20 9244 29 9296 19 9372 28 9424 18 9500 27 9553 16 9629 26 9682 15 9757 25 9810 14 9886 23 9939 11 10015 21 10068 9 10144 20 10197 7 10273 18 10327 3 10402 16 10531 14 10660 11 10790 7,6733 3 6861 4 6990 3 7093 1 7118 4 7220 3,,,7363 3 7485 10 7613 10 7741 8 7869 5,,6952 3 7079 4 7207 2 7385 2 7513 3 7642 3 7772 1 7838 2 7874 2 7965 3 8000 6 8092 3 8127 8 8218 5 8254 10 8346 4 8381 12 8473 4 8509 13 8601 3 8636 14 8674 3 8764 15 8802 4 8892 15 8930 5 9020 14 9059 5 9148 14 9188 4 9277 12 9317 2 9405 12 9534 12 9661 15 9752 3 9788 16 9880 4 9916 16 10008 4 10044 15 10138 3 10172 15 10301 12 10430 10 10462 4 10546 5 10559 8 10590 4 10673 6 10688 6 10719 2 10799 7 10817 4 10926 6 10946 3 11042 5 11052 7 11074 3 11170 15 11202 3 11299 9 11331 2 11428 5 11459 2 11587 2 11715 2 11843 2,5921 2 6047 4 6172 5 6299 5 6425 6 6552 6 6679 6 6788 1 6807 4 6892 4 6915 3 6936 1 7020 8 7043 5 7148 8 7171 6 7277 7 7299 6 7406 6 7418 3 7427 7 7535 5 7545 4 7556 7 7665 2 7672 5 7684 7 7799 7 7812 7 7927 7 7940 7 8054 8 8068 7 8182 8 8195 9 8310 9 8323 9 8438 9 8451 9 8566 9 8579 9 8694 9 8708 8 8823 8 8836 9 8951 8 8964 9 9078 9 9092 9 9204 11 9220 7 9331 12 9348 7 9459 11 9478 7 9586 11 9608 5 9712 3 9717 7 9731 1 9737 7 9838 3 9845 7 9859 2 9866 7 9964 4 9973 6 9986 4 9995 8 10091 4 10100 6 10113 5 10124 7 10218 5 10229 3 10241 6 10256 4 10340 2 10345 5 10357 5 10368 8 10385 3 10466 11 10486 4 10495 2 10498 6 10568 4 10594 11 10612 6 10623 2 10626 7 10685 2 10695 6 10721 11 10738 6 10750 3 10755 6 10813 3 10823 6 10853 7 10866 4 10878 3 10883 7 10907 2 10941 3 10950 8 10981 6 10994 3 11005 4 11012 6 11036 2 11062 3 11069 4 11078 8 11109 4 11133 3 11140 7 11157 1 11169 1 11189 5 11196 5 11206 8 11237 3 11261 2 11269 7 11286 1 11298 1 11316 13 11335 7 11366 1 11397 8 11409 1 11415 1 11427 1 11443 14 11463 6 11525 14 11571 14 11592 4 11654 14 11698 15 11782 16 11828 7 11836 4 11910 16 11931 2 11958 3 11966 1 12040 21 12169 7 12177 13 12299 9 12313 6 12433 1 12441 6 12570 4 12699 2
gap_3dcaaa79d5e18cc4a0,6090 7 6193 15 6211 17 6318 41 6444 45 6569 23 6594 25 6695 23 6724 24 6822 23 6853 24 6949 23 6981 25 7076 24 7110 24 7204 23 7238 25 7331 23 7367 24 7459 22 7496 24 7587 22 7624 24 7715 21 7753 24 7843 21 7883 22 7971 21 8013 20 8099 20 8141 20 8227 20 8270 19 8355 20 8398 19 8483 20 8525 20 8611 20 8647 3 8653 20 8739 23 8774 5 8781 20 8868 27 8902 27 8996 28 9032 25 9124 17 9143 9 9160 25 9252 17 9271 9 9288 25 9380 28 9416 25 9509 28 9544 25 9637 27 9672 24 9765 27 9799 25 9894 26 9927 24 10023 24 10055 24 10151 24 10183 23 10280 23 10311 23 10409 22 10439 22 10538 21 10567 21 10666 21 10696 20 10795 19 10824 19 10924 17 10953 17 11054 14 11082 14 11183 11 11212 10,6720 2 6846 6 6973 8 7100 9 7227 10 7354 12 7481 14 7609 15 7737 16 7865 16 7993 18 8120 21 8247 23 8375 23 8503 17 8633 2 9026 4 9141 2 9153 7 9269 2 9281 7 9409 7 9537 7 9666 6 9796 3,,,,,5691 8 5704 9 5814 28 5936 38 6062 24 6099 4 6187 5 6229 4 6314 4 6440 4 6491 2 6566 3 6619 3 6692 3 6749 1 6819 3 6877 1 6947 2 7074 2 7202 2 7330 1 7458 1 7585 2 7649 1 7713 2 7777 2 7841 2 7905 2 7969 2 8033 1 8097 2 8226 1 8417 2 8482 1 8545 2 8609 2 8673 3 8737 2 8801 3 8865 3 8929 2 8994 2 9057 2 9122 2 9185 2 9313 2 9441 2 9569 1 9794 2 9921 5 10048 6 10176 6 10304 6 10334 1 10407 2 10432 6 10461 2 10535 3 10560 6 10589 2 10663 3 10688 6 10716 2 10792 3 10816 6 10844 1 10920 4 10944 6 11049 4 11071 8 11178 3 11199 8 11329 5 11458 3,7020 3 7147 5 7275 5 7403 5 7531 5 7659 5 7787 4 7915 4 7954 3 8043 4 8082 4 8172 2 8209 5 8337 6 8466 5 8595 3 11454 3 11461 3 11580 7 11588 7 11707 8 11716 7 11837 4 11845 4
gap_7bbf8ebe5c778bdd41,,5718 2 5805 4 5845 4 5933 5 5972 5 6061 5 6099 6 6189 6 6225 8 6317 7 6353 7 6447 5 6480 7 6575 6 6608 6 6703 6 6736 6 6831 6 6864 6 6959 6 6992 5 7087 6 7121 4 7216 5 7345 4 7473 3 7602 1,,,5046 9 5173 11 5189 2 5302 11 5315 7 5420 2 5433 7 5444 7 5548 3 5566 3 5571 9 5677 4 5694 15 5809 1 5821 16 5938 1 5949 16 6066 1 6076 17 6195 1 6203 17 6324 1 6331 17 6452 1 6458 10 6585 11 6709 1 6712 11 6837 15 6965 21 7093 22 7221 23 7351 21 7476 1 7479 21 7607 21 7735 21 7862 22 7990 18 8011 1 8118 17 8245 18 8373 18 8499 11 8513 6 8627 11 8641 5 8758 8 8769 4 8887 7 8897 4 9015 8 9025 4 9143 14 9271 14 9399 14 9527 14 9656 12 9786 9 9917 6 10047 3 10175 3 10303 5 10430 7 10558 7 10686 7 10814 7 10942 7 11071 6 11200 4,,11444 1 11571 15 11593 3 11699 26 11827 26 11956 25 12089 15 12105 2 12219 11 12355 1,5277 7 5403 11 5531 12 5602 1 5659 14 5727 7 5787 14 5853 11 5909 3 5917 14 5979 13 6035 7 6047 13 6107 13 6161 10 6175 14 6233 14 6287 12 6302 15 6360 13 6382 1 6414 13 6430 16 6487 13 6507 6 6541 14 6557 17 6614 14 6634 8 6669 15 6685 18 6742 15 6761 10 6796 35 6870 15 6888 11 6924 34 6997 16 7015 13 7051 34 7125 32 7179 34 7253 33 7307 34 7381 33 7435 34 7510 33 7563 34 7638 33 7691 34 7765 34 7819 34 7893 34 7947 34 8021 34 8075 34 8149 34 8202 35 8277 34 8330 35 8405 34 8457 35 8533 34 8585 35 8661 34 8713 35 8789 35 8841 35 8917 35 8969 34 9045 35 9097 24 9123 8 9173 35 9225 24 9252 7 9301 35 9354 23 9381 6 9429 10 9441 23 9482 15 9500 6 9510 5 9557 8 9569 23 9610 16 9628 6 9640 1 9686 6 9697 23 9738 25 9814 4 9824 23 9867 25 9952 2 9958 17 9996 26 10086 17 10125 26 10213 17 10255 25 10335 23 10384 25 10461 24 10515 23 10586 26 10645 22 10712 27 10778 18 10839 26 10908 17 10965 26 11039 16 11092 24 11169 15 11218 22 11299 14 11345 17 11429 13 11472 16 11560 10 11599 12 11689 10 11726 10 11819 8 11854 7 11949 6 11981 6 12079 4 12110 2
gap_e780d89ca9ed581bfd,5940 31 6064 37 6190 41 6316 46 6441 18 6465 27 6567 17 6595 26 6694 16 6724 26 6821 17 6853 25 6949 16 6982 25 7076 17 7111 24 7204 17 7239 25 7331 17 7368 24 7459 17 7496 25 7587 17 7624 25 7715 17 7752 25 7843 18 7881 24 7971 18 8009 25 8099 18 8138 24 8227 19 8266 24 8355 19 8394 24 8483 20 8522 24 8611 21 8651 23 8740 21 8779 22 8868 21 8907 22 8997 19 9035 22 9125 19 9150 4 9163 22 9253 19 9276 7 9291 22 9381 19 9402 8 9419 21 9509 29 9547 21 9637 28 9674 22 9766 26 9801 23 9894 26 9929 22 10023 24 10057 22 10151 24 10184 23 10280 23 10312 22 10409 22 10440 22 10537 22 10569 20 10666 20 10697 19 10795 19 10825 18 10925 16 10954 16 11054 14 11083 13 11183 11 11214 8,6711 6 6719 3 6838 14 6965 16 7093 17 7221 18 7349 18 7477 18 7605 18 7733 5 7741 10 7861 5 7869 11 7989 20 8117 20 8246 19 8374 19 8504 17 8633 16 8762 10 8890 9 9018 5 9030 3 9157 5 9284 7 9412 7 9540 7 9669 5 9798 3,,,,,5561 2 5571 11 5685 31 5813 32 5971 4 6060 3 6102 2 6185 4 6312 4 6438 2 6565 2 6692 2 6819 2 6879 1 6946 3 7007 1 7074 2 7135 2 7202 2 7329 2 7393 1 7457 2 7521 2 7585 2 7649 2 7713 2 7777 2 7841 2 7905 2 7969 2 8034 2 8162 2 8290 2 8418 2 8546 1 8801 1 8867 1 8929 2 8995 2 9057 2 9123 2 9185 1 9251 2 9313 1 9379 2 9668 1 9793 5 9920 6 10047 8 10175 8 10303 8 10432 7 10536 1 10560 7 10589 1 10664 2 10688 7 10717 1 10793 2 10816 7 10844 1 10921 3 10944 7 10971 1 11051 2 11071 9 11098 1 11180 2 11199 9 11225 1 11310 2 11329 5 11439 3 11458 3 11587 1,7149 3 7277 4 7405 4 7533 4 7661 4 7789 3 7916 3 8044 3 8172 3 8209 3 8301 2 8336 5 8464 5 8593 4 8721 3 11335 3 11454 4 11461 8 11578 9 11589 8 11706 8 11717 8 11837 4 11846 4
gap_d7546bd86462977fae,4813 12 4936 19 5036 4 5062 23 5161 8 5189 26 5287 9 5317 28 5413 10 5446 28 5539 11 5576 27 5666 10 5706 25 5793 11 5835 25 5920 11 5964 25 6047 12 6093 25 6175 12 6222 24 6302 13 6350 25 6430 13 6478 25 6557 14 6607 25 6685 14 6735 25 6812 15 6863 26 6940 15 6991 26 7068 15 7119 26 7195 16 7247 26 7323 17 7376 26 7451 17 7504 26 7579 17 7632 26 7706 19 7759 28 7834 19 7887 28 7962 20 8015 28 8090 21 8143 28 8218 21 8271 28 8346 22 8398 29 8474 23 8526 29 8603 23 8654 29 8731 24 8783 28 8859 25 8911 27 8987 26 9041 25 9115 25 9171 23 9244 23 9300 22 9372 22 9418 2 9427 23 9500 22 9545 33 9628 22 9673 33 9757 22 9801 32 9885 23 9930 31 10013 23 10058 31 10142 22 10187 29 10270 23 10315 29 10399 22 10443 29 10527 22 10571 28 10656 22 10699 28 10785 22 10827 27 10913 23 10956 26 11042 23 11084 25 11171 22 11212 25 11299 22 11341 23 11428 21 11470 21 11558 18 11599 19 11687 16 11728 17 11817 12 11857 14 11947 8 11986 12 12117 7,5431 4 5557 7 5571 3 5684 8 5698 6 5812 9 5827 6 5939 10 5955 7 6066 11 6083 8 6194 13 6211 9 6321 16 6339 9 6449 28 6577 28 6704 30 6832 19 6853 10 6959 19 6981 10 7087 19 7109 10 7215 8 7224 9 7238 9 7343 7 7352 8 7367 8 7471 19 7496 6 7601 23 7625 1 7731 22 7859 23 7986 26 8114 28 8241 29 8370 28 8499 26 8628 25 8757 24 8887 22 9016 24 9144 25 9272 16 9292 6 9395 18 9421 5 9522 17 9650 15 9779 10 9908 9 10036 10 10164 10 10293 9 10421 9 10549 8 10678 7 10807 4,,,9665 1,,4294 1 4302 2 4406 1 4412 27 4530 41 4653 13 4668 12 4681 8 4696 5 4778 15 4797 10 4825 5 4903 6 4927 7 4955 4 5031 4 5085 3 5158 3 5216 2 5285 2 5345 2 6247 1 6375 2 6503 2 6555 2 6632 2 6682 3 6760 2 6810 2 6889 2 6937 3 7017 2 7065 3 7145 3 7193 2 7273 3 7321 2 7402 2 7449 2 7530 2 7577 2 7658 2 7787 1 7915 1 8043 1 8857 2 8985 2 9113 2 9241 3 9369 3 9497 3 9626 2 9706 2 9833 3 9923 5 9961 3 10049 8 10089 2 10177 8 10217 2 10304 10 10344 3 10432 10 10472 2 10560 10 10599 3 10688 10 10727 2 10815 10 10855 2 10943 10 10983 1 11072 9 11200 8 11297 2 11328 8 11426 2 11456 9 11555 2 11583 12 11684 3 11709 16 11813 4 11835 4 11841 6 11849 6 11942 4 11962 5 11970 3 11977 8 12071 12 12091 2 12099 2 12111 6 12201 10 12227 2 12240 6 12331 5 12355 2 12371 9 12483 2 12504 1 12611 2 12739 2,9839 3 9966 3 10093 3 10520 2 10648 3 10777 3 11967 2 11975 2 12093 5 12102 6 12214 13 12229 9 12341 14 12357 11 12468 15 12485 12 12596 14 12613 12 12725 12 12742 11 12857 7 12871 9 13002 2
gap_05719b4831db326b16,4008 5 4132 17 4258 21 4383 24 4431 11 4509 26 4541 31 4635 27 4669 33 4761 28 4798 34 4887 29 4928 34 5014 30 5058 33 5140 31 5188 33 5267 32 5317 33 5394 32 5445 34 5521 33 5574 34 5648 33 5702 36 5775 34 5831 36 5902 34 5959 37 6030 34 6087 38 6157 34 6215 39 6284 35 6344 39 6412 35 6473 38 6539 35 6601 39 6667 35 6730 39 6795 34 6858 40 6922 35 6987 39 7050 34 7115 40 7177 35 7243 40 7305 34 7372 40 7433 31 7502 39 7561 29 7632 37 7689 28 7761 36 7816 28 7889 36 7944 28 8018 36 8072 27 8146 36 8200 27 8275 35 8328 27 8404 34 8456 27 8532 34 8584 28 8661 33 8713 28 8789 34 8841 32 8917 34 8969 45 9018 3 9030 5 9045 34 9097 29 9127 15 9146 3 9157 7 9172 35 9226 27 9257 11 9284 9 9299 36 9354 26 9386 8 9412 50 9483 25 9515 4 9540 50 9611 25 9669 49 9739 25 9798 48 9868 24 9926 47 9996 24 10055 46 10125 24 10183 46 10253 24 10311 45 10382 24 10440 44 10510 26 10537 1 10568 44 10639 29 10697 42 10768 29 10825 42 10896 31 10953 41 11025 32 11082 39 11154 35 11210 38 11283 34 11338 38 11412 33 11467 36 11541 31 11595 35 11671 29 11724 33 11800 27 11853 31 11930 24 11982 29 12059 21 12112 26 12189 18 12241 24 12319 13 12371 20 12450 8 12500 17,5181 1 5307 5 5434 7 5561 10 5688 12 5816 12 5943 14 6071 14 6199 14 6324 17 6449 20 6577 20 6704 24 6832 25 6959 27 7087 14 7103 11 7215 14 7233 9 7343 14 7362 7 7471 25 7599 24 7720 5 7726 25 7847 32 7975 14 7991 17 8103 14 8121 4 8129 8 8230 15 8259 10 8358 15 8388 9 8486 14 8516 10 8615 13 8645 4 8651 7 8747 7 8780 6 8909 5 9038 4 9167 3 9382 2 9510 3 9637 5 9765 5 9775 6 9893 6 9902 8 10021 6 10031 8 10149 5 10158 10 10278 3 10286 10 10414 10 10542 9 10670 8 10799 7 10928 5,,,9022 3 9149 4 9273 8 9399 10 9526 9 9653 9 9781 8 9910 5 10039 2,,3370 12 3475 2 3496 19 3620 32 3658 7 3746 52 3872 7 3889 40 3999 6 4022 37 4126 4 4152 23 4182 6 4253 4 4286 15 4312 4 4379 2 4507 1 4704 2 4832 4 4962 4 5091 4 5221 4 5350 3 5480 2 5645 2 5772 3 5899 3 6027 3 6154 3 6282 2 6410 1 7027 2 7155 3 7175 2 7283 3 7302 3 7412 3 7429 4 7541 2 7557 4 7669 2 7685 4 7798 1 7814 2 8582 1 8695 2 8709 4 8823 3 8837 4 8951 3 8966 3 9079 3 9094 3 9207 3 9223 2 9335 3 9351 2 9464 1 9791 4 9918 6 10045 8 10122 2 10172 10 10229 3 10250 3 10300 10 10357 4 10378 4 10427 11 10484 4 10507 3 10554 13 10612 4 10635 4 10681 14 10740 3 10763 4 10809 14 10868 3 10892 4 10937 14 10996 2 11021 3 11065 14 11149 4 11194 13 11279 2 11322 12 11407 2 11450 12 11579 10 11706 12 11759 2 11833 14 11886 3 11960 15 12013 3 12088 16 12139 5 12216 16 12266 5 12343 17 12393 5 12463 3 12471 17 12520 5 12588 6 12599 18 12646 6 12704 17 12727 18 12773 6 12832 14 12855 18 12900 5 12961 11 12984 23 13027 5 13093 1 13117 20 13156 1 13245 20 13369 2 13373 5 13379 13 13503 1 13511 8 13641 5,10756 2 10884 2 11130 4 11257 6 11271 3 11385 6 11399 4 11512 6 11527 5 11639 7 11655 6 11766 7 11784 6 11893 7 11912 7 12021 6 12042 6 12148 3 12171 6 12275 4 12301 5 12403 10 12430 5 12530 10 12559 5 12657 9 12688 5 12784 6 12817 4 12850 3 12911 5 12947 3 12976 6 13037 6 13076 3 13103 7 13163 6 13205 4 13229 9 13291 5 13334 4 13357 8 13418 5 13463 3 13485 1 13547 1
gap_0b5563dba90f6ec578,,5582 1 5709 4 5837 5 5966 1 6346 1 6473 5 6601 6 6718 6 6728 7 6846 7 6856 7 6974 7 6985 6 7102 8 7113 6 7230 8 7241 6 7358 8 7370 2 7487 6 7616 5,3391 3 3515 9 3530 7 3640 13 3657 13 3766 15 3785 16 3893 16 3914 18 4020 17 4043 19 4147 17 4172 19 4276 14 4301 20 4405 10 4429 22 4535 4 4560 20 4689 20 4817 21 4944 23 5072 24 5202 23 5331 22 5459 22 5587 23 5713 25 5842 25 5967 28 6094 29 6223 29 6351 29 6478 30 6607 30 6735 30 6863 30 6991 30 7119 31 7247 31 7375 31 7503 31 7632 30 7760 30 7889 29 7962 2 8017 29 8089 7 8146 27 8216 9 8274 27 8344 10 8403 25 8471 11 8531 25 8599 12 8659 24 8727 12 8787 24 8855 13 8916 22 8984 12 9044 22 9112 13 9173 20 9241 13 9301 19 9369 14 9430 17 9498 15 9559 15 9626 15 9687 14 9755 14 9816 12 9883 13 9945 10 10012 12 10075 6 10141 11 10270 11 10400 9,7096 2 7372 3 7499 4 7628 4 7758 2 7983 6 8109 10 8235 13 8363 14 8490 7 8499 6 8617 8 8628 5 8745 7 8756 6 8872 8 8884 6 9001 6 9011 7 9129 6 9139 6 9257 16 9385 16 9513 15 9641 14 9769 14 9896 14 10024 13 10152 12 10281 1 10286 3,3909 5 4037 6 4137 4 4164 8 4262 12 4290 11 4389 15 4415 14 4516 18 4539 19 4644 42 4771 42 4897 41 5024 41 5151 41 5279 41 5407 45 5535 27 5564 18 5663 26 5694 15 5791 25 5828 9 5919 25 5957 9 6047 25 6086 8 6175 26 6217 3 6303 17 6321 8 6431 12 6449 7 6559 10 6577 7 6687 10 6703 9 6814 11 6828 12 6941 27 7067 28 7194 26 7322 22 7450 18 7578 17 7706 16 7834 15 7964 12 8096 7 8228 2,,4381 2 4509 1 5274 1 5401 2 5529 2 5656 3 5783 3 5911 2 7279 1 7406 3 7534 3 7663 2 7700 1 7791 2 7828 2 7919 1 7955 2 8047 1 8083 2 8126 4 8133 4 8211 2 8253 12 8339 2 8381 13 8467 2 8508 14 8596 1 8636 13 8764 13 8892 13 9020 13 9148 13 9277 12 9405 12 9533 12 9661 13 9788 15 9828 2 9914 17 9955 3 10045 15 10082 3 10170 1 10174 3 10186 3 10210 2 10297 3 10314 3 10425 3 10442 3 10553 3 10657 1 10784 4 10797 3 10913 4 10925 2 11043 2,9035 2 9163 3 9292 1 10823 19 10935 9 10950 21 11061 11 11078 21 11180 20 11206 21 11306 22 11335 19 11434 22 11464 17 11562 21 11594 13 11691 19 11725 7 11820 17 11951 12
gap_1515583b80211b5306,,7890 2 8017 4 8144 5 8244 4 8271 6 8373 4 8398 7 8501 5 8526 7 8630 7 8655 6 8758 8 8783 6 8887 6 8913 3 9016 4,,,4416 9 4540 15 4659 29 4785 33 4912 37 5039 44 5162 51 5288 54 5415 56 5543 58 5670 60 5797 16 5814 45 5925 16 5942 46 6053 63 6181 31 6221 23 6309 30 6349 5 6355 17 6437 30 6478 3 6484 17 6565 30 6605 4 6613 16 6693 30 6733 4 6741 16 6821 30 6861 24 6949 15 6967 13 6982 3 6988 25 7078 13 7094 47 7206 13 7222 47 7335 61 7463 23 7489 32 7592 5 7600 13 7618 24 7729 12 7744 24 7857 11 7871 3 7877 13 7892 2 7986 8 7999 2 8007 10 8116 2 8127 2 8138 6 8256 1 8267 4 8395 3,,9157 7 9283 10 9300 5 9394 4 9409 13 9427 6 9522 8 9536 24 9650 38 9779 37 9907 36 10035 36 10163 36 10292 35 10420 35 10548 35 10677 33 10805 33 10933 33 11062 31 11190 31 11319 29 11447 29 11575 29 11704 27 11833 25 11961 24 12090 20 12219 18 12355 7 12484 4 12613 3 12742 1,5610 2 5662 1 5737 4 5789 3 5864 6 5917 4 5992 6 6045 4 6120 6 6173 4 6248 6 6301 5 6376 6 6429 5 6504 7 6554 8 6632 8 6681 9 6759 10 6809 10 6887 10 6936 13 7014 12 7064 14 7141 13 7191 15 7269 13 7319 16 7396 14 7447 16 7522 16 7575 17 7647 18 7703 21 7772 21 7832 19 7898 23 7960 21 8025 23 8089 22 8153 23 8217 23 8280 24 8345 24 8408 23 8474 23 8536 23 8602 23 8664 23 8731 22 8793 22 8859 22 8922 20 8988 20 9049 21 9117 20 9177 20 9247 19 9305 18 9376 18 9433 17 9505 17 9560 16 9633 17 9688 16 9758 21 9816 15 9886 21 9943 17 10014 21 10071 18 10142 21 10199 19 10271 21 10327 19 10399 21 10455 19 10527 21 10583 19 10655 22 10710 20 10784 11 10796 9 10838 8 10847 11 10912 21 10966 7 10975 10 11041 12 11054 8 11093 8 11103 10 11170 12 11183 7 11221 7 11230 10 11299 12 11312 7 11348 7 11357 9 11429 11 11441 6 11476 6 11485 8 11558 11 11571 4 11604 4 11612 7 11688 9 11699 5 11740 5 11818 9 11829 2 11867 3 11948 8 11958 1 12077 11 12207 10 12338 6 12609 1
gap_ea901d7810723da5b6,,,,,,,8637 9 8764 11 8892 11 9019 13 9147 14 9272 17 9398 19 9419 1 9525 19 9547 2 9653 18 9675 1 9790 7 9919 5 10048 3 10176 3 10304 3 10433 2 10561 2 10689 2,7666 4 7687 5 7792 12 7814 11 7920 13 7940 28 8048 13 8067 28 8177 12 8195 28 8309 8 8323 26 8437 8 8451 24 8565 8 8580 21 8693 8 8709 17 8821 8 8838 14 8948 8 8967 11 9076 8 9095 10 9203 8 9224 9 9329 9 9352 10 9456 7 9481 10 9583 5 9610 10 9712 2 9740 9 9870 8 9912 5 9926 4 10000 7 10039 8 10053 6 10131 5 10167 8 10180 7 10261 4 10295 8 10308 7 10391 2 10423 8 10436 7 10551 8 10564 6 10680 7 10692 6 10809 6 10820 5
gap_ff0b8523bc999d7d88,,,,,,,4154 6 4280 10 4407 13 4535 14 4662 4 4673 5 4790 3 4802 5 4918 2 4931 5 5061 3 7624 3 7737 1 7752 3 7865 1 7881 1 8001 4 8127 7 8254 9 8381 11 8508 13 8635 15 8763 16 8890 17 9019 16 9147 16 9277 11 9407 7 9537 4 9665 4 9794 1,6397 2 6524 3 6651 4 6778 4 6905 5 7032 6 7055 2 7159 7 7183 1 7286 8 7413 9 7540 10 7667 10 7693 5 7795 10 7820 7 7923 9 7947 8 8051 8 8075 9 8178 8 8203 10 8306 5 8331 11 8435 2 8460 11 8589 10 8717 11 8846 10 8974 10 9103 9 9232 9 9319 8 9361 12 9416 4 9447 8 9489 14 9528 7 9542 7 9575 4 9617 14 9656 8 9669 8 9703 3 9745 14 9784 8 9797 8 9872 14 9912 8 9925 7 10000 14 10041 7 10053 7 10128 9 10169 6 10182 4 10298 3
gap_7fb7210c16d73cf70b,8111 2 8238 4 8366 3 8495 2,,,,,,6979 2 7106 4 7233 7 7359 10 7487 11 7597 2 7615 11 7724 3 7743 11 7852 2 7870 11 7998 11 8024 1 8125 13 8248 19 8269 6 8375 29 8505 28 8634 27 8762 21 8790 1 8891 19 8918 4 9019 18 9048 5 9148 16 9176 5 9277 13 9306 3 9406 11 9435 1 9535 9 9664 7 9778 5 9793 6 9904 7 9922 5 10030 6 10037 2 10050 4 10155 8 10179 3 10282 7 10307 3 10410 4 10435 2 10563 2 10691 2 10819 3 10947 3 11075 2,7435 6 7561 9 7687 11 7767 1 7804 2 7815 10 7895 2 7930 4 7944 8 8057 5 8073 6 8185 5 8202 5 8313 6 8330 4 8440 7 8455 3 8564 11 8583 2 8692 11 8821 10 8949 11 9078 10 9122 3 9206 10 9249 5 9309 2 9333 11 9377 4 9436 3 9461 11 9546 3 9565 2 9588 12 9673 4 9716 12 9789 2 9800 5 9844 12 9916 4 9928 5 9971 12 10044 5 10055 6 10099 12 10127 1 10170 7 10183 6 10228 1 10230 9 10268 1 10278 4 10297 8 10311 8 10358 9 10372 1 10395 3 10405 5 10424 4 10429 4 10439 8 10486 8 10500 3 10523 4 10552 4 10559 2 10568 7 10614 6 10628 4 10652 3 10681 2 10687 2 10696 6 10742 5 10757 2 10781 2 10815 1 10824 3
gap_64974333c0a471018f,,7241 3 7368 5 7496 6 7602 2 7623 7 7729 3 7751 6 7856 4 7879 6 7985 3 8007 6 8113 3 8135 6 8241 4 8263 7 8369 4 8391 8 8496 6 8520 3 8524 4 8623 7 8654 3 8752 6 8881 4,,,4143 6 4175 4 4266 11 4301 7 4394 12 4413 7 4429 12 4524 10 4540 9 4557 15 4643 1 4653 10 4667 11 4685 17 4769 3 4781 11 4795 11 4813 18 4896 3 4908 11 4923 10 4942 3 4947 13 5023 3 5036 11 5051 9 5076 13 5151 2 5155 3 5164 11 5178 9 5205 13 5282 6 5292 10 5307 7 5334 12 5409 8 5422 7 5435 6 5464 11 5537 8 5551 6 5563 6 5592 11 5665 8 5679 5 5692 4 5706 3 5721 10 5793 8 5807 4 5833 5 5849 10 5921 8 5935 4 5961 5 5980 1 5982 5 6048 8 6088 6 6108 1 6110 5 6175 8 6217 6 6235 8 6303 8 6345 6 6363 8 6430 9 6474 4 6491 7 6557 9 6602 4 6619 7 6685 9 6748 6 6813 8 6876 6 6941 8 7004 6 7069 8 7132 6 7197 8 7227 2 7260 6 7325 8 7354 4 7387 7 7453 7 7481 5 7515 6 7582 6 7609 5 7641 7 7710 6 7738 3 7769 2 7839 4 7867 1 7897 1 7969 1,,8895 2 9021 5 9146 11 9272 27 9391 36 9515 40 9644 38 9772 38 9901 37 10029 37 10157 36 10286 35 10414 35 10543 33 10671 33 10800 31 10928 31 11057 30 11185 29 11314 27 11443 26 11571 25 11700 24 11829 17 11849 1 11957 3 11963 10 12094 5 12224 2,6375 2 6502 5 6629 6 6675 5 6757 7 6803 6 6884 8 6930 7 7012 8 7058 7 7139 9 7186 8 7267 9 7314 9 7375 5 7394 12 7440 11 7502 7 7522 13 7568 12 7594 4 7630 11 7650 13 7695 14 7720 8 7757 12 7778 13 7823 15 7847 9 7885 12 7905 14 7951 15 7974 11 8013 11 8032 16 8079 16 8101 12 8141 11 8157 19 8207 16 8229 12 8270 9 8283 21 8335 17 8357 12 8399 9 8409 23 8463 18 8484 12 8528 32 8591 32 8657 31 8719 32 8785 31 8847 31 8915 29 8975 30 9043 29 9103 29 9171 28 9231 28 9299 28 9359 28 9427 28 9487 28 9555 27 9615 29 9682 28 9743 29 9810 27 9872 29 9938 25 10000 29 10066 23 10129 28 10193 22 10258 28 10321 19 10388 26 10449 18 10519 24 10576 25 10649 22 10704 27 10774 26 10831 28 10901 27 10959 28 11028 29 11087 27 11156 19 11176 9 11214 28 11284 30 11341 28 11413 30 11469 27 11542 19 11562 9 11596 27 11671 18 11690 10 11724 25 11802 26 11851 24 11932 25 11974 27 12063 29 12100 26 12192 28 12228 23 12323 26 12356 5 12368 9 12453 11 12465 2 12471 4 12497 5 12585 7 12715 4
gap_2f0702879e205c2c16,,6359 2 6486 7 6614 7 6742 7 6871 4,,,,8256 1 8382 5 8509 8 8636 10 8763 11 8891 11 9020 9 9150 6,,6333 2 6457 8 6467 5 6584 17 6712 18 6751 7 6816 4 6839 19 6878 8 6943 5 6967 18 7005 9 7071 6 7095 18 7133 10 7201 4 7223 18 7261 10 7328 1 7351 18 7388 10 7451 7 7480 17 7516 10 7578 9 7608 17 7645 8 7704 11 7737 16 7774 6 7831 13 7865 16 7901 8 7957 15 7994 3 8003 5 8028 11 8084 17 8133 2 8155 14 8211 17 8282 17 8338 18 8409 19 8465 18 8537 19 8593 18 8665 20 8721 17 8793 20 8849 16 8921 21 8977 14 9048 23 9106 12 9176 23 9234 11 9304 23 9363 10 9430 3 9437 18 9492 9 9514 5 9554 7 9571 12 9621 8 9641 7 9681 8 9700 11 9750 5 9768 8 9809 8 9828 13 9895 10 9936 9 9956 14 10023 10 10064 10 10085 13 10151 10 10192 10 10214 12 10279 9 10320 10 10344 9 10407 9 10448 10 10471 10 10502 7 10536 8 10576 9 10593 16 10630 7 10664 7 10705 8 10718 19 10759 7 10767 2 10793 6 10833 7 10845 19 10889 9 10921 5 10962 5 10971 20 11022 5 11044 5 11091 3 11097 22 11151 4 11173 5 11182 7 11224 22 11301 18 11339 6 11350 23 11431 18 11465 34 11560 18 11591 33 11690 16 11718 32 11819 16 11845 30 11928 1 11949 14 11972 30 12057 3 12079 12 12100 27 12186 4 12210 8 12228 23 12315 3 12356 19 12445 1 12484 16 12613 11
gap_7a51006b7abac421c5,5394 3 5521 8 5648 11 5775 13 5903 15 6031 15 6160 12 6293 4,8997 5 9126 3,8233 2 8359 5 8481 11 8609 11 8738 10 8866 9,,,,6802 4 6807 10 6935 11 7555 1 7683 1 11065 1 11192 2 11203 1 11319 4 11331 2 11447 4 11458 3 11575 5 11585 4 11702 7 11713 4 11825 2 11830 8 11839 6 11951 3 11958 15 12079 2 12085 16 12207 1 12213 3 12219 10 12342 1 12347 3 12354 3 12475 3 12483 2 12603 3 12731 3 12859 3 12987 3 13115 3 13243 3 13272 2 13399 2 13528 1,6930 4 7057 10 7184 13 7199 1 7312 13 7326 3 7331 1 7440 10 7455 3 7459 1 7568 9 7696 7 7824 7 7953 5 8081 5 8209 5 8338 4 9081 1 10118 2 10247 2 10375 2 11634 1 11761 2 11888 2 12015 2 12143 1 12439 4 12568 4 12698 2 13274 1 13401 4 13529 3
gap_14fafb50d6b7e32f9e,4556 4 4676 18 4801 23 4912 10 4929 25 5037 14 5058 25 5162 16 5187 25 5288 17 5318 23 5415 17 5450 20 5541 18 5580 19 5668 18 5709 19 5795 18 5837 20 5922 19 5966 20 6049 20 6094 20 6177 19 6222 21 6304 20 6350 21 6431 21 6478 22 6559 21 6606 22 6687 21 6734 23 6814 22 6861 24 6942 22 6989 24 7069 23 7117 25 7197 23 7245 25 7325 23 7374 25 7453 23 7502 25 7580 24 7631 24 7708 25 7759 24 7836 25 7888 23 7964 25 8017 23 8092 26 8146 22 8220 25 8275 21 8348 25 8403 21 8476 24 8530 22 8604 23 8657 23 8732 20 8776 32 8861 18 8903 33 8989 18 9026 38 9117 17 9141 2 9153 39 9245 17 9281 39 9373 17 9409 38 9501 17 9537 38 9629 17 9666 37 9757 19 9797 34 9886 19 9926 33 10014 20 10055 32 10142 20 10183 31 10270 21 10312 30 10398 21 10440 29 10527 21 10569 28 10655 22 10697 28 10783 25 10825 27 10911 26 10954 25 11039 26 11082 25 11168 25 11211 23 11297 23 11340 21 11426 21 11469 19 11556 19 11598 17 11686 16 11728 13 11816 13 11858 8 11945 10 12074 7 12203 4,5560 6 5572 6 5687 8 5699 9 5814 9 5826 11 5941 10 5953 13 6069 25 6197 25 6324 26 6452 26 6580 25 6708 25 6836 25 6965 23 7093 15 7110 6 7221 16 7240 4 7349 23 7477 24 7605 24 7734 3 7744 14 7873 14 8003 12 8132 12 8261 13 8374 8 8391 11 8501 11 8524 4 8628 12 8756 12 8885 10 9136 2 9263 4 9390 5 9518 4 9524 8 9647 1 9651 10 9779 10 9907 10 10034 11 10162 11 10291 9 10419 9 10548 8 10677 6,,,9150 2 9276 5 9404 5 9533 4 9662 3,,4035 7 4151 4 4162 15 4277 8 4288 21 4403 36 4527 15 4544 8 4562 5 4652 15 4694 2 4778 10 4905 6 5032 5 5159 3 5286 2 5600 1 5729 1 5857 2 5986 2 6114 3 6243 2 6371 2 6500 2 6628 2 6757 2 6812 1 6885 2 6939 2 7013 2 7067 2 7142 1 7194 3 7322 3 7450 3 7578 2 7706 2 7834 1 7962 1 8681 1 8808 2 8936 2 9064 2 9192 2 9320 2 9447 3 9498 2 9575 3 9625 4 9703 3 9754 3 9831 2 9882 3 9922 2 9959 2 10010 4 10045 9 10087 2 10139 3 10173 10 10267 3 10300 11 10395 3 10428 11 10524 2 10556 12 10684 12 10812 12 10940 12 11068 11 11196 11 11234 3 11293 2 11325 10 11361 4 11421 4 11453 11 11488 4 11550 4 11581 11 11615 4 11679 3 11708 13 11742 4 11808 3 11834 23 11869 4 11937 1 11960 13 11975 12 11997 3 12082 3 12088 5 12097 3 12106 3 12111 7 12208 5 12217 3 12225 3 12235 2 12241 5 12330 9 12353 3 12457 9 12481 2 12586 5 12610 1,11153 3 11245 2 11281 5 11371 3 11410 4 11498 4 11539 4 11625 4 11669 3 11752 5 11798 3 11879 4 11927 2 12006 4 12093 3 12101 5 12132 4 12220 5 12228 7 12260 3 12342 11 12356 12 12469 12 12484 12 12596 13 12612 12 12725 12 12741 10 12854 10 12869 6
gap_af31d51c9eb4aef57b,3920 12 4049 12 4180 10 4315 4 4387 3 4514 5 4641 6 4769 6 4896 6 5023 7 5150 7 5223 1 5278 7 5351 2 5405 7 5479 3 5533 6 5607 3 5660 6 5736 3 5788 6 5864 3 5915 6 5993 2 6043 6 6121 2 6171 5 6249 3 6299 5 6377 3 6427 4 6505 3 6555 4 6633 3 6682 5 6761 4 6810 4 6889 4 6938 4 7018 3 7066 4 7146 3 7194 4 7274 3 7322 3 7402 3 7450 3 7529 4 7578 3 7657 4 7706 3 7785 4 7833 4 7913 4 7962 3 8041 4 8090 3 8169 4 8218 4 8296 5 8346 4 8424 4 8474 5 8520 2 8552 4 8602 5 8648 3 8679 5 8731 4 8762 1 8776 4 8807 5 8859 5 8889 2 8905 4 8934 6 8987 6 9017 2 9033 4 9061 6 9115 7 9145 1 9161 5 9189 6 9243 9 9273 1 9290 5 9315 8 9372 9 9400 2 9418 6 9442 9 9500 10 9527 3 9546 7 9568 10 9629 10 9654 4 9674 8 9694 12 9757 12 9780 5 9802 11 9818 15 9886 13 9906 7 9930 30 10015 26 10059 28 10144 24 10187 27 10274 21 10315 26 10403 19 10444 24 10532 17 10573 22 10661 14 10702 20 10831 18 10961 14 11093 7,4532 2 4654 1 4660 2 4782 1 7493 4 7614 3 7621 6 7740 7 7750 6 7868 8 7879 6 7995 9 8007 6 8123 9 8136 5 8251 9 8265 3 8379 8 8508 6 8638 3,3649 1 3774 7 3899 19 4026 21 4153 24 4280 27 4407 40 4534 43 4662 44 4790 45 4918 47 5046 47 5173 49 5300 51 5427 52 5554 53 5682 54 5800 2 5810 54 5924 6 5938 55 6051 7 6066 55 6178 7 6196 53 6306 7 6327 50 6433 9 6455 50 6560 10 6584 49 6688 11 6713 48 6815 12 6843 46 6942 12 6977 41 7070 12 7106 40 7198 9 7235 39 7325 11 7364 38 7453 12 7497 32 7581 12 7627 30 7709 13 7756 29 7837 13 7885 28 7965 20 8013 28 8093 23 8141 28 8222 25 8268 28 8350 25 8396 28 8479 24 8524 28 8607 24 8653 26 8736 23 8781 26 8865 22 8910 24 8993 22 9038 23 9122 20 9167 21 9252 18 9295 20 9381 16 9424 18 9512 13 9553 15 9641 11 9683 11 9770 8 9900 4,,5676 2 5803 4 5930 5 6058 5 6185 11 6313 14 6442 13 6570 14 6699 14 6827 16 6954 19 7082 19 7209 21 7337 20 7363 1 7465 19 7593 17 7722 15 7850 15 7985 7 8116 3,,3000 6 3123 12 3146 5 3249 13 3273 13 3375 13 3397 2 3403 13 3503 9 3533 13 3667 7 3752 3 3798 1 3877 6 3935 2 4005 5 4063 3 4132 5 4192 3 4321 2 5020 3 5097 2 5147 3 5225 3 5274 4 5353 3 5402 3 5530 3 5658 1 6380 2 6425 2 6508 3 6552 3 6636 3 6679 3 6765 2 6807 3 6893 2 7960 2 8088 2 8173 1 8216 2 8301 1 8344 2 8428 2 8473 1 8556 2 8766 9 8893 11 9020 12 9148 13 9276 13 9404 13 9531 14 9659 14 9788 13 9885 1 9916 12 10013 2 10045 11 10141 3 10173 10 10215 1 10270 4 10300 10 10341 3 10399 3 10428 11 10468 3 10528 3 10556 12 10595 3 10658 1 10684 12 10723 2 10798 4 10814 9 10850 1 10925 5 10943 7 11071 4 11088 4 11200 3 11217 3 11327 4 11455 4 11583 4 11712 2,10805 7 10931 11 10951 6 11055 16 11076 11 11177 22 11203 13 11305 22 11331 16 11434 21 11459 19 11564 19 11587 20 11693 17 11716 17 11825 8 11845 12
gap_e3291d1a7d6d1ed175,,7369 4 7496 6 7624 7 7753 6 7871 4 7881 6 7998 7 8011 3 8126 7 8136 2 8253 8 8263 4 8381 7 8392 3 8509 6 8520 4 8638 4 8649 3,3514 5 3641 8 3769 12 3896 18 3921 3 4024 37 4153 38 4281 40 4410 41 4539 42 4667 43 4796 43 4924 45 5053 45 5182 45 5311 45 5440 44 5569 44 5697 45 5826 44 5955 44 6084 44 6213 43 6341 44 6469 44 6597 45 6725 45 6854 44 6983 44 7111 44 7239 44 7367 2 7373 38 7495 1 7502 37 7631 36 7759 36 7887 36 8014 37 8142 37 8272 35 8400 35 8529 34 8657 34 8785 34 8913 33 9042 32 9170 31 9298 31 9426 30 9555 29 9683 28 9812 26 9941 25 10069 25 10145 1 10198 23 10274 1 10327 21 10403 1 10456 18 10531 1 10586 15 10660 2 10716 11 10789 2 10846 7 10918 2 10977 2 11047 2,7991 1 8118 4 8245 6 8270 2 8375 4 8398 2 8505 2 8526 3 8655 2 8738 11 8783 2 8865 22 8912 1 8993 23 9040 2 9120 25 9168 2 9248 25 9297 1 9376 25 9504 16 9522 7 9632 16 9650 7 9760 25 9889 24 10017 24 10146 22 10275 20 10404 18 10532 17 10662 14 10791 11 10920 8,4017 7 4143 10 4269 12 4396 14 4523 16 4650 17 4778 18 4897 3 4906 18 5024 5 5034 19 5151 7 5162 20 5278 9 5290 21 5405 10 5417 23 5532 36 5659 37 5787 15 5807 18 5915 15 5937 16 6043 14 6066 15 6171 14 6194 16 6300 12 6322 15 6429 10 6450 15 6558 8 6578 12 6687 7 6706 10 6815 7 6835 9 6943 7 6964 7 7071 7 7093 6 7199 7 7225 2 7328 6 7457 4 7601 4 7728 6 7853 10 7979 12 8105 13 8230 15 8357 11 8471 2 8485 7 8599 4 8612 6 8727 4 8855 5 8983 4 9112 2,,4507 2 4633 3 4760 4 4887 4 5015 4 5143 3 5270 3 5398 3 5525 3 5653 2 5781 2 5909 2 7698 1 7825 2 7953 2 8082 1 8899 4 9025 8 9152 10 9279 12 9406 14 9534 14 9662 14 9711 1 9750 2 9790 14 9838 2 9878 3 9918 14 9966 1 10007 2 10047 13 10094 1 10135 3 10175 12 10264 2 10303 12 10393 1 10431 12 10558 12 10685 13 10813 14 10943 12 11074 11 11105 2 11203 2 11209 5 11232 3 11331 1 11340 1 11359 3,9657 4 9785 4 9806 1 9913 4 9934 1 10041 4 10061 3 10169 4 10189 3 10316 4 10444 4 10573 4 10701 4 10830 3 10960 2 11089 2 11188 13 11216 5 11313 16 11334 4 11343 10 11438 20 11461 22 11563 23 11589 24 11690 24 11717 24 11817 25 11844 25 11946 24 11972 25 12074 24 12101 23 12203 22 12229 21 12333 18 12359 17 12465 12 12488 14
gap_ee158c193a0cb4e8f5,,6464 4 6591 6 6719 7 6847 7 6857 3 6970 1 6975 7 6983 6 7097 2 7103 6 7111 7 7225 1 7239 7 7367 6 7497 3,,,4546 4 4673 7 4792 4 4800 9 4915 10 4928 11 5042 12 5056 13 5170 12 5185 28 5297 12 5314 28 5424 13 5442 29 5549 15 5571 28 5675 6 5683 9 5699 29 5789 3 5801 7 5811 8 5827 31 5916 7 5927 8 5940 6 5955 33 6043 19 6068 4 6083 33 6169 21 6194 5 6216 9 6228 17 6296 23 6320 8 6345 4 6363 11 6424 34 6473 3 6491 13 6552 34 6601 3 6619 16 6680 35 6729 3 6747 17 6809 34 6875 17 6937 33 7001 20 7066 31 7129 20 7195 25 7257 20 7324 24 7386 19 7452 15 7469 4 7517 16 7580 13 7645 15 7708 13 7774 13 7837 11 7902 12 7965 11 8030 10 8094 9 8158 8 8224 7 8287 6 8354 4 8416 3,,7360 2 7484 11 7611 13 7738 15 7865 17 7993 18 8120 19 8248 19 8376 19 8505 18 8633 18 8762 17 8890 16 9018 14 9145 15 9272 17 9400 17 9527 19 9656 18 9786 15 9916 11 10045 8 10174 6 10303 4 10431 4 10559 4 10687 4 10815 4 10943 3 11072 2,7473 4 7501 4 7597 8 7629 6 7725 8 7757 7 7852 10 7885 8 7980 10 8013 9 8107 11 8140 10 8216 2 8235 11 8269 9 8344 3 8364 10 8397 9 8473 5 8492 10 8525 9 8602 6 8621 9 8653 9 8732 6 8749 9 8781 9 8861 7 8878 8 8909 8 8991 6 9008 5 9037 8 9120 6 9165 7 9249 6 9378 6 9508 4 9637 2 9647 4 9771 10 9806 9 9898 15 9932 12 10025 19 10055 18 10153 20 10181 20 10282 20 10308 21 10410 21 10435 21 10539 20 10563 20 10669 18 10691 20 10798 17 10819 19 10928 15 10947 18 11058 12 11075 15 11188 10 11204 11 11317 7 11333 8 11464 2
gap_df0b05f9b941fdd2a5,3664 2 3787 13 3915 19 4006 3 4043 20 4133 4 4172 20 4260 5 4300 21 4387 6 4429 22 4514 6 4557 23 4641 7 4685 24 4768 8 4813 25 4895 8 4942 25 5022 9 5070 25 5150 9 5199 25 5278 8 5328 24 5405 9 5456 25 5533 9 5585 24 5661 9 5713 6 5722 15 5789 9 5851 15 5917 9 5979 15 6044 11 6107 15 6172 11 6235 16 6300 12 6363 16 6428 13 6491 16 6555 15 6618 17 6683 16 6745 18 6811 17 6871 20 6939 18 6998 21 7067 19 7125 22 7195 20 7252 23 7323 22 7363 2 7379 24 7451 24 7491 4 7505 26 7579 27 7618 7 7631 28 7707 30 7746 41 7835 31 7874 41 7963 30 8002 41 8091 30 8130 41 8220 29 8258 41 8348 29 8387 40 8476 29 8515 40 8604 29 8644 38 8732 29 8775 35 8860 30 8904 34 8989 29 9033 33 9117 29 9161 32 9245 30 9290 31 9374 29 9418 31 9502 29 9546 30 9631 28 9674 30 9759 27 9802 29 9887 27 9930 29 10016 26 10058 28 10145 24 10186 27 10274 23 10315 26 10403 21 10443 25 10532 19 10572 23 10661 17 10701 21 10791 13 10830 19 10921 8 10959 17 11089 13 11220 8,3892 12 4014 19 4139 24 4266 26 4393 29 4521 30 4649 30 4777 31 4904 32 5032 33 5160 33 5288 33 5417 32 5545 32 5673 32 5801 32 5929 32 6057 31 6185 30 6313 20 6335 7 6442 19 6471 8 6571 18 6599 8 6700 16 6725 11 6829 14 6853 11 6957 13 6981 12 7087 11 7110 12 7217 9 7238 12 7347 6 7367 11 7496 9 7626 5 7995 5 8122 7 8249 8 8377 8 8505 8 8633 8 8762 6 8891 4,5720 2 5847 4 5975 4 6101 6 6228 7 6354 9 6480 10 6607 10 6736 7 6864 6 6993 4 7122 2 7250 1,,7359 1 7485 5 7612 6 7740 6 7869 5,,3002 5 3123 1 3129 10 3249 3 3256 14 3273 12 3376 2 3386 3 3394 23 3498 2 3523 4 3530 18 3667 11 3801 6 4511 1 4637 3 4709 3 4765 3 4838 3 4893 2 4967 2 5021 1 5787 2 5866 2 5914 3 5994 2 6042 2 6122 2 6170 2 7194 1 7275 1 7321 2 7403 2 7449 2 7531 2 7577 2 7659 2 8896 6 9021 11 9115 2 9148 12 9243 2 9276 13 9321 1 9372 2 9404 13 9449 1 9500 2 9532 13 9576 2 9629 1 9660 13 9704 2 9788 13 9832 1 9917 11 10045 11 10173 10 10301 10 10429 10 10557 10 10684 11 10813 10 10942 8 11047 6 11072 4 11176 6 11200 3 11305 4 11328 3 11351 7 11456 3 11479 6 11584 3 11608 3 11712 3 11840 3 11969 1,10934 7 10953 2 11058 13 11077 10 11185 14 11204 12 11311 17 11331 15 11439 17 11459 16 11566 17 11587 16 11695 16 11716 16 11835 2 11845 14
gap_d5109553a48359545f,4426 13 4521 5 4554 15 4646 6 4683 16 4772 7 4812 17 4897 8 4941 20 5023 9 5069 23 5149 10 5198 24 5275 11 5326 25 5402 12 5455 25 5529 13 5583 26 5656 13 5711 27 5783 14 5840 27 5911 14 5968 27 6038 15 6096 28 6165 16 6225 28 6293 17 6353 29 6420 18 6481 30 6547 19 6609 31 6675 20 6736 32 6803 20 6864 33 6931 20 6992 33 7058 22 7120 33 7186 22 7247 34 7314 23 7375 35 7442 24 7503 35 7570 24 7630 36 7698 25 7757 37 7826 26 7884 38 7954 27 8011 40 8082 27 8136 43 8210 29 8262 45 8338 30 8390 45 8466 32 8517 46 8594 34 8645 46 8722 39 8773 46 8850 39 8901 45 8978 39 9030 44 9107 38 9158 44 9235 38 9287 43 9363 38 9416 41 9492 38 9545 40 9621 37 9673 40 9749 38 9802 39 9877 38 9930 39 10006 37 10058 38 10134 37 10186 38 10263 36 10315 36 10391 36 10443 36 10520 34 10571 35 10649 33 10699 35 10778 31 10827 34 10907 30 10955 34 11036 28 11084 32 11165 26 11213 30 11294 24 11341 29 11424 20 11470 27 11554 17 11600 23 11684 13 11729 21 11815 7 11859 17 11989 13 12121 6,4661 14 4782 23 4906 29 5033 31 5159 34 5287 34 5414 37 5542 39 5669 42 5797 42 5925 42 6053 43 6181 43 6310 43 6438 43 6566 43 6695 41 6823 41 6951 41 7080 39 7208 39 7337 26 7365 10 7466 25 7493 10 7595 24 7621 9 7723 23 7749 8 7852 22 7877 7 7981 20 8006 3 8110 18 8240 12 8369 9 8501 2 8764 4 8891 6 9018 7 9145 9 9273 8 9401 8 9530 6 9658 4,,,8383 4 8510 7 8637 8 8768 5 8897 4 9025 3,,3632 13 3665 5 3759 14 3790 11 3882 16 3918 12 4008 15 4046 14 4133 10 4176 14 4260 9 4309 10 4386 7 4441 7 4513 6 4570 6 4640 5 4700 4 4768 3 5481 3 5609 4 5653 2 5738 4 5780 3 5867 4 5907 4 5996 3 6035 3 6125 2 6162 3 6253 2 6290 3 6419 1 7410 2 7440 2 7538 2 7567 3 7666 3 7695 3 7794 3 7823 3 7922 3 7951 3 8051 1 8080 2 8208 2 9075 1 9202 2 9233 2 9330 2 9361 2 9457 3 9489 3 9538 5 9585 3 9617 4 9664 8 9713 2 9746 3 9791 10 9841 2 9874 3 9918 11 9969 2 10003 3 10045 12 10097 1 10132 2 10173 12 10301 12 10429 12 10557 12 10685 12 10813 12 10941 11 11069 10 11197 10 11324 12 11371 1 11451 14 11497 3 11549 4 11577 4 11582 11 11624 3 11678 5 11705 2 11712 5 11719 2 11751 4 11807 7 11877 5 11936 8 12004 5 12066 8 12130 5 12196 6 12257 3 12383 2,11708 3 11828 12 11844 10 11955 15 11971 13 12081 33 12208 35 12336 36 12463 16 12482 18 12592 10 12613 15 12723 4 12743 11
gap_23c818f8c6cff2257b,6847 2 6974 4 7103 3 7621 2 7749 4 7861 3 7877 5 7988 5 8005 7 8115 6 8133 8 8241 8 8261 10 8367 10 8390 9 8494 10 8518 10 8621 11 8647 9 8749 11 8776 8 8877 10 8905 6 9006 9 9035 2 9134 8 9263 5,,,,,,7614 3 7741 5 7755 2 7856 3 7868 7 7883 3 7983 4 7996 7 8012 3 8112 2 8123 8 8251 8 8379 8 8490 1 8507 8 8617 3 8635 8 8658 1 8746 2 8763 8 8874 2 8891 8 9020 7 9143 2 9149 5 9158 4 9259 2 9270 4 9278 3 9286 10 9387 2 9398 3 9407 2 9417 7 9515 2 9535 2 9663 2 9792 1,6762 1 6888 5 7015 7 7143 7 7265 2 7270 9 7388 19 7516 18 7644 18 7702 1 7773 17 7829 4 7841 4 7902 7 7911 7 7956 6 7967 7 8039 6 8084 6 8094 8 8167 5 8213 5 8221 8 8294 5 8341 4 8349 7 8422 4 8470 3 8549 4 8599 2 8677 3 8727 3 8805 2 8855 3 8985 1 9539 3 9668 2
gap_aef9032019a555e532,4264 9 4390 20 4516 24 4642 26 4675 24 4769 26 4803 27 4895 25 4932 28 5022 19 5062 27 5149 17 5192 26 5276 17 5321 27 5403 17 5451 27 5530 17 5580 27 5657 18 5710 27 5784 18 5839 27 5911 19 5968 27 6039 19 6097 26 6166 20 6225 27 6294 19 6354 27 6421 20 6482 27 6549 20 6611 26 6677 20 6739 27 6805 20 6866 28 6932 21 6994 28 7060 22 7121 30 7188 22 7249 30 7316 23 7376 31 7443 24 7503 33 7571 24 7631 33 7699 25 7758 34 7827 25 7885 35 7955 26 8012 37 8083 27 8140 37 8211 28 8269 36 8339 28 8397 36 8467 30 8526 35 8595 31 8655 34 8723 33 8784 33 8852 36 8912 33 8980 36 9030 5 9039 33 9108 36 9157 43 9237 35 9285 43 9365 35 9414 42 9493 35 9542 42 9621 35 9671 41 9750 34 9800 39 9878 35 9928 39 10006 36 10057 38 10135 35 10185 37 10264 34 10313 37 10392 34 10441 37 10521 33 10570 35 10649 33 10698 35 10778 31 10826 34 10907 30 10954 33 11036 28 11083 32 11165 26 11211 31 11294 24 11340 29 11424 21 11469 27 11553 18 11598 25 11683 14 11727 23 11814 9 11856 21 11986 17 12116 13 12246 9,4924 2 5049 10 5174 15 5300 18 5426 21 5549 26 5676 27 5803 28 5930 28 5962 5 6058 28 6088 8 6186 39 6313 41 6441 41 6569 42 6697 42 6825 41 6953 41 7082 39 7210 39 7339 37 7467 36 7596 25 7622 7 7725 25 7751 5 7853 28 7982 27 8110 27 8240 26 8369 26 8498 6 8510 15 8628 2 8639 15 8768 15 8899 1 8906 5 9018 5 9037 2 9145 6 9272 8 9400 8 9528 8 9656 8 9784 7 9913 5 10042 3,,,8895 4 9023 6 9151 6 9280 4,,3755 13 3882 16 3899 4 3909 3 4009 33 4043 7 4142 39 4274 9 4285 28 4415 9 4426 17 4557 10 4833 1 4961 5 5090 5 5146 3 5219 5 5273 3 5348 4 5400 3 5478 2 5527 3 5655 2 6766 3 6894 3 6930 1 7022 3 7057 3 7151 2 7185 3 7279 2 7313 3 7407 2 7441 2 7569 2 7697 2 7825 2 8689 2 8721 2 8817 2 8849 3 8945 2 8977 3 9072 3 9105 3 9200 3 9234 3 9328 3 9362 3 9456 2 9491 2 9584 2 9619 2 9665 5 9747 2 9791 8 9918 10 10045 11 10173 12 10301 12 10429 12 10556 12 10684 12 10733 2 10813 11 10861 2 10941 10 10988 2 11033 3 11070 9 11115 3 11162 3 11197 10 11242 3 11291 3 11324 11 11369 4 11419 4 11451 12 11496 4 11548 5 11578 14 11623 4 11677 5 11705 15 11750 4 11807 6 11833 2 11839 5 11847 1 11877 4 11936 7 11968 3 12004 4 12065 9 12097 2 12130 5 12195 8 12225 2 12257 5 12326 4 12352 3 12383 5 12481 1 12508 5 12635 3,10996 1 11123 2 11835 4 11955 12 11972 4 12081 15 12099 7 12208 16 12227 12 12335 17 12355 14 12462 17 12483 15 12591 16 12611 15 12721 13 12739 15 12868 12
gap_c6e7c0ccbc1ad33958,4429 7 4553 13 4678 18 4806 19 4936 19 5033 6 5067 18 5159 10 5197 17 5286 11 5326 17 5413 12 5455 17 5540 12 5583 18 5667 12 5711 19 5794 13 5840 19 5921 13 5968 20 6048 14 6096 20 6176 13 6224 21 6303 14 6352 21 6431 14 6480 22 6558 15 6608 22 6686 15 6736 23 6813 16 6864 23 6940 17 6991 24 7068 17 7119 25 7195 18 7247 25 7323 18 7374 27 7450 19 7502 27 7578 19 7630 27 7706 19 7759 26 7834 19 7887 27 7962 19 8017 25 8090 20 8146 24 8218 21 8273 25 8346 22 8400 26 8474 23 8528 26 8602 24 8655 27 8730 26 8786 24 8858 26 8915 23 8986 26 9029 7 9043 23 9114 26 9155 10 9170 24 9242 25 9282 12 9298 24 9370 24 9409 14 9425 25 9498 23 9538 39 9627 22 9667 38 9755 23 9798 35 9883 23 9927 34 10011 23 10056 33 10139 24 10184 32 10267 24 10313 31 10395 25 10441 30 10524 25 10569 30 10652 27 10697 29 10781 27 10826 27 10910 26 10954 27 11039 25 11083 25 11168 23 11212 23 11297 22 11341 22 11427 19 11469 21 11557 17 11598 18 11688 13 11728 15 11817 11 11857 12 11947 8 11987 7 12077 3,5177 5 5304 7 5430 9 5557 10 5685 9 5700 1 5709 2 5812 10 5825 8 5836 3 5940 10 5951 17 6067 29 6196 28 6324 28 6453 27 6582 26 6714 21 6832 3 6843 16 6860 3 6959 5 6971 19 7086 6 7099 18 7214 6 7228 5 7242 3 7342 5 7356 5 7471 2 7477 15 7605 17 7733 20 7861 25 7989 27 8117 27 8246 25 8375 24 8505 20 8635 17 8763 16 8892 10 9021 5 9039 3 9143 1 9167 3 9267 6 9394 8 9522 9 9650 10 9778 10 9906 10 10034 10 10163 9 10291 9 10420 7 10549 4,,,9277 3 9404 5 9532 5 9662 2,,3908 3 4034 11 4047 2 4149 6 4161 21 4276 8 4288 24 4401 12 4419 3 4437 4 4527 13 4566 5 4649 2 4696 5 4775 3 4825 5 4901 4 4955 3 5029 3 5085 1 5156 3 5283 3 5410 2 5537 2 5663 4 5791 3 5918 3 6245 1 6373 2 6502 2 6630 3 6759 2 6887 2 7015 3 7144 2 7272 2 7321 1 7401 1 7448 2 7529 1 7576 2 7703 3 7831 3 7959 3 8087 3 8215 3 8343 2 8472 1 8939 1 9066 2 9194 2 9240 1 9322 2 9367 3 9450 2 9495 3 9577 3 9624 3 9705 3 9752 3 9794 3 9833 3 9880 3 9920 6 9961 2 10008 3 10047 8 10089 2 10137 2 10174 9 10216 3 10265 2 10301 11 10344 2 10393 2 10429 11 10521 2 10556 12 10684 12 10811 13 10939 13 11067 12 11195 12 11292 2 11324 11 11363 1 11421 2 11451 13 11490 3 11549 3 11579 14 11616 4 11679 2 11706 17 11743 4 11808 1 11832 21 11870 4 11959 7 11967 6 11975 6 11982 4 11997 4 12081 4 12087 5 12097 2 12104 4 12111 5 12124 3 12206 6 12216 3 12225 2 12233 2 12240 4 12332 7 12345 1 12353 2 12459 7 12481 2 12609 2,11678 1 11807 1 11936 2 12065 1 12093 2 12100 4 12219 6 12227 6 12235 3 12341 4 12346 7 12355 13 12468 13 12483 14 12595 14 12611 13 12723 13 12740 11 12852 11 12869 6
gap_07140920855425927b,,,,,,,,7902 2 8030 4 8127 3 8157 6 8251 2 8255 4 8285 7 8347 3 8378 3 8383 5 8413 7 8474 4 8505 4 8511 6 8541 7 8601 6 8632 5 8640 6 8670 8 8730 5 8759 5 8769 5 8801 7 8857 6 8887 5 8897 6 8928 10 8982 5 9014 5 9026 6 9055 15 9108 8 9142 5 9155 6 9182 17 9233 13 9269 5 9284 6 9310 18 9360 15 9397 4 9413 6 9437 19 9486 17 9524 5 9541 6 9565 19 9614 17 9651 5 9670 6 9694 18 9741 18 9778 6 9799 7 9823 17 9869 18 9905 6 9928 7 9952 16 9997 18 10032 7 10056 10 10081 14 10125 17 10159 7 10185 11 10210 13 10254 15 10285 9 10314 11 10340 9 10383 13 10411 10 10442 11 10470 6 10511 12 10537 12 10571 11 10640 9 10665 12 10699 11 10792 12 10827 10 10850 14 10920 11 10956 9 10976 15 11024 10 11049 10 11085 7 11102 17 11150 13 11177 9 11213 7 11228 18 11279 13 11306 7 11343 2 11349 24 11408 17 11435 5 11476 24 11537 21 11601 25 11666 23 11728 25 11795 26 11852 27 11924 32 11979 26 12053 32 12107 24 12183 31 12235 22 12314 29 12363 18 12446 25 12492 11 12579 20 12621 7 12710 16 12844 8
gap_f96037135780825463,5824 4 5951 6 6079 6 6206 7 6334 7 6462 7 6574 3 6590 7 6700 7 6719 5 6826 10 6847 5 6951 13 6975 5 6995 3 7077 16 7103 5 7121 7 7202 19 7230 6 7247 10 7329 20 7358 7 7373 14 7455 22 7487 6 7499 17 7582 23 7615 5 7627 19 7709 25 7743 5 7754 21 7836 27 7872 1 7882 22 7964 28 8009 24 8091 30 8137 25 8218 33 8265 26 8346 33 8393 27 8473 35 8522 27 8601 35 8650 27 8728 36 8779 27 8856 35 8907 27 8983 36 9036 27 9111 36 9164 27 9239 35 9293 26 9368 33 9421 26 9496 33 9550 25 9624 33 9678 24 9753 31 9806 24 9882 29 9935 22 10010 29 10064 21 10139 27 10193 19 10268 25 10322 17 10396 25 10451 15 10525 23 10579 13 10653 22 10708 11 10782 19 10838 8 10912 16 10968 5 11042 13 11172 9,6196 2 6324 2 7355 2 7366 2 7478 2 7483 2 7494 3 7611 3 7623 1 7739 3 7867 2,,,7748 2 7873 5 8000 6 8128 6,,6443 1 6569 3 6696 2 7000 2 7128 3 7197 2 7258 3 7324 3 7387 2 7451 4 7578 4 7705 4 7832 4 7869 1 7960 3 8035 2 8088 2 8163 3 8257 4 8291 4 8384 6 8420 4 8511 8 8549 5 8638 9 8678 5 8766 10 8807 3 8894 10 8935 3 9021 11 9108 1 9149 11 9235 3 9277 12 9363 4 9405 12 9492 3 9533 12 9620 3 9661 12 9749 2 9788 14 9915 15 9960 1 10041 17 10086 4 10168 19 10213 5 10296 21 10341 4 10423 25 10468 5 10550 28 10596 3 10678 29 10777 1 10806 15 10825 11 10906 1 10936 7 10945 4 10954 12 11066 2 11074 2 11085 2 11091 6 11220 8 11350 7 11479 6 11610 3,4660 4 4787 6 4915 6 4939 1 5043 6 5066 3 5163 3 5171 6 5194 3 5288 6 5300 4 5414 8 5539 10 5666 9 5724 1 5792 9 5852 3 5919 8 6046 6 6174 3 6244 3 6276 1 6372 5 6404 1 6500 6 6531 3 6629 6 6653 2 6659 3 6759 5 6779 4 6787 4 6890 3 6906 5 6915 4 7033 6 7043 5 7161 6 7171 6 7288 6 7299 6 7416 6 7428 5 7544 5 7671 6 7799 7 7927 8 8055 8 8067 2 8183 8 8195 2 8311 8 8323 2 8439 8 8450 3 8567 8 8578 4 8695 8 8706 5 8823 8 8835 5 8951 8 8963 5 9079 7 9091 6 9207 6 9219 6 9334 6 9346 7 9460 7 9474 7 9588 6 9597 2 9602 7 9715 6 9725 4 9730 8 9842 1 9844 3 9852 5 9858 8 9970 1 9973 1 9980 5 9986 9 10097 2 10108 5 10115 8 10225 3 10236 5 10243 8 10352 4 10364 5 10372 8 10480 4 10492 5 10501 7 10518 2 10607 5 10620 4 10630 7 10645 4 10735 4 10747 5 10759 6 10774 3 10862 5 10875 4 10888 6 10902 4 10950 4 10990 5 11002 5 11017 6 11031 4 11069 1 11077 5 11118 5 11129 5 11146 5 11161 3 11193 7 11205 6 11244 6 11257 5 11276 4 11320 9 11333 6 11368 1 11372 6 11384 5 11405 4 11448 9 11461 6 11495 10 11512 5 11534 5 11576 9 11589 6 11600 1 11623 8 11639 7 11663 5 11704 9 11717 5 11728 1 11750 8 11765 9 11783 4 11792 5 11833 7 11878 5 11892 9 11911 5 11921 5 11964 4 12005 5 12020 6 12040 6 12050 5 12093 2 12133 4 12147 7 12168 7 12179 5 12221 2 12261 3 12276 2 12298 7 12308 6 12350 1 12428 5 12436 7 12558 16 12690 13 12825 8 12840 4 12953 9 12967 3 13088 2
gap_350b99f73cfe4df065,,,,,,,7362 2 7486 7 7614 8 7741 10 7869 10 7997 11 8124 12 8245 21 8271 1 8371 24 8398 4 8499 6 8507 16 8527 3 8628 3 8635 16 8762 17 8890 16 9019 14 9148 12 9278 9 9407 7 9536 5 9665 4 9793 4 9922 2 10050 2,6933 3 7059 6 7087 1 7187 6 7213 4 7314 8 7341 4 7380 2 7405 5 7442 9 7468 4 7507 4 7532 8 7569 10 7596 4 7635 5 7659 10 7697 11 7724 3 7764 5 7786 12 7825 12 7852 3 7892 5 7913 13 7953 12 8021 4 8033 1 8040 14 8080 14 8150 2 8160 3 8167 16 8208 14 8287 4 8295 16 8336 15 8357 2 8415 4 8423 16 8464 15 8483 4 8542 5 8550 17 8592 15 8610 5 8670 5 8678 17 8721 22 8798 25 8850 21 8926 24 8979 20 9054 23 9108 19 9183 2 9189 16 9238 17 9288 4 9318 14 9367 10 9380 3 9402 5 9415 6 9447 2 9451 7 9529 7 9542 7 9657 7 9669 8 9785 8 9797 7 9913 8 9925 7 9963 2 10010 3 10041 8 10053 6 10088 5 10138 4 10170 7 10181 6 10214 7 10266 5 10298 6 10310 4 10341 7 10394 5 10428 4 10439 2 10468 7 10523 4 10596 5 10652 4 10723 4 10781 4 10851 2 10911 2
gap_bf7399ac620e1ee83d,,,,,,,8135 1 8263 2 8384 3 8391 1 8510 7 8637 10 8765 10 8892 11 9020 12 9148 12 9277 11 9404 12 9522 23 9651 22 9780 25 9909 25 10039 1 10048 3 10057 4 10177 2 10187 1,6776 3 6903 5 7031 5 7159 5 7287 3 7344 2 7470 4 7542 2 7597 5 7635 2 7664 8 7724 5 7763 3 7790 8 7851 6 7892 3 7917 9 7954 5 7979 4 8020 4 8044 14 8080 8 8106 5 8149 4 8169 17 8207 11 8234 3 8278 4 8295 18 8335 11 8361 4 8406 4 8419 2 8423 17 8462 13 8489 2 8535 4 8547 2 8550 16 8588 18 8617 2 8664 3 8674 3 8678 16 8715 22 8793 3 8802 2 8807 14 8843 22 8921 4 8929 3 8935 14 8972 22 9050 5 9057 2 9063 14 9100 22 9179 8 9192 13 9229 22 9307 8 9320 12 9357 22 9436 6 9449 10 9486 21 9565 4 9577 8 9615 20 9706 6 9744 19 9874 10 9887 3 9967 3 10005 5 10042 2 10053 3 10093 6 10168 7 10180 6 10220 7 10295 9 10307 9 10347 7 10423 9 10435 9 10474 6 10515 4 10551 10 10563 9 10602 4 10642 7 10680 8 10691 8 10730 3 10771 6 10809 7 10819 7 10899 7 10938 5 10949 3 11029 5 11158 3
gap_a71d591740824199cc,3992 4 4047 2 4116 7 4172 17 4241 8 4297 22 4367 9 4424 26 4494 9 4551 28 4621 9 4679 31 4748 9 4808 31 4875 10 4936 34 5003 9 5065 34 5130 9 5193 36 5257 10 5321 37 5385 10 5450 38 5512 11 5578 39 5640 10 5706 40 5768 10 5834 17 5856 19 5895 11 5962 13 5988 15 6023 12 6090 10 6118 14 6151 12 6218 8 6248 13 6279 12 6346 7 6378 11 6406 13 6474 6 6507 10 6534 13 6602 5 6636 10 6662 13 6730 4 6765 9 6790 13 6859 1 6894 8 6918 14 7023 8 7046 14 7152 7 7174 14 7281 6 7302 15 7410 5 7431 14 7539 4 7559 14 7667 4 7687 14 7796 3 7815 15 7924 3 7943 16 8053 2 8071 17 8181 2 8199 19 8310 1 8327 20 8455 22 8583 23 8712 24 8840 25 8968 27 9096 29 9225 33 9353 34 9481 34 9543 3 9610 34 9671 4 9738 34 9799 5 9866 34 9927 6 9995 34 10056 5 10123 34 10184 6 10251 35 10313 5 10380 35 10441 6 10509 36 10569 7 10637 37 10697 7 10766 38 10825 8 10895 37 10954 8 11024 36 11082 8 11153 34 11211 8 11282 33 11339 9 11411 31 11468 9 11540 29 11597 10 11669 27 11725 11 11799 24 11854 12 11928 20 11984 11 12059 4 12065 5 12113 12 12243 11 12374 8,4265 2 4393 3 4522 2 5150 2 5160 1 5277 4 5405 5 5439 1 5532 8 5566 3 5655 14 5694 3 5783 14 5823 3 5910 15 5933 1 5952 2 6038 11 6053 1 6165 12 6182 3 6293 12 6310 4 6422 12 6435 8 6550 21 6576 1 6679 26 6807 27 6935 20 6956 7 7063 20 7085 6 7191 21 7214 5 7320 20 7344 4 7449 19 7472 4 7578 7 7587 11 7600 4 7707 7 7716 11 7729 1 7835 20 7963 20 8092 19 8221 18 8351 16 8480 15 8609 14 8739 11 8869 8 8999 4 9140 1 9267 2 9395 3 9519 2 9525 1 9647 3 9653 1 9663 3 9775 7 9793 2 9903 7 10032 6 10160 5 10289 4,4267 2 4272 5 4396 11 4524 11 4652 11 4781 10 4911 7 5039 5 5169 3 5677 3 5805 4 5934 1 9960 5 10088 5 10217 4 10345 4 10351 1 10473 2 10477 4 10595 3 10600 8 10722 9 10732 3 10850 8 10979 2 11123 1 11369 2 11378 1 11496 3 11506 1 11625 2,,6359 9 6486 11 6613 13 6743 13 6871 14 6994 20 7121 21 7250 21 7378 21 7506 22 7634 23 7761 25 7888 27 8016 7 8026 18 8144 6 8154 18 8272 6 8282 18 8400 6 8409 19 8529 27 8657 9 8668 15 8785 8 8796 13 8914 6 8924 13 9041 6 9051 9 9066 1 9068 3 9168 4 9179 9 9193 3 9197 1 9275 1 9296 1 9304 11 9319 4 9432 9 9447 2 9560 4 9689 2,,2989 3 3101 5 3116 5 3226 15 3245 4 3254 2 3352 7 3363 3 3382 2 3478 7 3510 3 3521 1 3534 2 3541 2 3604 8 3638 9 3662 2 3668 5 3731 7 3767 9 3798 4 3858 5 3901 5 3911 1 3985 5 4030 3 4038 3 4063 3 4167 1 4192 4 4321 4 4451 5 4490 2 4581 5 4617 3 4711 5 4744 3 4841 4 4871 4 4972 1 4999 3 5127 2 5255 1 5490 2 5618 3 5747 3 5875 3 5892 3 6004 3 6020 3 6133 2 6147 4 6261 2 6275 4 6390 1 6403 3 6532 2 7159 3 7287 3 7415 4 7429 1 7543 4 7556 3 7672 3 7684 3 7800 3 7812 3 7929 2 7940 3 8068 3 8196 2 8824 1 8951 3 9079 3 9207 3 9223 1 9335 3 9350 3 9464 1 9478 3 9607 3 9735 3 9790 3 9863 3 9916 8 9993 1 10043 9 10170 11 10298 11 10425 13 10553 13 10680 14 10808 14 10936 14 11064 14 11124 1 11193 13 11251 1 11321 12 11379 1 11449 12 11577 12 11704 13 11831 14 11958 16 12086 17 12213 21 12310 3 12339 24 12438 4 12466 26 12567 6 12594 9 12605 16 12695 9 12722 8 12731 1 12733 16 12825 8 12849 27 12955 6 12978 3 12982 22 13111 20 13239 4 13244 15 13261 2 13267 3 13368 2 13373 20 13396 9 13502 18 13526 8 13635 6 13643 2 13657 4 13763 4,3776 1 11252 1 11380 1 11397 3 11507 1 11525 4 11654 3 11783 2 11912 1 12730 1
gap_7cb0ae1c16cbfb099f,3807 3 3936 3 4065 3 4194 3 4323 3 4452 3 4581 3 4709 3 4838 3 4967 2 5095 2 5737 2 5865 3 5994 2 6122 2 6250 3 6379 2 6507 2 6635 2 6763 2 6891 2 7019 2 7147 2 7274 3 7402 3 7530 3 7658 3 7786 3 7914 3 8001 3 8041 4 8129 4 8169 4 8257 6 8297 4 8386 6 8424 5 8515 6 8552 5 8644 5 8679 5 8772 6 8807 5 8901 5 8934 6 9030 4 9061 7 9158 4 9189 6 9287 4 9316 7 9415 4 9443 7 9544 2 9569 8 9672 2 9696 9 9800 2 9822 10 9928 3 9949 10 10056 3 10075 12 10135 1 10184 4 10201 13 10263 3 10312 5 10327 15 10391 4 10441 6 10452 17 10520 4 10569 27 10649 4 10697 26 10778 4 10826 24 10907 5 10954 23 11036 5 11083 21 11165 6 11212 19 11294 8 11341 17 11423 9 11471 13 11553 7 11603 8 11685 2 11734 2,7237 3 7364 5 7492 6 7621 5 8123 3 8250 6 8377 8 8505 8 8632 10 8760 10 8889 8 9017 8 9146 6 9276 2,2998 27 3122 32 3248 35 3375 39 3502 43 3629 46 3758 47 3887 47 4015 49 4144 49 4273 49 4401 51 4530 50 4658 51 4786 52 4914 53 5042 53 5170 54 5298 54 5426 55 5554 55 5682 55 5811 54 5940 54 6069 53 6197 53 6326 53 6455 52 6584 51 6714 49 6843 48 6977 42 7106 41 7233 4 7240 34 7361 3 7369 33 7445 2 7490 2 7498 32 7572 5 7618 3 7626 32 7699 8 7747 39 7827 9 7876 38 7955 10 8007 34 8083 11 8136 33 8211 12 8266 31 8339 13 8394 30 8467 15 8523 29 8596 16 8651 28 8724 19 8779 28 8853 22 8908 26 8981 26 9037 24 9109 27 9166 23 9238 26 9294 21 9366 26 9423 19 9495 25 9551 18 9623 24 9680 15 9752 23 9809 12 9880 22 9937 11 10009 20 10066 8 10138 18 10195 6 10267 15 10397 11 10527 7,8755 2 8883 2,3628 1 3754 4 3879 8 4006 9 4133 11 4261 12 4388 13 4515 15 4643 15 4771 15 4898 16 5025 17 5153 17 5281 17 5408 18 5536 18 5663 19 5791 17 5809 1 5920 19 6048 14 6063 4 6175 14 6191 4 6303 14 6319 4 6431 14 6446 5 6559 14 6574 5 6687 12 6702 6 6815 12 6830 6 6943 10 6958 8 7071 10 7086 9 7199 10 7214 11 7327 9 7341 12 7455 9 7469 12 7584 8 7597 12 7713 8 7725 12 7842 21 7971 18 8100 17 8230 14 8359 13 8489 10 8618 7 8749 2,,2384 6 2472 3 2512 7 2598 5 2640 9 2723 7 2767 11 2849 9 2896 11 2976 9 3025 9 3037 2 3103 9 3157 2 3166 4 3231 7 3295 4 3424 5 3481 3 3552 6 3607 4 3682 5 3734 5 3811 4 3861 6 3940 4 3988 6 4069 4 4116 5 4198 3 4243 5 4327 3 4371 4 4455 3 4499 3 4584 2 4626 4 4754 3 5902 1 6029 2 6125 1 6157 2 6253 2 6285 2 6381 2 6412 3 6509 3 6540 3 6637 3 6668 3 6765 3 6796 3 6893 3 6924 3 7021 3 7053 1 7149 3 7181 1 7277 3 7309 1 7405 3 7437 1 7533 3 7662 1 9195 2 9232 2 9323 2 9360 3 9407 2 9450 3 9489 2 9532 8 9577 4 9617 3 9658 12 9705 3 9745 4 9786 12 9832 3 9874 3 9913 14 9959 4 10003 2 10041 14 10087 3 10131 3 10169 14 10215 2 10260 2 10297 14 10342 2 10389 1 10425 14 10553 14 10680 15 10808 16 10935 17 11063 16 11191 16 11318 18 11445 21 11571 23 11698 8 11709 7 11717 2 11737 3 11809 6 11838 3 11861 7 11938 8 11966 3 11988 8 12067 7 12095 2 12117 5 12196 6 12223 2 12246 2 12350 3 12478 3 12607 2 12735 2,11834 2 11843 14 11951 14 11970 17 12077 17 12098 18 12204 18 12226 18 12331 18 12354 18 12459 18 12483 17 12587 14 12618 9 12717 9
gap_ef46ae94fc874b2c89,4944 10 5039 5 5070 14 5163 12 5194 20 5289 16 5318 25 5415 18 5444 28 5542 19 5572 29 5668 19 5701 29 5795 18 5830 29 5922 17 5961 27 6050 17 6090 26 6177 17 6219 26 6304 18 6348 25 6432 18 6477 25 6559 19 6605 26 6687 18 6734 25 6815 18 6862 25 6942 19 6990 25 7070 19 7118 26 7197 20 7247 25 7325 20 7375 25 7453 20 7504 24 7580 22 7633 24 7708 22 7764 21 7836 22 7893 20 7964 22 8021 20 8092 22 8150 19 8220 22 8278 19 8348 22 8406 19 8476 23 8535 18 8604 23 8663 18 8732 24 8790 19 8860 21 8910 1 8918 19 8989 19 9037 3 9045 20 9117 18 9164 5 9173 20 9245 18 9270 2 9290 7 9300 21 9373 18 9398 2 9417 8 9427 22 9501 18 9526 2 9544 33 9630 18 9653 2 9672 33 9758 20 9780 2 9801 32 9886 24 9930 30 10015 23 10059 29 10143 23 10187 28 10272 22 10316 27 10400 23 10445 26 10529 22 10573 25 10657 23 10701 25 10786 23 10829 24 10914 24 10957 24 11043 24 11084 24 11172 23 11212 23 11301 22 11341 21 11431 19 11469 20 11560 18 11598 18 11689 16 11727 16 11819 12 11857 13 11949 8 11987 9,5941 6 6068 8 6195 10 6208 7 6323 20 6451 21 6579 21 6707 22 6836 21 6964 21 7093 24 7221 25 7349 10 7360 5 7367 7 7475 16 7496 6 7603 17 7624 6 7731 18 7753 9 7859 7 7869 22 7988 6 7998 21 8116 6 8127 20 8245 5 8257 20 8374 4 8386 20 8502 6 8516 19 8630 9 8646 17 8759 10 8777 4 8784 6 8887 10 8913 4 9008 4 9016 9 9135 6 9145 7 9263 6 9391 6 9519 6 9648 4 9656 5 9783 8 9910 9 10038 10 10166 10 10294 10 10423 9 10551 8 10680 7 10809 4,,,9152 2 9279 7 9408 7 9536 7 9664 6 9792 5,,4560 7 4658 20 4681 16 4783 43 4908 36 5035 3 5044 8 5053 17 5189 4 6175 2 6302 2 6429 3 6557 2 6684 3 6760 1 6812 3 6888 1 6940 2 7016 2 7067 3 7145 1 7195 2 7273 1 7324 1 7401 1 7529 2 7657 2 7785 2 7913 2 8041 2 8169 2 8297 2 8425 2 8553 2 8681 2 8730 1 8858 2 8986 3 9114 3 9242 3 9371 2 9499 2 9628 2 9705 1 9756 1 9833 2 9960 3 10053 5 10088 2 10180 7 10215 3 10306 10 10343 3 10433 11 10471 3 10561 11 10599 3 10688 12 10726 3 10816 11 10853 3 10944 11 10981 2 11041 2 11072 10 11109 2 11169 3 11200 9 11237 1 11298 3 11329 8 11427 4 11457 8 11556 4 11584 10 11685 4 11710 13 11814 5 11836 18 11943 5 11963 13 11977 8 12072 13 12092 3 12099 3 12107 12 12202 10 12228 1 12236 15 12355 2 12371 8 12483 2 12611 2 12740 1,9458 1 9585 3 9712 3 9839 4 9967 4 10094 3 10222 2 10261 2 10349 2 10389 3 10476 3 10517 4 10602 3 10646 3 10775 3 10904 3 12095 3 12103 4 12217 10 12230 6 12342 13 12357 10 12470 13 12485 11 12598 13 12614 11 12727 11 12743 9 12859 5 12872 5
gap_d2af3e21b114053643,,8008 3 8135 5 8254 4 8263 6 8379 8 8391 6 8506 9 8519 6 8634 9 8648 5 8762 9 8890 8 9018 7 9148 2,3388 13 3514 16 3639 21 3765 23 3892 25 4021 24 4150 23 4176 5 4278 23 4303 7 4406 23 4431 8 4534 23 4559 8 4662 22 4687 9 4790 22 4815 9 4917 22 4942 10 5045 22 5070 11 5173 22 5197 13 5301 38 5429 39 5557 40 5685 45 5813 48 5942 48 6070 49 6199 48 6327 49 6457 14 6474 31 6585 14 6602 31 6715 12 6728 33 6844 45 6976 43 7105 42 7233 43 7362 43 7490 43 7619 42 7748 42 7878 40 8007 1 8011 35 8140 34 8269 34 8344 1 8397 34 8471 4 8525 34 8599 4 8653 34 8727 5 8781 34 8855 6 8910 33 8983 7 9010 1 9039 31 9111 8 9137 2 9167 31 9240 8 9265 2 9295 30 9368 9 9392 2 9424 29 9497 9 9520 1 9554 26 9625 10 9647 1 9683 24 9753 11 9813 21 9882 11 9942 19 10011 12 10072 14 10139 13 10201 12 10268 13 10332 6 10397 14 10412 1 10527 13 10656 12 10786 9 10915 8 11045 6 11175 4,9038 1 9904 3 10031 4 10158 5 10285 6 10413 6 10540 7 10668 7 10795 7 10923 6 11051 4,4052 2 4139 5 4181 3 4265 8 4310 4 4391 10 4439 4 4517 12 4567 5 4643 14 4696 4 4770 15 4897 15 5025 14 5153 14 5281 14 5409 14 5537 15 5665 16 5792 17 5920 17 5990 3 6047 18 6119 2 6175 18 6247 2 6303 18 6431 18 6558 19 6686 19 6814 18 6838 1 6942 18 6966 2 7071 17 7199 17 7327 18 7455 18 7583 18 7711 19 7839 20 7966 21 8094 22 8223 21 8351 21 8479 21 8608 20 8736 20 8865 18 8995 15 9124 13 9253 12 9382 10 9511 9 9641 6,,4709 1 4837 2 4965 1 5404 2 5531 3 5659 2 5786 2 5913 2 6041 2 6125 1 6509 2 6637 2 6765 2 6894 1 6933 2 7061 2 7189 1 9281 7 9406 11 9455 2 9533 12 9583 2 9661 12 9710 2 9749 2 9789 12 9837 3 9877 2 9917 12 9965 2 10006 2 10045 11 10093 2 10135 1 10173 11 10263 2 10300 12 10392 1 10428 12 10555 13 10682 14 10809 17 10937 19 11064 21 11193 4 11199 14 11329 2 11457 2 11485 1 11586 1 11609 5 11688 5 11713 2 11736 5 11817 4 11841 2 11947 2 11968 3 12096 4 12224 3,11320 6 11340 3 11444 12 11461 12 11570 14 11588 14 11697 16 11716 16 11824 16 11844 17 11951 17 11972 18 12078 18 12101 19 12205 18 12229 19 12333 16 12359 16 12462 10 12495 6
gap_fda66bb629dd260e7b,4808 7 4920 2 4931 16 5041 11 5059 19 5166 15 5187 21 5292 17 5316 21 5418 19 5445 22 5545 19 5575 21 5672 20 5705 20 5799 21 5834 20 5926 21 5963 20 6053 22 6092 19 6180 23 6220 20 6307 23 6349 20 6435 23 6477 20 6562 23 6605 21 6689 24 6733 22 6817 24 6861 22 6945 24 6989 23 7072 24 7117 23 7200 24 7245 24 7327 25 7373 24 7455 25 7501 24 7583 25 7629 24 7710 26 7758 24 7838 25 7886 24 7966 25 8015 23 8094 24 8143 23 8222 22 8271 23 8349 22 8387 4 8399 23 8477 21 8511 10 8527 23 8605 21 8639 14 8655 23 8733 20 8766 40 8861 20 8895 39 8989 20 9025 37 9117 20 9154 36 9245 21 9282 36 9373 21 9410 36 9502 21 9539 34 9630 21 9668 33 9758 21 9798 31 9886 21 9927 30 10015 20 10056 28 10143 21 10184 28 10271 21 10313 27 10400 21 10441 26 10529 22 10569 26 10657 24 10698 24 10785 25 10826 23 10914 24 10955 22 11042 23 11083 21 11170 23 11212 19 11299 21 11341 16 11428 19 11471 13 11557 17 11601 10 11686 15 11731 6 11815 13 11945 9 12077 2,5700 4 5827 7 5953 10 6081 11 6208 12 6335 14 6463 14 6590 14 6714 18 6841 19 6969 19 7097 19 7225 6 7239 5 7352 7 7367 6 7480 7 7495 6 7608 7 7623 6 7736 7 7750 6 7864 7 7878 7 7991 8 8007 6 8118 9 8137 4 8245 10 8266 2 8372 10 8500 9 8627 10 8755 9 8882 9 9010 8 9139 6 9267 7 9396 8 9524 9 9652 10 9779 11 9907 11 10035 11 10164 10 10292 9 10421 8 10551 4,,,9021 4 9149 5 9277 5 9405 5 9534 4,,4409 2 4417 6 4532 9 4545 14 4657 13 4673 8 4684 5 4784 13 4804 3 4815 3 4910 6 5038 3 5339 1 5467 3 5596 3 5725 3 5854 3 5983 2 6111 3 6178 1 6240 3 6305 2 6369 2 6433 1 6497 2 6560 2 6626 2 6687 2 6755 1 6815 2 6883 2 6942 3 7070 2 7197 3 7325 2 7453 2 7581 2 8423 1 8551 1 8678 2 8806 2 8934 2 9062 2 9190 2 9243 2 9318 2 9371 2 9446 2 9499 3 9573 3 9627 3 9701 2 9755 3 9793 4 9829 2 9883 3 9918 9 10011 3 10046 9 10140 2 10174 9 10268 2 10301 10 10429 11 10557 11 10685 11 10813 11 10941 10 10977 2 11069 10 11104 3 11168 1 11197 10 11231 4 11296 3 11325 11 11358 4 11424 3 11453 11 11485 4 11552 4 11581 14 11613 3 11681 4 11707 23 11741 2 11810 3 11834 5 11840 5 11849 12 11939 2 11956 1 11962 3 11970 2 11978 12 12081 4 12090 1 12099 1 12115 2 12202 10 12329 9 12355 2 12458 6 12483 2 12611 2,10898 3 10986 3 11026 4 11113 5 11154 5 11240 6 11284 4 11367 5 11413 4 11495 3 11543 3 11622 3 11672 3 11749 3 11801 4 11847 2 11876 3 11930 3 11965 4 11973 5 12003 4 12059 4 12091 7 12101 9 12129 4 12215 12 12229 10 12257 3 12341 14 12357 11 12469 13 12485 10 12598 12 12613 9 12727 10 12743 5 12859 4
gap_a43484ebaab93fe9c3,,5162 2 5289 8 5416 10 5460 7 5544 10 5587 9 5673 10 5715 9 5802 9 5843 9 5933 5 5970 8 6098 7 6226 6 6355 4,,,8777 2 9025 3 9153 3 9280 4 9408 4 9536 3 9663 4 9789 9 9916 10 10043 12 10170 12 10298 11 10426 8 10554 6 10682 5 10810 5 10939 2,5442 6 5566 14 5691 18 5817 21 5945 21 6072 23 6199 24 6326 25 6454 25 6582 25 6710 25 6839 24 6967 24 7095 24 7223 23 7352 22 7481 20 7609 20 7737 20 7865 19 7994 18 8122 17 8250 17 8379 15 8508 13,11836 9 11963 10 12091 4 12097 4 12220 2 12226 2,5405 8 5533 10 5660 13 5727 6 5788 14 5854 9 5916 15 5981 10 6043 16 6107 13 6172 5 6181 11 6233 15 6312 12 6360 16 6438 15 6488 16 6562 19 6609 2 6615 16 6688 20 6736 17 6796 3 6800 3 6814 22 6864 13 6924 8 6941 22 6993 16 7051 10 7068 22 7121 18 7178 12 7195 23 7249 19 7283 2 7306 13 7322 23 7378 20 7407 7 7434 39 7506 21 7533 10 7562 39 7635 21 7659 12 7690 38 7763 22 7787 13 7818 38 7891 22 7915 13 7946 7 7955 7 7963 21 8019 37 8074 7 8083 29 8147 37 8202 7 8211 28 8275 37 8330 6 8339 28 8403 37 8458 6 8467 28 8531 37 8585 8 8594 29 8659 22 8682 14 8713 19 8734 17 8787 21 8810 15 8840 16 8863 15 8915 20 8937 16 8968 16 8992 14 9044 18 9065 16 9095 16 9121 13 9172 17 9192 17 9223 14 9250 13 9300 16 9320 18 9351 15 9379 12 9428 15 9449 17 9478 20 9509 10 9555 14 9577 17 9606 22 9639 8 9683 13 9706 16 9734 23 9770 6 9810 11 9836 14 9862 24 9900 3 9938 9 9965 13 9991 29 10065 7 10093 13 10120 30 10194 4 10220 14 10249 32 10333 29 10379 32 10459 30 10510 31 10584 32 10640 30 10710 33 10770 30 10835 34 10901 28 10961 35 11034 25 11088 33 11165 22 11215 32 11297 20 11342 30 11427 19 11468 28 11558 17 11595 20 11688 15 11722 16 11819 13 11849 13 11949 11 11977 11 12079 9 12105 8 12209 6 12234 4
gap_4648b8dcac306de7ff,,6439 4 6567 5 6695 5 6823 4 6952 2 7129 2 7255 5 7382 6 7510 5 7639 3 7762 1 7890 2,,,9661 2 9787 6 9914 7 10042 8 10170 8 10298 8 10427 6 10555 5 10684 3,7869 5 7996 6 8122 10 8248 13 8376 14 8503 16 8631 16 8759 16 8888 15 9016 15 9145 13 9274 10 9403 7,12090 2,6715 4 6723 1 6842 11 6969 13 7071 5 7097 14 7198 7 7225 14 7326 7 7352 15 7453 9 7479 16 7581 9 7607 16 7708 12 7736 16 7836 15 7875 5 7901 2 7964 15 8004 3 8027 5 8093 15 8154 7 8223 14 8281 8 8351 14 8408 9 8473 20 8534 11 8600 21 8659 14 8727 23 8785 17 8853 26 8913 16 8979 29 9040 13 9107 30 9168 13 9234 31 9295 16 9362 17 9382 11 9422 19 9490 15 9511 10 9548 24 9618 14 9639 10 9675 26 9746 13 9768 9 9803 27 9875 12 9897 8 9931 28 9999 1 10004 11 10025 8 10059 9 10072 17 10126 3 10133 9 10153 8 10186 9 10201 16 10254 5 10263 6 10281 8 10314 8 10331 14 10381 8 10394 2 10409 7 10442 8 10459 14 10509 10 10538 5 10569 8 10588 13 10637 12 10697 8 10716 13 10765 17 10826 7 10848 9 10894 21 10954 7 10972 1 10976 8 11023 29 11083 5 11100 11 11152 31 11213 1 11229 10 11282 31 11412 29 11491 7 11543 27 11598 14 11613 13 11672 27 11720 33 11802 26 11846 35 11932 24 11973 35 12062 22 12099 35 12192 20 12227 34 12324 15 12354 33 12456 10 12482 32 12610 30 12738 28 12868 22 13000 14
gap_0697157dd0aa429b10,,7615 3 7626 1 7742 5 7752 5 7869 7 7881 4 7997 8 8009 3 8125 8 8253 8 8382 7 8511 5 8640 3,3388 1 3513 18 3640 24 3767 29 3895 31 4023 33 4152 36 4280 39 4409 39 4537 40 4665 41 4794 40 4922 41 5050 42 5178 42 5306 43 5434 44 5563 43 5691 44 5819 44 5947 45 6076 45 6205 44 6333 44 6462 43 6592 1 6595 38 6724 38 6853 37 6981 37 7109 37 7237 38 7366 38 7446 5 7495 37 7573 7 7623 3 7627 33 7701 8 7757 32 7829 8 7885 32 7956 9 8012 33 8084 9 8140 33 8212 10 8269 32 8340 10 8398 31 8468 10 8526 31 8597 10 8655 31 8725 10 8783 31 8853 11 8911 31 8981 12 9039 31 9109 12 9168 30 9237 13 9296 30 9365 14 9425 29 9493 14 9553 28 9621 14 9681 28 9750 13 9810 26 9878 13 9938 26 10006 13 10067 24 10135 12 10195 23 10264 11 10324 21 10392 10 10453 20 10521 9 10582 18 10649 9 10711 16 10779 6 10840 14 10907 6 10970 12 11036 3 11099 9 11229 4,7863 1 7989 4 8113 1 8117 4 8138 2 8245 4 8266 3 8374 3 8394 4 8503 2 8523 3 8652 3 8753 1 8782 1 8877 8 9003 11 9130 13 9256 14 9383 15 9511 15 9638 15 9766 15 9893 16 10021 15 10149 15 10278 13 10406 11 10535 8 10665 4,3887 8 4011 12 4136 16 4263 17 4389 20 4516 21 4644 21 4771 23 4898 24 5026 24 5153 25 5281 25 5409 25 5537 26 5665 26 5793 26 5921 26 6048 26 6173 28 6300 29 6428 29 6556 29 6684 29 6812 28 6940 27 7069 25 7198 23 7326 21 7455 18 7583 18 7712 15 7840 15 7862 1 7968 14 8096 11 8225 9 8353 9 8482 8 8610 7 8739 5 8867 4,,4764 1 4835 1 4890 3 4963 2 5017 4 5092 2 5145 3 5222 2 5273 2 5350 3 5401 2 5479 2 5529 1 5607 2 5737 1 5865 1 5911 1 5993 2 6039 2 6121 2 6166 3 6249 2 6294 2 6377 2 6422 2 6506 2 6634 2 6762 3 6891 2 7019 2 7147 2 7275 2 7314 2 7442 2 7570 2 8769 5 8894 10 9020 12 9148 13 9275 15 9403 15 9531 16 9659 16 9787 16 9915 15 10044 13 10173 11 10302 8 10430 8 10473 1 10558 8 10600 2 10685 9 10727 3 10777 2 10813 10 10855 2 10905 2 10941 10 10982 3 11034 2 11070 9 11109 3 11163 2 11199 6 11236 3 11328 3 11364 1 11436 1 11456 3 11561 4 11584 3 11606 4 11689 4 11712 2 11734 4 11840 2 11968 2 12095 3,11212 1 11321 4 11334 9 11445 10 11460 12 11571 12 11587 13 11697 14 11715 14 11824 15 11843 15 11945 22 11971 17 11989 5 12072 22 12099 25 12200 22 12227 25 12328 22 12356 23 12457 20 12485 22 12586 17 12615 18 12717 11 12745 15 12878 5
gap_8a70525cffc6fe4c8b,,5415 1 5543 2,,,,6975 5 7102 8 7228 12 7355 13 7483 14 7610 15 7738 15 7867 14 7995 13 8124 12 8253 9 8382 7 8512 3,11583 4 11711 4 11839 4 11968 1,5306 5 5318 4 5433 19 5560 21 5688 21 5791 4 5816 22 5916 7 5943 24 6044 8 6071 24 6172 8 6199 24 6241 4 6299 10 6327 24 6368 7 6427 10 6455 24 6495 9 6555 9 6583 10 6594 12 6623 9 6682 8 6712 5 6727 7 6751 9 6810 8 6841 3 6857 4 6879 10 6940 9 7007 10 7070 8 7136 9 7196 11 7265 8 7315 21 7393 8 7441 23 7520 8 7568 25 7647 8 7695 26 7773 7 7822 27 7901 8 7949 24 7975 3 7981 3 8029 12 8044 3 8077 23 8103 10 8158 19 8204 23 8231 10 8276 1 8287 19 8331 23 8359 10 8403 3 8415 20 8459 21 8487 10 8531 7 8543 21 8588 18 8615 10 8659 8 8671 22 8716 16 8742 10 8787 8 8800 21 8845 13 8870 5 8877 3 8915 9 8929 20 8974 11 8999 4 9004 4 9043 9 9058 19 9102 10 9127 9 9172 1 9174 6 9187 19 9231 7 9255 9 9299 2 9303 5 9317 17 9352 5 9361 4 9383 9 9427 2 9432 4 9446 16 9478 8 9511 9 9555 9 9576 13 9605 11 9626 3 9639 9 9682 9 9704 13 9732 14 9751 8 9768 8 9810 9 9833 11 9860 30 9896 7 9938 9 9961 10 9989 31 10025 5 10066 9 10090 8 10101 5 10118 32 10194 8 10218 7 10228 7 10247 32 10323 6 10338 3 10354 9 10376 32 10452 5 10462 12 10480 10 10507 33 10587 31 10637 35 10713 31 10768 37 10837 34 10899 37 10954 43 11031 34 11080 43 11161 33 11207 42 11293 29 11335 38 11423 27 11463 34 11555 23 11590 29 11687 19 11719 24 11825 8 11847 20 11976 16
gap_950311405bdf595a9a,3880 2 4006 4 4132 6 4259 6 4385 7 4512 7 4638 9 4765 9 4892 10 5020 9 5147 10 5274 11 5401 12 5529 12 5657 12 5784 13 5912 13 6040 13 6167 14 6295 14 6423 14 6550 15 6678 15 6805 16 6933 16 7061 16 7189 17 7317 17 7445 18 7573 18 7701 19 7829 20 7957 20 8085 21 8213 22 8341 23 8392 3 8469 24 8520 4 8597 24 8647 5 8725 25 8775 6 8853 27 8903 6 8982 27 9031 6 9110 28 9159 7 9238 28 9282 12 9366 29 9409 14 9495 27 9537 14 9623 27 9665 15 9751 26 9796 13 9835 2 9880 24 9925 12 9962 3 10008 22 10054 12 10089 4 10137 21 10183 12 10216 5 10265 21 10311 14 10343 6 10394 21 10439 15 10469 7 10522 21 10567 18 10595 9 10651 21 10695 22 10721 10 10780 20 10823 36 10908 21 10951 35 11037 21 11079 34 11166 21 11207 33 11294 23 11336 32 11423 22 11464 31 11552 21 11592 30 11681 19 11721 29 11810 17 11849 28 11940 14 11978 26 12069 12 12107 24 12200 7 12235 23 12365 19 12494 17 12623 13 12753 9,4532 4 4657 11 4783 15 4910 18 5037 20 5163 23 5291 24 5418 30 5545 32 5673 32 5800 33 5928 34 6055 35 6183 35 6311 35 6439 34 6567 34 6695 33 6823 33 6861 1 6951 32 6988 3 7079 32 7116 4 7207 32 7244 4 7335 32 7372 4 7464 31 7500 3 7593 30 7628 3 7721 30 7756 3 7850 29 7884 4 7979 27 8011 5 8108 26 8140 4 8237 24 8268 4 8366 23 8396 4 8501 15 8525 2 8631 12 8653 2 8760 12 8781 2 8891 9 8910 1 9024 3 9038 1 9778 4 9905 6 10032 8 10160 9 10288 9 10416 9 10544 9 10672 8 10801 6 10930 4,5842 3 5968 8 6096 9 6224 9 6353 9 6481 14 6609 16 6736 19 6862 22 6991 23 7120 23 7248 24 7376 25 7503 26 7631 27 7759 27 7888 27 8016 27 8144 27 8272 27 8400 27 8527 28 8655 28 8783 28 8911 28 9039 28 9167 28 9295 28 9424 27 9552 27 9681 26 9810 25 9939 23 10067 22 10197 19 10326 16 10456 12 10588 4,,3530 5 3655 12 3784 15 3920 9 4052 6 4184 2 4698 5 4825 7 4953 8 5082 8 5210 8 5338 8 5465 9 5593 9 5720 10 5847 12 5976 11 6105 10 6233 10 6362 9 6495 1 9403 2 9529 5 9658 4 9787 2,,2741 3 2865 10 2988 15 3023 4 3115 15 3150 6 3242 9 3280 3 3287 3 3367 8 3415 5 3493 8 3544 6 3620 6 3673 6 3747 5 3802 6 3875 4 3932 6 4002 3 4063 4 4129 2 4192 4 4320 5 4449 4 4579 1 5527 2 5654 3 5782 2 5909 3 6037 3 6165 2 6292 3 6420 3 6548 2 6676 2 6766 1 6804 1 6894 1 6932 1 7022 2 7150 2 7278 2 7406 2 7535 1 7663 1 7791 2 7919 1 8047 1 8467 2 8595 2 8723 2 8851 2 8980 1 9108 1 10047 6 10174 8 10300 10 10427 11 10477 1 10555 11 10604 2 10683 11 10731 2 10811 11 10859 2 10938 12 10986 2 11066 12 11113 3 11195 10 11240 3 11323 10 11368 2 11451 10 11495 2 11579 9 11623 2 11707 9 11750 2 11807 2 11834 10 11877 2 11936 3 11962 10 12005 1 12065 3 12089 12 12195 4 12217 2 12221 9 12324 12 12356 3 12453 11 12485 3 12584 6 12619 4 12735 1 12748 5 12862 2 12877 6 13006 7 13138 3,6350 3 6478 3 6606 3 6734 2 12340 2 12345 4 12466 12 12480 5 12593 22 12721 14 12736 9 12848 13 12864 11 12978 10 12993 10 13123 8
gap_2ccfd4c7276dde0d4c,,6577 1 6610 1 6704 4 6736 3 6832 5 6864 3 6961 4 6992 2 7090 3 7120 1 7219 2 7348 1 7735 2,,,5821 19 5942 28 6068 31 6195 31 6324 30 6453 27 6582 26 6711 25 6839 25 6967 25 7095 25 7224 23 7352 23 7480 23 7608 22 7737 21 7871 2 7876 10 8008 6 8137 5 8264 6 8392 6 8520 6 8647 7 8775 7 8903 7 9032 5 9162 2,,8377 3 8505 3 8634 3 8891 2 9017 5 9145 6 9273 5 9401 5 9529 6 9658 6 9786 6 9915 5 10043 5 10172 4 10301 2 10816 6 10944 6 11073 5 11202 2,5151 3 5219 2 5278 4 5347 3 5404 6 5476 3 5531 6 5604 4 5658 6 5733 7 5786 5 5862 6 5914 1 5990 6 6119 2 6359 5 6441 4 6485 8 6568 7 6611 10 6696 8 6739 9 6751 4 6819 1 6824 8 6867 8 6878 7 6946 3 6952 9 6994 9 7005 9 7073 6 7080 10 7093 2 7121 10 7133 10 7200 7 7209 10 7221 3 7250 10 7261 10 7327 9 7338 10 7349 3 7378 22 7455 25 7505 23 7582 22 7606 2 7633 24 7709 24 7761 24 7837 23 7889 24 7965 23 8017 24 8092 24 8146 15 8162 8 8220 24 8274 24 8348 24 8402 24 8476 7 8485 20 8530 23 8604 29 8658 23 8732 29 8786 23 8861 27 8914 22 8989 12 9002 13 9043 21 9117 23 9171 21 9246 22 9301 18 9375 21 9429 18 9503 19 9556 17 9632 18 9683 16 9762 18 9810 13 9893 16 9937 12 10025 13 10064 11 10155 13 10191 10 10285 13 10318 9 10415 12 10445 9 10545 11 10572 9 10674 11 10699 8 10804 10 10826 8 10933 9 10954 6 11064 6 11082 3 11195 3
gap_28d4ec0ecfcb668de1,,6467 4 6595 5 6723 6 6851 7 6967 3 6979 7 7095 4 7107 8 7222 4 7236 7 7350 4 7365 6 7477 5 7493 5 7499 1 7605 5 7622 5 7734 6 7749 6 7862 7 7877 6 7989 8 8005 7 8117 11 8133 7 8245 11 8262 6 8373 8 8394 2 8502 5,,,3659 2 3785 5 3884 4 3905 14 3921 4 4010 6 4025 2 4031 15 4049 6 4138 5 4151 18 4177 10 4265 6 4279 18 4305 12 4393 5 4407 17 4434 13 4521 5 4535 18 4563 13 4644 3 4648 4 4663 4 4669 12 4693 12 4771 7 4791 3 4798 12 4824 9 4897 7 4918 4 4928 11 4954 7 5023 9 5046 4 5059 9 5083 6 5150 10 5175 3 5188 9 5211 6 5278 10 5303 2 5317 9 5340 5 5405 12 5445 9 5468 5 5533 12 5573 10 5596 5 5661 13 5702 9 5724 4 5790 13 5830 9 5852 4 5860 1 5920 16 5960 7 5981 4 5987 3 6049 16 6091 4 6109 9 6180 12 6236 10 6309 11 6340 2 6364 11 6439 8 6492 11 6568 7 6586 1 6621 10 6699 2 6713 3 6749 9 6840 4 6878 7 6970 1 6998 3 7006 5 7069 4 7126 4 7135 3 7196 6 7254 4 7263 4 7324 7 7383 3 7391 4 7451 8 7519 4 7579 8 7647 4 7708 7 7776 1 7837 6 7966 4 8095 2,,8256 2 8381 7 8507 11 8633 14 8760 16 8888 16 9015 18 9143 18 9270 27 9396 31 9517 38 9644 39 9772 38 9901 37 10029 36 10158 35 10286 34 10415 33 10544 31 10672 23 10697 6 10802 20 10826 4 10930 5 10937 12 11059 2 11067 9 11198 5 11327 2,7017 2 7143 6 7186 4 7271 6 7313 6 7373 4 7398 8 7440 7 7500 7 7526 9 7568 8 7627 10 7653 10 7696 8 7724 6 7755 11 7781 10 7824 9 7850 9 7883 12 7908 10 7953 9 7976 11 8012 11 8036 9 8081 9 8103 12 8140 11 8163 10 8209 10 8230 13 8268 11 8291 10 8335 13 8358 13 8396 11 8418 10 8463 14 8486 12 8524 11 8544 14 8591 14 8614 12 8653 10 8669 16 8719 15 8742 11 8782 31 8848 14 8871 10 8912 29 8976 15 8999 8 9044 24 9104 21 9129 3 9172 24 9233 22 9299 25 9361 23 9427 24 9489 26 9555 24 9618 26 9683 23 9746 26 9810 24 9875 26 9938 23 10003 26 10065 22 10132 26 10193 20 10261 25 10320 19 10391 24 10448 18 10522 22 10575 17 10652 20 10703 15 10782 20 10830 15 10911 19 10951 3 10958 14 11042 17 11078 5 11085 20 11171 16 11190 5 11204 30 11294 21 11317 8 11331 30 11421 34 11458 30 11549 66 11678 54 11734 7 11807 52 11937 44 11983 3 12067 8 12077 32 12198 4 12207 4 12213 10 12227 8 12343 4
gap_890eb2b86ab9c1072c,6956 3 6961 3 7082 12 7208 16 7335 18 7376 3 7462 19 7503 10 7589 21 7630 12 7716 22 7757 14 7843 23 7884 17 7971 23 7999 4 8009 21 8098 24 8127 5 8135 23 8226 23 8255 32 8354 23 8383 32 8482 23 8512 32 8609 25 8641 31 8737 26 8770 31 8865 27 8898 31 8993 27 9026 31 9121 28 9155 30 9249 27 9284 29 9377 27 9413 28 9506 25 9542 27 9634 25 9671 26 9762 24 9799 25 9891 22 9928 24 10019 22 10056 24 10148 20 10185 22 10277 18 10314 20 10406 16 10442 19 10535 14 10571 17 10665 10 10700 15 10796 5 10830 11 10959 8,6969 4 7097 6 7225 6 7242 4 7353 7 7363 3 7369 5 7482 5 7490 12 7611 3 7618 12 7740 1 7746 11 7875 9 8249 4 8377 4 8505 3,,,8253 1 8381 2 8508 4 8636 5 8764 6 8893 5 9021 5 9150 1 9153 1,,6448 1 6575 3 6702 4 6830 4 6866 2 6950 3 6959 1 6993 4 7077 4 7121 4 7203 5 7249 5 7257 3 7331 4 7379 2 7385 5 7458 4 7513 5 7586 3 7642 5 7714 2 7771 4 7901 2 8030 1 8802 2 8929 4 9057 4 9119 1 9151 2 9185 4 9246 3 9278 4 9313 4 9375 2 9406 5 9441 4 9503 2 9533 7 9569 3 9631 3 9660 9 9697 3 9759 3 9788 9 9825 2 9887 4 9915 10 9952 3 10016 3 10043 10 10080 2 10145 2 10171 10 10208 1 10274 2 10299 10 10403 1 10427 10 10555 11 10683 11 10812 8 10941 6 11071 2 11199 2 11215 1 11327 2 11344 2 11456 1 11583 2,5943 3 5959 2 6070 5 6086 5 6197 6 6214 6 6325 7 6341 8 6454 5 6469 8 6583 3 6597 7 6726 5 6855 3 7291 4 7418 5 7427 5 7545 6 7555 6 7673 5 7683 8 7801 5 7813 6 7929 5 7942 5 8056 6 8071 4 8184 6 8199 4 8310 9 8326 5 8437 11 8449 4 8454 5 8565 22 8588 3 8692 12 8705 9 8715 5 8820 11 8834 7 8843 5 8947 9 8963 4 8971 6 9075 8 9100 5 9203 8 9229 5 9331 7 9358 5 9458 7 9486 5 9585 7 9615 5 9713 5 9743 5 9840 3 9872 5 9968 2 10002 3 10095 2 10132 2 10222 2 10261 2 10349 2 10390 3 10476 3 10519 3 10602 4 10647 4 10728 5 10776 4 10854 5 10905 4 10936 5 10947 5 10981 5 11035 4 11063 7 11074 7 11107 5 11164 4 11190 9 11201 10 11234 4 11294 5 11318 9 11329 11 11360 4 11424 5 11446 9 11457 11 11487 4 11554 5 11574 9 11585 12 11613 4 11683 5 11703 8 11713 11 11741 4 11813 4 11833 5 11842 9 11870 1 11942 3 11963 2 11971 5
gap_7e2da657dd8acc571b,4934 8 5042 7 5060 12 5168 12 5188 15 5294 15 5317 16 5421 16 5445 18 5547 18 5574 18 5674 19 5703 19 5801 19 5832 19 5928 20 5961 19 6055 21 6089 20 6182 22 6218 20 6309 23 6346 21 6437 22 6475 21 6564 23 6603 21 6691 24 6731 22 6819 23 6860 21 6946 24 6988 22 7074 23 7116 23 7201 24 7244 23 7329 24 7372 23 7457 24 7500 24 7584 25 7628 24 7712 25 7755 25 7839 26 7883 26 7967 26 8003 1 8011 26 8095 26 8130 4 8139 26 8223 25 8257 5 8267 26 8350 26 8385 5 8395 26 8478 25 8513 5 8522 27 8606 25 8642 3 8650 27 8734 24 8777 28 8862 24 8901 32 8990 23 9028 33 9118 23 9155 34 9247 22 9283 34 9375 22 9411 34 9503 22 9540 33 9631 21 9669 31 9759 21 9798 30 9887 21 9927 28 10015 22 10055 28 10144 21 10184 27 10272 22 10312 26 10401 22 10441 25 10529 24 10570 23 10658 24 10698 23 10786 24 10827 21 10915 22 10956 19 11044 21 11085 17 11173 19 11214 15 11301 18 11343 13 11430 17 11473 9 11559 14 11688 12 11818 9,5828 1 5953 7 6080 9 6207 10 6334 12 6461 13 6589 13 6716 14 6844 15 6972 15 7099 17 7227 17 7355 10 7367 5 7484 7 7495 5 7624 3 7753 1 9016 3 9142 7 9269 9 9397 9 9525 10 9652 11 9780 11 9908 11 10037 9 10165 9 10294 7 10423 4,,,8893 5 9021 6 9150 5 9279 4 9408 3,,4544 4 4552 4 4667 10 4679 10 4785 3 4795 9 4810 1 4812 7 4913 2 4924 1 4943 5 5073 4 5204 3 5333 4 5463 3 5545 2 5592 2 5672 2 5799 2 5926 2 6054 1 6625 1 6753 2 6881 2 7010 2 7139 2 7267 2 7395 2 7524 2 7652 2 7710 1 7780 2 7837 2 7909 1 7965 2 8037 1 8093 2 8220 3 8348 2 8476 2 8604 2 8732 2 8860 1 9701 1 9793 4 9828 2 9919 7 9955 3 10047 8 10083 3 10141 2 10174 9 10211 3 10269 3 10302 9 10338 3 10397 4 10429 10 10466 3 10525 4 10557 11 10594 2 10654 3 10684 12 10783 3 10812 12 10911 3 10940 12 11040 1 11069 12 11197 12 11323 14 11450 15 11482 3 11578 14 11608 5 11704 14 11735 6 11813 4 11829 8 11841 4 11863 4 11942 5 11954 5 11961 3 11970 3 12071 5 12081 5 12099 1 12200 3 12209 3,10643 3 10770 5 10857 4 10899 5 10984 5 11029 4 11111 6 11158 4 11239 3 11287 4 11366 2 11416 4 11493 2 11545 4 11592 3 11620 3 11674 3 11718 7 11747 3 11803 4 11837 4 11845 10 11873 4 11932 4 11964 5 11973 10 12000 4 12061 5 12089 9 12101 11 12127 4 12191 3 12215 11 12229 10 12255 1 12342 12 12357 9 12470 12 12485 8 12599 9 12615 4 12729 3
gap_c658252b675ea3ab92,,7122 1 7249 2 7377 2 7471 1 7503 4 7599 2 7628 7 7726 4 7756 7 7854 5 7883 8 7982 7 8011 8 8110 8 8139 8 8238 9 8268 4 8367 8 8397 1 8496 7 8624 7 8753 4,,,5166 4 5174 12 5291 24 5416 27 5544 28 5672 28 5710 3 5801 28 5837 10 5931 28 5964 12 6061 28 6090 14 6204 29 6335 5 6345 15 6475 12 6604 9 6735 5 6864 3 6992 3 7121 1 7627 1 7754 2 7882 1 8010 1 8138 1 8266 2 8395 2 8514 3 8641 5 8768 7 8896 8 9024 8 9152 8 9280 7 9408 6 9536 5 9664 4 9792 4 9920 3,,10032 1 10159 3 10287 5 10416 4 10447 2 10544 5 10573 4 10672 5 10700 4 10800 6 10814 1 10827 5 10928 6 10939 8 10955 5 11056 7 11065 13 11080 8 11184 32 11311 34 11442 29 11571 26 11699 26 11828 24 11957 20 12093 6 12222 3,5406 2 5533 4 5661 5 5732 3 5788 7 5859 5 5916 9 5986 6 6037 4 6043 11 6113 8 6162 7 6170 14 6239 10 6289 27 6366 12 6380 2 6416 29 6492 20 6543 31 6616 26 6670 33 6742 28 6798 33 6869 30 6925 34 6996 32 7053 34 7123 33 7181 34 7251 34 7309 34 7379 34 7437 34 7507 34 7564 35 7635 34 7692 34 7763 34 7820 34 7891 34 7948 34 8019 34 8075 35 8147 35 8203 35 8276 34 8330 34 8405 33 8458 33 8535 31 8586 33 8663 31 8713 34 8790 32 8841 35 8917 33 8969 35 9045 33 9097 36 9173 33 9225 36 9301 33 9354 35 9428 34 9482 36 9556 34 9610 36 9683 35 9739 36 9811 9 9821 25 9868 35 9939 8 9949 25 9997 23 10022 10 10066 8 10076 25 10126 22 10151 8 10194 7 10204 25 10255 21 10279 8 10321 8 10331 25 10385 20 10407 9 10449 7 10459 24 10516 17 10536 8 10577 6 10587 23 10646 16 10665 7 10704 7 10714 23 10777 14 10793 7 10832 6 10841 22 10907 13 10921 7 10960 5 10969 20 11037 19 11088 4 11095 19 11167 17 11216 4 11222 18 11297 14 11345 1 11348 16 11427 9 11475 14 11557 7 11602 11 11686 6 11729 9 11817 3 11856 7 11985 4
gap_6dd866dfa9799d01f4,,,,,,,,6633 1 6758 7 6885 8 7013 9 7064 4 7141 10 7190 8 7268 11 7317 9 7396 11 7444 11 7524 11 7572 11 7652 11 7700 11 7781 10 7828 11 7910 8 7957 10 8040 5 8085 9 8169 4 8214 6 8342 5 8471 3 8749 2 8789 2 8936 4 9062 9 9113 2 9188 12 9238 8 9315 14 9366 10 9441 16 9494 12 9568 17 9622 13 9695 18 9751 13 9822 19 9879 14 9949 20 10007 16 10077 19 10136 21 10205 18 10264 23 10333 16 10392 24 10461 15 10521 24 10581 21 10650 24 10708 21 10780 23 10835 20 10909 22 10962 19 11038 22 11090 18 11167 22 11217 18 11296 21 11345 17 11426 20 11473 16 11556 19 11601 15 11686 17 11729 14 11816 15 11857 10 11945 14 11986 6 12075 11 12206 6 12356 2 12484 2 12613 1
gap_b6f51dc44fae47973d,4781 5 4905 14 5028 26 5070 10 5154 58 5281 62 5407 65 5534 68 5661 38 5702 29 5789 36 5831 29 5916 36 5960 29 6043 36 6089 29 6170 34 6218 29 6298 33 6346 30 6425 32 6475 30 6553 32 6603 30 6681 31 6732 30 6808 32 6860 31 6936 31 6989 30 7063 32 7117 30 7191 32 7245 31 7319 31 7373 31 7446 32 7502 31 7574 32 7631 30 7702 31 7760 29 7830 30 7890 27 7958 26 8018 27 8086 25 8147 26 8213 25 8275 26 8341 25 8403 26 8469 24 8530 27 8598 23 8658 27 8726 23 8761 5 8785 28 8854 23 8887 8 8904 3 8913 28 8982 23 9014 9 9030 7 9039 30 9111 23 9141 9 9157 40 9239 23 9269 3 9285 40 9367 24 9396 3 9413 39 9495 25 9523 4 9540 40 9623 32 9669 39 9752 30 9797 38 9880 30 9925 38 10009 30 10054 37 10137 30 10182 36 10266 30 10311 35 10394 31 10439 34 10523 31 10567 34 10651 31 10696 32 10780 29 10824 31 10909 28 10953 30 11038 26 11081 29 11166 25 11210 27 11296 22 11339 25 11425 20 11467 25 11554 17 11597 22 11684 13 11726 19 11814 8 11856 16 11986 12 12117 7,6340 5 6458 4 6466 8 6585 6 6593 10 6712 19 6840 19 6967 21 7095 21 7223 21 7351 22 7479 22 7607 23 7735 24 7862 26 7988 29 8115 31 8243 31 8371 31 8500 29 8630 2 8641 16 8750 5 8779 5 8878 6 9006 6 9135 5 9264 3 9274 2 9400 6 9527 7 9655 8 9782 9 9910 9 10039 7 10167 6 10296 5,,,9023 2 9150 5 9276 8 9406 7 9534 6 9663 2,,4395 10 4410 2 4520 26 4549 7 4558 6 4647 7 4666 29 4774 5 4796 29 4925 15 4945 10 5055 8 5081 2 5913 2 5990 3 6040 3 6118 4 6168 2 6247 4 6295 3 6376 3 6423 2 6505 2 6551 2 6633 2 6679 2 6806 2 6934 1 7061 2 7189 2 7789 2 7917 3 8045 3 8173 3 8211 2 8301 3 8339 2 8429 3 8467 2 8557 3 8595 3 8685 3 8723 3 8813 3 8851 3 8942 1 8979 3 9107 4 9236 3 9364 3 9492 3 9621 2 9749 2 9793 2 9878 1 9919 5 10046 7 10173 9 10219 1 10301 9 10346 2 10428 10 10473 3 10556 10 10601 3 10684 10 10728 3 10778 1 10812 10 10855 4 10906 2 10940 10 10983 3 11034 3 11068 10 11110 4 11163 3 11196 10 11237 4 11291 4 11323 11 11365 4 11420 5 11450 13 11492 4 11549 5 11575 17 11619 4 11678 5 11702 21 11747 3 11807 6 11824 3 11830 5 11840 3 11845 7 11873 4 11936 7 11948 7 11959 3 11968 2 11975 4 12001 2 12066 14 12104 2 12126 4 12196 11 12251 5 12375 8 12504 4,11836 2 11962 5 11971 4 12011 4 12084 12 12097 7 12106 1 12138 5 12189 3 12211 27 12264 7 12317 4 12338 29 12391 6 12445 4 12467 28 12518 5 12576 1 12596 12 12611 12 12646 3 12726 8 12740 10 12871 4
gap_baeabbdbe1e0d2c16d,3487 2 3611 8 3737 10 3863 10 3989 11 4051 9 4116 10 4175 17 4243 10 4298 24 4369 11 4422 30 4496 11 4549 32 4622 12 4677 34 4749 12 4806 35 4876 13 4934 36 5003 13 5063 36 5130 13 5192 37 5257 13 5320 38 5385 13 5449 38 5512 13 5577 39 5640 13 5706 39 5767 13 5834 40 5895 13 5962 41 6023 13 6091 41 6151 13 6219 42 6279 13 6347 42 6407 13 6475 42 6535 13 6603 13 6626 20 6662 15 6731 10 6757 17 6790 15 6859 9 6887 16 6918 15 6987 8 7017 14 7046 15 7115 7 7146 13 7174 15 7243 6 7275 12 7302 15 7371 5 7404 11 7430 16 7499 4 7533 10 7558 16 7628 3 7662 10 7687 16 7791 9 7815 16 7919 9 7943 17 8048 8 8071 18 8176 8 8200 18 8305 7 8328 19 8433 7 8456 20 8561 7 8584 21 8652 2 8689 7 8712 22 8779 3 8818 6 8840 23 8906 4 8946 5 8969 24 9026 13 9074 5 9097 25 9153 14 9202 5 9225 28 9282 14 9330 5 9354 30 9411 13 9458 4 9482 32 9541 12 9585 5 9610 33 9670 11 9713 5 9739 32 9799 10 9841 5 9867 32 9927 11 9969 4 9995 33 10056 10 10097 4 10124 32 10184 11 10224 5 10252 32 10313 11 10352 4 10381 32 10441 11 10479 4 10509 33 10569 12 10607 3 10638 33 10697 13 10734 4 10767 35 10825 14 10861 5 10895 37 10954 14 10988 6 11024 36 11082 16 11115 6 11153 35 11211 16 11242 7 11283 33 11339 19 11368 9 11412 31 11468 37 11541 30 11597 35 11671 27 11725 34 11801 24 11854 32 11930 22 11982 31 12059 20 12111 29 12189 7 12198 7 12241 25 12328 3 12373 18 12505 12 12640 2,4266 10 4393 13 4519 16 4645 20 4772 23 4897 27 5025 28 5153 28 5277 2 5281 29 5402 37 5528 40 5655 32 5692 4 5783 31 5819 5 5910 31 5945 8 6038 27 6073 9 6166 27 6200 11 6294 27 6326 15 6343 2 6422 28 6451 7 6460 14 6551 34 6593 9 6679 35 6722 8 6807 35 6848 10 6935 31 6974 11 7063 31 7101 12 7192 31 7229 11 7320 31 7356 11 7386 3 7448 30 7484 9 7577 28 7612 4 7617 3 7705 28 7746 2 7834 26 7962 26 8091 24 8220 22 8349 21 8478 23 8607 23 8736 21 8865 13 8881 2 9519 4 9647 5 9775 4 9902 6 10030 6 10158 7 10286 7 10414 7 10543 5,9444 1 9449 1 9572 1 9699 3 9827 6 9955 6 10079 10 10206 4 10215 1 10334 3 10463 2 10722 5 10849 6 10977 5 11105 3,,7775 2 7903 2 9021 3 9145 7 9273 3 9399 4 9526 4 9653 5 9780 4 9908 3,,2853 2 2979 10 3108 9 3121 1 3237 2 3240 6 3247 5 3370 10 3402 5 3408 10 3500 27 3529 21 3604 4 3631 37 3674 6 3731 5 3765 28 3804 5 3857 6 3897 23 3983 6 4032 7 4110 6 4238 4 4325 2 4365 4 4453 4 4494 1 4582 5 4712 4 4841 5 4971 4 5000 1 5100 4 5127 2 5229 4 5254 3 5358 3 5381 4 5488 2 5509 3 5637 3 5765 2 6133 2 6261 3 6389 3 6404 1 6518 3 6532 2 6646 3 6659 3 6775 3 6787 3 6903 3 6915 3 7043 3 7172 1 7800 3 7928 3 8056 3 8069 2 8184 3 8197 3 8312 3 8325 3 8440 3 8453 3 8569 2 8581 3 8709 2 9463 2 9590 3 9662 3 9718 3 9788 7 9846 3 9865 2 9915 10 9974 3 9993 2 10043 11 10102 2 10121 3 10170 12 10249 3 10298 13 10377 4 10425 14 10506 3 10553 14 10634 3 10681 14 10763 2 10808 15 10892 1 10935 16 11063 16 11190 18 11318 18 11446 18 11574 18 11633 2 11701 19 11760 3 11828 21 11887 3 11955 23 12014 4 12081 26 12141 4 12208 28 12269 4 12335 30 12395 4 12462 32 12523 4 12579 44 12650 3 12702 24 12728 24 12830 23 12856 13 12872 10 12959 11 12972 7 12983 14 13001 10 13101 6 13109 18 13130 10 13230 4 13237 18 13260 10 13359 4 13365 25 13397 3 13494 2 13499 3 13505 12 13634 4 13642 3 13771 2,10629 1 10756 2 10885 1 11014 2 11142 2 11269 4 11396 5 11524 6 11653 6 11769 2 11783 5 11896 3 11901 1 11912 4 12024 2 12040 2 12278 1 12405 2 12532 3 12659 3 12787 1 12913 2 12981 2 13040 2 13107 2 13234 3 13353 6 13481 5 13517 3 13645 4 13774 4 13903 3
gap_dc0dd15c7a996e02a0,,7732 2 7857 5 7884 3 7985 5 8010 6 8114 6 8135 9 8243 6 8262 10 8371 6 8390 10 8498 7 8519 8 8626 7 8647 7 8754 7 8776 6 8882 6 8904 5 9010 6 9033 4 9139 4 9161 3,,,4921 1 4933 14 5029 11 5047 4 5059 21 5156 14 5177 1 5184 26 5283 15 5310 31 5410 17 5434 15 5451 21 5538 17 5561 16 5579 22 5665 39 5708 6 5717 13 5793 38 5838 2 5845 14 5921 8 5937 21 5974 13 6049 7 6065 20 6102 13 6178 5 6193 19 6231 12 6306 4 6320 19 6360 11 6448 16 6490 9 6576 15 6618 10 6704 16 6745 11 6825 3 6833 17 6872 12 6963 23 7000 12 7099 16 7129 11 7227 17 7247 2 7259 8 7356 16 7388 6 7485 15 7602 5 7613 4 7619 9 7729 3 7734 2 7742 1 7748 8 7862 2 7876 6 7990 2 8005 4 8133 2,,9295 2 9388 5 9422 5 9516 7 9548 7 9644 8 9660 5 9675 8 9773 8 9786 9 9802 9 9901 8 9913 12 9929 9 10029 9 10041 25 10157 37 10286 36 10414 35 10543 34 10671 33 10800 32 10928 31 11057 30 11186 28 11318 23 11449 16 11582 3,5654 6 5781 7 5909 8 6037 8 6123 2 6164 9 6250 5 6291 10 6377 6 6418 12 6505 7 6545 13 6632 8 6673 14 6759 9 6800 16 6885 12 6928 16 6951 7 6997 3 7012 13 7056 17 7078 9 7123 6 7140 14 7183 18 7206 10 7249 10 7267 15 7311 18 7333 12 7377 11 7394 16 7439 18 7461 12 7505 11 7521 18 7567 19 7589 13 7632 13 7648 19 7694 20 7717 12 7760 13 7775 20 7822 21 7846 11 7888 13 7903 20 7950 21 7974 11 8016 12 8030 21 8077 23 8102 11 8144 12 8157 22 8205 24 8231 9 8272 35 8333 24 8359 9 8401 34 8461 34 8529 34 8589 33 8657 34 8717 32 8786 33 8845 31 8914 33 8973 30 9044 31 9102 29 9173 30 9230 29 9300 31 9359 29 9427 32 9489 27 9555 31 9618 26 9683 31 9748 25 9811 30 9877 24 9938 30 10005 24 10066 29 10133 24 10194 28 10261 25 10322 27 10390 24 10449 27 10519 24 10577 27 10648 23 10704 27 10777 23 10832 27 10906 22 10959 27 11036 21 11087 26 11165 21 11214 26 11296 19 11341 25 11426 22 11467 25 11556 24 11587 31 11689 20 11713 31 11819 19 11840 29 11949 4 11955 12 11968 19 11988 6 12084 10 12097 11 12214 7 12226 9
gap_e808b71fee0e447ca2,,,,,,,4789 1 4812 2 4915 3 4939 4 5043 3 5068 3 5196 4 5325 3 5454 2 5582 3 5710 3 5811 2 5838 3 5939 2 5947 2 5967 2 6067 2 6075 2 6095 2 6222 3 6324 1 6341 1 6348 5 6451 2 6467 4 6473 8 6579 3 6594 15 6707 6 6718 18 6835 7 6845 19 6963 28 7091 28 7219 12 7234 13 7347 12 7363 11 7477 8 7495 5 7605 4 7887 1 8014 2 8115 3 8141 3 8243 4 8269 3 8371 4 8396 3 8499 5 8523 4 8628 4 8651 4 8757 4 8778 4 8885 6 8905 4 9015 13 9029 7 9144 19 9274 16 9408 8,
gap_04ce3202723de0a400,,,,,,,,5699 1 5825 4 5947 1 5952 5 6050 2 6074 4 6079 6 6177 3 6202 11 6235 2 6304 3 6329 12 6363 3 6457 12 6492 2 6585 12 6620 3 6712 14 6749 2 6839 7 6848 6 6877 2 6967 6 6978 5 7006 1 7012 2 7094 5 7107 5 7140 3 7177 12 7221 5 7237 4 7268 4 7305 13 7348 5 7365 4 7396 5 7432 14 7475 4 7494 4 7527 2 7559 15 7602 5 7623 3 7655 5 7687 15 7729 5 7753 2 7782 11 7815 15 7856 5 7882 2 7910 13 7944 14 7983 4 8011 2 8037 16 8072 13 8110 5 8139 2 8165 17 8201 12 8236 5 8269 2 8293 18 8329 12 8363 6 8397 2 8421 18 8459 10 8490 5 8527 2 8549 18 8588 9 8616 7 8655 3 8677 17 8719 5 8743 7 8785 4 8805 17 8848 4 8870 7 8913 6 8934 15 8968 5 8997 8 9042 8 9063 14 9095 7 9124 8 9170 9 9192 12 9222 11 9252 7 9299 9 9323 7 9351 15 9379 8 9427 9 9452 5 9479 19 9507 8 9555 9 9609 18 9636 6 9683 9 9708 3 9738 20 9764 6 9811 8 9831 11 9869 20 9893 4 9900 1 9940 7 9956 14 10000 20 10024 7 10068 6 10081 16 10130 30 10189 13 10207 17 10261 29 10315 35 10391 28 10442 35 10520 28 10568 34 10650 26 10695 33 10780 25 10823 30 10910 22 10951 28 11043 17 11079 23 11180 6 11208 18 11338 8
gap_654f65ed76b3faf5cc,,6072 1 6200 1 6462 1 6590 2 6977 1 7093 6 7106 3 7220 8 7233 4 7347 9 7360 6 7370 1 7475 10 7487 13 7603 10 7616 12 7731 10 7744 11 7859 9 7873 4 7879 4 7988 7 8117 5,3681 4 3807 7 3933 11 4059 14 4186 16 4313 17 4440 19 4567 20 4694 22 4821 23 4948 24 5075 26 5203 26 5331 26 5458 27 5586 28 5713 29 5841 29 5969 29 6097 30 6226 29 6355 28 6484 27 6613 26 6741 26 6870 26 6998 26 7127 25 7256 24 7385 23 7514 22 7642 22 7771 21 7898 1 7900 20 8030 17 8159 16 8288 15 8417 14 8546 12 8675 11 8803 10 8932 9 9061 8 9189 7 9318 5 9446 4,7762 7 7841 2 7887 11 7966 8 8013 15 8093 10 8141 16 8220 12 8269 16 8347 14 8394 20 8475 15 8521 6 8529 14 8602 5 8609 9 8619 1 8648 6 8658 14 8730 5 8740 5 8747 2 8776 7 8787 13 8858 5 8869 3 8875 2 8905 6 8916 13 8986 6 8998 1 9003 1 9033 6 9045 12 9113 7 9125 8 9161 7 9173 12 9241 8 9251 10 9290 7 9300 13 9370 7 9378 11 9418 23 9498 19 9547 22 9626 19 9675 22 9755 18 9804 21 9883 18 9933 19 10011 17 10063 16 10139 16 10193 9 10268 13 10398 10,2883 12 3011 14 3111 2 3139 14 3236 7 3269 11 3362 10 3486 16 3613 19 3741 20 3868 20 3997 16 4126 13 4256 10 4385 8 4512 7 4552 3 4635 12 4679 4 4761 14 4807 4 4888 16 4936 3 5014 18 5140 21 5267 22 5395 24 5436 3 5523 13 5543 4 5553 1 5562 7 5651 7 5672 2 5690 10 5707 1 5779 6 5808 2 5820 17 5908 4 5935 3 5949 17 6035 5 6062 5 6077 18 6162 8 6177 5 6189 6 6206 17 6290 10 6305 6 6316 7 6334 17 6417 12 6431 9 6443 8 6463 16 6545 24 6571 8 6592 15 6673 33 6718 17 6801 32 6847 16 6929 31 6978 4 6984 9 7058 13 7073 15 7113 9 7186 12 7209 7 7242 8 7315 11 7338 6 7371 6 7443 10 7467 4 7500 3 7571 10 7700 8 7829 6 7959 2,,2647 1 3945 2 3986 1 4073 3 4113 2 4202 2 4241 2 4369 2 4496 3 4624 3 4752 2 4880 2 5008 2 6797 2 6925 2 7053 2 7153 2 7181 2 7281 2 7309 2 7409 2 7437 2 7537 2 7565 2 7664 3 7692 3 7792 3 7821 2 7920 2 7949 2 8048 2 8077 2 8176 2 8205 2 8250 7 8376 10 8502 13 8629 15 8757 16 8885 16 9013 17 9141 17 9268 19 9395 20 9523 20 9651 20 9780 18 9908 17 10037 15 10166 14 10297 11 10389 1 10425 11 10517 2 10553 12 10568 2 10645 3 10681 12 10696 3 10725 1 10774 3 10809 10 10825 3 10851 3 10903 3 10938 7 10978 3 11033 1 11069 3 11105 2 11197 2 11325 2 11453 3 11582 2 11710 2 11838 2,8904 1 9137 2 9265 2 9289 1 9393 2 9417 1 9521 2 9545 2 9648 3 9672 3 9776 4 9800 3 9904 4 9927 4 10032 5 10055 4 10161 4 10183 3 10290 3 10419 2 10549 1 10676 3 10803 5 10929 8 10958 1 11055 11 11073 16 11181 14 11201 18 11307 17 11328 21 11433 20 11456 22 11559 22 11585 22 11685 24 11713 23 11813 24 11841 23 11940 25 11970 22 12069 23 12098 21 12198 22 12227 19 12327 20 12358 14 12457 16 12489 9 12588 11 12719 5
gap_6bfba962f1b5656a7f,,7239 5 7365 8 7492 11 7619 13 7747 14 7876 13 8005 12 8139 2,,,4285 11 4408 19 4531 28 4657 33 4784 35 4906 43 5033 30 5066 17 5160 31 5195 18 5288 31 5323 19 5415 21 5437 5 5443 29 5542 22 5573 28 5669 23 5701 28 5796 24 5829 29 5924 24 5957 30 6051 24 6085 31 6179 24 6213 32 6306 20 6329 2 6342 10 6354 20 6434 21 6471 8 6484 19 6562 22 6587 3 6600 7 6613 18 6690 28 6730 5 6742 18 6819 27 6859 5 6869 19 6947 22 6971 3 6990 4 6996 20 7075 21 7100 1 7119 25 7202 21 7248 2 7254 18 7330 22 7383 17 7458 23 7512 1 7514 14 7586 24 7642 14 7715 17 7738 1 7771 13 7845 14 7900 11 7977 9 8035 2 8105 9 8233 9 8362 6,,8135 2 8259 9 8386 12 8513 14 8641 14 8768 16 8895 18 9023 18 9151 18 9279 19 9408 24 9525 5 9537 24 9651 38 9779 37 9907 36 10036 35 10165 34 10295 32 10426 28 10555 5 10561 19 10683 4 10690 18 10819 10 10833 2 10947 9 11077 6 11205 4 11333 3 11461 3 11589 3 11717 2,6300 1 6427 3 6554 5 6637 2 6682 5 6764 4 6810 5 6891 6 6938 5 7019 6 7067 4 7147 6 7195 5 7250 4 7275 6 7323 5 7377 6 7402 7 7452 4 7505 7 7530 5 7581 4 7633 8 7657 6 7709 5 7732 6 7761 8 7784 6 7838 4 7859 8 7889 8 7911 6 7967 4 7986 9 8017 8 8037 7 8095 4 8114 9 8145 8 8163 9 8224 4 8242 8 8274 6 8290 9 8352 5 8368 9 8402 5 8417 9 8479 7 8488 8 8499 4 8540 16 8608 16 8667 17 8736 17 8794 18 8865 16 8922 17 8993 16 9049 17 9122 16 9177 17 9251 15 9305 16 9379 15 9433 16 9508 15 9561 15 9637 14 9689 14 9766 13 9816 14 9895 12 9943 14 10024 12 10071 13 10153 12 10199 13 10281 14 10327 12 10410 14 10454 12 10538 15 10582 11 10667 15 10709 11 10795 15 10836 11 10923 16 10942 3 10959 2 10963 12 11052 1 11055 20 11085 18 11184 20 11211 19 11313 19 11338 19 11441 20 11465 20 11570 19 11593 19 11699 18 11720 19 11828 17 11848 12 11861 5 11961 12 11976 11 11991 1 12090 11 12104 9 12221 7 12233 6
gap_fc8f918247b622be77,,5438 6 5564 4 7248 4 7375 5 7465 4 7502 5 7594 5 7630 4 7722 5 7757 5 7851 5 7885 5 7979 6 8014 4 8108 5 8142 4 8236 4 8273 1 8364 1,,,5166 1 5292 6 5419 7 5459 4 5546 9 5568 7 5586 7 5674 9 5690 15 5713 11 5802 9 5817 16 5839 13 5931 8 5944 19 5966 13 6059 8 6071 36 6188 7 6199 36 6317 6 6327 36 6446 6 6454 37 6574 45 6702 45 6830 45 6959 43 7087 29 7119 10 7216 14 7233 10 7247 1 7346 12 7362 8 7478 8 7490 7 7607 8 7618 7 7735 17 7863 17 7991 16 8119 16 8247 15 8376 14 8504 13 8632 12 8761 9 8889 3 8894 2 9408 3 9529 3 9535 4 9657 3 9663 4 9786 1 9792 3 9913 2 9921 1 10040 4 10049 2 10168 11 10295 13 10423 13 10552 12 10681 11 10810 10 10939 9 11068 7 11197 5,7230 3 7358 4 7486 4 7615 3,11851 2 11969 1 11977 5 12094 7 12103 7 12213 24 12340 24 12469 18 12597 17 12727 2 12732 9 12861 2,6113 2 6239 5 6367 7 6427 2 6494 8 6554 4 6621 9 6681 6 6749 9 6759 2 6809 7 6876 14 6938 7 7003 17 7066 8 7130 20 7193 11 7256 23 7315 4 7321 13 7380 27 7442 23 7507 29 7568 26 7634 30 7695 27 7762 31 7822 29 7890 31 7949 30 8018 31 8077 31 8146 31 8205 31 8274 31 8333 31 8402 32 8460 32 8531 31 8588 32 8661 29 8716 30 8789 29 8844 29 8917 29 8972 30 9044 30 9100 30 9172 31 9228 30 9300 31 9356 30 9428 31 9484 30 9556 31 9611 31 9684 30 9739 31 9813 29 9867 31 9941 30 9996 30 10069 5 10077 22 10124 21 10146 7 10198 3 10205 5 10213 14 10252 21 10276 5 10333 4 10341 14 10380 21 10405 4 10462 1 10468 16 10508 12 10525 4 10593 19 10636 13 10654 4 10719 21 10764 22 10845 23 10892 23 10971 24 11020 24 11097 25 11149 24 11224 25 11278 24 11351 23 11408 23 11478 22 11538 23 11605 20 11668 22 11732 19 11799 21 11859 17 11930 20 11986 14 12061 19 12113 12 12192 17 12240 11 12324 14 12367 9 12455 12 12494 8 12585 11 12620 6 12716 8 12849 2
gap_e52686a3b6a8b6bb34,,6867 1 6993 4 7080 3 7120 5 7207 6 7248 5 7335 7 7376 4 7464 7 7504 4 7593 6 7632 3 7721 5 7761 2,,,5297 1 5423 5 5439 8 5564 13 5690 16 5817 17 5944 19 6071 21 6199 6 6214 6 6326 6 6343 6 6454 5 6472 5 6581 5 6600 5 6709 4 6729 5 6836 5 6857 4 6964 4 6986 3 7091 5 7115 2 7219 4 7243 2 7347 4 7371 1 7475 4 7499 1 7603 4 7627 1 7731 4 7858 5 7986 6 8114 8 8242 8 8266 1 8371 6 8499 4 8521 1 8648 1 8775 2 8903 1 9030 1 9922 3 10037 1 10049 4 10175 6 10301 8 10427 10 10554 12 10682 12 10809 13 10937 13 11065 7 11076 2 11194 6 11322 11 11451 9 11580 8 11709 6,6205 9 6332 11 6459 13 6586 14 6713 16 6841 16 6968 18 7096 19 7223 20 7351 20 7479 20 7607 20 7735 20 7863 20 7992 19 8122 17 8252 14 8381 13 8510 11 8638 10 8767 8 8895 8 9024 6 9152 5,12233 1 12351 8 12477 10 12604 9 12733 5,6112 1 6238 5 6365 6 6491 8 6555 6 6618 8 6682 8 6745 9 6810 9 6871 11 6887 2 6939 9 6998 12 7013 6 7068 9 7125 14 7141 7 7196 11 7253 25 7324 11 7380 27 7452 12 7508 28 7569 6 7579 14 7635 29 7695 10 7707 14 7763 30 7822 11 7835 14 7891 30 7949 12 7963 15 8020 30 8077 13 8091 15 8148 30 8204 31 8275 31 8332 31 8403 32 8460 32 8531 32 8587 33 8633 2 8659 32 8715 33 8761 3 8787 32 8843 33 8889 3 8915 32 8971 32 9018 1 9043 32 9099 32 9171 32 9227 32 9299 32 9355 32 9427 32 9483 32 9555 32 9611 32 9683 32 9739 32 9811 10 9823 20 9867 18 9886 13 9939 9 9951 20 9995 18 10015 12 10068 7 10079 4 10084 16 10123 18 10144 11 10196 5 10213 15 10251 17 10273 10 10340 17 10379 15 10402 9 10467 18 10507 15 10533 6 10593 20 10635 15 10663 4 10720 21 10763 17 10845 24 10891 18 10970 26 11019 22 11096 27 11148 24 11223 26 11277 26 11350 24 11406 27 11477 23 11537 25 11603 22 11667 24 11730 20 11798 24 11856 19 11928 24 11983 18 12059 23 12110 16 12190 21 12237 15 12322 18 12364 13 12453 16 12491 11 12586 11 12619 6 12719 7
gap_5792784b0e3e8f5ec5,3923 2 4051 2 7236 1 7363 3 7491 3 7619 3 7748 1,6219 3 6346 5 6473 6 6601 6 6729 6 6856 7 6984 8 7112 7 7241 6 7354 1 7369 5 7483 1,4054 5 4181 8 4308 10 4434 14 4560 17 4687 19 4814 21 4942 22 5071 22 5199 22 5327 23 5456 23 5584 24 5712 24 5840 25 5969 24 6097 25 6224 26 6352 27 6480 27 6608 27 6737 26 6865 26 6993 26 7122 26 7250 26 7379 25 7508 23 7636 23 7764 23 7895 20 8024 19 8153 18 8282 16 8403 5 8410 16 8476 3 8532 5 8538 15 8604 5 8661 20 8731 8 8790 18 8859 8 8918 17 8987 8 9046 16 9116 8 9175 11 9244 8 9304 9 9372 9 9432 8 9501 8 9560 7 9630 8 9689 5 9759 7 9818 3,7890 5 8018 6 8107 2 8146 7 8233 4 8245 1 8274 8 8359 6 8372 4 8402 1 8408 2 8487 6 8499 5 8537 1 8615 6 8627 6 8742 7 8754 7 8870 9 8882 6 8998 18 9126 18 9255 16 9383 16 9511 16 9639 15 9768 14 9900 8,3392 9 3515 16 3640 25 3766 30 3894 29 4021 30 4148 32 4275 32 4400 34 4522 38 4644 42 4771 24 4798 16 4898 24 4927 15 5025 25 5055 16 5152 27 5183 16 5279 28 5311 16 5406 30 5439 17 5533 31 5567 9 5578 6 5661 31 5697 6 5707 5 5788 32 5826 5 5835 5 5916 31 5956 2 5964 3 6044 30 6092 3 6172 29 6222 1 6300 29 6428 19 6449 8 6556 18 6578 7 6685 16 6707 6 6814 14 6837 5 6943 12 6966 4 7073 10 7095 3 7202 9 7224 2 7330 9 7457 10 7580 16 7707 17 7835 18 7963 19 8091 16 8109 1 8219 11 8231 2 8237 1 8347 10 8479 4,,7752 5 7871 2 7880 6 7998 4 8008 7 8126 5 8136 7 8145 1 8255 17 8383 17 8511 19 8639 19 8766 21 8809 1 8888 1 8893 23 8937 1 9016 1 9019 7 9028 17 9063 2 9144 10 9156 17 9191 2 9273 25 9299 1 9401 25 9527 27 9654 28 9757 1 9782 29 9913 25 10043 4 10053 13 10171 4 10179 14 10300 21 10428 2 10432 16 10561 8 10691 2,10417 3 10542 8 10669 9 10687 1 10796 10 10813 6 10924 10 10941 9 11052 10 11068 9 11180 10 11195 9 11308 10 11323 8 11437 8 11450 9 11567 6 11578 8 11697 2 11707 5
gap_4a74c893d45b532806,5641 2 5768 3 5896 4 6024 3 6152 3 6280 2 6408 1 8618 3 8746 4 8874 4 9001 5 9129 5 9257 5 9385 6 9513 6 9641 6 9769 7 9897 7 10025 8 10153 9 10280 10 10408 11 10535 13 10662 14 10789 15 10916 15 11042 17 11168 19 11294 20 11418 24 11547 22 11676 20 11805 18 11935 14 12067 6,8339 5 8467 6 8595 6 8608 2 8724 5 8736 4 8853 2 8865 3 8995 1 9663 3 9790 5 9918 5,6558 2 6685 3 6708 4 6813 4 6836 5 6942 3 6964 4 7072 3 7201 2 8097 4 8224 6 8351 8 8480 7 8610 5 8740 3 8868 3 8997 1 9326 2 9452 5 9583 2 9711 3 9833 2 9838 5 9960 12 10089 10 10220 7 10349 6 10477 6 10599 11 10724 14 10851 8 10861 5 10979 8 10991 2 11107 7 11118 1 11236 6 11243 4 11366 9 11498 5,,4308 2 4435 6 4562 11 4690 13 4817 15 4946 13 5074 8 5203 4 5724 6 5850 11 5974 16 6096 23 6224 20 6356 15 6374 2 6486 11 6500 5 6615 8 6627 8 6747 3 6755 9 6878 1 6883 11 6996 2 7005 5 7012 10 7124 3 7133 6 7141 9 7254 14 7269 8 7383 12 7397 8 7512 9 7528 6 7641 7 7656 7 7769 7 7782 10 7897 7 7905 1 7909 11 8025 16 8042 6 8153 15 8172 4 8289 6 8301 2 8407 2 8418 5 8502 2 8533 4 8551 1 8631 1 8660 5 8788 5 8916 5 9052 3 9180 6 9308 6 9429 5 9437 5 9556 6 9567 2 9684 6 9812 6 9941 5 10069 4,,5127 1 5254 1 5381 2 5509 1 6134 1 6262 2 6390 2 6519 2 6647 1 6660 1 6787 3 6915 2 7043 2 7172 1 7188 3 7314 6 7442 1 8452 1 8580 2 9848 1 9975 2 10103 2 10170 3 10231 1 10297 7 10425 8 10552 9 10679 11 10806 14 10934 15 11061 17 11189 17 11317 16 11445 16 11573 16 11701 17 11829 17 11956 19 12079 2 12084 20 12206 3 12211 6 12220 13 12328 7 12339 6 12348 3 12354 7 12453 8 12467 5 12476 3 12482 6 12491 1 12579 9 12595 3 12604 3 12611 4 12619 4 12707 8 12724 1 12732 3 12747 4 12836 3 12860 3 12876 4 12987 5 13005 4 13115 5 13129 1 13135 3 13244 3 13250 1 13256 2 13377 2 13384 2,7443 6 7570 8 7698 8 7826 7 7928 1 7954 3 8056 2 8082 3 8184 2 8210 3 8313 1 11148 1 11276 2 11404 3 11533 2 11662 2 11791 2 11920 1 12345 2 12472 3 12599 4 12727 4 12846 4 12855 4 12904 3 12973 6 12983 3 13030 4 13099 8 13110 4 13157 4 13226 9 13238 3 13258 3 13284 3 13355 7 13367 3 13386 6 13513 8 13642 7 13770 7 13899 4
gap_311407457602aaa05a,,,,,,,,8804 3 8931 7 9027 2 9057 11 9107 7 9156 1 9184 13 9233 10 9311 15 9360 12 9438 16 9487 14 9542 1 9564 19 9615 15 9670 2 9692 19 9743 17 9799 2 9820 18 9871 17 9927 3 9948 18 9999 17 10055 4 10077 16 10127 17 10184 5 10206 14 10256 15 10313 5 10385 11 10441 6 10514 6 10570 5 10699 4 10725 9 10829 1 10850 12 10975 15 11024 10 11094 3 11098 20 11151 13 11221 24 11280 16 11348 25 11409 18 11475 25 11538 19 11603 24 11667 20 11730 24 11796 23 11856 24 11925 24 11983 23 12054 25 12111 21 12183 25 12238 19 12314 23 12366 15 12445 21 12494 12 12576 19 12622 8 12706 17 12845 4
gap_61f68b922800ea043b,,6208 1 6335 2 6463 1 6590 3 6716 5 6723 4 6843 6 6850 6 6969 16 7097 6 7106 7 7225 4 7234 6 7353 2 7363 5 7492 2,6631 2 6758 4 6886 4 7013 6 7140 7 7268 7 7396 7 7524 7 7652 7 7780 6 7911 3 8039 3 8168 1 8677 1 8805 2 8933 1,7511 2 7636 7 7720 9 7763 10 7847 10 7890 13 7974 12 8018 15 8101 13 8145 17 8228 14 8273 7 8281 10 8356 7 8364 6 8401 6 8410 9 8483 7 8491 7 8530 6 8537 11 8611 15 8658 19 8739 14 8785 20 8866 15 8913 20 8994 15 9041 20 9122 13 9169 20 9251 11 9297 19 9380 8 9426 17 9555 16 9684 14 9814 11 9943 9 10074 3,4552 7 4654 9 4674 16 4780 13 4797 26 4907 14 4923 32 5033 53 5161 55 5288 58 5416 16 5433 17 5453 22 5544 15 5561 10 5573 4 5581 22 5672 13 5690 8 5714 18 5801 11 5819 6 5842 19 5931 8 5948 5 5958 1 5970 20 6061 6 6077 5 6085 4 6098 1 6101 17 6181 2 6189 7 6206 2 6209 9 6231 16 6300 2 6307 7 6317 6 6337 17 6361 14 6427 16 6445 4 6462 1 6464 2 6469 14 6491 13 6554 23 6582 8 6599 13 6619 12 6682 23 6710 6 6728 15 6748 10 6810 24 6838 5 6857 16 6876 10 6938 25 6965 4 6986 15 7004 9 7066 25 7093 4 7115 15 7133 7 7195 15 7211 9 7221 4 7244 14 7261 7 7323 14 7340 7 7351 2 7373 13 7390 6 7452 11 7470 3 7507 4 7513 1 7520 4 7579 12 7650 2 7706 11 7779 1 7834 11 7907 4 7962 10 8036 3 8090 9 8164 4 8169 1 8219 6 8293 4 8348 4 8420 5 8477 2 8548 5 8678 2,,7489 2 7613 8 7740 11 7867 13 7995 14 8122 15 8250 15 8378 16 8505 17 8634 16 8762 15 8890 15 9019 14 9147 13 9274 14 9401 15 9529 16 9657 16 9785 7 9794 7 9913 6 9923 6 10041 5 10051 6 10170 2 10180 4 11072 2 11200 2,7627 2 7755 2 7861 3 7883 3 7988 4 8011 4 8115 6 8139 4 8242 7 8267 5 8370 7 8395 5 8498 7 8523 6 8626 7 8651 6 8753 8 8779 6 8881 8 8906 7 9009 7 9034 7 9137 7 9162 7 9266 5 9290 7 9396 2 9418 7 9547 5 9675 4 9779 4 9803 4 9904 7 9931 5 10026 14 10059 7 10153 16 10186 9 10281 17 10300 7 10312 16 10409 48 10538 48 10666 48 10795 21 10818 23 10924 19 10947 21 11053 18 11075 20 11183 14 11204 18 11317 5 11332 16 11462 12
